data,origem,familia_caixa,modelo_caixa_previsao,quantidade_caixas,numero_dia_semana,dia_semana
2026-06-01,AGROINDUSTRIA TREBESCHI,HB,618,105.0,0,segunda-feira
2026-06-02,AGROINDUSTRIA TREBESCHI,HB,618,128.0,1,terça-feira
2026-06-03,AGROINDUSTRIA TREBESCHI,HB,618,72.0,2,quarta-feira
2026-06-04,AGROINDUSTRIA TREBESCHI,HB,618,57.0,3,quinta-feira
2026-06-05,AGROINDUSTRIA TREBESCHI,HB,618,39.0,4,sexta-feira
2026-06-06,AGROINDUSTRIA TREBESCHI,HB,618,176.0,5,sábado
2026-06-08,AGROINDUSTRIA TREBESCHI,HB,618,82.0,0,segunda-feira
2026-06-09,AGROINDUSTRIA TREBESCHI,HB,618,351.0,1,terça-feira
2026-06-10,AGROINDUSTRIA TREBESCHI,HB,618,68.0,2,quarta-feira
2026-06-11,AGROINDUSTRIA TREBESCHI,HB,618,301.0,3,quinta-feira
2026-06-12,AGROINDUSTRIA TREBESCHI,HB,618,46.0,4,sexta-feira
2026-06-13,AGROINDUSTRIA TREBESCHI,HB,618,190.0,5,sábado
2026-06-15,AGROINDUSTRIA TREBESCHI,HB,618,0.0,0,segunda-feira
2026-06-16,AGROINDUSTRIA TREBESCHI,HB,618,210.0,1,terça-feira
2026-06-17,AGROINDUSTRIA TREBESCHI,HB,618,300.0,2,quarta-feira
2026-06-18,AGROINDUSTRIA TREBESCHI,HB,618,29.0,3,quinta-feira
2026-06-19,AGROINDUSTRIA TREBESCHI,HB,618,250.0,4,sexta-feira
2026-06-20,AGROINDUSTRIA TREBESCHI,HB,618,35.0,5,sábado
2026-06-22,AGROINDUSTRIA TREBESCHI,HB,618,0.0,0,segunda-feira
2026-06-23,AGROINDUSTRIA TREBESCHI,HB,618,2.0,1,terça-feira
2026-06-24,AGROINDUSTRIA TREBESCHI,HB,618,0.0,2,quarta-feira
2026-06-25,AGROINDUSTRIA TREBESCHI,HB,618,0.0,3,quinta-feira
2026-06-26,AGROINDUSTRIA TREBESCHI,HB,618,0.0,4,sexta-feira
2026-06-27,AGROINDUSTRIA TREBESCHI,HB,618,0.0,5,sábado
2026-06-29,AGROINDUSTRIA TREBESCHI,HB,618,0.0,0,segunda-feira
2026-06-30,AGROINDUSTRIA TREBESCHI,HB,618,178.0,1,terça-feira
2026-07-01,AGROINDUSTRIA TREBESCHI,HB,618,168.0,2,quarta-feira
2026-07-02,AGROINDUSTRIA TREBESCHI,HB,618,279.0,3,quinta-feira
2026-07-03,AGROINDUSTRIA TREBESCHI,HB,618,46.0,4,sexta-feira
2026-07-04,AGROINDUSTRIA TREBESCHI,HB,618,18.0,5,sábado
2026-07-06,AGROINDUSTRIA TREBESCHI,HB,618,400.0,0,segunda-feira
2026-07-07,AGROINDUSTRIA TREBESCHI,HB,618,54.0,1,terça-feira
2026-07-08,AGROINDUSTRIA TREBESCHI,HB,618,65.0,2,quarta-feira
2026-07-09,AGROINDUSTRIA TREBESCHI,HB,618,56.0,3,quinta-feira
2026-07-10,AGROINDUSTRIA TREBESCHI,HB,618,46.0,4,sexta-feira
2026-07-11,AGROINDUSTRIA TREBESCHI,HB,618,70.0,5,sábado
2026-07-13,AGROINDUSTRIA TREBESCHI,HB,618,0.0,0,segunda-feira
2026-07-14,AGROINDUSTRIA TREBESCHI,HB,618,300.0,1,terça-feira
2026-07-15,AGROINDUSTRIA TREBESCHI,HB,618,63.0,2,quarta-feira
2026-07-16,AGROINDUSTRIA TREBESCHI,HB,618,57.0,3,quinta-feira
2026-07-17,AGROINDUSTRIA TREBESCHI,HB,618,56.0,4,sexta-feira
2026-07-18,AGROINDUSTRIA TREBESCHI,HB,618,37.0,5,sábado
2026-07-20,AGROINDUSTRIA TREBESCHI,HB,618,10.0,0,segunda-feira
2026-07-21,AGROINDUSTRIA TREBESCHI,HB,618,26.0,1,terça-feira
2026-07-22,AGROINDUSTRIA TREBESCHI,HB,618,16.0,2,quarta-feira
2026-07-23,AGROINDUSTRIA TREBESCHI,HB,618,17.0,3,quinta-feira
2026-07-24,AGROINDUSTRIA TREBESCHI,HB,618,12.0,4,sexta-feira
2026-07-25,AGROINDUSTRIA TREBESCHI,HB,618,18.0,5,sábado
2026-07-27,AGROINDUSTRIA TREBESCHI,HB,618,73.0,0,segunda-feira
2026-07-28,AGROINDUSTRIA TREBESCHI,HB,618,82.0,1,terça-feira
2026-07-29,AGROINDUSTRIA TREBESCHI,HB,618,26.0,2,quarta-feira
2026-07-30,AGROINDUSTRIA TREBESCHI,HB,618,54.0,3,quinta-feira
2026-07-31,AGROINDUSTRIA TREBESCHI,HB,618,34.0,4,sexta-feira
2026-08-01,AGROINDUSTRIA TREBESCHI,HB,618,22.0,5,sábado
2026-08-03,AGROINDUSTRIA TREBESCHI,HB,618,47.0,0,segunda-feira
2026-08-04,AGROINDUSTRIA TREBESCHI,HB,618,16.0,1,terça-feira
2026-08-05,AGROINDUSTRIA TREBESCHI,HB,618,16.0,2,quarta-feira
2026-08-06,AGROINDUSTRIA TREBESCHI,HB,618,13.0,3,quinta-feira
2026-08-07,AGROINDUSTRIA TREBESCHI,HB,618,7.0,4,sexta-feira
2026-08-08,AGROINDUSTRIA TREBESCHI,HB,618,25.0,5,sábado
2026-08-10,AGROINDUSTRIA TREBESCHI,HB,618,21.0,0,segunda-feira
2026-08-11,AGROINDUSTRIA TREBESCHI,HB,618,153.0,1,terça-feira
2026-08-12,AGROINDUSTRIA TREBESCHI,HB,618,159.0,2,quarta-feira
2026-08-13,AGROINDUSTRIA TREBESCHI,HB,618,118.0,3,quinta-feira
2026-08-14,AGROINDUSTRIA TREBESCHI,HB,618,118.0,4,sexta-feira
2026-08-15,AGROINDUSTRIA TREBESCHI,HB,618,74.0,5,sábado
2026-08-17,AGROINDUSTRIA TREBESCHI,HB,618,169.0,0,segunda-feira
2026-08-18,AGROINDUSTRIA TREBESCHI,HB,618,71.0,1,terça-feira
2026-08-19,AGROINDUSTRIA TREBESCHI,HB,618,147.0,2,quarta-feira
2026-08-20,AGROINDUSTRIA TREBESCHI,HB,618,68.0,3,quinta-feira
2026-08-21,AGROINDUSTRIA TREBESCHI,HB,618,43.0,4,sexta-feira
2026-08-22,AGROINDUSTRIA TREBESCHI,HB,618,130.0,5,sábado
2026-08-24,AGROINDUSTRIA TREBESCHI,HB,618,76.0,0,segunda-feira
2026-08-25,AGROINDUSTRIA TREBESCHI,HB,618,94.0,1,terça-feira
2026-08-26,AGROINDUSTRIA TREBESCHI,HB,618,94.0,2,quarta-feira
2026-08-27,AGROINDUSTRIA TREBESCHI,HB,618,84.0,3,quinta-feira
2026-06-01,AGROINDUSTRIA TREBESCHI,HB,623,0.0,0,segunda-feira
2026-06-02,AGROINDUSTRIA TREBESCHI,HB,623,0.0,1,terça-feira
2026-06-03,AGROINDUSTRIA TREBESCHI,HB,623,0.0,2,quarta-feira
2026-06-04,AGROINDUSTRIA TREBESCHI,HB,623,0.0,3,quinta-feira
2026-06-05,AGROINDUSTRIA TREBESCHI,HB,623,0.0,4,sexta-feira
2026-06-06,AGROINDUSTRIA TREBESCHI,HB,623,0.0,5,sábado
2026-06-08,AGROINDUSTRIA TREBESCHI,HB,623,0.0,0,segunda-feira
2026-06-09,AGROINDUSTRIA TREBESCHI,HB,623,0.0,1,terça-feira
2026-06-10,AGROINDUSTRIA TREBESCHI,HB,623,0.0,2,quarta-feira
2026-06-11,AGROINDUSTRIA TREBESCHI,HB,623,0.0,3,quinta-feira
2026-06-12,AGROINDUSTRIA TREBESCHI,HB,623,0.0,4,sexta-feira
2026-06-13,AGROINDUSTRIA TREBESCHI,HB,623,0.0,5,sábado
2026-06-15,AGROINDUSTRIA TREBESCHI,HB,623,0.0,0,segunda-feira
2026-06-16,AGROINDUSTRIA TREBESCHI,HB,623,0.0,1,terça-feira
2026-06-17,AGROINDUSTRIA TREBESCHI,HB,623,0.0,2,quarta-feira
2026-06-18,AGROINDUSTRIA TREBESCHI,HB,623,0.0,3,quinta-feira
2026-06-19,AGROINDUSTRIA TREBESCHI,HB,623,0.0,4,sexta-feira
2026-06-20,AGROINDUSTRIA TREBESCHI,HB,623,0.0,5,sábado
2026-06-22,AGROINDUSTRIA TREBESCHI,HB,623,0.0,0,segunda-feira
2026-06-23,AGROINDUSTRIA TREBESCHI,HB,623,0.0,1,terça-feira
2026-06-24,AGROINDUSTRIA TREBESCHI,HB,623,0.0,2,quarta-feira
2026-06-25,AGROINDUSTRIA TREBESCHI,HB,623,0.0,3,quinta-feira
2026-06-26,AGROINDUSTRIA TREBESCHI,HB,623,0.0,4,sexta-feira
2026-06-27,AGROINDUSTRIA TREBESCHI,HB,623,0.0,5,sábado
2026-06-29,AGROINDUSTRIA TREBESCHI,HB,623,16.0,0,segunda-feira
2026-06-30,AGROINDUSTRIA TREBESCHI,HB,623,0.0,1,terça-feira
2026-07-01,AGROINDUSTRIA TREBESCHI,HB,623,0.0,2,quarta-feira
2026-07-02,AGROINDUSTRIA TREBESCHI,HB,623,0.0,3,quinta-feira
2026-07-03,AGROINDUSTRIA TREBESCHI,HB,623,0.0,4,sexta-feira
2026-07-04,AGROINDUSTRIA TREBESCHI,HB,623,7.0,5,sábado
2026-07-06,AGROINDUSTRIA TREBESCHI,HB,623,71.0,0,segunda-feira
2026-07-07,AGROINDUSTRIA TREBESCHI,HB,623,0.0,1,terça-feira
2026-07-08,AGROINDUSTRIA TREBESCHI,HB,623,0.0,2,quarta-feira
2026-07-09,AGROINDUSTRIA TREBESCHI,HB,623,0.0,3,quinta-feira
2026-07-10,AGROINDUSTRIA TREBESCHI,HB,623,0.0,4,sexta-feira
2026-07-11,AGROINDUSTRIA TREBESCHI,HB,623,9.0,5,sábado
2026-07-13,AGROINDUSTRIA TREBESCHI,HB,623,0.0,0,segunda-feira
2026-07-14,AGROINDUSTRIA TREBESCHI,HB,623,0.0,1,terça-feira
2026-07-15,AGROINDUSTRIA TREBESCHI,HB,623,0.0,2,quarta-feira
2026-07-16,AGROINDUSTRIA TREBESCHI,HB,623,0.0,3,quinta-feira
2026-07-17,AGROINDUSTRIA TREBESCHI,HB,623,0.0,4,sexta-feira
2026-07-18,AGROINDUSTRIA TREBESCHI,HB,623,0.0,5,sábado
2026-07-20,AGROINDUSTRIA TREBESCHI,HB,623,0.0,0,segunda-feira
2026-07-21,AGROINDUSTRIA TREBESCHI,HB,623,0.0,1,terça-feira
2026-07-22,AGROINDUSTRIA TREBESCHI,HB,623,0.0,2,quarta-feira
2026-07-23,AGROINDUSTRIA TREBESCHI,HB,623,0.0,3,quinta-feira
2026-07-24,AGROINDUSTRIA TREBESCHI,HB,623,0.0,4,sexta-feira
2026-07-25,AGROINDUSTRIA TREBESCHI,HB,623,20.0,5,sábado
2026-07-27,AGROINDUSTRIA TREBESCHI,HB,623,0.0,0,segunda-feira
2026-07-28,AGROINDUSTRIA TREBESCHI,HB,623,0.0,1,terça-feira
2026-07-29,AGROINDUSTRIA TREBESCHI,HB,623,0.0,2,quarta-feira
2026-07-30,AGROINDUSTRIA TREBESCHI,HB,623,0.0,3,quinta-feira
2026-07-31,AGROINDUSTRIA TREBESCHI,HB,623,0.0,4,sexta-feira
2026-08-01,AGROINDUSTRIA TREBESCHI,HB,623,14.0,5,sábado
2026-08-03,AGROINDUSTRIA TREBESCHI,HB,623,0.0,0,segunda-feira
2026-08-04,AGROINDUSTRIA TREBESCHI,HB,623,0.0,1,terça-feira
2026-08-05,AGROINDUSTRIA TREBESCHI,HB,623,0.0,2,quarta-feira
2026-08-06,AGROINDUSTRIA TREBESCHI,HB,623,0.0,3,quinta-feira
2026-08-07,AGROINDUSTRIA TREBESCHI,HB,623,0.0,4,sexta-feira
2026-08-08,AGROINDUSTRIA TREBESCHI,HB,623,14.0,5,sábado
2026-08-10,AGROINDUSTRIA TREBESCHI,HB,623,0.0,0,segunda-feira
2026-08-11,AGROINDUSTRIA TREBESCHI,HB,623,0.0,1,terça-feira
2026-08-12,AGROINDUSTRIA TREBESCHI,HB,623,0.0,2,quarta-feira
2026-08-13,AGROINDUSTRIA TREBESCHI,HB,623,0.0,3,quinta-feira
2026-08-14,AGROINDUSTRIA TREBESCHI,HB,623,0.0,4,sexta-feira
2026-08-15,AGROINDUSTRIA TREBESCHI,HB,623,4.0,5,sábado
2026-08-17,AGROINDUSTRIA TREBESCHI,HB,623,0.0,0,segunda-feira
2026-08-18,AGROINDUSTRIA TREBESCHI,HB,623,0.0,1,terça-feira
2026-08-19,AGROINDUSTRIA TREBESCHI,HB,623,0.0,2,quarta-feira
2026-08-20,AGROINDUSTRIA TREBESCHI,HB,623,0.0,3,quinta-feira
2026-08-21,AGROINDUSTRIA TREBESCHI,HB,623,0.0,4,sexta-feira
2026-08-22,AGROINDUSTRIA TREBESCHI,HB,623,19.0,5,sábado
2026-08-24,AGROINDUSTRIA TREBESCHI,HB,623,0.0,0,segunda-feira
2026-08-25,AGROINDUSTRIA TREBESCHI,HB,623,0.0,1,terça-feira
2026-08-26,AGROINDUSTRIA TREBESCHI,HB,623,6.0,2,quarta-feira
2026-08-27,AGROINDUSTRIA TREBESCHI,HB,623,0.0,3,quinta-feira
2026-06-01,AGROINDUSTRIA TREBESCHI,IFCO,6416,0.0,0,segunda-feira
2026-06-02,AGROINDUSTRIA TREBESCHI,IFCO,6416,0.0,1,terça-feira
2026-06-03,AGROINDUSTRIA TREBESCHI,IFCO,6416,8.0,2,quarta-feira
2026-06-04,AGROINDUSTRIA TREBESCHI,IFCO,6416,0.0,3,quinta-feira
2026-06-05,AGROINDUSTRIA TREBESCHI,IFCO,6416,40.0,4,sexta-feira
2026-06-06,AGROINDUSTRIA TREBESCHI,IFCO,6416,0.0,5,sábado
2026-06-08,AGROINDUSTRIA TREBESCHI,IFCO,6416,0.0,0,segunda-feira
2026-06-09,AGROINDUSTRIA TREBESCHI,IFCO,6416,0.0,1,terça-feira
2026-06-10,AGROINDUSTRIA TREBESCHI,IFCO,6416,12.0,2,quarta-feira
2026-06-11,AGROINDUSTRIA TREBESCHI,IFCO,6416,0.0,3,quinta-feira
2026-06-12,AGROINDUSTRIA TREBESCHI,IFCO,6416,0.0,4,sexta-feira
2026-06-13,AGROINDUSTRIA TREBESCHI,IFCO,6416,0.0,5,sábado
2026-06-15,AGROINDUSTRIA TREBESCHI,IFCO,6416,0.0,0,segunda-feira
2026-06-16,AGROINDUSTRIA TREBESCHI,IFCO,6416,0.0,1,terça-feira
2026-06-17,AGROINDUSTRIA TREBESCHI,IFCO,6416,91.0,2,quarta-feira
2026-06-18,AGROINDUSTRIA TREBESCHI,IFCO,6416,0.0,3,quinta-feira
2026-06-19,AGROINDUSTRIA TREBESCHI,IFCO,6416,0.0,4,sexta-feira
2026-06-20,AGROINDUSTRIA TREBESCHI,IFCO,6416,0.0,5,sábado
2026-06-22,AGROINDUSTRIA TREBESCHI,IFCO,6416,0.0,0,segunda-feira
2026-06-23,AGROINDUSTRIA TREBESCHI,IFCO,6416,0.0,1,terça-feira
2026-06-24,AGROINDUSTRIA TREBESCHI,IFCO,6416,53.0,2,quarta-feira
2026-06-25,AGROINDUSTRIA TREBESCHI,IFCO,6416,0.0,3,quinta-feira
2026-06-26,AGROINDUSTRIA TREBESCHI,IFCO,6416,0.0,4,sexta-feira
2026-06-27,AGROINDUSTRIA TREBESCHI,IFCO,6416,2.0,5,sábado
2026-06-29,AGROINDUSTRIA TREBESCHI,IFCO,6416,0.0,0,segunda-feira
2026-06-30,AGROINDUSTRIA TREBESCHI,IFCO,6416,0.0,1,terça-feira
2026-07-01,AGROINDUSTRIA TREBESCHI,IFCO,6416,11.0,2,quarta-feira
2026-07-02,AGROINDUSTRIA TREBESCHI,IFCO,6416,0.0,3,quinta-feira
2026-07-03,AGROINDUSTRIA TREBESCHI,IFCO,6416,0.0,4,sexta-feira
2026-07-04,AGROINDUSTRIA TREBESCHI,IFCO,6416,0.0,5,sábado
2026-07-06,AGROINDUSTRIA TREBESCHI,IFCO,6416,0.0,0,segunda-feira
2026-07-07,AGROINDUSTRIA TREBESCHI,IFCO,6416,0.0,1,terça-feira
2026-07-08,AGROINDUSTRIA TREBESCHI,IFCO,6416,7.0,2,quarta-feira
2026-07-09,AGROINDUSTRIA TREBESCHI,IFCO,6416,0.0,3,quinta-feira
2026-07-10,AGROINDUSTRIA TREBESCHI,IFCO,6416,80.0,4,sexta-feira
2026-07-11,AGROINDUSTRIA TREBESCHI,IFCO,6416,0.0,5,sábado
2026-07-13,AGROINDUSTRIA TREBESCHI,IFCO,6416,0.0,0,segunda-feira
2026-07-14,AGROINDUSTRIA TREBESCHI,IFCO,6416,0.0,1,terça-feira
2026-07-15,AGROINDUSTRIA TREBESCHI,IFCO,6416,8.0,2,quarta-feira
2026-07-16,AGROINDUSTRIA TREBESCHI,IFCO,6416,50.0,3,quinta-feira
2026-07-17,AGROINDUSTRIA TREBESCHI,IFCO,6416,0.0,4,sexta-feira
2026-07-18,AGROINDUSTRIA TREBESCHI,IFCO,6416,0.0,5,sábado
2026-07-20,AGROINDUSTRIA TREBESCHI,IFCO,6416,0.0,0,segunda-feira
2026-07-21,AGROINDUSTRIA TREBESCHI,IFCO,6416,0.0,1,terça-feira
2026-07-22,AGROINDUSTRIA TREBESCHI,IFCO,6416,6.0,2,quarta-feira
2026-07-23,AGROINDUSTRIA TREBESCHI,IFCO,6416,0.0,3,quinta-feira
2026-07-24,AGROINDUSTRIA TREBESCHI,IFCO,6416,0.0,4,sexta-feira
2026-07-25,AGROINDUSTRIA TREBESCHI,IFCO,6416,2.0,5,sábado
2026-07-27,AGROINDUSTRIA TREBESCHI,IFCO,6416,0.0,0,segunda-feira
2026-07-28,AGROINDUSTRIA TREBESCHI,IFCO,6416,0.0,1,terça-feira
2026-07-29,AGROINDUSTRIA TREBESCHI,IFCO,6416,3.0,2,quarta-feira
2026-07-30,AGROINDUSTRIA TREBESCHI,IFCO,6416,120.0,3,quinta-feira
2026-07-31,AGROINDUSTRIA TREBESCHI,IFCO,6416,0.0,4,sexta-feira
2026-08-01,AGROINDUSTRIA TREBESCHI,IFCO,6416,0.0,5,sábado
2026-08-03,AGROINDUSTRIA TREBESCHI,IFCO,6416,0.0,0,segunda-feira
2026-08-04,AGROINDUSTRIA TREBESCHI,IFCO,6416,0.0,1,terça-feira
2026-08-05,AGROINDUSTRIA TREBESCHI,IFCO,6416,19.0,2,quarta-feira
2026-08-06,AGROINDUSTRIA TREBESCHI,IFCO,6416,0.0,3,quinta-feira
2026-08-07,AGROINDUSTRIA TREBESCHI,IFCO,6416,0.0,4,sexta-feira
2026-08-08,AGROINDUSTRIA TREBESCHI,IFCO,6416,0.0,5,sábado
2026-08-10,AGROINDUSTRIA TREBESCHI,IFCO,6416,0.0,0,segunda-feira
2026-08-11,AGROINDUSTRIA TREBESCHI,IFCO,6416,0.0,1,terça-feira
2026-08-12,AGROINDUSTRIA TREBESCHI,IFCO,6416,0.0,2,quarta-feira
2026-08-13,AGROINDUSTRIA TREBESCHI,IFCO,6416,4.0,3,quinta-feira
2026-08-14,AGROINDUSTRIA TREBESCHI,IFCO,6416,0.0,4,sexta-feira
2026-08-15,AGROINDUSTRIA TREBESCHI,IFCO,6416,0.0,5,sábado
2026-08-17,AGROINDUSTRIA TREBESCHI,IFCO,6416,0.0,0,segunda-feira
2026-08-18,AGROINDUSTRIA TREBESCHI,IFCO,6416,0.0,1,terça-feira
2026-08-19,AGROINDUSTRIA TREBESCHI,IFCO,6416,3.0,2,quarta-feira
2026-08-20,AGROINDUSTRIA TREBESCHI,IFCO,6416,0.0,3,quinta-feira
2026-08-21,AGROINDUSTRIA TREBESCHI,IFCO,6416,0.0,4,sexta-feira
2026-08-22,AGROINDUSTRIA TREBESCHI,IFCO,6416,0.0,5,sábado
2026-08-24,AGROINDUSTRIA TREBESCHI,IFCO,6416,0.0,0,segunda-feira
2026-08-25,AGROINDUSTRIA TREBESCHI,IFCO,6416,0.0,1,terça-feira
2026-08-26,AGROINDUSTRIA TREBESCHI,IFCO,6416,10.0,2,quarta-feira
2026-08-27,AGROINDUSTRIA TREBESCHI,IFCO,6416,0.0,3,quinta-feira
2026-06-01,AGROINDUSTRIA TREBESCHI,IFCO,6424,0.0,0,segunda-feira
2026-06-02,AGROINDUSTRIA TREBESCHI,IFCO,6424,0.0,1,terça-feira
2026-06-03,AGROINDUSTRIA TREBESCHI,IFCO,6424,49.0,2,quarta-feira
2026-06-04,AGROINDUSTRIA TREBESCHI,IFCO,6424,0.0,3,quinta-feira
2026-06-05,AGROINDUSTRIA TREBESCHI,IFCO,6424,520.0,4,sexta-feira
2026-06-06,AGROINDUSTRIA TREBESCHI,IFCO,6424,100.0,5,sábado
2026-06-08,AGROINDUSTRIA TREBESCHI,IFCO,6424,0.0,0,segunda-feira
2026-06-09,AGROINDUSTRIA TREBESCHI,IFCO,6424,40.0,1,terça-feira
2026-06-10,AGROINDUSTRIA TREBESCHI,IFCO,6424,866.0,2,quarta-feira
2026-06-11,AGROINDUSTRIA TREBESCHI,IFCO,6424,0.0,3,quinta-feira
2026-06-12,AGROINDUSTRIA TREBESCHI,IFCO,6424,0.0,4,sexta-feira
2026-06-13,AGROINDUSTRIA TREBESCHI,IFCO,6424,100.0,5,sábado
2026-06-15,AGROINDUSTRIA TREBESCHI,IFCO,6424,0.0,0,segunda-feira
2026-06-16,AGROINDUSTRIA TREBESCHI,IFCO,6424,0.0,1,terça-feira
2026-06-17,AGROINDUSTRIA TREBESCHI,IFCO,6424,231.0,2,quarta-feira
2026-06-18,AGROINDUSTRIA TREBESCHI,IFCO,6424,0.0,3,quinta-feira
2026-06-19,AGROINDUSTRIA TREBESCHI,IFCO,6424,0.0,4,sexta-feira
2026-06-20,AGROINDUSTRIA TREBESCHI,IFCO,6424,2.0,5,sábado
2026-06-22,AGROINDUSTRIA TREBESCHI,IFCO,6424,0.0,0,segunda-feira
2026-06-23,AGROINDUSTRIA TREBESCHI,IFCO,6424,0.0,1,terça-feira
2026-06-24,AGROINDUSTRIA TREBESCHI,IFCO,6424,217.0,2,quarta-feira
2026-06-25,AGROINDUSTRIA TREBESCHI,IFCO,6424,0.0,3,quinta-feira
2026-06-26,AGROINDUSTRIA TREBESCHI,IFCO,6424,0.0,4,sexta-feira
2026-06-27,AGROINDUSTRIA TREBESCHI,IFCO,6424,40.0,5,sábado
2026-06-29,AGROINDUSTRIA TREBESCHI,IFCO,6424,0.0,0,segunda-feira
2026-06-30,AGROINDUSTRIA TREBESCHI,IFCO,6424,100.0,1,terça-feira
2026-07-01,AGROINDUSTRIA TREBESCHI,IFCO,6424,12.0,2,quarta-feira
2026-07-02,AGROINDUSTRIA TREBESCHI,IFCO,6424,40.0,3,quinta-feira
2026-07-03,AGROINDUSTRIA TREBESCHI,IFCO,6424,0.0,4,sexta-feira
2026-07-04,AGROINDUSTRIA TREBESCHI,IFCO,6424,80.0,5,sábado
2026-07-06,AGROINDUSTRIA TREBESCHI,IFCO,6424,0.0,0,segunda-feira
2026-07-07,AGROINDUSTRIA TREBESCHI,IFCO,6424,0.0,1,terça-feira
2026-07-08,AGROINDUSTRIA TREBESCHI,IFCO,6424,9.0,2,quarta-feira
2026-07-09,AGROINDUSTRIA TREBESCHI,IFCO,6424,0.0,3,quinta-feira
2026-07-10,AGROINDUSTRIA TREBESCHI,IFCO,6424,0.0,4,sexta-feira
2026-07-11,AGROINDUSTRIA TREBESCHI,IFCO,6424,40.0,5,sábado
2026-07-13,AGROINDUSTRIA TREBESCHI,IFCO,6424,0.0,0,segunda-feira
2026-07-14,AGROINDUSTRIA TREBESCHI,IFCO,6424,30.0,1,terça-feira
2026-07-15,AGROINDUSTRIA TREBESCHI,IFCO,6424,48.0,2,quarta-feira
2026-07-16,AGROINDUSTRIA TREBESCHI,IFCO,6424,200.0,3,quinta-feira
2026-07-17,AGROINDUSTRIA TREBESCHI,IFCO,6424,0.0,4,sexta-feira
2026-07-18,AGROINDUSTRIA TREBESCHI,IFCO,6424,0.0,5,sábado
2026-07-20,AGROINDUSTRIA TREBESCHI,IFCO,6424,0.0,0,segunda-feira
2026-07-21,AGROINDUSTRIA TREBESCHI,IFCO,6424,0.0,1,terça-feira
2026-07-22,AGROINDUSTRIA TREBESCHI,IFCO,6424,0.0,2,quarta-feira
2026-07-23,AGROINDUSTRIA TREBESCHI,IFCO,6424,0.0,3,quinta-feira
2026-07-24,AGROINDUSTRIA TREBESCHI,IFCO,6424,0.0,4,sexta-feira
2026-07-25,AGROINDUSTRIA TREBESCHI,IFCO,6424,0.0,5,sábado
2026-07-27,AGROINDUSTRIA TREBESCHI,IFCO,6424,0.0,0,segunda-feira
2026-07-28,AGROINDUSTRIA TREBESCHI,IFCO,6424,20.0,1,terça-feira
2026-07-29,AGROINDUSTRIA TREBESCHI,IFCO,6424,6.0,2,quarta-feira
2026-07-30,AGROINDUSTRIA TREBESCHI,IFCO,6424,0.0,3,quinta-feira
2026-07-31,AGROINDUSTRIA TREBESCHI,IFCO,6424,0.0,4,sexta-feira
2026-08-01,AGROINDUSTRIA TREBESCHI,IFCO,6424,20.0,5,sábado
2026-08-03,AGROINDUSTRIA TREBESCHI,IFCO,6424,0.0,0,segunda-feira
2026-08-04,AGROINDUSTRIA TREBESCHI,IFCO,6424,20.0,1,terça-feira
2026-08-05,AGROINDUSTRIA TREBESCHI,IFCO,6424,46.0,2,quarta-feira
2026-08-06,AGROINDUSTRIA TREBESCHI,IFCO,6424,0.0,3,quinta-feira
2026-08-07,AGROINDUSTRIA TREBESCHI,IFCO,6424,0.0,4,sexta-feira
2026-08-08,AGROINDUSTRIA TREBESCHI,IFCO,6424,80.0,5,sábado
2026-08-10,AGROINDUSTRIA TREBESCHI,IFCO,6424,0.0,0,segunda-feira
2026-08-11,AGROINDUSTRIA TREBESCHI,IFCO,6424,20.0,1,terça-feira
2026-08-12,AGROINDUSTRIA TREBESCHI,IFCO,6424,14.0,2,quarta-feira
2026-08-13,AGROINDUSTRIA TREBESCHI,IFCO,6424,22.0,3,quinta-feira
2026-08-14,AGROINDUSTRIA TREBESCHI,IFCO,6424,0.0,4,sexta-feira
2026-08-15,AGROINDUSTRIA TREBESCHI,IFCO,6424,20.0,5,sábado
2026-08-17,AGROINDUSTRIA TREBESCHI,IFCO,6424,0.0,0,segunda-feira
2026-08-18,AGROINDUSTRIA TREBESCHI,IFCO,6424,20.0,1,terça-feira
2026-08-19,AGROINDUSTRIA TREBESCHI,IFCO,6424,27.0,2,quarta-feira
2026-08-20,AGROINDUSTRIA TREBESCHI,IFCO,6424,0.0,3,quinta-feira
2026-08-21,AGROINDUSTRIA TREBESCHI,IFCO,6424,0.0,4,sexta-feira
2026-08-22,AGROINDUSTRIA TREBESCHI,IFCO,6424,20.0,5,sábado
2026-08-24,AGROINDUSTRIA TREBESCHI,IFCO,6424,120.0,0,segunda-feira
2026-08-25,AGROINDUSTRIA TREBESCHI,IFCO,6424,20.0,1,terça-feira
2026-08-26,AGROINDUSTRIA TREBESCHI,IFCO,6424,16.0,2,quarta-feira
2026-08-27,AGROINDUSTRIA TREBESCHI,IFCO,6424,0.0,3,quinta-feira
2026-06-01,F. BICAME,HB,623,0.0,0,segunda-feira
2026-06-02,F. BICAME,HB,623,0.0,1,terça-feira
2026-06-03,F. BICAME,HB,623,0.0,2,quarta-feira
2026-06-04,F. BICAME,HB,623,0.0,3,quinta-feira
2026-06-05,F. BICAME,HB,623,0.0,4,sexta-feira
2026-06-06,F. BICAME,HB,623,0.0,5,sábado
2026-06-08,F. BICAME,HB,623,0.0,0,segunda-feira
2026-06-09,F. BICAME,HB,623,0.0,1,terça-feira
2026-06-10,F. BICAME,HB,623,0.0,2,quarta-feira
2026-06-11,F. BICAME,HB,623,0.0,3,quinta-feira
2026-06-12,F. BICAME,HB,623,0.0,4,sexta-feira
2026-06-13,F. BICAME,HB,623,0.0,5,sábado
2026-06-15,F. BICAME,HB,623,0.0,0,segunda-feira
2026-06-16,F. BICAME,HB,623,0.0,1,terça-feira
2026-06-17,F. BICAME,HB,623,450.0,2,quarta-feira
2026-06-18,F. BICAME,HB,623,0.0,3,quinta-feira
2026-06-19,F. BICAME,HB,623,0.0,4,sexta-feira
2026-06-20,F. BICAME,HB,623,0.0,5,sábado
2026-06-22,F. BICAME,HB,623,0.0,0,segunda-feira
2026-06-23,F. BICAME,HB,623,0.0,1,terça-feira
2026-06-24,F. BICAME,HB,623,0.0,2,quarta-feira
2026-06-25,F. BICAME,HB,623,0.0,3,quinta-feira
2026-06-26,F. BICAME,HB,623,0.0,4,sexta-feira
2026-06-27,F. BICAME,HB,623,0.0,5,sábado
2026-06-29,F. BICAME,HB,623,0.0,0,segunda-feira
2026-06-30,F. BICAME,HB,623,0.0,1,terça-feira
2026-07-01,F. BICAME,HB,623,0.0,2,quarta-feira
2026-07-02,F. BICAME,HB,623,0.0,3,quinta-feira
2026-07-03,F. BICAME,HB,623,0.0,4,sexta-feira
2026-07-04,F. BICAME,HB,623,0.0,5,sábado
2026-07-06,F. BICAME,HB,623,0.0,0,segunda-feira
2026-07-07,F. BICAME,HB,623,0.0,1,terça-feira
2026-07-08,F. BICAME,HB,623,0.0,2,quarta-feira
2026-07-09,F. BICAME,HB,623,0.0,3,quinta-feira
2026-07-10,F. BICAME,HB,623,0.0,4,sexta-feira
2026-07-11,F. BICAME,HB,623,0.0,5,sábado
2026-07-13,F. BICAME,HB,623,0.0,0,segunda-feira
2026-07-14,F. BICAME,HB,623,0.0,1,terça-feira
2026-07-15,F. BICAME,HB,623,0.0,2,quarta-feira
2026-07-16,F. BICAME,HB,623,0.0,3,quinta-feira
2026-07-17,F. BICAME,HB,623,0.0,4,sexta-feira
2026-07-18,F. BICAME,HB,623,0.0,5,sábado
2026-07-20,F. BICAME,HB,623,0.0,0,segunda-feira
2026-07-21,F. BICAME,HB,623,0.0,1,terça-feira
2026-07-22,F. BICAME,HB,623,0.0,2,quarta-feira
2026-07-23,F. BICAME,HB,623,0.0,3,quinta-feira
2026-07-24,F. BICAME,HB,623,0.0,4,sexta-feira
2026-07-25,F. BICAME,HB,623,0.0,5,sábado
2026-07-27,F. BICAME,HB,623,0.0,0,segunda-feira
2026-07-28,F. BICAME,HB,623,0.0,1,terça-feira
2026-07-29,F. BICAME,HB,623,0.0,2,quarta-feira
2026-07-30,F. BICAME,HB,623,0.0,3,quinta-feira
2026-07-31,F. BICAME,HB,623,0.0,4,sexta-feira
2026-08-01,F. BICAME,HB,623,0.0,5,sábado
2026-08-03,F. BICAME,HB,623,0.0,0,segunda-feira
2026-08-04,F. BICAME,HB,623,0.0,1,terça-feira
2026-08-05,F. BICAME,HB,623,0.0,2,quarta-feira
2026-08-06,F. BICAME,HB,623,0.0,3,quinta-feira
2026-08-07,F. BICAME,HB,623,0.0,4,sexta-feira
2026-08-08,F. BICAME,HB,623,0.0,5,sábado
2026-08-10,F. BICAME,HB,623,0.0,0,segunda-feira
2026-08-11,F. BICAME,HB,623,0.0,1,terça-feira
2026-08-12,F. BICAME,HB,623,0.0,2,quarta-feira
2026-08-13,F. BICAME,HB,623,0.0,3,quinta-feira
2026-08-14,F. BICAME,HB,623,0.0,4,sexta-feira
2026-08-15,F. BICAME,HB,623,0.0,5,sábado
2026-08-17,F. BICAME,HB,623,0.0,0,segunda-feira
2026-08-18,F. BICAME,HB,623,0.0,1,terça-feira
2026-08-19,F. BICAME,HB,623,0.0,2,quarta-feira
2026-08-20,F. BICAME,HB,623,0.0,3,quinta-feira
2026-08-21,F. BICAME,HB,623,0.0,4,sexta-feira
2026-08-22,F. BICAME,HB,623,0.0,5,sábado
2026-08-24,F. BICAME,HB,623,0.0,0,segunda-feira
2026-08-25,F. BICAME,HB,623,0.0,1,terça-feira
2026-08-26,F. BICAME,HB,623,0.0,2,quarta-feira
2026-08-27,F. BICAME,HB,623,0.0,3,quinta-feira
2026-06-01,F. BICAME,IFCO,6424,0.0,0,segunda-feira
2026-06-02,F. BICAME,IFCO,6424,0.0,1,terça-feira
2026-06-03,F. BICAME,IFCO,6424,0.0,2,quarta-feira
2026-06-04,F. BICAME,IFCO,6424,0.0,3,quinta-feira
2026-06-05,F. BICAME,IFCO,6424,0.0,4,sexta-feira
2026-06-06,F. BICAME,IFCO,6424,0.0,5,sábado
2026-06-08,F. BICAME,IFCO,6424,0.0,0,segunda-feira
2026-06-09,F. BICAME,IFCO,6424,0.0,1,terça-feira
2026-06-10,F. BICAME,IFCO,6424,0.0,2,quarta-feira
2026-06-11,F. BICAME,IFCO,6424,0.0,3,quinta-feira
2026-06-12,F. BICAME,IFCO,6424,0.0,4,sexta-feira
2026-06-13,F. BICAME,IFCO,6424,0.0,5,sábado
2026-06-15,F. BICAME,IFCO,6424,0.0,0,segunda-feira
2026-06-16,F. BICAME,IFCO,6424,0.0,1,terça-feira
2026-06-17,F. BICAME,IFCO,6424,0.0,2,quarta-feira
2026-06-18,F. BICAME,IFCO,6424,0.0,3,quinta-feira
2026-06-19,F. BICAME,IFCO,6424,0.0,4,sexta-feira
2026-06-20,F. BICAME,IFCO,6424,0.0,5,sábado
2026-06-22,F. BICAME,IFCO,6424,0.0,0,segunda-feira
2026-06-23,F. BICAME,IFCO,6424,0.0,1,terça-feira
2026-06-24,F. BICAME,IFCO,6424,0.0,2,quarta-feira
2026-06-25,F. BICAME,IFCO,6424,0.0,3,quinta-feira
2026-06-26,F. BICAME,IFCO,6424,0.0,4,sexta-feira
2026-06-27,F. BICAME,IFCO,6424,0.0,5,sábado
2026-06-29,F. BICAME,IFCO,6424,0.0,0,segunda-feira
2026-06-30,F. BICAME,IFCO,6424,0.0,1,terça-feira
2026-07-01,F. BICAME,IFCO,6424,0.0,2,quarta-feira
2026-07-02,F. BICAME,IFCO,6424,0.0,3,quinta-feira
2026-07-03,F. BICAME,IFCO,6424,0.0,4,sexta-feira
2026-07-04,F. BICAME,IFCO,6424,0.0,5,sábado
2026-07-06,F. BICAME,IFCO,6424,0.0,0,segunda-feira
2026-07-07,F. BICAME,IFCO,6424,0.0,1,terça-feira
2026-07-08,F. BICAME,IFCO,6424,0.0,2,quarta-feira
2026-07-09,F. BICAME,IFCO,6424,0.0,3,quinta-feira
2026-07-10,F. BICAME,IFCO,6424,0.0,4,sexta-feira
2026-07-11,F. BICAME,IFCO,6424,0.0,5,sábado
2026-07-13,F. BICAME,IFCO,6424,0.0,0,segunda-feira
2026-07-14,F. BICAME,IFCO,6424,0.0,1,terça-feira
2026-07-15,F. BICAME,IFCO,6424,0.0,2,quarta-feira
2026-07-16,F. BICAME,IFCO,6424,0.0,3,quinta-feira
2026-07-17,F. BICAME,IFCO,6424,0.0,4,sexta-feira
2026-07-18,F. BICAME,IFCO,6424,0.0,5,sábado
2026-07-20,F. BICAME,IFCO,6424,0.0,0,segunda-feira
2026-07-21,F. BICAME,IFCO,6424,0.0,1,terça-feira
2026-07-22,F. BICAME,IFCO,6424,0.0,2,quarta-feira
2026-07-23,F. BICAME,IFCO,6424,0.0,3,quinta-feira
2026-07-24,F. BICAME,IFCO,6424,0.0,4,sexta-feira
2026-07-25,F. BICAME,IFCO,6424,0.0,5,sábado
2026-07-27,F. BICAME,IFCO,6424,0.0,0,segunda-feira
2026-07-28,F. BICAME,IFCO,6424,0.0,1,terça-feira
2026-07-29,F. BICAME,IFCO,6424,0.0,2,quarta-feira
2026-07-30,F. BICAME,IFCO,6424,0.0,3,quinta-feira
2026-07-31,F. BICAME,IFCO,6424,0.0,4,sexta-feira
2026-08-01,F. BICAME,IFCO,6424,0.0,5,sábado
2026-08-03,F. BICAME,IFCO,6424,0.0,0,segunda-feira
2026-08-04,F. BICAME,IFCO,6424,0.0,1,terça-feira
2026-08-05,F. BICAME,IFCO,6424,0.0,2,quarta-feira
2026-08-06,F. BICAME,IFCO,6424,0.0,3,quinta-feira
2026-08-07,F. BICAME,IFCO,6424,0.0,4,sexta-feira
2026-08-08,F. BICAME,IFCO,6424,0.0,5,sábado
2026-08-10,F. BICAME,IFCO,6424,0.0,0,segunda-feira
2026-08-11,F. BICAME,IFCO,6424,0.0,1,terça-feira
2026-08-12,F. BICAME,IFCO,6424,0.0,2,quarta-feira
2026-08-13,F. BICAME,IFCO,6424,0.0,3,quinta-feira
2026-08-14,F. BICAME,IFCO,6424,0.0,4,sexta-feira
2026-08-15,F. BICAME,IFCO,6424,0.0,5,sábado
2026-08-17,F. BICAME,IFCO,6424,0.0,0,segunda-feira
2026-08-18,F. BICAME,IFCO,6424,0.0,1,terça-feira
2026-08-19,F. BICAME,IFCO,6424,0.0,2,quarta-feira
2026-08-20,F. BICAME,IFCO,6424,0.0,3,quinta-feira
2026-08-21,F. BICAME,IFCO,6424,0.0,4,sexta-feira
2026-08-22,F. BICAME,IFCO,6424,0.0,5,sábado
2026-08-24,F. BICAME,IFCO,6424,0.0,0,segunda-feira
2026-08-25,F. BICAME,IFCO,6424,0.0,1,terça-feira
2026-08-26,F. BICAME,IFCO,6424,0.0,2,quarta-feira
2026-08-27,F. BICAME,IFCO,6424,0.0,3,quinta-feira
2026-06-01,PH ALHO/CEBOLA,HB,618,0.0,0,segunda-feira
2026-06-02,PH ALHO/CEBOLA,HB,618,0.0,1,terça-feira
2026-06-03,PH ALHO/CEBOLA,HB,618,0.0,2,quarta-feira
2026-06-04,PH ALHO/CEBOLA,HB,618,0.0,3,quinta-feira
2026-06-05,PH ALHO/CEBOLA,HB,618,0.0,4,sexta-feira
2026-06-06,PH ALHO/CEBOLA,HB,618,0.0,5,sábado
2026-06-08,PH ALHO/CEBOLA,HB,618,0.0,0,segunda-feira
2026-06-09,PH ALHO/CEBOLA,HB,618,0.0,1,terça-feira
2026-06-10,PH ALHO/CEBOLA,HB,618,0.0,2,quarta-feira
2026-06-11,PH ALHO/CEBOLA,HB,618,0.0,3,quinta-feira
2026-06-12,PH ALHO/CEBOLA,HB,618,0.0,4,sexta-feira
2026-06-13,PH ALHO/CEBOLA,HB,618,0.0,5,sábado
2026-06-15,PH ALHO/CEBOLA,HB,618,0.0,0,segunda-feira
2026-06-16,PH ALHO/CEBOLA,HB,618,0.0,1,terça-feira
2026-06-17,PH ALHO/CEBOLA,HB,618,0.0,2,quarta-feira
2026-06-18,PH ALHO/CEBOLA,HB,618,0.0,3,quinta-feira
2026-06-19,PH ALHO/CEBOLA,HB,618,0.0,4,sexta-feira
2026-06-20,PH ALHO/CEBOLA,HB,618,0.0,5,sábado
2026-06-22,PH ALHO/CEBOLA,HB,618,0.0,0,segunda-feira
2026-06-23,PH ALHO/CEBOLA,HB,618,0.0,1,terça-feira
2026-06-24,PH ALHO/CEBOLA,HB,618,0.0,2,quarta-feira
2026-06-25,PH ALHO/CEBOLA,HB,618,0.0,3,quinta-feira
2026-06-26,PH ALHO/CEBOLA,HB,618,0.0,4,sexta-feira
2026-06-27,PH ALHO/CEBOLA,HB,618,0.0,5,sábado
2026-06-29,PH ALHO/CEBOLA,HB,618,0.0,0,segunda-feira
2026-06-30,PH ALHO/CEBOLA,HB,618,0.0,1,terça-feira
2026-07-01,PH ALHO/CEBOLA,HB,618,0.0,2,quarta-feira
2026-07-02,PH ALHO/CEBOLA,HB,618,0.0,3,quinta-feira
2026-07-03,PH ALHO/CEBOLA,HB,618,0.0,4,sexta-feira
2026-07-04,PH ALHO/CEBOLA,HB,618,0.0,5,sábado
2026-07-06,PH ALHO/CEBOLA,HB,618,0.0,0,segunda-feira
2026-07-07,PH ALHO/CEBOLA,HB,618,0.0,1,terça-feira
2026-07-08,PH ALHO/CEBOLA,HB,618,0.0,2,quarta-feira
2026-07-09,PH ALHO/CEBOLA,HB,618,0.0,3,quinta-feira
2026-07-10,PH ALHO/CEBOLA,HB,618,0.0,4,sexta-feira
2026-07-11,PH ALHO/CEBOLA,HB,618,0.0,5,sábado
2026-07-13,PH ALHO/CEBOLA,HB,618,0.0,0,segunda-feira
2026-07-14,PH ALHO/CEBOLA,HB,618,0.0,1,terça-feira
2026-07-15,PH ALHO/CEBOLA,HB,618,0.0,2,quarta-feira
2026-07-16,PH ALHO/CEBOLA,HB,618,0.0,3,quinta-feira
2026-07-17,PH ALHO/CEBOLA,HB,618,0.0,4,sexta-feira
2026-07-18,PH ALHO/CEBOLA,HB,618,0.0,5,sábado
2026-07-20,PH ALHO/CEBOLA,HB,618,0.0,0,segunda-feira
2026-07-21,PH ALHO/CEBOLA,HB,618,0.0,1,terça-feira
2026-07-22,PH ALHO/CEBOLA,HB,618,0.0,2,quarta-feira
2026-07-23,PH ALHO/CEBOLA,HB,618,0.0,3,quinta-feira
2026-07-24,PH ALHO/CEBOLA,HB,618,0.0,4,sexta-feira
2026-07-25,PH ALHO/CEBOLA,HB,618,0.0,5,sábado
2026-07-27,PH ALHO/CEBOLA,HB,618,0.0,0,segunda-feira
2026-07-28,PH ALHO/CEBOLA,HB,618,0.0,1,terça-feira
2026-07-29,PH ALHO/CEBOLA,HB,618,0.0,2,quarta-feira
2026-07-30,PH ALHO/CEBOLA,HB,618,0.0,3,quinta-feira
2026-07-31,PH ALHO/CEBOLA,HB,618,0.0,4,sexta-feira
2026-08-01,PH ALHO/CEBOLA,HB,618,0.0,5,sábado
2026-08-03,PH ALHO/CEBOLA,HB,618,0.0,0,segunda-feira
2026-08-04,PH ALHO/CEBOLA,HB,618,0.0,1,terça-feira
2026-08-05,PH ALHO/CEBOLA,HB,618,0.0,2,quarta-feira
2026-08-06,PH ALHO/CEBOLA,HB,618,0.0,3,quinta-feira
2026-08-07,PH ALHO/CEBOLA,HB,618,0.0,4,sexta-feira
2026-08-08,PH ALHO/CEBOLA,HB,618,0.0,5,sábado
2026-08-10,PH ALHO/CEBOLA,HB,618,0.0,0,segunda-feira
2026-08-11,PH ALHO/CEBOLA,HB,618,0.0,1,terça-feira
2026-08-12,PH ALHO/CEBOLA,HB,618,0.0,2,quarta-feira
2026-08-13,PH ALHO/CEBOLA,HB,618,0.0,3,quinta-feira
2026-08-14,PH ALHO/CEBOLA,HB,618,0.0,4,sexta-feira
2026-08-15,PH ALHO/CEBOLA,HB,618,0.0,5,sábado
2026-08-17,PH ALHO/CEBOLA,HB,618,0.0,0,segunda-feira
2026-08-18,PH ALHO/CEBOLA,HB,618,0.0,1,terça-feira
2026-08-19,PH ALHO/CEBOLA,HB,618,0.0,2,quarta-feira
2026-08-20,PH ALHO/CEBOLA,HB,618,0.0,3,quinta-feira
2026-08-21,PH ALHO/CEBOLA,HB,618,0.0,4,sexta-feira
2026-08-22,PH ALHO/CEBOLA,HB,618,0.0,5,sábado
2026-08-24,PH ALHO/CEBOLA,HB,618,0.0,0,segunda-feira
2026-08-25,PH ALHO/CEBOLA,HB,618,0.0,1,terça-feira
2026-08-26,PH ALHO/CEBOLA,HB,618,0.0,2,quarta-feira
2026-08-27,PH ALHO/CEBOLA,HB,618,0.0,3,quinta-feira
2026-06-01,PH ALHO/CEBOLA,IFCO,6424,560.0,0,segunda-feira
2026-06-02,PH ALHO/CEBOLA,IFCO,6424,0.0,1,terça-feira
2026-06-03,PH ALHO/CEBOLA,IFCO,6424,0.0,2,quarta-feira
2026-06-04,PH ALHO/CEBOLA,IFCO,6424,0.0,3,quinta-feira
2026-06-05,PH ALHO/CEBOLA,IFCO,6424,0.0,4,sexta-feira
2026-06-06,PH ALHO/CEBOLA,IFCO,6424,0.0,5,sábado
2026-06-08,PH ALHO/CEBOLA,IFCO,6424,0.0,0,segunda-feira
2026-06-09,PH ALHO/CEBOLA,IFCO,6424,0.0,1,terça-feira
2026-06-10,PH ALHO/CEBOLA,IFCO,6424,0.0,2,quarta-feira
2026-06-11,PH ALHO/CEBOLA,IFCO,6424,0.0,3,quinta-feira
2026-06-12,PH ALHO/CEBOLA,IFCO,6424,0.0,4,sexta-feira
2026-06-13,PH ALHO/CEBOLA,IFCO,6424,0.0,5,sábado
2026-06-15,PH ALHO/CEBOLA,IFCO,6424,0.0,0,segunda-feira
2026-06-16,PH ALHO/CEBOLA,IFCO,6424,0.0,1,terça-feira
2026-06-17,PH ALHO/CEBOLA,IFCO,6424,0.0,2,quarta-feira
2026-06-18,PH ALHO/CEBOLA,IFCO,6424,0.0,3,quinta-feira
2026-06-19,PH ALHO/CEBOLA,IFCO,6424,640.0,4,sexta-feira
2026-06-20,PH ALHO/CEBOLA,IFCO,6424,0.0,5,sábado
2026-06-22,PH ALHO/CEBOLA,IFCO,6424,0.0,0,segunda-feira
2026-06-23,PH ALHO/CEBOLA,IFCO,6424,1040.0,1,terça-feira
2026-06-24,PH ALHO/CEBOLA,IFCO,6424,0.0,2,quarta-feira
2026-06-25,PH ALHO/CEBOLA,IFCO,6424,0.0,3,quinta-feira
2026-06-26,PH ALHO/CEBOLA,IFCO,6424,0.0,4,sexta-feira
2026-06-27,PH ALHO/CEBOLA,IFCO,6424,0.0,5,sábado
2026-06-29,PH ALHO/CEBOLA,IFCO,6424,0.0,0,segunda-feira
2026-06-30,PH ALHO/CEBOLA,IFCO,6424,0.0,1,terça-feira
2026-07-01,PH ALHO/CEBOLA,IFCO,6424,0.0,2,quarta-feira
2026-07-02,PH ALHO/CEBOLA,IFCO,6424,0.0,3,quinta-feira
2026-07-03,PH ALHO/CEBOLA,IFCO,6424,0.0,4,sexta-feira
2026-07-04,PH ALHO/CEBOLA,IFCO,6424,0.0,5,sábado
2026-07-06,PH ALHO/CEBOLA,IFCO,6424,0.0,0,segunda-feira
2026-07-07,PH ALHO/CEBOLA,IFCO,6424,0.0,1,terça-feira
2026-07-08,PH ALHO/CEBOLA,IFCO,6424,0.0,2,quarta-feira
2026-07-09,PH ALHO/CEBOLA,IFCO,6424,0.0,3,quinta-feira
2026-07-10,PH ALHO/CEBOLA,IFCO,6424,0.0,4,sexta-feira
2026-07-11,PH ALHO/CEBOLA,IFCO,6424,0.0,5,sábado
2026-07-13,PH ALHO/CEBOLA,IFCO,6424,0.0,0,segunda-feira
2026-07-14,PH ALHO/CEBOLA,IFCO,6424,0.0,1,terça-feira
2026-07-15,PH ALHO/CEBOLA,IFCO,6424,0.0,2,quarta-feira
2026-07-16,PH ALHO/CEBOLA,IFCO,6424,0.0,3,quinta-feira
2026-07-17,PH ALHO/CEBOLA,IFCO,6424,0.0,4,sexta-feira
2026-07-18,PH ALHO/CEBOLA,IFCO,6424,120.0,5,sábado
2026-07-20,PH ALHO/CEBOLA,IFCO,6424,0.0,0,segunda-feira
2026-07-21,PH ALHO/CEBOLA,IFCO,6424,0.0,1,terça-feira
2026-07-22,PH ALHO/CEBOLA,IFCO,6424,640.0,2,quarta-feira
2026-07-23,PH ALHO/CEBOLA,IFCO,6424,0.0,3,quinta-feira
2026-07-24,PH ALHO/CEBOLA,IFCO,6424,0.0,4,sexta-feira
2026-07-25,PH ALHO/CEBOLA,IFCO,6424,0.0,5,sábado
2026-07-27,PH ALHO/CEBOLA,IFCO,6424,0.0,0,segunda-feira
2026-07-28,PH ALHO/CEBOLA,IFCO,6424,0.0,1,terça-feira
2026-07-29,PH ALHO/CEBOLA,IFCO,6424,0.0,2,quarta-feira
2026-07-30,PH ALHO/CEBOLA,IFCO,6424,0.0,3,quinta-feira
2026-07-31,PH ALHO/CEBOLA,IFCO,6424,0.0,4,sexta-feira
2026-08-01,PH ALHO/CEBOLA,IFCO,6424,0.0,5,sábado
2026-08-03,PH ALHO/CEBOLA,IFCO,6424,0.0,0,segunda-feira
2026-08-04,PH ALHO/CEBOLA,IFCO,6424,0.0,1,terça-feira
2026-08-05,PH ALHO/CEBOLA,IFCO,6424,0.0,2,quarta-feira
2026-08-06,PH ALHO/CEBOLA,IFCO,6424,0.0,3,quinta-feira
2026-08-07,PH ALHO/CEBOLA,IFCO,6424,0.0,4,sexta-feira
2026-08-08,PH ALHO/CEBOLA,IFCO,6424,0.0,5,sábado
2026-08-10,PH ALHO/CEBOLA,IFCO,6424,0.0,0,segunda-feira
2026-08-11,PH ALHO/CEBOLA,IFCO,6424,0.0,1,terça-feira
2026-08-12,PH ALHO/CEBOLA,IFCO,6424,0.0,2,quarta-feira
2026-08-13,PH ALHO/CEBOLA,IFCO,6424,0.0,3,quinta-feira
2026-08-14,PH ALHO/CEBOLA,IFCO,6424,0.0,4,sexta-feira
2026-08-15,PH ALHO/CEBOLA,IFCO,6424,0.0,5,sábado
2026-08-17,PH ALHO/CEBOLA,IFCO,6424,0.0,0,segunda-feira
2026-08-18,PH ALHO/CEBOLA,IFCO,6424,0.0,1,terça-feira
2026-08-19,PH ALHO/CEBOLA,IFCO,6424,0.0,2,quarta-feira
2026-08-20,PH ALHO/CEBOLA,IFCO,6424,0.0,3,quinta-feira
2026-08-21,PH ALHO/CEBOLA,IFCO,6424,480.0,4,sexta-feira
2026-08-22,PH ALHO/CEBOLA,IFCO,6424,0.0,5,sábado
2026-08-24,PH ALHO/CEBOLA,IFCO,6424,0.0,0,segunda-feira
2026-08-25,PH ALHO/CEBOLA,IFCO,6424,0.0,1,terça-feira
2026-08-26,PH ALHO/CEBOLA,IFCO,6424,0.0,2,quarta-feira
2026-08-27,PH ALHO/CEBOLA,IFCO,6424,0.0,3,quinta-feira
2026-06-01,PH CASCAVEL,HB,623,0.0,0,segunda-feira
2026-06-02,PH CASCAVEL,HB,623,0.0,1,terça-feira
2026-06-03,PH CASCAVEL,HB,623,0.0,2,quarta-feira
2026-06-04,PH CASCAVEL,HB,623,0.0,3,quinta-feira
2026-06-05,PH CASCAVEL,HB,623,0.0,4,sexta-feira
2026-06-06,PH CASCAVEL,HB,623,0.0,5,sábado
2026-06-08,PH CASCAVEL,HB,623,0.0,0,segunda-feira
2026-06-09,PH CASCAVEL,HB,623,0.0,1,terça-feira
2026-06-10,PH CASCAVEL,HB,623,0.0,2,quarta-feira
2026-06-11,PH CASCAVEL,HB,623,0.0,3,quinta-feira
2026-06-12,PH CASCAVEL,HB,623,0.0,4,sexta-feira
2026-06-13,PH CASCAVEL,HB,623,0.0,5,sábado
2026-06-15,PH CASCAVEL,HB,623,0.0,0,segunda-feira
2026-06-16,PH CASCAVEL,HB,623,0.0,1,terça-feira
2026-06-17,PH CASCAVEL,HB,623,0.0,2,quarta-feira
2026-06-18,PH CASCAVEL,HB,623,0.0,3,quinta-feira
2026-06-19,PH CASCAVEL,HB,623,0.0,4,sexta-feira
2026-06-20,PH CASCAVEL,HB,623,0.0,5,sábado
2026-06-22,PH CASCAVEL,HB,623,0.0,0,segunda-feira
2026-06-23,PH CASCAVEL,HB,623,0.0,1,terça-feira
2026-06-24,PH CASCAVEL,HB,623,0.0,2,quarta-feira
2026-06-25,PH CASCAVEL,HB,623,0.0,3,quinta-feira
2026-06-26,PH CASCAVEL,HB,623,80.0,4,sexta-feira
2026-06-27,PH CASCAVEL,HB,623,0.0,5,sábado
2026-06-29,PH CASCAVEL,HB,623,80.0,0,segunda-feira
2026-06-30,PH CASCAVEL,HB,623,0.0,1,terça-feira
2026-07-01,PH CASCAVEL,HB,623,0.0,2,quarta-feira
2026-07-02,PH CASCAVEL,HB,623,0.0,3,quinta-feira
2026-07-03,PH CASCAVEL,HB,623,0.0,4,sexta-feira
2026-07-04,PH CASCAVEL,HB,623,0.0,5,sábado
2026-07-06,PH CASCAVEL,HB,623,0.0,0,segunda-feira
2026-07-07,PH CASCAVEL,HB,623,0.0,1,terça-feira
2026-07-08,PH CASCAVEL,HB,623,0.0,2,quarta-feira
2026-07-09,PH CASCAVEL,HB,623,0.0,3,quinta-feira
2026-07-10,PH CASCAVEL,HB,623,280.0,4,sexta-feira
2026-07-11,PH CASCAVEL,HB,623,0.0,5,sábado
2026-07-13,PH CASCAVEL,HB,623,0.0,0,segunda-feira
2026-07-14,PH CASCAVEL,HB,623,120.0,1,terça-feira
2026-07-15,PH CASCAVEL,HB,623,0.0,2,quarta-feira
2026-07-16,PH CASCAVEL,HB,623,0.0,3,quinta-feira
2026-07-17,PH CASCAVEL,HB,623,200.0,4,sexta-feira
2026-07-18,PH CASCAVEL,HB,623,160.0,5,sábado
2026-07-20,PH CASCAVEL,HB,623,0.0,0,segunda-feira
2026-07-21,PH CASCAVEL,HB,623,400.0,1,terça-feira
2026-07-22,PH CASCAVEL,HB,623,0.0,2,quarta-feira
2026-07-23,PH CASCAVEL,HB,623,0.0,3,quinta-feira
2026-07-24,PH CASCAVEL,HB,623,160.0,4,sexta-feira
2026-07-25,PH CASCAVEL,HB,623,0.0,5,sábado
2026-07-27,PH CASCAVEL,HB,623,0.0,0,segunda-feira
2026-07-28,PH CASCAVEL,HB,623,0.0,1,terça-feira
2026-07-29,PH CASCAVEL,HB,623,320.0,2,quarta-feira
2026-07-30,PH CASCAVEL,HB,623,0.0,3,quinta-feira
2026-07-31,PH CASCAVEL,HB,623,0.0,4,sexta-feira
2026-08-01,PH CASCAVEL,HB,623,0.0,5,sábado
2026-08-03,PH CASCAVEL,HB,623,0.0,0,segunda-feira
2026-08-04,PH CASCAVEL,HB,623,200.0,1,terça-feira
2026-08-05,PH CASCAVEL,HB,623,0.0,2,quarta-feira
2026-08-06,PH CASCAVEL,HB,623,0.0,3,quinta-feira
2026-08-07,PH CASCAVEL,HB,623,0.0,4,sexta-feira
2026-08-08,PH CASCAVEL,HB,623,0.0,5,sábado
2026-08-10,PH CASCAVEL,HB,623,0.0,0,segunda-feira
2026-08-11,PH CASCAVEL,HB,623,0.0,1,terça-feira
2026-08-12,PH CASCAVEL,HB,623,0.0,2,quarta-feira
2026-08-13,PH CASCAVEL,HB,623,0.0,3,quinta-feira
2026-08-14,PH CASCAVEL,HB,623,0.0,4,sexta-feira
2026-08-15,PH CASCAVEL,HB,623,0.0,5,sábado
2026-08-17,PH CASCAVEL,HB,623,0.0,0,segunda-feira
2026-08-18,PH CASCAVEL,HB,623,0.0,1,terça-feira
2026-08-19,PH CASCAVEL,HB,623,0.0,2,quarta-feira
2026-08-20,PH CASCAVEL,HB,623,0.0,3,quinta-feira
2026-08-21,PH CASCAVEL,HB,623,0.0,4,sexta-feira
2026-08-22,PH CASCAVEL,HB,623,0.0,5,sábado
2026-08-24,PH CASCAVEL,HB,623,0.0,0,segunda-feira
2026-08-25,PH CASCAVEL,HB,623,0.0,1,terça-feira
2026-08-26,PH CASCAVEL,HB,623,0.0,2,quarta-feira
2026-08-27,PH CASCAVEL,HB,623,0.0,3,quinta-feira
2026-06-01,PH CASCAVEL,IFCO,6424,0.0,0,segunda-feira
2026-06-02,PH CASCAVEL,IFCO,6424,0.0,1,terça-feira
2026-06-03,PH CASCAVEL,IFCO,6424,0.0,2,quarta-feira
2026-06-04,PH CASCAVEL,IFCO,6424,0.0,3,quinta-feira
2026-06-05,PH CASCAVEL,IFCO,6424,0.0,4,sexta-feira
2026-06-06,PH CASCAVEL,IFCO,6424,0.0,5,sábado
2026-06-08,PH CASCAVEL,IFCO,6424,0.0,0,segunda-feira
2026-06-09,PH CASCAVEL,IFCO,6424,0.0,1,terça-feira
2026-06-10,PH CASCAVEL,IFCO,6424,0.0,2,quarta-feira
2026-06-11,PH CASCAVEL,IFCO,6424,0.0,3,quinta-feira
2026-06-12,PH CASCAVEL,IFCO,6424,0.0,4,sexta-feira
2026-06-13,PH CASCAVEL,IFCO,6424,0.0,5,sábado
2026-06-15,PH CASCAVEL,IFCO,6424,0.0,0,segunda-feira
2026-06-16,PH CASCAVEL,IFCO,6424,0.0,1,terça-feira
2026-06-17,PH CASCAVEL,IFCO,6424,0.0,2,quarta-feira
2026-06-18,PH CASCAVEL,IFCO,6424,0.0,3,quinta-feira
2026-06-19,PH CASCAVEL,IFCO,6424,0.0,4,sexta-feira
2026-06-20,PH CASCAVEL,IFCO,6424,0.0,5,sábado
2026-06-22,PH CASCAVEL,IFCO,6424,0.0,0,segunda-feira
2026-06-23,PH CASCAVEL,IFCO,6424,0.0,1,terça-feira
2026-06-24,PH CASCAVEL,IFCO,6424,0.0,2,quarta-feira
2026-06-25,PH CASCAVEL,IFCO,6424,0.0,3,quinta-feira
2026-06-26,PH CASCAVEL,IFCO,6424,1200.0,4,sexta-feira
2026-06-27,PH CASCAVEL,IFCO,6424,970.0,5,sábado
2026-06-29,PH CASCAVEL,IFCO,6424,560.0,0,segunda-feira
2026-06-30,PH CASCAVEL,IFCO,6424,90.0,1,terça-feira
2026-07-01,PH CASCAVEL,IFCO,6424,0.0,2,quarta-feira
2026-07-02,PH CASCAVEL,IFCO,6424,0.0,3,quinta-feira
2026-07-03,PH CASCAVEL,IFCO,6424,880.0,4,sexta-feira
2026-07-04,PH CASCAVEL,IFCO,6424,880.0,5,sábado
2026-07-06,PH CASCAVEL,IFCO,6424,0.0,0,segunda-feira
2026-07-07,PH CASCAVEL,IFCO,6424,240.0,1,terça-feira
2026-07-08,PH CASCAVEL,IFCO,6424,0.0,2,quarta-feira
2026-07-09,PH CASCAVEL,IFCO,6424,1120.0,3,quinta-feira
2026-07-10,PH CASCAVEL,IFCO,6424,880.0,4,sexta-feira
2026-07-11,PH CASCAVEL,IFCO,6424,1120.0,5,sábado
2026-07-13,PH CASCAVEL,IFCO,6424,0.0,0,segunda-feira
2026-07-14,PH CASCAVEL,IFCO,6424,530.0,1,terça-feira
2026-07-15,PH CASCAVEL,IFCO,6424,1520.0,2,quarta-feira
2026-07-16,PH CASCAVEL,IFCO,6424,0.0,3,quinta-feira
2026-07-17,PH CASCAVEL,IFCO,6424,0.0,4,sexta-feira
2026-07-18,PH CASCAVEL,IFCO,6424,410.0,5,sábado
2026-07-20,PH CASCAVEL,IFCO,6424,920.0,0,segunda-feira
2026-07-21,PH CASCAVEL,IFCO,6424,250.0,1,terça-feira
2026-07-22,PH CASCAVEL,IFCO,6424,0.0,2,quarta-feira
2026-07-23,PH CASCAVEL,IFCO,6424,640.0,3,quinta-feira
2026-07-24,PH CASCAVEL,IFCO,6424,0.0,4,sexta-feira
2026-07-25,PH CASCAVEL,IFCO,6424,250.0,5,sábado
2026-07-27,PH CASCAVEL,IFCO,6424,1040.0,0,segunda-feira
2026-07-28,PH CASCAVEL,IFCO,6424,240.0,1,terça-feira
2026-07-29,PH CASCAVEL,IFCO,6424,640.0,2,quarta-feira
2026-07-30,PH CASCAVEL,IFCO,6424,0.0,3,quinta-feira
2026-07-31,PH CASCAVEL,IFCO,6424,640.0,4,sexta-feira
2026-08-01,PH CASCAVEL,IFCO,6424,850.0,5,sábado
2026-08-03,PH CASCAVEL,IFCO,6424,880.0,0,segunda-feira
2026-08-04,PH CASCAVEL,IFCO,6424,1100.0,1,terça-feira
2026-08-05,PH CASCAVEL,IFCO,6424,60.0,2,quarta-feira
2026-08-06,PH CASCAVEL,IFCO,6424,151.0,3,quinta-feira
2026-08-07,PH CASCAVEL,IFCO,6424,0.0,4,sexta-feira
2026-08-08,PH CASCAVEL,IFCO,6424,220.0,5,sábado
2026-08-10,PH CASCAVEL,IFCO,6424,0.0,0,segunda-feira
2026-08-11,PH CASCAVEL,IFCO,6424,220.0,1,terça-feira
2026-08-12,PH CASCAVEL,IFCO,6424,0.0,2,quarta-feira
2026-08-13,PH CASCAVEL,IFCO,6424,0.0,3,quinta-feira
2026-08-14,PH CASCAVEL,IFCO,6424,0.0,4,sexta-feira
2026-08-15,PH CASCAVEL,IFCO,6424,220.0,5,sábado
2026-08-17,PH CASCAVEL,IFCO,6424,0.0,0,segunda-feira
2026-08-18,PH CASCAVEL,IFCO,6424,220.0,1,terça-feira
2026-08-19,PH CASCAVEL,IFCO,6424,0.0,2,quarta-feira
2026-08-20,PH CASCAVEL,IFCO,6424,0.0,3,quinta-feira
2026-08-21,PH CASCAVEL,IFCO,6424,0.0,4,sexta-feira
2026-08-22,PH CASCAVEL,IFCO,6424,220.0,5,sábado
2026-08-24,PH CASCAVEL,IFCO,6424,0.0,0,segunda-feira
2026-08-25,PH CASCAVEL,IFCO,6424,70.0,1,terça-feira
2026-08-26,PH CASCAVEL,IFCO,6424,0.0,2,quarta-feira
2026-08-27,PH CASCAVEL,IFCO,6424,0.0,3,quinta-feira
2026-06-01,PH CORUMBA (PF),HB,618,0.0,0,segunda-feira
2026-06-02,PH CORUMBA (PF),HB,618,0.0,1,terça-feira
2026-06-03,PH CORUMBA (PF),HB,618,150.0,2,quarta-feira
2026-06-04,PH CORUMBA (PF),HB,618,0.0,3,quinta-feira
2026-06-05,PH CORUMBA (PF),HB,618,0.0,4,sexta-feira
2026-06-06,PH CORUMBA (PF),HB,618,0.0,5,sábado
2026-06-08,PH CORUMBA (PF),HB,618,0.0,0,segunda-feira
2026-06-09,PH CORUMBA (PF),HB,618,0.0,1,terça-feira
2026-06-10,PH CORUMBA (PF),HB,618,0.0,2,quarta-feira
2026-06-11,PH CORUMBA (PF),HB,618,0.0,3,quinta-feira
2026-06-12,PH CORUMBA (PF),HB,618,0.0,4,sexta-feira
2026-06-13,PH CORUMBA (PF),HB,618,0.0,5,sábado
2026-06-15,PH CORUMBA (PF),HB,618,0.0,0,segunda-feira
2026-06-16,PH CORUMBA (PF),HB,618,0.0,1,terça-feira
2026-06-17,PH CORUMBA (PF),HB,618,0.0,2,quarta-feira
2026-06-18,PH CORUMBA (PF),HB,618,0.0,3,quinta-feira
2026-06-19,PH CORUMBA (PF),HB,618,0.0,4,sexta-feira
2026-06-20,PH CORUMBA (PF),HB,618,0.0,5,sábado
2026-06-22,PH CORUMBA (PF),HB,618,0.0,0,segunda-feira
2026-06-23,PH CORUMBA (PF),HB,618,0.0,1,terça-feira
2026-06-24,PH CORUMBA (PF),HB,618,0.0,2,quarta-feira
2026-06-25,PH CORUMBA (PF),HB,618,0.0,3,quinta-feira
2026-06-26,PH CORUMBA (PF),HB,618,0.0,4,sexta-feira
2026-06-27,PH CORUMBA (PF),HB,618,0.0,5,sábado
2026-06-29,PH CORUMBA (PF),HB,618,0.0,0,segunda-feira
2026-06-30,PH CORUMBA (PF),HB,618,0.0,1,terça-feira
2026-07-01,PH CORUMBA (PF),HB,618,0.0,2,quarta-feira
2026-07-02,PH CORUMBA (PF),HB,618,0.0,3,quinta-feira
2026-07-03,PH CORUMBA (PF),HB,618,0.0,4,sexta-feira
2026-07-04,PH CORUMBA (PF),HB,618,0.0,5,sábado
2026-07-06,PH CORUMBA (PF),HB,618,0.0,0,segunda-feira
2026-07-07,PH CORUMBA (PF),HB,618,0.0,1,terça-feira
2026-07-08,PH CORUMBA (PF),HB,618,0.0,2,quarta-feira
2026-07-09,PH CORUMBA (PF),HB,618,0.0,3,quinta-feira
2026-07-10,PH CORUMBA (PF),HB,618,0.0,4,sexta-feira
2026-07-11,PH CORUMBA (PF),HB,618,0.0,5,sábado
2026-07-13,PH CORUMBA (PF),HB,618,0.0,0,segunda-feira
2026-07-14,PH CORUMBA (PF),HB,618,0.0,1,terça-feira
2026-07-15,PH CORUMBA (PF),HB,618,0.0,2,quarta-feira
2026-07-16,PH CORUMBA (PF),HB,618,0.0,3,quinta-feira
2026-07-17,PH CORUMBA (PF),HB,618,0.0,4,sexta-feira
2026-07-18,PH CORUMBA (PF),HB,618,0.0,5,sábado
2026-07-20,PH CORUMBA (PF),HB,618,0.0,0,segunda-feira
2026-07-21,PH CORUMBA (PF),HB,618,0.0,1,terça-feira
2026-07-22,PH CORUMBA (PF),HB,618,0.0,2,quarta-feira
2026-07-23,PH CORUMBA (PF),HB,618,0.0,3,quinta-feira
2026-07-24,PH CORUMBA (PF),HB,618,0.0,4,sexta-feira
2026-07-25,PH CORUMBA (PF),HB,618,0.0,5,sábado
2026-07-27,PH CORUMBA (PF),HB,618,0.0,0,segunda-feira
2026-07-28,PH CORUMBA (PF),HB,618,0.0,1,terça-feira
2026-07-29,PH CORUMBA (PF),HB,618,0.0,2,quarta-feira
2026-07-30,PH CORUMBA (PF),HB,618,0.0,3,quinta-feira
2026-07-31,PH CORUMBA (PF),HB,618,0.0,4,sexta-feira
2026-08-01,PH CORUMBA (PF),HB,618,0.0,5,sábado
2026-08-03,PH CORUMBA (PF),HB,618,0.0,0,segunda-feira
2026-08-04,PH CORUMBA (PF),HB,618,0.0,1,terça-feira
2026-08-05,PH CORUMBA (PF),HB,618,0.0,2,quarta-feira
2026-08-06,PH CORUMBA (PF),HB,618,0.0,3,quinta-feira
2026-08-07,PH CORUMBA (PF),HB,618,0.0,4,sexta-feira
2026-08-08,PH CORUMBA (PF),HB,618,0.0,5,sábado
2026-08-10,PH CORUMBA (PF),HB,618,0.0,0,segunda-feira
2026-08-11,PH CORUMBA (PF),HB,618,0.0,1,terça-feira
2026-08-12,PH CORUMBA (PF),HB,618,0.0,2,quarta-feira
2026-08-13,PH CORUMBA (PF),HB,618,0.0,3,quinta-feira
2026-08-14,PH CORUMBA (PF),HB,618,0.0,4,sexta-feira
2026-08-15,PH CORUMBA (PF),HB,618,0.0,5,sábado
2026-08-17,PH CORUMBA (PF),HB,618,0.0,0,segunda-feira
2026-08-18,PH CORUMBA (PF),HB,618,0.0,1,terça-feira
2026-08-19,PH CORUMBA (PF),HB,618,0.0,2,quarta-feira
2026-08-20,PH CORUMBA (PF),HB,618,0.0,3,quinta-feira
2026-08-21,PH CORUMBA (PF),HB,618,0.0,4,sexta-feira
2026-08-22,PH CORUMBA (PF),HB,618,0.0,5,sábado
2026-08-24,PH CORUMBA (PF),HB,618,0.0,0,segunda-feira
2026-08-25,PH CORUMBA (PF),HB,618,0.0,1,terça-feira
2026-08-26,PH CORUMBA (PF),HB,618,0.0,2,quarta-feira
2026-08-27,PH CORUMBA (PF),HB,618,0.0,3,quinta-feira
2026-06-01,PH CORUMBA (PF),HB,623,0.0,0,segunda-feira
2026-06-02,PH CORUMBA (PF),HB,623,440.0,1,terça-feira
2026-06-03,PH CORUMBA (PF),HB,623,1080.0,2,quarta-feira
2026-06-04,PH CORUMBA (PF),HB,623,0.0,3,quinta-feira
2026-06-05,PH CORUMBA (PF),HB,623,120.0,4,sexta-feira
2026-06-06,PH CORUMBA (PF),HB,623,0.0,5,sábado
2026-06-08,PH CORUMBA (PF),HB,623,450.0,0,segunda-feira
2026-06-09,PH CORUMBA (PF),HB,623,0.0,1,terça-feira
2026-06-10,PH CORUMBA (PF),HB,623,80.0,2,quarta-feira
2026-06-11,PH CORUMBA (PF),HB,623,890.0,3,quinta-feira
2026-06-12,PH CORUMBA (PF),HB,623,640.0,4,sexta-feira
2026-06-13,PH CORUMBA (PF),HB,623,0.0,5,sábado
2026-06-15,PH CORUMBA (PF),HB,623,810.0,0,segunda-feira
2026-06-16,PH CORUMBA (PF),HB,623,0.0,1,terça-feira
2026-06-17,PH CORUMBA (PF),HB,623,810.0,2,quarta-feira
2026-06-18,PH CORUMBA (PF),HB,623,881.0,3,quinta-feira
2026-06-19,PH CORUMBA (PF),HB,623,0.0,4,sexta-feira
2026-06-20,PH CORUMBA (PF),HB,623,0.0,5,sábado
2026-06-22,PH CORUMBA (PF),HB,623,0.0,0,segunda-feira
2026-06-23,PH CORUMBA (PF),HB,623,0.0,1,terça-feira
2026-06-24,PH CORUMBA (PF),HB,623,690.0,2,quarta-feira
2026-06-25,PH CORUMBA (PF),HB,623,280.0,3,quinta-feira
2026-06-26,PH CORUMBA (PF),HB,623,0.0,4,sexta-feira
2026-06-27,PH CORUMBA (PF),HB,623,640.0,5,sábado
2026-06-29,PH CORUMBA (PF),HB,623,0.0,0,segunda-feira
2026-06-30,PH CORUMBA (PF),HB,623,0.0,1,terça-feira
2026-07-01,PH CORUMBA (PF),HB,623,1901.0,2,quarta-feira
2026-07-02,PH CORUMBA (PF),HB,623,1540.0,3,quinta-feira
2026-07-03,PH CORUMBA (PF),HB,623,690.0,4,sexta-feira
2026-07-04,PH CORUMBA (PF),HB,623,0.0,5,sábado
2026-07-06,PH CORUMBA (PF),HB,623,0.0,0,segunda-feira
2026-07-07,PH CORUMBA (PF),HB,623,0.0,1,terça-feira
2026-07-08,PH CORUMBA (PF),HB,623,0.0,2,quarta-feira
2026-07-09,PH CORUMBA (PF),HB,623,360.0,3,quinta-feira
2026-07-10,PH CORUMBA (PF),HB,623,1260.0,4,sexta-feira
2026-07-11,PH CORUMBA (PF),HB,623,0.0,5,sábado
2026-07-13,PH CORUMBA (PF),HB,623,0.0,0,segunda-feira
2026-07-14,PH CORUMBA (PF),HB,623,690.0,1,terça-feira
2026-07-15,PH CORUMBA (PF),HB,623,0.0,2,quarta-feira
2026-07-16,PH CORUMBA (PF),HB,623,540.0,3,quinta-feira
2026-07-17,PH CORUMBA (PF),HB,623,900.0,4,sexta-feira
2026-07-18,PH CORUMBA (PF),HB,623,0.0,5,sábado
2026-07-20,PH CORUMBA (PF),HB,623,720.0,0,segunda-feira
2026-07-21,PH CORUMBA (PF),HB,623,0.0,1,terça-feira
2026-07-22,PH CORUMBA (PF),HB,623,2520.0,2,quarta-feira
2026-07-23,PH CORUMBA (PF),HB,623,1900.0,3,quinta-feira
2026-07-24,PH CORUMBA (PF),HB,623,0.0,4,sexta-feira
2026-07-25,PH CORUMBA (PF),HB,623,0.0,5,sábado
2026-07-27,PH CORUMBA (PF),HB,623,0.0,0,segunda-feira
2026-07-28,PH CORUMBA (PF),HB,623,720.0,1,terça-feira
2026-07-29,PH CORUMBA (PF),HB,623,0.0,2,quarta-feira
2026-07-30,PH CORUMBA (PF),HB,623,690.0,3,quinta-feira
2026-07-31,PH CORUMBA (PF),HB,623,0.0,4,sexta-feira
2026-08-01,PH CORUMBA (PF),HB,623,690.0,5,sábado
2026-08-03,PH CORUMBA (PF),HB,623,0.0,0,segunda-feira
2026-08-04,PH CORUMBA (PF),HB,623,0.0,1,terça-feira
2026-08-05,PH CORUMBA (PF),HB,623,0.0,2,quarta-feira
2026-08-06,PH CORUMBA (PF),HB,623,2520.0,3,quinta-feira
2026-08-07,PH CORUMBA (PF),HB,623,3210.0,4,sexta-feira
2026-08-08,PH CORUMBA (PF),HB,623,0.0,5,sábado
2026-08-10,PH CORUMBA (PF),HB,623,720.0,0,segunda-feira
2026-08-11,PH CORUMBA (PF),HB,623,0.0,1,terça-feira
2026-08-12,PH CORUMBA (PF),HB,623,690.0,2,quarta-feira
2026-08-13,PH CORUMBA (PF),HB,623,640.0,3,quinta-feira
2026-08-14,PH CORUMBA (PF),HB,623,640.0,4,sexta-feira
2026-08-15,PH CORUMBA (PF),HB,623,0.0,5,sábado
2026-08-17,PH CORUMBA (PF),HB,623,0.0,0,segunda-feira
2026-08-18,PH CORUMBA (PF),HB,623,0.0,1,terça-feira
2026-08-19,PH CORUMBA (PF),HB,623,0.0,2,quarta-feira
2026-08-20,PH CORUMBA (PF),HB,623,640.0,3,quinta-feira
2026-08-21,PH CORUMBA (PF),HB,623,0.0,4,sexta-feira
2026-08-22,PH CORUMBA (PF),HB,623,0.0,5,sábado
2026-08-24,PH CORUMBA (PF),HB,623,0.0,0,segunda-feira
2026-08-25,PH CORUMBA (PF),HB,623,690.0,1,terça-feira
2026-08-26,PH CORUMBA (PF),HB,623,720.0,2,quarta-feira
2026-08-27,PH CORUMBA (PF),HB,623,0.0,3,quinta-feira
2026-06-01,PH CORUMBA (PF),IFCO,6424,0.0,0,segunda-feira
2026-06-02,PH CORUMBA (PF),IFCO,6424,880.0,1,terça-feira
2026-06-03,PH CORUMBA (PF),IFCO,6424,280.0,2,quarta-feira
2026-06-04,PH CORUMBA (PF),IFCO,6424,560.0,3,quinta-feira
2026-06-05,PH CORUMBA (PF),IFCO,6424,0.0,4,sexta-feira
2026-06-06,PH CORUMBA (PF),IFCO,6424,310.0,5,sábado
2026-06-08,PH CORUMBA (PF),IFCO,6424,80.0,0,segunda-feira
2026-06-09,PH CORUMBA (PF),IFCO,6424,240.0,1,terça-feira
2026-06-10,PH CORUMBA (PF),IFCO,6424,440.0,2,quarta-feira
2026-06-11,PH CORUMBA (PF),IFCO,6424,74.0,3,quinta-feira
2026-06-12,PH CORUMBA (PF),IFCO,6424,0.0,4,sexta-feira
2026-06-13,PH CORUMBA (PF),IFCO,6424,240.0,5,sábado
2026-06-15,PH CORUMBA (PF),IFCO,6424,280.0,0,segunda-feira
2026-06-16,PH CORUMBA (PF),IFCO,6424,1590.0,1,terça-feira
2026-06-17,PH CORUMBA (PF),IFCO,6424,1120.0,2,quarta-feira
2026-06-18,PH CORUMBA (PF),IFCO,6424,1272.0,3,quinta-feira
2026-06-19,PH CORUMBA (PF),IFCO,6424,280.0,4,sexta-feira
2026-06-20,PH CORUMBA (PF),IFCO,6424,2370.0,5,sábado
2026-06-22,PH CORUMBA (PF),IFCO,6424,0.0,0,segunda-feira
2026-06-23,PH CORUMBA (PF),IFCO,6424,540.0,1,terça-feira
2026-06-24,PH CORUMBA (PF),IFCO,6424,0.0,2,quarta-feira
2026-06-25,PH CORUMBA (PF),IFCO,6424,3448.0,3,quinta-feira
2026-06-26,PH CORUMBA (PF),IFCO,6424,0.0,4,sexta-feira
2026-06-27,PH CORUMBA (PF),IFCO,6424,350.0,5,sábado
2026-06-29,PH CORUMBA (PF),IFCO,6424,0.0,0,segunda-feira
2026-06-30,PH CORUMBA (PF),IFCO,6424,450.0,1,terça-feira
2026-07-01,PH CORUMBA (PF),IFCO,6424,640.0,2,quarta-feira
2026-07-02,PH CORUMBA (PF),IFCO,6424,41.0,3,quinta-feira
2026-07-03,PH CORUMBA (PF),IFCO,6424,0.0,4,sexta-feira
2026-07-04,PH CORUMBA (PF),IFCO,6424,0.0,5,sábado
2026-07-06,PH CORUMBA (PF),IFCO,6424,0.0,0,segunda-feira
2026-07-07,PH CORUMBA (PF),IFCO,6424,480.0,1,terça-feira
2026-07-08,PH CORUMBA (PF),IFCO,6424,480.0,2,quarta-feira
2026-07-09,PH CORUMBA (PF),IFCO,6424,50.0,3,quinta-feira
2026-07-10,PH CORUMBA (PF),IFCO,6424,0.0,4,sexta-feira
2026-07-11,PH CORUMBA (PF),IFCO,6424,560.0,5,sábado
2026-07-13,PH CORUMBA (PF),IFCO,6424,520.0,0,segunda-feira
2026-07-14,PH CORUMBA (PF),IFCO,6424,640.0,1,terça-feira
2026-07-15,PH CORUMBA (PF),IFCO,6424,640.0,2,quarta-feira
2026-07-16,PH CORUMBA (PF),IFCO,6424,65.0,3,quinta-feira
2026-07-17,PH CORUMBA (PF),IFCO,6424,0.0,4,sexta-feira
2026-07-18,PH CORUMBA (PF),IFCO,6424,0.0,5,sábado
2026-07-20,PH CORUMBA (PF),IFCO,6424,0.0,0,segunda-feira
2026-07-21,PH CORUMBA (PF),IFCO,6424,575.0,1,terça-feira
2026-07-22,PH CORUMBA (PF),IFCO,6424,0.0,2,quarta-feira
2026-07-23,PH CORUMBA (PF),IFCO,6424,20.0,3,quinta-feira
2026-07-24,PH CORUMBA (PF),IFCO,6424,3360.0,4,sexta-feira
2026-07-25,PH CORUMBA (PF),IFCO,6424,0.0,5,sábado
2026-07-27,PH CORUMBA (PF),IFCO,6424,0.0,0,segunda-feira
2026-07-28,PH CORUMBA (PF),IFCO,6424,54.0,1,terça-feira
2026-07-29,PH CORUMBA (PF),IFCO,6424,0.0,2,quarta-feira
2026-07-30,PH CORUMBA (PF),IFCO,6424,50.0,3,quinta-feira
2026-07-31,PH CORUMBA (PF),IFCO,6424,0.0,4,sexta-feira
2026-08-01,PH CORUMBA (PF),IFCO,6424,300.0,5,sábado
2026-08-03,PH CORUMBA (PF),IFCO,6424,0.0,0,segunda-feira
2026-08-04,PH CORUMBA (PF),IFCO,6424,0.0,1,terça-feira
2026-08-05,PH CORUMBA (PF),IFCO,6424,0.0,2,quarta-feira
2026-08-06,PH CORUMBA (PF),IFCO,6424,395.0,3,quinta-feira
2026-08-07,PH CORUMBA (PF),IFCO,6424,0.0,4,sexta-feira
2026-08-08,PH CORUMBA (PF),IFCO,6424,0.0,5,sábado
2026-08-10,PH CORUMBA (PF),IFCO,6424,50.0,0,segunda-feira
2026-08-11,PH CORUMBA (PF),IFCO,6424,50.0,1,terça-feira
2026-08-12,PH CORUMBA (PF),IFCO,6424,1260.0,2,quarta-feira
2026-08-13,PH CORUMBA (PF),IFCO,6424,0.0,3,quinta-feira
2026-08-14,PH CORUMBA (PF),IFCO,6424,0.0,4,sexta-feira
2026-08-15,PH CORUMBA (PF),IFCO,6424,1294.0,5,sábado
2026-08-17,PH CORUMBA (PF),IFCO,6424,0.0,0,segunda-feira
2026-08-18,PH CORUMBA (PF),IFCO,6424,0.0,1,terça-feira
2026-08-19,PH CORUMBA (PF),IFCO,6424,0.0,2,quarta-feira
2026-08-20,PH CORUMBA (PF),IFCO,6424,0.0,3,quinta-feira
2026-08-21,PH CORUMBA (PF),IFCO,6424,640.0,4,sexta-feira
2026-08-22,PH CORUMBA (PF),IFCO,6424,640.0,5,sábado
2026-08-24,PH CORUMBA (PF),IFCO,6424,1280.0,0,segunda-feira
2026-08-25,PH CORUMBA (PF),IFCO,6424,640.0,1,terça-feira
2026-08-26,PH CORUMBA (PF),IFCO,6424,0.0,2,quarta-feira
2026-08-27,PH CORUMBA (PF),IFCO,6424,640.0,3,quinta-feira
2026-06-01,PH SUL (PF),HB,623,0.0,0,segunda-feira
2026-06-02,PH SUL (PF),HB,623,0.0,1,terça-feira
2026-06-03,PH SUL (PF),HB,623,0.0,2,quarta-feira
2026-06-04,PH SUL (PF),HB,623,0.0,3,quinta-feira
2026-06-05,PH SUL (PF),HB,623,0.0,4,sexta-feira
2026-06-06,PH SUL (PF),HB,623,0.0,5,sábado
2026-06-08,PH SUL (PF),HB,623,0.0,0,segunda-feira
2026-06-09,PH SUL (PF),HB,623,0.0,1,terça-feira
2026-06-10,PH SUL (PF),HB,623,0.0,2,quarta-feira
2026-06-11,PH SUL (PF),HB,623,0.0,3,quinta-feira
2026-06-12,PH SUL (PF),HB,623,0.0,4,sexta-feira
2026-06-13,PH SUL (PF),HB,623,0.0,5,sábado
2026-06-15,PH SUL (PF),HB,623,0.0,0,segunda-feira
2026-06-16,PH SUL (PF),HB,623,0.0,1,terça-feira
2026-06-17,PH SUL (PF),HB,623,0.0,2,quarta-feira
2026-06-18,PH SUL (PF),HB,623,0.0,3,quinta-feira
2026-06-19,PH SUL (PF),HB,623,0.0,4,sexta-feira
2026-06-20,PH SUL (PF),HB,623,0.0,5,sábado
2026-06-22,PH SUL (PF),HB,623,0.0,0,segunda-feira
2026-06-23,PH SUL (PF),HB,623,0.0,1,terça-feira
2026-06-24,PH SUL (PF),HB,623,0.0,2,quarta-feira
2026-06-25,PH SUL (PF),HB,623,0.0,3,quinta-feira
2026-06-26,PH SUL (PF),HB,623,0.0,4,sexta-feira
2026-06-27,PH SUL (PF),HB,623,0.0,5,sábado
2026-06-29,PH SUL (PF),HB,623,0.0,0,segunda-feira
2026-06-30,PH SUL (PF),HB,623,0.0,1,terça-feira
2026-07-01,PH SUL (PF),HB,623,0.0,2,quarta-feira
2026-07-02,PH SUL (PF),HB,623,0.0,3,quinta-feira
2026-07-03,PH SUL (PF),HB,623,0.0,4,sexta-feira
2026-07-04,PH SUL (PF),HB,623,0.0,5,sábado
2026-07-06,PH SUL (PF),HB,623,0.0,0,segunda-feira
2026-07-07,PH SUL (PF),HB,623,0.0,1,terça-feira
2026-07-08,PH SUL (PF),HB,623,0.0,2,quarta-feira
2026-07-09,PH SUL (PF),HB,623,0.0,3,quinta-feira
2026-07-10,PH SUL (PF),HB,623,0.0,4,sexta-feira
2026-07-11,PH SUL (PF),HB,623,0.0,5,sábado
2026-07-13,PH SUL (PF),HB,623,0.0,0,segunda-feira
2026-07-14,PH SUL (PF),HB,623,0.0,1,terça-feira
2026-07-15,PH SUL (PF),HB,623,0.0,2,quarta-feira
2026-07-16,PH SUL (PF),HB,623,0.0,3,quinta-feira
2026-07-17,PH SUL (PF),HB,623,0.0,4,sexta-feira
2026-07-18,PH SUL (PF),HB,623,0.0,5,sábado
2026-07-20,PH SUL (PF),HB,623,0.0,0,segunda-feira
2026-07-21,PH SUL (PF),HB,623,0.0,1,terça-feira
2026-07-22,PH SUL (PF),HB,623,0.0,2,quarta-feira
2026-07-23,PH SUL (PF),HB,623,0.0,3,quinta-feira
2026-07-24,PH SUL (PF),HB,623,0.0,4,sexta-feira
2026-07-25,PH SUL (PF),HB,623,0.0,5,sábado
2026-07-27,PH SUL (PF),HB,623,0.0,0,segunda-feira
2026-07-28,PH SUL (PF),HB,623,0.0,1,terça-feira
2026-07-29,PH SUL (PF),HB,623,0.0,2,quarta-feira
2026-07-30,PH SUL (PF),HB,623,0.0,3,quinta-feira
2026-07-31,PH SUL (PF),HB,623,0.0,4,sexta-feira
2026-08-01,PH SUL (PF),HB,623,0.0,5,sábado
2026-08-03,PH SUL (PF),HB,623,0.0,0,segunda-feira
2026-08-04,PH SUL (PF),HB,623,0.0,1,terça-feira
2026-08-05,PH SUL (PF),HB,623,0.0,2,quarta-feira
2026-08-06,PH SUL (PF),HB,623,0.0,3,quinta-feira
2026-08-07,PH SUL (PF),HB,623,0.0,4,sexta-feira
2026-08-08,PH SUL (PF),HB,623,0.0,5,sábado
2026-08-10,PH SUL (PF),HB,623,0.0,0,segunda-feira
2026-08-11,PH SUL (PF),HB,623,182.0,1,terça-feira
2026-08-12,PH SUL (PF),HB,623,25.0,2,quarta-feira
2026-08-13,PH SUL (PF),HB,623,143.0,3,quinta-feira
2026-08-14,PH SUL (PF),HB,623,166.0,4,sexta-feira
2026-08-15,PH SUL (PF),HB,623,0.0,5,sábado
2026-08-17,PH SUL (PF),HB,623,156.0,0,segunda-feira
2026-08-18,PH SUL (PF),HB,623,21.0,1,terça-feira
2026-08-19,PH SUL (PF),HB,623,276.0,2,quarta-feira
2026-08-20,PH SUL (PF),HB,623,0.0,3,quinta-feira
2026-08-21,PH SUL (PF),HB,623,0.0,4,sexta-feira
2026-08-22,PH SUL (PF),HB,623,0.0,5,sábado
2026-08-24,PH SUL (PF),HB,623,0.0,0,segunda-feira
2026-08-25,PH SUL (PF),HB,623,238.0,1,terça-feira
2026-08-26,PH SUL (PF),HB,623,65.0,2,quarta-feira
2026-08-27,PH SUL (PF),HB,623,177.0,3,quinta-feira
2026-06-01,PH SUL (PF),IFCO,6424,0.0,0,segunda-feira
2026-06-02,PH SUL (PF),IFCO,6424,0.0,1,terça-feira
2026-06-03,PH SUL (PF),IFCO,6424,0.0,2,quarta-feira
2026-06-04,PH SUL (PF),IFCO,6424,0.0,3,quinta-feira
2026-06-05,PH SUL (PF),IFCO,6424,0.0,4,sexta-feira
2026-06-06,PH SUL (PF),IFCO,6424,0.0,5,sábado
2026-06-08,PH SUL (PF),IFCO,6424,0.0,0,segunda-feira
2026-06-09,PH SUL (PF),IFCO,6424,0.0,1,terça-feira
2026-06-10,PH SUL (PF),IFCO,6424,0.0,2,quarta-feira
2026-06-11,PH SUL (PF),IFCO,6424,0.0,3,quinta-feira
2026-06-12,PH SUL (PF),IFCO,6424,0.0,4,sexta-feira
2026-06-13,PH SUL (PF),IFCO,6424,0.0,5,sábado
2026-06-15,PH SUL (PF),IFCO,6424,0.0,0,segunda-feira
2026-06-16,PH SUL (PF),IFCO,6424,0.0,1,terça-feira
2026-06-17,PH SUL (PF),IFCO,6424,0.0,2,quarta-feira
2026-06-18,PH SUL (PF),IFCO,6424,0.0,3,quinta-feira
2026-06-19,PH SUL (PF),IFCO,6424,0.0,4,sexta-feira
2026-06-20,PH SUL (PF),IFCO,6424,0.0,5,sábado
2026-06-22,PH SUL (PF),IFCO,6424,0.0,0,segunda-feira
2026-06-23,PH SUL (PF),IFCO,6424,0.0,1,terça-feira
2026-06-24,PH SUL (PF),IFCO,6424,0.0,2,quarta-feira
2026-06-25,PH SUL (PF),IFCO,6424,0.0,3,quinta-feira
2026-06-26,PH SUL (PF),IFCO,6424,0.0,4,sexta-feira
2026-06-27,PH SUL (PF),IFCO,6424,0.0,5,sábado
2026-06-29,PH SUL (PF),IFCO,6424,0.0,0,segunda-feira
2026-06-30,PH SUL (PF),IFCO,6424,0.0,1,terça-feira
2026-07-01,PH SUL (PF),IFCO,6424,0.0,2,quarta-feira
2026-07-02,PH SUL (PF),IFCO,6424,0.0,3,quinta-feira
2026-07-03,PH SUL (PF),IFCO,6424,0.0,4,sexta-feira
2026-07-04,PH SUL (PF),IFCO,6424,0.0,5,sábado
2026-07-06,PH SUL (PF),IFCO,6424,0.0,0,segunda-feira
2026-07-07,PH SUL (PF),IFCO,6424,0.0,1,terça-feira
2026-07-08,PH SUL (PF),IFCO,6424,0.0,2,quarta-feira
2026-07-09,PH SUL (PF),IFCO,6424,0.0,3,quinta-feira
2026-07-10,PH SUL (PF),IFCO,6424,0.0,4,sexta-feira
2026-07-11,PH SUL (PF),IFCO,6424,0.0,5,sábado
2026-07-13,PH SUL (PF),IFCO,6424,0.0,0,segunda-feira
2026-07-14,PH SUL (PF),IFCO,6424,0.0,1,terça-feira
2026-07-15,PH SUL (PF),IFCO,6424,0.0,2,quarta-feira
2026-07-16,PH SUL (PF),IFCO,6424,0.0,3,quinta-feira
2026-07-17,PH SUL (PF),IFCO,6424,0.0,4,sexta-feira
2026-07-18,PH SUL (PF),IFCO,6424,0.0,5,sábado
2026-07-20,PH SUL (PF),IFCO,6424,0.0,0,segunda-feira
2026-07-21,PH SUL (PF),IFCO,6424,0.0,1,terça-feira
2026-07-22,PH SUL (PF),IFCO,6424,0.0,2,quarta-feira
2026-07-23,PH SUL (PF),IFCO,6424,0.0,3,quinta-feira
2026-07-24,PH SUL (PF),IFCO,6424,0.0,4,sexta-feira
2026-07-25,PH SUL (PF),IFCO,6424,0.0,5,sábado
2026-07-27,PH SUL (PF),IFCO,6424,0.0,0,segunda-feira
2026-07-28,PH SUL (PF),IFCO,6424,0.0,1,terça-feira
2026-07-29,PH SUL (PF),IFCO,6424,170.0,2,quarta-feira
2026-07-30,PH SUL (PF),IFCO,6424,113.0,3,quinta-feira
2026-07-31,PH SUL (PF),IFCO,6424,41.0,4,sexta-feira
2026-08-01,PH SUL (PF),IFCO,6424,280.0,5,sábado
2026-08-03,PH SUL (PF),IFCO,6424,72.0,0,segunda-feira
2026-08-04,PH SUL (PF),IFCO,6424,124.0,1,terça-feira
2026-08-05,PH SUL (PF),IFCO,6424,67.0,2,quarta-feira
2026-08-06,PH SUL (PF),IFCO,6424,5.0,3,quinta-feira
2026-08-07,PH SUL (PF),IFCO,6424,0.0,4,sexta-feira
2026-08-08,PH SUL (PF),IFCO,6424,0.0,5,sábado
2026-08-10,PH SUL (PF),IFCO,6424,0.0,0,segunda-feira
2026-08-11,PH SUL (PF),IFCO,6424,0.0,1,terça-feira
2026-08-12,PH SUL (PF),IFCO,6424,0.0,2,quarta-feira
2026-08-13,PH SUL (PF),IFCO,6424,0.0,3,quinta-feira
2026-08-14,PH SUL (PF),IFCO,6424,0.0,4,sexta-feira
2026-08-15,PH SUL (PF),IFCO,6424,0.0,5,sábado
2026-08-17,PH SUL (PF),IFCO,6424,0.0,0,segunda-feira
2026-08-18,PH SUL (PF),IFCO,6424,0.0,1,terça-feira
2026-08-19,PH SUL (PF),IFCO,6424,0.0,2,quarta-feira
2026-08-20,PH SUL (PF),IFCO,6424,5.0,3,quinta-feira
2026-08-21,PH SUL (PF),IFCO,6424,0.0,4,sexta-feira
2026-08-22,PH SUL (PF),IFCO,6424,0.0,5,sábado
2026-08-24,PH SUL (PF),IFCO,6424,0.0,0,segunda-feira
2026-08-25,PH SUL (PF),IFCO,6424,0.0,1,terça-feira
2026-08-26,PH SUL (PF),IFCO,6424,0.0,2,quarta-feira
2026-08-27,PH SUL (PF),IFCO,6424,0.0,3,quinta-feira
2026-06-01,PH UBAJARA,HB,618,0.0,0,segunda-feira
2026-06-02,PH UBAJARA,HB,618,185.0,1,terça-feira
2026-06-03,PH UBAJARA,HB,618,160.0,2,quarta-feira
2026-06-04,PH UBAJARA,HB,618,0.0,3,quinta-feira
2026-06-05,PH UBAJARA,HB,618,0.0,4,sexta-feira
2026-06-06,PH UBAJARA,HB,618,340.0,5,sábado
2026-06-08,PH UBAJARA,HB,618,0.0,0,segunda-feira
2026-06-09,PH UBAJARA,HB,618,96.0,1,terça-feira
2026-06-10,PH UBAJARA,HB,618,149.0,2,quarta-feira
2026-06-11,PH UBAJARA,HB,618,0.0,3,quinta-feira
2026-06-12,PH UBAJARA,HB,618,0.0,4,sexta-feira
2026-06-13,PH UBAJARA,HB,618,332.0,5,sábado
2026-06-15,PH UBAJARA,HB,618,80.0,0,segunda-feira
2026-06-16,PH UBAJARA,HB,618,89.0,1,terça-feira
2026-06-17,PH UBAJARA,HB,618,77.0,2,quarta-feira
2026-06-18,PH UBAJARA,HB,618,0.0,3,quinta-feira
2026-06-19,PH UBAJARA,HB,618,24.0,4,sexta-feira
2026-06-20,PH UBAJARA,HB,618,336.0,5,sábado
2026-06-22,PH UBAJARA,HB,618,0.0,0,segunda-feira
2026-06-23,PH UBAJARA,HB,618,122.0,1,terça-feira
2026-06-24,PH UBAJARA,HB,618,104.0,2,quarta-feira
2026-06-25,PH UBAJARA,HB,618,0.0,3,quinta-feira
2026-06-26,PH UBAJARA,HB,618,0.0,4,sexta-feira
2026-06-27,PH UBAJARA,HB,618,263.0,5,sábado
2026-06-29,PH UBAJARA,HB,618,0.0,0,segunda-feira
2026-06-30,PH UBAJARA,HB,618,89.0,1,terça-feira
2026-07-01,PH UBAJARA,HB,618,69.0,2,quarta-feira
2026-07-02,PH UBAJARA,HB,618,55.0,3,quinta-feira
2026-07-03,PH UBAJARA,HB,618,0.0,4,sexta-feira
2026-07-04,PH UBAJARA,HB,618,343.0,5,sábado
2026-07-06,PH UBAJARA,HB,618,0.0,0,segunda-feira
2026-07-07,PH UBAJARA,HB,618,108.0,1,terça-feira
2026-07-08,PH UBAJARA,HB,618,146.0,2,quarta-feira
2026-07-09,PH UBAJARA,HB,618,0.0,3,quinta-feira
2026-07-10,PH UBAJARA,HB,618,0.0,4,sexta-feira
2026-07-11,PH UBAJARA,HB,618,401.0,5,sábado
2026-07-13,PH UBAJARA,HB,618,0.0,0,segunda-feira
2026-07-14,PH UBAJARA,HB,618,184.0,1,terça-feira
2026-07-15,PH UBAJARA,HB,618,128.0,2,quarta-feira
2026-07-16,PH UBAJARA,HB,618,0.0,3,quinta-feira
2026-07-17,PH UBAJARA,HB,618,0.0,4,sexta-feira
2026-07-18,PH UBAJARA,HB,618,361.0,5,sábado
2026-07-20,PH UBAJARA,HB,618,68.0,0,segunda-feira
2026-07-21,PH UBAJARA,HB,618,119.0,1,terça-feira
2026-07-22,PH UBAJARA,HB,618,83.66381850324102,2,quarta-feira
2026-07-23,PH UBAJARA,HB,618,0.0,3,quinta-feira
2026-07-24,PH UBAJARA,HB,618,0.0,4,sexta-feira
2026-07-25,PH UBAJARA,HB,618,408.0,5,sábado
2026-07-27,PH UBAJARA,HB,618,0.0,0,segunda-feira
2026-07-28,PH UBAJARA,HB,618,162.0,1,terça-feira
2026-07-29,PH UBAJARA,HB,618,116.0,2,quarta-feira
2026-07-30,PH UBAJARA,HB,618,0.0,3,quinta-feira
2026-07-31,PH UBAJARA,HB,618,0.0,4,sexta-feira
2026-08-01,PH UBAJARA,HB,618,314.0,5,sábado
2026-08-03,PH UBAJARA,HB,618,0.0,0,segunda-feira
2026-08-04,PH UBAJARA,HB,618,171.0,1,terça-feira
2026-08-05,PH UBAJARA,HB,618,128.0,2,quarta-feira
2026-08-06,PH UBAJARA,HB,618,15.0,3,quinta-feira
2026-08-07,PH UBAJARA,HB,618,0.0,4,sexta-feira
2026-08-08,PH UBAJARA,HB,618,372.0,5,sábado
2026-08-10,PH UBAJARA,HB,618,0.0,0,segunda-feira
2026-08-11,PH UBAJARA,HB,618,143.0,1,terça-feira
2026-08-12,PH UBAJARA,HB,618,112.0,2,quarta-feira
2026-08-13,PH UBAJARA,HB,618,0.0,3,quinta-feira
2026-08-14,PH UBAJARA,HB,618,0.0,4,sexta-feira
2026-08-15,PH UBAJARA,HB,618,394.0,5,sábado
2026-08-17,PH UBAJARA,HB,618,0.0,0,segunda-feira
2026-08-18,PH UBAJARA,HB,618,130.0,1,terça-feira
2026-08-19,PH UBAJARA,HB,618,82.0,2,quarta-feira
2026-08-20,PH UBAJARA,HB,618,0.0,3,quinta-feira
2026-08-21,PH UBAJARA,HB,618,0.0,4,sexta-feira
2026-08-22,PH UBAJARA,HB,618,347.0,5,sábado
2026-08-24,PH UBAJARA,HB,618,0.0,0,segunda-feira
2026-08-25,PH UBAJARA,HB,618,116.0,1,terça-feira
2026-08-26,PH UBAJARA,HB,618,106.0,2,quarta-feira
2026-08-27,PH UBAJARA,HB,618,0.0,3,quinta-feira
2026-06-01,PH UBAJARA,HB,623,220.0,0,segunda-feira
2026-06-02,PH UBAJARA,HB,623,68.0,1,terça-feira
2026-06-03,PH UBAJARA,HB,623,2.0,2,quarta-feira
2026-06-04,PH UBAJARA,HB,623,0.0,3,quinta-feira
2026-06-05,PH UBAJARA,HB,623,0.0,4,sexta-feira
2026-06-06,PH UBAJARA,HB,623,47.0,5,sábado
2026-06-08,PH UBAJARA,HB,623,0.0,0,segunda-feira
2026-06-09,PH UBAJARA,HB,623,43.0,1,terça-feira
2026-06-10,PH UBAJARA,HB,623,2.0,2,quarta-feira
2026-06-11,PH UBAJARA,HB,623,0.0,3,quinta-feira
2026-06-12,PH UBAJARA,HB,623,0.0,4,sexta-feira
2026-06-13,PH UBAJARA,HB,623,37.0,5,sábado
2026-06-15,PH UBAJARA,HB,623,0.0,0,segunda-feira
2026-06-16,PH UBAJARA,HB,623,22.0,1,terça-feira
2026-06-17,PH UBAJARA,HB,623,2.0,2,quarta-feira
2026-06-18,PH UBAJARA,HB,623,0.0,3,quinta-feira
2026-06-19,PH UBAJARA,HB,623,0.0,4,sexta-feira
2026-06-20,PH UBAJARA,HB,623,38.0,5,sábado
2026-06-22,PH UBAJARA,HB,623,0.0,0,segunda-feira
2026-06-23,PH UBAJARA,HB,623,42.0,1,terça-feira
2026-06-24,PH UBAJARA,HB,623,1.0,2,quarta-feira
2026-06-25,PH UBAJARA,HB,623,0.0,3,quinta-feira
2026-06-26,PH UBAJARA,HB,623,0.0,4,sexta-feira
2026-06-27,PH UBAJARA,HB,623,33.0,5,sábado
2026-06-29,PH UBAJARA,HB,623,0.0,0,segunda-feira
2026-06-30,PH UBAJARA,HB,623,33.0,1,terça-feira
2026-07-01,PH UBAJARA,HB,623,1.0,2,quarta-feira
2026-07-02,PH UBAJARA,HB,623,0.0,3,quinta-feira
2026-07-03,PH UBAJARA,HB,623,0.0,4,sexta-feira
2026-07-04,PH UBAJARA,HB,623,35.0,5,sábado
2026-07-06,PH UBAJARA,HB,623,0.0,0,segunda-feira
2026-07-07,PH UBAJARA,HB,623,41.0,1,terça-feira
2026-07-08,PH UBAJARA,HB,623,1.0,2,quarta-feira
2026-07-09,PH UBAJARA,HB,623,0.0,3,quinta-feira
2026-07-10,PH UBAJARA,HB,623,0.0,4,sexta-feira
2026-07-11,PH UBAJARA,HB,623,48.0,5,sábado
2026-07-13,PH UBAJARA,HB,623,0.0,0,segunda-feira
2026-07-14,PH UBAJARA,HB,623,51.0,1,terça-feira
2026-07-15,PH UBAJARA,HB,623,0.0,2,quarta-feira
2026-07-16,PH UBAJARA,HB,623,0.0,3,quinta-feira
2026-07-17,PH UBAJARA,HB,623,0.0,4,sexta-feira
2026-07-18,PH UBAJARA,HB,623,53.0,5,sábado
2026-07-20,PH UBAJARA,HB,623,0.0,0,segunda-feira
2026-07-21,PH UBAJARA,HB,623,42.0,1,terça-feira
2026-07-22,PH UBAJARA,HB,623,0.3361814967589864,2,quarta-feira
2026-07-23,PH UBAJARA,HB,623,0.0,3,quinta-feira
2026-07-24,PH UBAJARA,HB,623,0.0,4,sexta-feira
2026-07-25,PH UBAJARA,HB,623,46.0,5,sábado
2026-07-27,PH UBAJARA,HB,623,40.0,0,segunda-feira
2026-07-28,PH UBAJARA,HB,623,59.0,1,terça-feira
2026-07-29,PH UBAJARA,HB,623,3.0,2,quarta-feira
2026-07-30,PH UBAJARA,HB,623,0.0,3,quinta-feira
2026-07-31,PH UBAJARA,HB,623,1.0,4,sexta-feira
2026-08-01,PH UBAJARA,HB,623,26.0,5,sábado
2026-08-03,PH UBAJARA,HB,623,0.0,0,segunda-feira
2026-08-04,PH UBAJARA,HB,623,26.0,1,terça-feira
2026-08-05,PH UBAJARA,HB,623,2.0,2,quarta-feira
2026-08-06,PH UBAJARA,HB,623,0.0,3,quinta-feira
2026-08-07,PH UBAJARA,HB,623,0.0,4,sexta-feira
2026-08-08,PH UBAJARA,HB,623,39.0,5,sábado
2026-08-10,PH UBAJARA,HB,623,0.0,0,segunda-feira
2026-08-11,PH UBAJARA,HB,623,36.0,1,terça-feira
2026-08-12,PH UBAJARA,HB,623,0.0,2,quarta-feira
2026-08-13,PH UBAJARA,HB,623,40.0,3,quinta-feira
2026-08-14,PH UBAJARA,HB,623,0.0,4,sexta-feira
2026-08-15,PH UBAJARA,HB,623,36.0,5,sábado
2026-08-17,PH UBAJARA,HB,623,0.0,0,segunda-feira
2026-08-18,PH UBAJARA,HB,623,56.0,1,terça-feira
2026-08-19,PH UBAJARA,HB,623,0.0,2,quarta-feira
2026-08-20,PH UBAJARA,HB,623,0.0,3,quinta-feira
2026-08-21,PH UBAJARA,HB,623,0.0,4,sexta-feira
2026-08-22,PH UBAJARA,HB,623,16.0,5,sábado
2026-08-24,PH UBAJARA,HB,623,0.0,0,segunda-feira
2026-08-25,PH UBAJARA,HB,623,55.0,1,terça-feira
2026-08-26,PH UBAJARA,HB,623,0.0,2,quarta-feira
2026-08-27,PH UBAJARA,HB,623,0.0,3,quinta-feira
2026-06-01,PH UBAJARA,IFCO,6416,54.0,0,segunda-feira
2026-06-02,PH UBAJARA,IFCO,6416,52.0,1,terça-feira
2026-06-03,PH UBAJARA,IFCO,6416,241.0,2,quarta-feira
2026-06-04,PH UBAJARA,IFCO,6416,112.0,3,quinta-feira
2026-06-05,PH UBAJARA,IFCO,6416,169.0,4,sexta-feira
2026-06-06,PH UBAJARA,IFCO,6416,3.0,5,sábado
2026-06-08,PH UBAJARA,IFCO,6416,0.0,0,segunda-feira
2026-06-09,PH UBAJARA,IFCO,6416,0.0,1,terça-feira
2026-06-10,PH UBAJARA,IFCO,6416,346.0,2,quarta-feira
2026-06-11,PH UBAJARA,IFCO,6416,401.0,3,quinta-feira
2026-06-12,PH UBAJARA,IFCO,6416,20.0,4,sexta-feira
2026-06-13,PH UBAJARA,IFCO,6416,292.0,5,sábado
2026-06-15,PH UBAJARA,IFCO,6416,89.0,0,segunda-feira
2026-06-16,PH UBAJARA,IFCO,6416,7.0,1,terça-feira
2026-06-17,PH UBAJARA,IFCO,6416,227.0,2,quarta-feira
2026-06-18,PH UBAJARA,IFCO,6416,78.0,3,quinta-feira
2026-06-19,PH UBAJARA,IFCO,6416,0.0,4,sexta-feira
2026-06-20,PH UBAJARA,IFCO,6416,310.0,5,sábado
2026-06-22,PH UBAJARA,IFCO,6416,337.0,0,segunda-feira
2026-06-23,PH UBAJARA,IFCO,6416,12.0,1,terça-feira
2026-06-24,PH UBAJARA,IFCO,6416,222.0,2,quarta-feira
2026-06-25,PH UBAJARA,IFCO,6416,128.0,3,quinta-feira
2026-06-26,PH UBAJARA,IFCO,6416,0.0,4,sexta-feira
2026-06-27,PH UBAJARA,IFCO,6416,229.0,5,sábado
2026-06-29,PH UBAJARA,IFCO,6416,171.0,0,segunda-feira
2026-06-30,PH UBAJARA,IFCO,6416,26.0,1,terça-feira
2026-07-01,PH UBAJARA,IFCO,6416,52.0,2,quarta-feira
2026-07-02,PH UBAJARA,IFCO,6416,319.0,3,quinta-feira
2026-07-03,PH UBAJARA,IFCO,6416,15.0,4,sexta-feira
2026-07-04,PH UBAJARA,IFCO,6416,110.0,5,sábado
2026-07-06,PH UBAJARA,IFCO,6416,447.0,0,segunda-feira
2026-07-07,PH UBAJARA,IFCO,6416,57.0,1,terça-feira
2026-07-08,PH UBAJARA,IFCO,6416,235.0,2,quarta-feira
2026-07-09,PH UBAJARA,IFCO,6416,140.0,3,quinta-feira
2026-07-10,PH UBAJARA,IFCO,6416,0.0,4,sexta-feira
2026-07-11,PH UBAJARA,IFCO,6416,213.0,5,sábado
2026-07-13,PH UBAJARA,IFCO,6416,127.0,0,segunda-feira
2026-07-14,PH UBAJARA,IFCO,6416,32.0,1,terça-feira
2026-07-15,PH UBAJARA,IFCO,6416,60.0,2,quarta-feira
2026-07-16,PH UBAJARA,IFCO,6416,357.0,3,quinta-feira
2026-07-17,PH UBAJARA,IFCO,6416,66.0,4,sexta-feira
2026-07-18,PH UBAJARA,IFCO,6416,57.0,5,sábado
2026-07-20,PH UBAJARA,IFCO,6416,225.0,0,segunda-feira
2026-07-21,PH UBAJARA,IFCO,6416,30.0,1,terça-feira
2026-07-22,PH UBAJARA,IFCO,6416,161.0,2,quarta-feira
2026-07-23,PH UBAJARA,IFCO,6416,156.0,3,quinta-feira
2026-07-24,PH UBAJARA,IFCO,6416,132.0,4,sexta-feira
2026-07-25,PH UBAJARA,IFCO,6416,14.0,5,sábado
2026-07-27,PH UBAJARA,IFCO,6416,286.0,0,segunda-feira
2026-07-28,PH UBAJARA,IFCO,6416,38.0,1,terça-feira
2026-07-29,PH UBAJARA,IFCO,6416,177.0,2,quarta-feira
2026-07-30,PH UBAJARA,IFCO,6416,268.0,3,quinta-feira
2026-07-31,PH UBAJARA,IFCO,6416,155.0,4,sexta-feira
2026-08-01,PH UBAJARA,IFCO,6416,10.0,5,sábado
2026-08-03,PH UBAJARA,IFCO,6416,90.0,0,segunda-feira
2026-08-04,PH UBAJARA,IFCO,6416,35.0,1,terça-feira
2026-08-05,PH UBAJARA,IFCO,6416,0.0,2,quarta-feira
2026-08-06,PH UBAJARA,IFCO,6416,404.0,3,quinta-feira
2026-08-07,PH UBAJARA,IFCO,6416,131.0,4,sexta-feira
2026-08-08,PH UBAJARA,IFCO,6416,46.0,5,sábado
2026-08-10,PH UBAJARA,IFCO,6416,210.0,0,segunda-feira
2026-08-11,PH UBAJARA,IFCO,6416,32.0,1,terça-feira
2026-08-12,PH UBAJARA,IFCO,6416,0.0,2,quarta-feira
2026-08-13,PH UBAJARA,IFCO,6416,387.0,3,quinta-feira
2026-08-14,PH UBAJARA,IFCO,6416,165.0,4,sexta-feira
2026-08-15,PH UBAJARA,IFCO,6416,74.0,5,sábado
2026-08-17,PH UBAJARA,IFCO,6416,279.0,0,segunda-feira
2026-08-18,PH UBAJARA,IFCO,6416,10.0,1,terça-feira
2026-08-19,PH UBAJARA,IFCO,6416,0.0,2,quarta-feira
2026-08-20,PH UBAJARA,IFCO,6416,203.0,3,quinta-feira
2026-08-21,PH UBAJARA,IFCO,6416,124.0,4,sexta-feira
2026-08-22,PH UBAJARA,IFCO,6416,130.0,5,sábado
2026-08-24,PH UBAJARA,IFCO,6416,0.0,0,segunda-feira
2026-08-25,PH UBAJARA,IFCO,6416,443.0,1,terça-feira
2026-08-26,PH UBAJARA,IFCO,6416,40.0,2,quarta-feira
2026-08-27,PH UBAJARA,IFCO,6416,209.0,3,quinta-feira
2026-06-01,PH UBAJARA,IFCO,6420,0.0,0,segunda-feira
2026-06-02,PH UBAJARA,IFCO,6420,0.0,1,terça-feira
2026-06-03,PH UBAJARA,IFCO,6420,0.0,2,quarta-feira
2026-06-04,PH UBAJARA,IFCO,6420,0.0,3,quinta-feira
2026-06-05,PH UBAJARA,IFCO,6420,0.0,4,sexta-feira
2026-06-06,PH UBAJARA,IFCO,6420,0.0,5,sábado
2026-06-08,PH UBAJARA,IFCO,6420,0.0,0,segunda-feira
2026-06-09,PH UBAJARA,IFCO,6420,0.0,1,terça-feira
2026-06-10,PH UBAJARA,IFCO,6420,0.0,2,quarta-feira
2026-06-11,PH UBAJARA,IFCO,6420,0.0,3,quinta-feira
2026-06-12,PH UBAJARA,IFCO,6420,0.0,4,sexta-feira
2026-06-13,PH UBAJARA,IFCO,6420,0.0,5,sábado
2026-06-15,PH UBAJARA,IFCO,6420,0.0,0,segunda-feira
2026-06-16,PH UBAJARA,IFCO,6420,0.0,1,terça-feira
2026-06-17,PH UBAJARA,IFCO,6420,0.0,2,quarta-feira
2026-06-18,PH UBAJARA,IFCO,6420,0.0,3,quinta-feira
2026-06-19,PH UBAJARA,IFCO,6420,0.0,4,sexta-feira
2026-06-20,PH UBAJARA,IFCO,6420,0.0,5,sábado
2026-06-22,PH UBAJARA,IFCO,6420,0.0,0,segunda-feira
2026-06-23,PH UBAJARA,IFCO,6420,0.0,1,terça-feira
2026-06-24,PH UBAJARA,IFCO,6420,0.0,2,quarta-feira
2026-06-25,PH UBAJARA,IFCO,6420,0.0,3,quinta-feira
2026-06-26,PH UBAJARA,IFCO,6420,0.0,4,sexta-feira
2026-06-27,PH UBAJARA,IFCO,6420,0.0,5,sábado
2026-06-29,PH UBAJARA,IFCO,6420,0.0,0,segunda-feira
2026-06-30,PH UBAJARA,IFCO,6420,0.0,1,terça-feira
2026-07-01,PH UBAJARA,IFCO,6420,0.0,2,quarta-feira
2026-07-02,PH UBAJARA,IFCO,6420,0.0,3,quinta-feira
2026-07-03,PH UBAJARA,IFCO,6420,0.0,4,sexta-feira
2026-07-04,PH UBAJARA,IFCO,6420,0.0,5,sábado
2026-07-06,PH UBAJARA,IFCO,6420,0.0,0,segunda-feira
2026-07-07,PH UBAJARA,IFCO,6420,0.0,1,terça-feira
2026-07-08,PH UBAJARA,IFCO,6420,0.0,2,quarta-feira
2026-07-09,PH UBAJARA,IFCO,6420,0.0,3,quinta-feira
2026-07-10,PH UBAJARA,IFCO,6420,0.0,4,sexta-feira
2026-07-11,PH UBAJARA,IFCO,6420,0.0,5,sábado
2026-07-13,PH UBAJARA,IFCO,6420,0.0,0,segunda-feira
2026-07-14,PH UBAJARA,IFCO,6420,0.0,1,terça-feira
2026-07-15,PH UBAJARA,IFCO,6420,0.0,2,quarta-feira
2026-07-16,PH UBAJARA,IFCO,6420,0.0,3,quinta-feira
2026-07-17,PH UBAJARA,IFCO,6420,0.0,4,sexta-feira
2026-07-18,PH UBAJARA,IFCO,6420,0.0,5,sábado
2026-07-20,PH UBAJARA,IFCO,6420,0.0,0,segunda-feira
2026-07-21,PH UBAJARA,IFCO,6420,0.0,1,terça-feira
2026-07-22,PH UBAJARA,IFCO,6420,0.0,2,quarta-feira
2026-07-23,PH UBAJARA,IFCO,6420,0.0,3,quinta-feira
2026-07-24,PH UBAJARA,IFCO,6420,0.0,4,sexta-feira
2026-07-25,PH UBAJARA,IFCO,6420,0.0,5,sábado
2026-07-27,PH UBAJARA,IFCO,6420,0.0,0,segunda-feira
2026-07-28,PH UBAJARA,IFCO,6420,0.0,1,terça-feira
2026-07-29,PH UBAJARA,IFCO,6420,0.0,2,quarta-feira
2026-07-30,PH UBAJARA,IFCO,6420,0.0,3,quinta-feira
2026-07-31,PH UBAJARA,IFCO,6420,0.0,4,sexta-feira
2026-08-01,PH UBAJARA,IFCO,6420,0.0,5,sábado
2026-08-03,PH UBAJARA,IFCO,6420,0.0,0,segunda-feira
2026-08-04,PH UBAJARA,IFCO,6420,0.0,1,terça-feira
2026-08-05,PH UBAJARA,IFCO,6420,0.0,2,quarta-feira
2026-08-06,PH UBAJARA,IFCO,6420,0.0,3,quinta-feira
2026-08-07,PH UBAJARA,IFCO,6420,0.0,4,sexta-feira
2026-08-08,PH UBAJARA,IFCO,6420,0.0,5,sábado
2026-08-10,PH UBAJARA,IFCO,6420,0.0,0,segunda-feira
2026-08-11,PH UBAJARA,IFCO,6420,0.0,1,terça-feira
2026-08-12,PH UBAJARA,IFCO,6420,0.0,2,quarta-feira
2026-08-13,PH UBAJARA,IFCO,6420,0.0,3,quinta-feira
2026-08-14,PH UBAJARA,IFCO,6420,0.0,4,sexta-feira
2026-08-15,PH UBAJARA,IFCO,6420,0.0,5,sábado
2026-08-17,PH UBAJARA,IFCO,6420,0.0,0,segunda-feira
2026-08-18,PH UBAJARA,IFCO,6420,0.0,1,terça-feira
2026-08-19,PH UBAJARA,IFCO,6420,0.0,2,quarta-feira
2026-08-20,PH UBAJARA,IFCO,6420,0.0,3,quinta-feira
2026-08-21,PH UBAJARA,IFCO,6420,0.0,4,sexta-feira
2026-08-22,PH UBAJARA,IFCO,6420,0.0,5,sábado
2026-08-24,PH UBAJARA,IFCO,6420,0.0,0,segunda-feira
2026-08-25,PH UBAJARA,IFCO,6420,0.0,1,terça-feira
2026-08-26,PH UBAJARA,IFCO,6420,0.0,2,quarta-feira
2026-08-27,PH UBAJARA,IFCO,6420,0.0,3,quinta-feira
2026-06-01,PH UBAJARA,IFCO,6424,30.0,0,segunda-feira
2026-06-02,PH UBAJARA,IFCO,6424,265.0,1,terça-feira
2026-06-03,PH UBAJARA,IFCO,6424,80.0,2,quarta-feira
2026-06-04,PH UBAJARA,IFCO,6424,8.0,3,quinta-feira
2026-06-05,PH UBAJARA,IFCO,6424,51.0,4,sexta-feira
2026-06-06,PH UBAJARA,IFCO,6424,191.0,5,sábado
2026-06-08,PH UBAJARA,IFCO,6424,5.0,0,segunda-feira
2026-06-09,PH UBAJARA,IFCO,6424,120.0,1,terça-feira
2026-06-10,PH UBAJARA,IFCO,6424,180.0,2,quarta-feira
2026-06-11,PH UBAJARA,IFCO,6424,315.0,3,quinta-feira
2026-06-12,PH UBAJARA,IFCO,6424,686.0,4,sexta-feira
2026-06-13,PH UBAJARA,IFCO,6424,307.0,5,sábado
2026-06-15,PH UBAJARA,IFCO,6424,134.0,0,segunda-feira
2026-06-16,PH UBAJARA,IFCO,6424,403.0,1,terça-feira
2026-06-17,PH UBAJARA,IFCO,6424,198.0,2,quarta-feira
2026-06-18,PH UBAJARA,IFCO,6424,206.0,3,quinta-feira
2026-06-19,PH UBAJARA,IFCO,6424,0.0,4,sexta-feira
2026-06-20,PH UBAJARA,IFCO,6424,405.0,5,sábado
2026-06-22,PH UBAJARA,IFCO,6424,31.0,0,segunda-feira
2026-06-23,PH UBAJARA,IFCO,6424,198.0,1,terça-feira
2026-06-24,PH UBAJARA,IFCO,6424,693.0,2,quarta-feira
2026-06-25,PH UBAJARA,IFCO,6424,263.0,3,quinta-feira
2026-06-26,PH UBAJARA,IFCO,6424,0.0,4,sexta-feira
2026-06-27,PH UBAJARA,IFCO,6424,145.0,5,sábado
2026-06-29,PH UBAJARA,IFCO,6424,191.0,0,segunda-feira
2026-06-30,PH UBAJARA,IFCO,6424,161.0,1,terça-feira
2026-07-01,PH UBAJARA,IFCO,6424,34.0,2,quarta-feira
2026-07-02,PH UBAJARA,IFCO,6424,188.0,3,quinta-feira
2026-07-03,PH UBAJARA,IFCO,6424,195.0,4,sexta-feira
2026-07-04,PH UBAJARA,IFCO,6424,373.0,5,sábado
2026-07-06,PH UBAJARA,IFCO,6424,235.0,0,segunda-feira
2026-07-07,PH UBAJARA,IFCO,6424,97.0,1,terça-feira
2026-07-08,PH UBAJARA,IFCO,6424,214.0,2,quarta-feira
2026-07-09,PH UBAJARA,IFCO,6424,7.0,3,quinta-feira
2026-07-10,PH UBAJARA,IFCO,6424,0.0,4,sexta-feira
2026-07-11,PH UBAJARA,IFCO,6424,306.0,5,sábado
2026-07-13,PH UBAJARA,IFCO,6424,79.0,0,segunda-feira
2026-07-14,PH UBAJARA,IFCO,6424,446.0,1,terça-feira
2026-07-15,PH UBAJARA,IFCO,6424,645.0,2,quarta-feira
2026-07-16,PH UBAJARA,IFCO,6424,204.0,3,quinta-feira
2026-07-17,PH UBAJARA,IFCO,6424,19.0,4,sexta-feira
2026-07-18,PH UBAJARA,IFCO,6424,119.0,5,sábado
2026-07-20,PH UBAJARA,IFCO,6424,287.0,0,segunda-feira
2026-07-21,PH UBAJARA,IFCO,6424,113.0,1,terça-feira
2026-07-22,PH UBAJARA,IFCO,6424,206.0,2,quarta-feira
2026-07-23,PH UBAJARA,IFCO,6424,82.0,3,quinta-feira
2026-07-24,PH UBAJARA,IFCO,6424,94.0,4,sexta-feira
2026-07-25,PH UBAJARA,IFCO,6424,232.0,5,sábado
2026-07-27,PH UBAJARA,IFCO,6424,141.0,0,segunda-feira
2026-07-28,PH UBAJARA,IFCO,6424,192.0,1,terça-feira
2026-07-29,PH UBAJARA,IFCO,6424,252.0,2,quarta-feira
2026-07-30,PH UBAJARA,IFCO,6424,67.0,3,quinta-feira
2026-07-31,PH UBAJARA,IFCO,6424,521.0,4,sexta-feira
2026-08-01,PH UBAJARA,IFCO,6424,270.0,5,sábado
2026-08-03,PH UBAJARA,IFCO,6424,156.0,0,segunda-feira
2026-08-04,PH UBAJARA,IFCO,6424,214.0,1,terça-feira
2026-08-05,PH UBAJARA,IFCO,6424,35.0,2,quarta-feira
2026-08-06,PH UBAJARA,IFCO,6424,631.0,3,quinta-feira
2026-08-07,PH UBAJARA,IFCO,6424,55.0,4,sexta-feira
2026-08-08,PH UBAJARA,IFCO,6424,176.0,5,sábado
2026-08-10,PH UBAJARA,IFCO,6424,228.0,0,segunda-feira
2026-08-11,PH UBAJARA,IFCO,6424,190.0,1,terça-feira
2026-08-12,PH UBAJARA,IFCO,6424,0.0,2,quarta-feira
2026-08-13,PH UBAJARA,IFCO,6424,219.0,3,quinta-feira
2026-08-14,PH UBAJARA,IFCO,6424,29.0,4,sexta-feira
2026-08-15,PH UBAJARA,IFCO,6424,225.0,5,sábado
2026-08-17,PH UBAJARA,IFCO,6424,704.0,0,segunda-feira
2026-08-18,PH UBAJARA,IFCO,6424,189.0,1,terça-feira
2026-08-19,PH UBAJARA,IFCO,6424,0.0,2,quarta-feira
2026-08-20,PH UBAJARA,IFCO,6424,103.0,3,quinta-feira
2026-08-21,PH UBAJARA,IFCO,6424,12.0,4,sexta-feira
2026-08-22,PH UBAJARA,IFCO,6424,266.0,5,sábado
2026-08-24,PH UBAJARA,IFCO,6424,0.0,0,segunda-feira
2026-08-25,PH UBAJARA,IFCO,6424,362.0,1,terça-feira
2026-08-26,PH UBAJARA,IFCO,6424,371.0,2,quarta-feira
2026-08-27,PH UBAJARA,IFCO,6424,114.0,3,quinta-feira
2026-06-01,TREB. CEARA,HB,618,0.0,0,segunda-feira
2026-06-02,TREB. CEARA,HB,618,0.0,1,terça-feira
2026-06-03,TREB. CEARA,HB,618,9.0,2,quarta-feira
2026-06-04,TREB. CEARA,HB,618,0.0,3,quinta-feira
2026-06-05,TREB. CEARA,HB,618,0.0,4,sexta-feira
2026-06-06,TREB. CEARA,HB,618,25.0,5,sábado
2026-06-08,TREB. CEARA,HB,618,0.0,0,segunda-feira
2026-06-09,TREB. CEARA,HB,618,0.0,1,terça-feira
2026-06-10,TREB. CEARA,HB,618,0.0,2,quarta-feira
2026-06-11,TREB. CEARA,HB,618,0.0,3,quinta-feira
2026-06-12,TREB. CEARA,HB,618,0.0,4,sexta-feira
2026-06-13,TREB. CEARA,HB,618,11.0,5,sábado
2026-06-15,TREB. CEARA,HB,618,0.0,0,segunda-feira
2026-06-16,TREB. CEARA,HB,618,125.0,1,terça-feira
2026-06-17,TREB. CEARA,HB,618,7.0,2,quarta-feira
2026-06-18,TREB. CEARA,HB,618,0.0,3,quinta-feira
2026-06-19,TREB. CEARA,HB,618,0.0,4,sexta-feira
2026-06-20,TREB. CEARA,HB,618,50.0,5,sábado
2026-06-22,TREB. CEARA,HB,618,0.0,0,segunda-feira
2026-06-23,TREB. CEARA,HB,618,28.0,1,terça-feira
2026-06-24,TREB. CEARA,HB,618,10.0,2,quarta-feira
2026-06-25,TREB. CEARA,HB,618,0.0,3,quinta-feira
2026-06-26,TREB. CEARA,HB,618,0.0,4,sexta-feira
2026-06-27,TREB. CEARA,HB,618,14.0,5,sábado
2026-06-29,TREB. CEARA,HB,618,0.0,0,segunda-feira
2026-06-30,TREB. CEARA,HB,618,0.0,1,terça-feira
2026-07-01,TREB. CEARA,HB,618,0.0,2,quarta-feira
2026-07-02,TREB. CEARA,HB,618,0.0,3,quinta-feira
2026-07-03,TREB. CEARA,HB,618,0.0,4,sexta-feira
2026-07-04,TREB. CEARA,HB,618,19.0,5,sábado
2026-07-06,TREB. CEARA,HB,618,0.0,0,segunda-feira
2026-07-07,TREB. CEARA,HB,618,18.0,1,terça-feira
2026-07-08,TREB. CEARA,HB,618,7.0,2,quarta-feira
2026-07-09,TREB. CEARA,HB,618,0.0,3,quinta-feira
2026-07-10,TREB. CEARA,HB,618,0.0,4,sexta-feira
2026-07-11,TREB. CEARA,HB,618,29.0,5,sábado
2026-07-13,TREB. CEARA,HB,618,0.0,0,segunda-feira
2026-07-14,TREB. CEARA,HB,618,16.0,1,terça-feira
2026-07-15,TREB. CEARA,HB,618,8.0,2,quarta-feira
2026-07-16,TREB. CEARA,HB,618,0.0,3,quinta-feira
2026-07-17,TREB. CEARA,HB,618,0.0,4,sexta-feira
2026-07-18,TREB. CEARA,HB,618,7.0,5,sábado
2026-07-20,TREB. CEARA,HB,618,0.0,0,segunda-feira
2026-07-21,TREB. CEARA,HB,618,11.0,1,terça-feira
2026-07-22,TREB. CEARA,HB,618,5.0,2,quarta-feira
2026-07-23,TREB. CEARA,HB,618,0.0,3,quinta-feira
2026-07-24,TREB. CEARA,HB,618,0.0,4,sexta-feira
2026-07-25,TREB. CEARA,HB,618,36.0,5,sábado
2026-07-27,TREB. CEARA,HB,618,0.0,0,segunda-feira
2026-07-28,TREB. CEARA,HB,618,13.0,1,terça-feira
2026-07-29,TREB. CEARA,HB,618,0.0,2,quarta-feira
2026-07-30,TREB. CEARA,HB,618,0.0,3,quinta-feira
2026-07-31,TREB. CEARA,HB,618,0.0,4,sexta-feira
2026-08-01,TREB. CEARA,HB,618,56.0,5,sábado
2026-08-03,TREB. CEARA,HB,618,0.0,0,segunda-feira
2026-08-04,TREB. CEARA,HB,618,0.0,1,terça-feira
2026-08-05,TREB. CEARA,HB,618,6.0,2,quarta-feira
2026-08-06,TREB. CEARA,HB,618,0.0,3,quinta-feira
2026-08-07,TREB. CEARA,HB,618,0.0,4,sexta-feira
2026-08-08,TREB. CEARA,HB,618,2.0,5,sábado
2026-08-10,TREB. CEARA,HB,618,0.0,0,segunda-feira
2026-08-11,TREB. CEARA,HB,618,0.0,1,terça-feira
2026-08-12,TREB. CEARA,HB,618,5.0,2,quarta-feira
2026-08-13,TREB. CEARA,HB,618,0.0,3,quinta-feira
2026-08-14,TREB. CEARA,HB,618,0.0,4,sexta-feira
2026-08-15,TREB. CEARA,HB,618,6.0,5,sábado
2026-08-17,TREB. CEARA,HB,618,0.0,0,segunda-feira
2026-08-18,TREB. CEARA,HB,618,52.0,1,terça-feira
2026-08-19,TREB. CEARA,HB,618,3.0,2,quarta-feira
2026-08-20,TREB. CEARA,HB,618,0.0,3,quinta-feira
2026-08-21,TREB. CEARA,HB,618,0.0,4,sexta-feira
2026-08-22,TREB. CEARA,HB,618,2.0,5,sábado
2026-08-24,TREB. CEARA,HB,618,0.0,0,segunda-feira
2026-08-25,TREB. CEARA,HB,618,0.0,1,terça-feira
2026-08-26,TREB. CEARA,HB,618,0.0,2,quarta-feira
2026-08-27,TREB. CEARA,HB,618,0.0,3,quinta-feira
2026-06-01,TREB. CEARA,IFCO,6416,0.0,0,segunda-feira
2026-06-02,TREB. CEARA,IFCO,6416,0.0,1,terça-feira
2026-06-03,TREB. CEARA,IFCO,6416,32.0,2,quarta-feira
2026-06-04,TREB. CEARA,IFCO,6416,1.0,3,quinta-feira
2026-06-05,TREB. CEARA,IFCO,6416,25.0,4,sexta-feira
2026-06-06,TREB. CEARA,IFCO,6416,0.0,5,sábado
2026-06-08,TREB. CEARA,IFCO,6416,0.0,0,segunda-feira
2026-06-09,TREB. CEARA,IFCO,6416,0.0,1,terça-feira
2026-06-10,TREB. CEARA,IFCO,6416,71.0,2,quarta-feira
2026-06-11,TREB. CEARA,IFCO,6416,54.0,3,quinta-feira
2026-06-12,TREB. CEARA,IFCO,6416,0.0,4,sexta-feira
2026-06-13,TREB. CEARA,IFCO,6416,65.0,5,sábado
2026-06-15,TREB. CEARA,IFCO,6416,0.0,0,segunda-feira
2026-06-16,TREB. CEARA,IFCO,6416,0.0,1,terça-feira
2026-06-17,TREB. CEARA,IFCO,6416,56.0,2,quarta-feira
2026-06-18,TREB. CEARA,IFCO,6416,14.0,3,quinta-feira
2026-06-19,TREB. CEARA,IFCO,6416,0.0,4,sexta-feira
2026-06-20,TREB. CEARA,IFCO,6416,106.0,5,sábado
2026-06-22,TREB. CEARA,IFCO,6416,0.0,0,segunda-feira
2026-06-23,TREB. CEARA,IFCO,6416,0.0,1,terça-feira
2026-06-24,TREB. CEARA,IFCO,6416,62.0,2,quarta-feira
2026-06-25,TREB. CEARA,IFCO,6416,0.0,3,quinta-feira
2026-06-26,TREB. CEARA,IFCO,6416,0.0,4,sexta-feira
2026-06-27,TREB. CEARA,IFCO,6416,0.0,5,sábado
2026-06-29,TREB. CEARA,IFCO,6416,62.0,0,segunda-feira
2026-06-30,TREB. CEARA,IFCO,6416,0.0,1,terça-feira
2026-07-01,TREB. CEARA,IFCO,6416,0.0,2,quarta-feira
2026-07-02,TREB. CEARA,IFCO,6416,42.0,3,quinta-feira
2026-07-03,TREB. CEARA,IFCO,6416,0.0,4,sexta-feira
2026-07-04,TREB. CEARA,IFCO,6416,0.0,5,sábado
2026-07-06,TREB. CEARA,IFCO,6416,67.0,0,segunda-feira
2026-07-07,TREB. CEARA,IFCO,6416,0.0,1,terça-feira
2026-07-08,TREB. CEARA,IFCO,6416,13.0,2,quarta-feira
2026-07-09,TREB. CEARA,IFCO,6416,1.0,3,quinta-feira
2026-07-10,TREB. CEARA,IFCO,6416,0.0,4,sexta-feira
2026-07-11,TREB. CEARA,IFCO,6416,0.0,5,sábado
2026-07-13,TREB. CEARA,IFCO,6416,90.0,0,segunda-feira
2026-07-14,TREB. CEARA,IFCO,6416,0.0,1,terça-feira
2026-07-15,TREB. CEARA,IFCO,6416,0.0,2,quarta-feira
2026-07-16,TREB. CEARA,IFCO,6416,71.0,3,quinta-feira
2026-07-17,TREB. CEARA,IFCO,6416,0.0,4,sexta-feira
2026-07-18,TREB. CEARA,IFCO,6416,3.0,5,sábado
2026-07-20,TREB. CEARA,IFCO,6416,32.0,0,segunda-feira
2026-07-21,TREB. CEARA,IFCO,6416,0.0,1,terça-feira
2026-07-22,TREB. CEARA,IFCO,6416,105.0,2,quarta-feira
2026-07-23,TREB. CEARA,IFCO,6416,1.0,3,quinta-feira
2026-07-24,TREB. CEARA,IFCO,6416,0.0,4,sexta-feira
2026-07-25,TREB. CEARA,IFCO,6416,0.0,5,sábado
2026-07-27,TREB. CEARA,IFCO,6416,41.0,0,segunda-feira
2026-07-28,TREB. CEARA,IFCO,6416,0.0,1,terça-feira
2026-07-29,TREB. CEARA,IFCO,6416,55.0,2,quarta-feira
2026-07-30,TREB. CEARA,IFCO,6416,0.0,3,quinta-feira
2026-07-31,TREB. CEARA,IFCO,6416,0.0,4,sexta-feira
2026-08-01,TREB. CEARA,IFCO,6416,0.0,5,sábado
2026-08-03,TREB. CEARA,IFCO,6416,19.0,0,segunda-feira
2026-08-04,TREB. CEARA,IFCO,6416,0.0,1,terça-feira
2026-08-05,TREB. CEARA,IFCO,6416,0.0,2,quarta-feira
2026-08-06,TREB. CEARA,IFCO,6416,60.0,3,quinta-feira
2026-08-07,TREB. CEARA,IFCO,6416,0.0,4,sexta-feira
2026-08-08,TREB. CEARA,IFCO,6416,0.0,5,sábado
2026-08-10,TREB. CEARA,IFCO,6416,82.0,0,segunda-feira
2026-08-11,TREB. CEARA,IFCO,6416,0.0,1,terça-feira
2026-08-12,TREB. CEARA,IFCO,6416,0.0,2,quarta-feira
2026-08-13,TREB. CEARA,IFCO,6416,44.0,3,quinta-feira
2026-08-14,TREB. CEARA,IFCO,6416,0.0,4,sexta-feira
2026-08-15,TREB. CEARA,IFCO,6416,0.0,5,sábado
2026-08-17,TREB. CEARA,IFCO,6416,64.0,0,segunda-feira
2026-08-18,TREB. CEARA,IFCO,6416,0.0,1,terça-feira
2026-08-19,TREB. CEARA,IFCO,6416,0.0,2,quarta-feira
2026-08-20,TREB. CEARA,IFCO,6416,36.0,3,quinta-feira
2026-08-21,TREB. CEARA,IFCO,6416,0.0,4,sexta-feira
2026-08-22,TREB. CEARA,IFCO,6416,0.0,5,sábado
2026-08-24,TREB. CEARA,IFCO,6416,0.0,0,segunda-feira
2026-08-25,TREB. CEARA,IFCO,6416,128.0,1,terça-feira
2026-08-26,TREB. CEARA,IFCO,6416,0.0,2,quarta-feira
2026-08-27,TREB. CEARA,IFCO,6416,12.0,3,quinta-feira
2026-06-01,TREB. CEARA,IFCO,6424,0.0,0,segunda-feira
2026-06-02,TREB. CEARA,IFCO,6424,41.0,1,terça-feira
2026-06-03,TREB. CEARA,IFCO,6424,0.0,2,quarta-feira
2026-06-04,TREB. CEARA,IFCO,6424,0.0,3,quinta-feira
2026-06-05,TREB. CEARA,IFCO,6424,0.0,4,sexta-feira
2026-06-06,TREB. CEARA,IFCO,6424,41.0,5,sábado
2026-06-08,TREB. CEARA,IFCO,6424,0.0,0,segunda-feira
2026-06-09,TREB. CEARA,IFCO,6424,0.0,1,terça-feira
2026-06-10,TREB. CEARA,IFCO,6424,0.0,2,quarta-feira
2026-06-11,TREB. CEARA,IFCO,6424,83.0,3,quinta-feira
2026-06-12,TREB. CEARA,IFCO,6424,0.0,4,sexta-feira
2026-06-13,TREB. CEARA,IFCO,6424,0.0,5,sábado
2026-06-15,TREB. CEARA,IFCO,6424,0.0,0,segunda-feira
2026-06-16,TREB. CEARA,IFCO,6424,0.0,1,terça-feira
2026-06-17,TREB. CEARA,IFCO,6424,0.0,2,quarta-feira
2026-06-18,TREB. CEARA,IFCO,6424,0.0,3,quinta-feira
2026-06-19,TREB. CEARA,IFCO,6424,0.0,4,sexta-feira
2026-06-20,TREB. CEARA,IFCO,6424,12.0,5,sábado
2026-06-22,TREB. CEARA,IFCO,6424,0.0,0,segunda-feira
2026-06-23,TREB. CEARA,IFCO,6424,0.0,1,terça-feira
2026-06-24,TREB. CEARA,IFCO,6424,0.0,2,quarta-feira
2026-06-25,TREB. CEARA,IFCO,6424,0.0,3,quinta-feira
2026-06-26,TREB. CEARA,IFCO,6424,0.0,4,sexta-feira
2026-06-27,TREB. CEARA,IFCO,6424,1.0,5,sábado
2026-06-29,TREB. CEARA,IFCO,6424,0.0,0,segunda-feira
2026-06-30,TREB. CEARA,IFCO,6424,3.0,1,terça-feira
2026-07-01,TREB. CEARA,IFCO,6424,0.0,2,quarta-feira
2026-07-02,TREB. CEARA,IFCO,6424,0.0,3,quinta-feira
2026-07-03,TREB. CEARA,IFCO,6424,0.0,4,sexta-feira
2026-07-04,TREB. CEARA,IFCO,6424,0.0,5,sábado
2026-07-06,TREB. CEARA,IFCO,6424,0.0,0,segunda-feira
2026-07-07,TREB. CEARA,IFCO,6424,28.0,1,terça-feira
2026-07-08,TREB. CEARA,IFCO,6424,0.0,2,quarta-feira
2026-07-09,TREB. CEARA,IFCO,6424,0.0,3,quinta-feira
2026-07-10,TREB. CEARA,IFCO,6424,0.0,4,sexta-feira
2026-07-11,TREB. CEARA,IFCO,6424,25.0,5,sábado
2026-07-13,TREB. CEARA,IFCO,6424,0.0,0,segunda-feira
2026-07-14,TREB. CEARA,IFCO,6424,0.0,1,terça-feira
2026-07-15,TREB. CEARA,IFCO,6424,15.0,2,quarta-feira
2026-07-16,TREB. CEARA,IFCO,6424,0.0,3,quinta-feira
2026-07-17,TREB. CEARA,IFCO,6424,0.0,4,sexta-feira
2026-07-18,TREB. CEARA,IFCO,6424,0.0,5,sábado
2026-07-20,TREB. CEARA,IFCO,6424,0.0,0,segunda-feira
2026-07-21,TREB. CEARA,IFCO,6424,1.0,1,terça-feira
2026-07-22,TREB. CEARA,IFCO,6424,0.0,2,quarta-feira
2026-07-23,TREB. CEARA,IFCO,6424,0.0,3,quinta-feira
2026-07-24,TREB. CEARA,IFCO,6424,0.0,4,sexta-feira
2026-07-25,TREB. CEARA,IFCO,6424,0.0,5,sábado
2026-07-27,TREB. CEARA,IFCO,6424,0.0,0,segunda-feira
2026-07-28,TREB. CEARA,IFCO,6424,0.0,1,terça-feira
2026-07-29,TREB. CEARA,IFCO,6424,0.0,2,quarta-feira
2026-07-30,TREB. CEARA,IFCO,6424,0.0,3,quinta-feira
2026-07-31,TREB. CEARA,IFCO,6424,0.0,4,sexta-feira
2026-08-01,TREB. CEARA,IFCO,6424,0.0,5,sábado
2026-08-03,TREB. CEARA,IFCO,6424,0.0,0,segunda-feira
2026-08-04,TREB. CEARA,IFCO,6424,0.0,1,terça-feira
2026-08-05,TREB. CEARA,IFCO,6424,0.0,2,quarta-feira
2026-08-06,TREB. CEARA,IFCO,6424,0.0,3,quinta-feira
2026-08-07,TREB. CEARA,IFCO,6424,0.0,4,sexta-feira
2026-08-08,TREB. CEARA,IFCO,6424,0.0,5,sábado
2026-08-10,TREB. CEARA,IFCO,6424,0.0,0,segunda-feira
2026-08-11,TREB. CEARA,IFCO,6424,0.0,1,terça-feira
2026-08-12,TREB. CEARA,IFCO,6424,0.0,2,quarta-feira
2026-08-13,TREB. CEARA,IFCO,6424,0.0,3,quinta-feira
2026-08-14,TREB. CEARA,IFCO,6424,0.0,4,sexta-feira
2026-08-15,TREB. CEARA,IFCO,6424,0.0,5,sábado
2026-08-17,TREB. CEARA,IFCO,6424,0.0,0,segunda-feira
2026-08-18,TREB. CEARA,IFCO,6424,0.0,1,terça-feira
2026-08-19,TREB. CEARA,IFCO,6424,0.0,2,quarta-feira
2026-08-20,TREB. CEARA,IFCO,6424,0.0,3,quinta-feira
2026-08-21,TREB. CEARA,IFCO,6424,0.0,4,sexta-feira
2026-08-22,TREB. CEARA,IFCO,6424,0.0,5,sábado
2026-08-24,TREB. CEARA,IFCO,6424,0.0,0,segunda-feira
2026-08-25,TREB. CEARA,IFCO,6424,0.0,1,terça-feira
2026-08-26,TREB. CEARA,IFCO,6424,0.0,2,quarta-feira
2026-08-27,TREB. CEARA,IFCO,6424,0.0,3,quinta-feira
2026-06-01,TREB. MINAS,HB,618,478.0,0,segunda-feira
2026-06-02,TREB. MINAS,HB,618,590.0295985310178,1,terça-feira
2026-06-03,TREB. MINAS,HB,618,414.0,2,quarta-feira
2026-06-04,TREB. MINAS,HB,618,433.0,3,quinta-feira
2026-06-05,TREB. MINAS,HB,618,119.0,4,sexta-feira
2026-06-06,TREB. MINAS,HB,618,666.0,5,sábado
2026-06-08,TREB. MINAS,HB,618,532.0,0,segunda-feira
2026-06-09,TREB. MINAS,HB,618,769.4087780938617,1,terça-feira
2026-06-10,TREB. MINAS,HB,618,66.0,2,quarta-feira
2026-06-11,TREB. MINAS,HB,618,588.0,3,quinta-feira
2026-06-12,TREB. MINAS,HB,618,113.0,4,sexta-feira
2026-06-13,TREB. MINAS,HB,618,633.0,5,sábado
2026-06-15,TREB. MINAS,HB,618,311.0,0,segunda-feira
2026-06-16,TREB. MINAS,HB,618,718.4957277548615,1,terça-feira
2026-06-17,TREB. MINAS,HB,618,154.0,2,quarta-feira
2026-06-18,TREB. MINAS,HB,618,771.0588807159025,3,quinta-feira
2026-06-19,TREB. MINAS,HB,618,177.0,4,sexta-feira
2026-06-20,TREB. MINAS,HB,618,763.0588807159025,5,sábado
2026-06-22,TREB. MINAS,HB,618,334.0,0,segunda-feira
2026-06-23,TREB. MINAS,HB,618,624.0,1,terça-feira
2026-06-24,TREB. MINAS,HB,618,194.0,2,quarta-feira
2026-06-25,TREB. MINAS,HB,618,463.0,3,quinta-feira
2026-06-26,TREB. MINAS,HB,618,148.0,4,sexta-feira
2026-06-27,TREB. MINAS,HB,618,671.2360512802162,5,sábado
2026-06-29,TREB. MINAS,HB,618,551.0,0,segunda-feira
2026-06-30,TREB. MINAS,HB,618,338.0,1,terça-feira
2026-07-01,TREB. MINAS,HB,618,413.0,2,quarta-feira
2026-07-02,TREB. MINAS,HB,618,428.0,3,quinta-feira
2026-07-03,TREB. MINAS,HB,618,364.0,4,sexta-feira
2026-07-04,TREB. MINAS,HB,618,677.0,5,sábado
2026-07-06,TREB. MINAS,HB,618,359.0588807159025,0,segunda-feira
2026-07-07,TREB. MINAS,HB,618,390.0,1,terça-feira
2026-07-08,TREB. MINAS,HB,618,473.0,2,quarta-feira
2026-07-09,TREB. MINAS,HB,618,372.0,3,quinta-feira
2026-07-10,TREB. MINAS,HB,618,261.0,4,sexta-feira
2026-07-11,TREB. MINAS,HB,618,440.0,5,sábado
2026-07-13,TREB. MINAS,HB,618,402.0,0,segunda-feira
2026-07-14,TREB. MINAS,HB,618,532.8342815077243,1,terça-feira
2026-07-15,TREB. MINAS,HB,618,457.0,2,quarta-feira
2026-07-16,TREB. MINAS,HB,618,571.0,3,quinta-feira
2026-07-17,TREB. MINAS,HB,618,351.0,4,sexta-feira
2026-07-18,TREB. MINAS,HB,618,906.9364041879651,5,sábado
2026-07-20,TREB. MINAS,HB,618,748.1130394266215,0,segunda-feira
2026-07-21,TREB. MINAS,HB,618,426.0,1,terça-feira
2026-07-22,TREB. MINAS,HB,618,334.0,2,quarta-feira
2026-07-23,TREB. MINAS,HB,618,845.0,3,quinta-feira
2026-07-24,TREB. MINAS,HB,618,426.0,4,sexta-feira
2026-07-25,TREB. MINAS,HB,618,963.3300092625858,5,sábado
2026-07-27,TREB. MINAS,HB,618,535.0,0,segunda-feira
2026-07-28,TREB. MINAS,HB,618,610.0,1,terça-feira
2026-07-29,TREB. MINAS,HB,618,505.0,2,quarta-feira
2026-07-30,TREB. MINAS,HB,618,349.0,3,quinta-feira
2026-07-31,TREB. MINAS,HB,618,227.0,4,sexta-feira
2026-08-01,TREB. MINAS,HB,618,912.663818503241,5,sábado
2026-08-03,TREB. MINAS,HB,618,766.0,0,segunda-feira
2026-08-04,TREB. MINAS,HB,618,638.0,1,terça-feira
2026-08-05,TREB. MINAS,HB,618,610.0,2,quarta-feira
2026-08-06,TREB. MINAS,HB,618,417.6685630154486,3,quinta-feira
2026-08-07,TREB. MINAS,HB,618,635.0,4,sexta-feira
2026-08-08,TREB. MINAS,HB,618,933.0,5,sábado
2026-08-10,TREB. MINAS,HB,618,512.0,0,segunda-feira
2026-08-11,TREB. MINAS,HB,618,403.0,1,terça-feira
2026-08-12,TREB. MINAS,HB,618,392.0,2,quarta-feira
2026-08-13,TREB. MINAS,HB,618,576.0,3,quinta-feira
2026-08-14,TREB. MINAS,HB,618,0.0,4,sexta-feira
2026-08-15,TREB. MINAS,HB,618,857.9962000219307,5,sábado
2026-08-17,TREB. MINAS,HB,618,779.0,0,segunda-feira
2026-08-18,TREB. MINAS,HB,618,610.0,1,terça-feira
2026-08-19,TREB. MINAS,HB,618,520.0,2,quarta-feira
2026-08-20,TREB. MINAS,HB,618,940.0,3,quinta-feira
2026-08-21,TREB. MINAS,HB,618,252.0,4,sexta-feira
2026-08-22,TREB. MINAS,HB,618,729.4957277548615,5,sábado
2026-08-24,TREB. MINAS,HB,618,450.0,0,segunda-feira
2026-08-25,TREB. MINAS,HB,618,621.4957277548615,1,terça-feira
2026-08-26,TREB. MINAS,HB,618,333.0,2,quarta-feira
2026-08-27,TREB. MINAS,HB,618,947.0,3,quinta-feira
2026-06-01,TREB. MINAS,HB,623,628.0,0,segunda-feira
2026-06-02,TREB. MINAS,HB,623,1246.9704014689821,1,terça-feira
2026-06-03,TREB. MINAS,HB,623,85.0,2,quarta-feira
2026-06-04,TREB. MINAS,HB,623,100.0,3,quinta-feira
2026-06-05,TREB. MINAS,HB,623,562.0,4,sexta-feira
2026-06-06,TREB. MINAS,HB,623,270.0,5,sábado
2026-06-08,TREB. MINAS,HB,623,192.0,0,segunda-feira
2026-06-09,TREB. MINAS,HB,623,1265.5912219061383,1,terça-feira
2026-06-10,TREB. MINAS,HB,623,88.0,2,quarta-feira
2026-06-11,TREB. MINAS,HB,623,168.0,3,quinta-feira
2026-06-12,TREB. MINAS,HB,623,73.0,4,sexta-feira
2026-06-13,TREB. MINAS,HB,623,239.0,5,sábado
2026-06-15,TREB. MINAS,HB,623,178.0,0,segunda-feira
2026-06-16,TREB. MINAS,HB,623,307.50427224513845,1,terça-feira
2026-06-17,TREB. MINAS,HB,623,57.0,2,quarta-feira
2026-06-18,TREB. MINAS,HB,623,222.9411192840975,3,quinta-feira
2026-06-19,TREB. MINAS,HB,623,203.0,4,sexta-feira
2026-06-20,TREB. MINAS,HB,623,402.9411192840975,5,sábado
2026-06-22,TREB. MINAS,HB,623,991.0,0,segunda-feira
2026-06-23,TREB. MINAS,HB,623,887.0,1,terça-feira
2026-06-24,TREB. MINAS,HB,623,145.0,2,quarta-feira
2026-06-25,TREB. MINAS,HB,623,113.0,3,quinta-feira
2026-06-26,TREB. MINAS,HB,623,18.0,4,sexta-feira
2026-06-27,TREB. MINAS,HB,623,1524.763948719784,5,sábado
2026-06-29,TREB. MINAS,HB,623,784.0,0,segunda-feira
2026-06-30,TREB. MINAS,HB,623,226.0,1,terça-feira
2026-07-01,TREB. MINAS,HB,623,2672.0,2,quarta-feira
2026-07-02,TREB. MINAS,HB,623,2768.0,3,quinta-feira
2026-07-03,TREB. MINAS,HB,623,1323.0,4,sexta-feira
2026-07-04,TREB. MINAS,HB,623,2017.0,5,sábado
2026-07-06,TREB. MINAS,HB,623,685.9411192840975,0,segunda-feira
2026-07-07,TREB. MINAS,HB,623,1965.0,1,terça-feira
2026-07-08,TREB. MINAS,HB,623,75.0,2,quarta-feira
2026-07-09,TREB. MINAS,HB,623,4102.0,3,quinta-feira
2026-07-10,TREB. MINAS,HB,623,2574.0,4,sexta-feira
2026-07-11,TREB. MINAS,HB,623,1465.0,5,sábado
2026-07-13,TREB. MINAS,HB,623,785.0,0,segunda-feira
2026-07-14,TREB. MINAS,HB,623,838.1657184922757,1,terça-feira
2026-07-15,TREB. MINAS,HB,623,1031.0,2,quarta-feira
2026-07-16,TREB. MINAS,HB,623,2546.0,3,quinta-feira
2026-07-17,TREB. MINAS,HB,623,2610.0,4,sexta-feira
2026-07-18,TREB. MINAS,HB,623,3103.0635958120347,5,sábado
2026-07-20,TREB. MINAS,HB,623,396.8869605733785,0,segunda-feira
2026-07-21,TREB. MINAS,HB,623,1562.0,1,terça-feira
2026-07-22,TREB. MINAS,HB,623,160.0,2,quarta-feira
2026-07-23,TREB. MINAS,HB,623,5272.0,3,quinta-feira
2026-07-24,TREB. MINAS,HB,623,1768.0,4,sexta-feira
2026-07-25,TREB. MINAS,HB,623,3152.669990737414,5,sábado
2026-07-27,TREB. MINAS,HB,623,1155.0,0,segunda-feira
2026-07-28,TREB. MINAS,HB,623,570.0,1,terça-feira
2026-07-29,TREB. MINAS,HB,623,2040.0,2,quarta-feira
2026-07-30,TREB. MINAS,HB,623,3062.0,3,quinta-feira
2026-07-31,TREB. MINAS,HB,623,3608.0,4,sexta-feira
2026-08-01,TREB. MINAS,HB,623,2874.336181496759,5,sábado
2026-08-03,TREB. MINAS,HB,623,905.0,0,segunda-feira
2026-08-04,TREB. MINAS,HB,623,1011.0,1,terça-feira
2026-08-05,TREB. MINAS,HB,623,175.0,2,quarta-feira
2026-08-06,TREB. MINAS,HB,623,2324.331436984551,3,quinta-feira
2026-08-07,TREB. MINAS,HB,623,3330.0,4,sexta-feira
2026-08-08,TREB. MINAS,HB,623,2118.0,5,sábado
2026-08-10,TREB. MINAS,HB,623,790.0,0,segunda-feira
2026-08-11,TREB. MINAS,HB,623,1910.0,1,terça-feira
2026-08-12,TREB. MINAS,HB,623,1610.0,2,quarta-feira
2026-08-13,TREB. MINAS,HB,623,162.0,3,quinta-feira
2026-08-14,TREB. MINAS,HB,623,1950.0,4,sexta-feira
2026-08-15,TREB. MINAS,HB,623,1209.0037999780693,5,sábado
2026-08-17,TREB. MINAS,HB,623,336.0,0,segunda-feira
2026-08-18,TREB. MINAS,HB,623,342.0,1,terça-feira
2026-08-19,TREB. MINAS,HB,623,915.0,2,quarta-feira
2026-08-20,TREB. MINAS,HB,623,1707.0,3,quinta-feira
2026-08-21,TREB. MINAS,HB,623,3495.0,4,sexta-feira
2026-08-22,TREB. MINAS,HB,623,708.5042722451385,5,sábado
2026-08-24,TREB. MINAS,HB,623,1195.0,0,segunda-feira
2026-08-25,TREB. MINAS,HB,623,300.50427224513845,1,terça-feira
2026-08-26,TREB. MINAS,HB,623,240.0,2,quarta-feira
2026-08-27,TREB. MINAS,HB,623,419.0,3,quinta-feira
2026-06-01,TREB. MINAS,IFCO,6416,331.0,0,segunda-feira
2026-06-02,TREB. MINAS,IFCO,6416,0.0,1,terça-feira
2026-06-03,TREB. MINAS,IFCO,6416,300.0,2,quarta-feira
2026-06-04,TREB. MINAS,IFCO,6416,22.0,3,quinta-feira
2026-06-05,TREB. MINAS,IFCO,6416,668.0,4,sexta-feira
2026-06-06,TREB. MINAS,IFCO,6416,682.0,5,sábado
2026-06-08,TREB. MINAS,IFCO,6416,389.0,0,segunda-feira
2026-06-09,TREB. MINAS,IFCO,6416,520.0,1,terça-feira
2026-06-10,TREB. MINAS,IFCO,6416,320.0,2,quarta-feira
2026-06-11,TREB. MINAS,IFCO,6416,31.0,3,quinta-feira
2026-06-12,TREB. MINAS,IFCO,6416,453.0,4,sexta-feira
2026-06-13,TREB. MINAS,IFCO,6416,438.0,5,sábado
2026-06-15,TREB. MINAS,IFCO,6416,347.0,0,segunda-feira
2026-06-16,TREB. MINAS,IFCO,6416,408.0,1,terça-feira
2026-06-17,TREB. MINAS,IFCO,6416,581.0,2,quarta-feira
2026-06-18,TREB. MINAS,IFCO,6416,507.0,3,quinta-feira
2026-06-19,TREB. MINAS,IFCO,6416,0.0,4,sexta-feira
2026-06-20,TREB. MINAS,IFCO,6416,479.0,5,sábado
2026-06-22,TREB. MINAS,IFCO,6416,282.0,0,segunda-feira
2026-06-23,TREB. MINAS,IFCO,6416,391.0,1,terça-feira
2026-06-24,TREB. MINAS,IFCO,6416,464.0,2,quarta-feira
2026-06-25,TREB. MINAS,IFCO,6416,180.0,3,quinta-feira
2026-06-26,TREB. MINAS,IFCO,6416,0.0,4,sexta-feira
2026-06-27,TREB. MINAS,IFCO,6416,105.0,5,sábado
2026-06-29,TREB. MINAS,IFCO,6416,18.0,0,segunda-feira
2026-06-30,TREB. MINAS,IFCO,6416,100.0,1,terça-feira
2026-07-01,TREB. MINAS,IFCO,6416,1797.0,2,quarta-feira
2026-07-02,TREB. MINAS,IFCO,6416,27.0,3,quinta-feira
2026-07-03,TREB. MINAS,IFCO,6416,468.0,4,sexta-feira
2026-07-04,TREB. MINAS,IFCO,6416,404.0,5,sábado
2026-07-06,TREB. MINAS,IFCO,6416,186.0,0,segunda-feira
2026-07-07,TREB. MINAS,IFCO,6416,40.0,1,terça-feira
2026-07-08,TREB. MINAS,IFCO,6416,208.0,2,quarta-feira
2026-07-09,TREB. MINAS,IFCO,6416,26.0,3,quinta-feira
2026-07-10,TREB. MINAS,IFCO,6416,398.0,4,sexta-feira
2026-07-11,TREB. MINAS,IFCO,6416,508.0,5,sábado
2026-07-13,TREB. MINAS,IFCO,6416,150.0,0,segunda-feira
2026-07-14,TREB. MINAS,IFCO,6416,382.0,1,terça-feira
2026-07-15,TREB. MINAS,IFCO,6416,2058.0,2,quarta-feira
2026-07-16,TREB. MINAS,IFCO,6416,0.0,3,quinta-feira
2026-07-17,TREB. MINAS,IFCO,6416,390.0,4,sexta-feira
2026-07-18,TREB. MINAS,IFCO,6416,497.0,5,sábado
2026-07-20,TREB. MINAS,IFCO,6416,216.0,0,segunda-feira
2026-07-21,TREB. MINAS,IFCO,6416,351.0,1,terça-feira
2026-07-22,TREB. MINAS,IFCO,6416,4011.0,2,quarta-feira
2026-07-23,TREB. MINAS,IFCO,6416,26.0,3,quinta-feira
2026-07-24,TREB. MINAS,IFCO,6416,296.0,4,sexta-feira
2026-07-25,TREB. MINAS,IFCO,6416,444.0,5,sábado
2026-07-27,TREB. MINAS,IFCO,6416,186.0,0,segunda-feira
2026-07-28,TREB. MINAS,IFCO,6416,344.0,1,terça-feira
2026-07-29,TREB. MINAS,IFCO,6416,670.0,2,quarta-feira
2026-07-30,TREB. MINAS,IFCO,6416,0.0,3,quinta-feira
2026-07-31,TREB. MINAS,IFCO,6416,402.0,4,sexta-feira
2026-08-01,TREB. MINAS,IFCO,6416,333.0,5,sábado
2026-08-03,TREB. MINAS,IFCO,6416,192.0,0,segunda-feira
2026-08-04,TREB. MINAS,IFCO,6416,326.0,1,terça-feira
2026-08-05,TREB. MINAS,IFCO,6416,741.0,2,quarta-feira
2026-08-06,TREB. MINAS,IFCO,6416,0.0,3,quinta-feira
2026-08-07,TREB. MINAS,IFCO,6416,551.0,4,sexta-feira
2026-08-08,TREB. MINAS,IFCO,6416,315.0,5,sábado
2026-08-10,TREB. MINAS,IFCO,6416,252.0,0,segunda-feira
2026-08-11,TREB. MINAS,IFCO,6416,420.0,1,terça-feira
2026-08-12,TREB. MINAS,IFCO,6416,2035.0,2,quarta-feira
2026-08-13,TREB. MINAS,IFCO,6416,37.0,3,quinta-feira
2026-08-14,TREB. MINAS,IFCO,6416,1864.0,4,sexta-feira
2026-08-15,TREB. MINAS,IFCO,6416,615.0,5,sábado
2026-08-17,TREB. MINAS,IFCO,6416,209.0,0,segunda-feira
2026-08-18,TREB. MINAS,IFCO,6416,385.0,1,terça-feira
2026-08-19,TREB. MINAS,IFCO,6416,681.0,2,quarta-feira
2026-08-20,TREB. MINAS,IFCO,6416,0.0,3,quinta-feira
2026-08-21,TREB. MINAS,IFCO,6416,570.0,4,sexta-feira
2026-08-22,TREB. MINAS,IFCO,6416,666.0,5,sábado
2026-08-24,TREB. MINAS,IFCO,6416,403.0,0,segunda-feira
2026-08-25,TREB. MINAS,IFCO,6416,414.0,1,terça-feira
2026-08-26,TREB. MINAS,IFCO,6416,835.0,2,quarta-feira
2026-08-27,TREB. MINAS,IFCO,6416,17.0,3,quinta-feira
2026-06-01,TREB. MINAS,IFCO,6424,31.0,0,segunda-feira
2026-06-02,TREB. MINAS,IFCO,6424,0.0,1,terça-feira
2026-06-03,TREB. MINAS,IFCO,6424,118.0,2,quarta-feira
2026-06-04,TREB. MINAS,IFCO,6424,34.0,3,quinta-feira
2026-06-05,TREB. MINAS,IFCO,6424,0.0,4,sexta-feira
2026-06-06,TREB. MINAS,IFCO,6424,440.0,5,sábado
2026-06-08,TREB. MINAS,IFCO,6424,0.0,0,segunda-feira
2026-06-09,TREB. MINAS,IFCO,6424,1248.0,1,terça-feira
2026-06-10,TREB. MINAS,IFCO,6424,1195.0,2,quarta-feira
2026-06-11,TREB. MINAS,IFCO,6424,81.0,3,quinta-feira
2026-06-12,TREB. MINAS,IFCO,6424,0.0,4,sexta-feira
2026-06-13,TREB. MINAS,IFCO,6424,112.0,5,sábado
2026-06-15,TREB. MINAS,IFCO,6424,0.0,0,segunda-feira
2026-06-16,TREB. MINAS,IFCO,6424,0.0,1,terça-feira
2026-06-17,TREB. MINAS,IFCO,6424,1366.0,2,quarta-feira
2026-06-18,TREB. MINAS,IFCO,6424,28.0,3,quinta-feira
2026-06-19,TREB. MINAS,IFCO,6424,520.0,4,sexta-feira
2026-06-20,TREB. MINAS,IFCO,6424,1528.0,5,sábado
2026-06-22,TREB. MINAS,IFCO,6424,0.0,0,segunda-feira
2026-06-23,TREB. MINAS,IFCO,6424,2888.0,1,terça-feira
2026-06-24,TREB. MINAS,IFCO,6424,2817.0,2,quarta-feira
2026-06-25,TREB. MINAS,IFCO,6424,2500.0,3,quinta-feira
2026-06-26,TREB. MINAS,IFCO,6424,2638.0,4,sexta-feira
2026-06-27,TREB. MINAS,IFCO,6424,400.0,5,sábado
2026-06-29,TREB. MINAS,IFCO,6424,28.0,0,segunda-feira
2026-06-30,TREB. MINAS,IFCO,6424,80.0,1,terça-feira
2026-07-01,TREB. MINAS,IFCO,6424,936.0,2,quarta-feira
2026-07-02,TREB. MINAS,IFCO,6424,1037.0,3,quinta-feira
2026-07-03,TREB. MINAS,IFCO,6424,640.0,4,sexta-feira
2026-07-04,TREB. MINAS,IFCO,6424,80.0,5,sábado
2026-07-06,TREB. MINAS,IFCO,6424,0.0,0,segunda-feira
2026-07-07,TREB. MINAS,IFCO,6424,80.0,1,terça-feira
2026-07-08,TREB. MINAS,IFCO,6424,955.0,2,quarta-feira
2026-07-09,TREB. MINAS,IFCO,6424,195.0,3,quinta-feira
2026-07-10,TREB. MINAS,IFCO,6424,1280.1333333333332,4,sexta-feira
2026-07-11,TREB. MINAS,IFCO,6424,810.0,5,sábado
2026-07-13,TREB. MINAS,IFCO,6424,964.0,0,segunda-feira
2026-07-14,TREB. MINAS,IFCO,6424,520.0,1,terça-feira
2026-07-15,TREB. MINAS,IFCO,6424,342.0,2,quarta-feira
2026-07-16,TREB. MINAS,IFCO,6424,1841.0,3,quinta-feira
2026-07-17,TREB. MINAS,IFCO,6424,0.0,4,sexta-feira
2026-07-18,TREB. MINAS,IFCO,6424,2140.0,5,sábado
2026-07-20,TREB. MINAS,IFCO,6424,0.0,0,segunda-feira
2026-07-21,TREB. MINAS,IFCO,6424,636.0,1,terça-feira
2026-07-22,TREB. MINAS,IFCO,6424,1952.0,2,quarta-feira
2026-07-23,TREB. MINAS,IFCO,6424,1520.0,3,quinta-feira
2026-07-24,TREB. MINAS,IFCO,6424,1120.0,4,sexta-feira
2026-07-25,TREB. MINAS,IFCO,6424,100.0,5,sábado
2026-07-27,TREB. MINAS,IFCO,6424,850.0,0,segunda-feira
2026-07-28,TREB. MINAS,IFCO,6424,640.0,1,terça-feira
2026-07-29,TREB. MINAS,IFCO,6424,1658.0,2,quarta-feira
2026-07-30,TREB. MINAS,IFCO,6424,1460.0,3,quinta-feira
2026-07-31,TREB. MINAS,IFCO,6424,640.0,4,sexta-feira
2026-08-01,TREB. MINAS,IFCO,6424,300.0,5,sábado
2026-08-03,TREB. MINAS,IFCO,6424,0.0,0,segunda-feira
2026-08-04,TREB. MINAS,IFCO,6424,0.0,1,terça-feira
2026-08-05,TREB. MINAS,IFCO,6424,1703.0,2,quarta-feira
2026-08-06,TREB. MINAS,IFCO,6424,1260.0,3,quinta-feira
2026-08-07,TREB. MINAS,IFCO,6424,720.0,4,sexta-feira
2026-08-08,TREB. MINAS,IFCO,6424,400.0,5,sábado
2026-08-10,TREB. MINAS,IFCO,6424,25.0,0,segunda-feira
2026-08-11,TREB. MINAS,IFCO,6424,640.0,1,terça-feira
2026-08-12,TREB. MINAS,IFCO,6424,1167.0,2,quarta-feira
2026-08-13,TREB. MINAS,IFCO,6424,1171.0,3,quinta-feira
2026-08-14,TREB. MINAS,IFCO,6424,0.0,4,sexta-feira
2026-08-15,TREB. MINAS,IFCO,6424,560.0,5,sábado
2026-08-17,TREB. MINAS,IFCO,6424,200.0,0,segunda-feira
2026-08-18,TREB. MINAS,IFCO,6424,0.0,1,terça-feira
2026-08-19,TREB. MINAS,IFCO,6424,2009.0,2,quarta-feira
2026-08-20,TREB. MINAS,IFCO,6424,1081.0,3,quinta-feira
2026-08-21,TREB. MINAS,IFCO,6424,0.0,4,sexta-feira
2026-08-22,TREB. MINAS,IFCO,6424,637.0,5,sábado
2026-08-24,TREB. MINAS,IFCO,6424,1120.0,0,segunda-feira
2026-08-25,TREB. MINAS,IFCO,6424,1120.0,1,terça-feira
2026-08-26,TREB. MINAS,IFCO,6424,2817.0,2,quarta-feira
2026-08-27,TREB. MINAS,IFCO,6424,1443.0,3,quinta-feira
