data,dia_semana,numero_dia_semana,origem,familia_caixa,modelo_caixa_previsao,metodo_modelo,quantidade_caixas,registros_origem
2023-01-02,segunda-feira,0,F. TAQUARIVAI,IFCO,6416,explícito,537.0,5
2023-01-02,segunda-feira,0,F. TAQUARIVAI,IFCO,6424,explícito,320.0,1
2023-01-02,segunda-feira,0,TREB. CEAGESP,IFCO,6424,explícito,5.0,1
2023-01-02,segunda-feira,0,TREB. MINAS,IFCO,6416,explícito,1147.6666666666667,60
2023-01-02,segunda-feira,0,TREB. MINAS,IFCO,6424,explícito,74.0,54
2023-01-02,segunda-feira,0,TREB. MINAS,IFCO,NAO_INFORMADO,explícito,16.0,1
2023-01-03,terça-feira,1,F. TAQUARIVAI,HB,623,explícito,580.0,2
2023-01-03,terça-feira,1,F. TAQUARIVAI,IFCO,6416,explícito,628.0,5
2023-01-03,terça-feira,1,F. TAQUARIVAI,IFCO,6424,explícito,560.0,2
2023-01-03,terça-feira,1,PH UBAJARA,IFCO,6416,explícito,978.0,77
2023-01-03,terça-feira,1,PH UBAJARA,IFCO,6424,explícito,260.0,20
2023-01-03,terça-feira,1,PH UBAJARA,IFCO,NAO_INFORMADO,explícito,26.0,1
2023-01-03,terça-feira,1,TREB. MINAS,HB,618,rateio_por_capacidade,402.4844647901042,1
2023-01-03,terça-feira,1,TREB. MINAS,HB,623,rateio_por_capacidade,41.51553520989578,1
2023-01-03,terça-feira,1,TREB. MINAS,IFCO,6416,explícito,425.0,20
2023-01-03,terça-feira,1,TREB. MINAS,IFCO,6424,explícito,1.0,1
2023-01-03,terça-feira,1,TREB. MINAS,IFCO,NAO_INFORMADO,explícito,10.0,1
2023-01-04,quarta-feira,2,F. TAQUARIVAI,IFCO,6416,explícito,474.0,5
2023-01-04,quarta-feira,2,F. TAQUARIVAI,IFCO,6424,explícito,960.0,2
2023-01-04,quarta-feira,2,PH CORUMBA (PF),IFCO,6416,explícito,10.0,1
2023-01-04,quarta-feira,2,PH CORUMBA (PF),IFCO,6424,explícito,83.0,31
2023-01-04,quarta-feira,2,PH UBAJARA,IFCO,6416,explícito,682.0,72
2023-01-04,quarta-feira,2,PH UBAJARA,IFCO,6424,explícito,242.0,9
2023-01-04,quarta-feira,2,TREB. MINAS,HB,618,rateio_por_capacidade,457.5673878043238,14
2023-01-04,quarta-feira,2,TREB. MINAS,HB,623,explícito,500.0,1
2023-01-04,quarta-feira,2,TREB. MINAS,HB,623,rateio_por_capacidade,246.43261219567617,18
2023-01-04,quarta-feira,2,TREB. MINAS,HB,NAO_INFORMADO,sem_base_para_rateio,15.0,2
2023-01-04,quarta-feira,2,TREB. MINAS,IFCO,6416,explícito,1563.0,117
2023-01-04,quarta-feira,2,TREB. MINAS,IFCO,6424,explícito,163.0,32
2023-01-04,quarta-feira,2,TREB. MINAS,IFCO,NAO_INFORMADO,explícito,18.0,1
2023-01-05,quinta-feira,3,F. TAQUARIVAI,IFCO,6424,explícito,320.0,1
2023-01-05,quinta-feira,3,PH CORUMBA (PF),IFCO,6416,explícito,11.0,2
2023-01-05,quinta-feira,3,PH CORUMBA (PF),IFCO,6424,explícito,1.0,1
2023-01-05,quinta-feira,3,PH UBAJARA,IFCO,6416,explícito,88.0,23
2023-01-05,quinta-feira,3,PH UBAJARA,IFCO,6424,explícito,25.0,10
2023-01-05,quinta-feira,3,TREB. MINAS,HB,618,rateio_por_capacidade,104.48501354487465,11
2023-01-05,quinta-feira,3,TREB. MINAS,HB,623,rateio_por_capacidade,154.51498645512535,17
2023-01-05,quinta-feira,3,TREB. MINAS,HB,NAO_INFORMADO,sem_base_para_rateio,22.0,1
2023-01-05,quinta-feira,3,TREB. MINAS,IFCO,6416,explícito,507.0,19
2023-01-05,quinta-feira,3,TREB. MINAS,IFCO,6424,explícito,2.0,1
2023-01-05,quinta-feira,3,TREB. MINAS,IFCO,NAO_INFORMADO,explícito,10.0,1
2023-01-06,sexta-feira,4,F. TAQUARIVAI,IFCO,6416,explícito,831.0,4
2023-01-06,sexta-feira,4,F. TAQUARIVAI,IFCO,6424,explícito,260.0,3
2023-01-06,sexta-feira,4,TREB. MINAS,IFCO,6416,explícito,818.0,54
2023-01-06,sexta-feira,4,TREB. MINAS,IFCO,6424,explícito,49.0,3
2023-01-06,sexta-feira,4,TREB. MINAS,IFCO,NAO_INFORMADO,explícito,8.0,2
2023-01-07,sábado,5,F. TAQUARIVAI,HB,623,explícito,690.0,2
2023-01-07,sábado,5,F. TAQUARIVAI,IFCO,6416,explícito,898.0,4
2023-01-07,sábado,5,PH SUL (PF),IFCO,6424,explícito,640.0,1
2023-01-07,sábado,5,PH UBAJARA,IFCO,6416,explícito,17.0,1
2023-01-07,sábado,5,TREB. MINAS,HB,618,rateio_por_capacidade,456.4482711600272,2
2023-01-07,sábado,5,TREB. MINAS,HB,623,rateio_por_capacidade,77.55172883997272,8
2023-01-07,sábado,5,TREB. MINAS,IFCO,6416,explícito,2019.0,95
2023-01-07,sábado,5,TREB. MINAS,IFCO,6424,explícito,395.0,11
2023-01-09,segunda-feira,0,F. TAQUARIVAI,HB,623,explícito,690.0,1
2023-01-09,segunda-feira,0,F. TAQUARIVAI,IFCO,6416,explícito,606.0,5
2023-01-09,segunda-feira,0,PH UBAJARA,IFCO,6416,explícito,492.0,29
2023-01-09,segunda-feira,0,PH UBAJARA,IFCO,6424,explícito,444.0,14
2023-01-09,segunda-feira,0,TREB. MINAS,HB,618,rateio_por_capacidade,77.05220609720463,1
2023-01-09,segunda-feira,0,TREB. MINAS,HB,623,rateio_por_capacidade,7.947793902795363,1
2023-01-09,segunda-feira,0,TREB. MINAS,IFCO,6416,explícito,733.0,49
2023-01-09,segunda-feira,0,TREB. MINAS,IFCO,6424,explícito,80.0,30
2023-01-09,segunda-feira,0,TREB. MINAS,IFCO,NAO_INFORMADO,explícito,15.0,1
2023-01-10,terça-feira,1,F. TAQUARIVAI,IFCO,6416,explícito,665.0,5
2023-01-10,terça-feira,1,F. TAQUARIVAI,IFCO,6424,explícito,400.0,1
2023-01-10,terça-feira,1,PH SUL (PF),HB,623,explícito,360.0,1
2023-01-10,terça-feira,1,PH UBAJARA,IFCO,6416,explícito,957.0,62
2023-01-10,terça-feira,1,PH UBAJARA,IFCO,6424,explícito,258.0,14
2023-01-10,terça-feira,1,PH UBAJARA,IFCO,NAO_INFORMADO,explícito,29.0,1
2023-01-10,terça-feira,1,TREB. MINAS,IFCO,6416,explícito,534.0,25
2023-01-10,terça-feira,1,TREB. MINAS,IFCO,6424,explícito,1.0,1
2023-01-10,terça-feira,1,TREB. MINAS,IFCO,NAO_INFORMADO,explícito,10.0,1
2023-01-11,quarta-feira,2,F. TAQUARIVAI,HB,623,explícito,690.0,1
2023-01-11,quarta-feira,2,F. TAQUARIVAI,IFCO,6416,explícito,561.0,5
2023-01-11,quarta-feira,2,PH CORUMBA (PF),IFCO,6424,explícito,48.0,27
2023-01-11,quarta-feira,2,PH UBAJARA,IFCO,6416,explícito,1516.0,92
2023-01-11,quarta-feira,2,PH UBAJARA,IFCO,6424,explícito,286.0,10
2023-01-11,quarta-feira,2,TREB. MINAS,IFCO,6416,explícito,1005.0,96
2023-01-11,quarta-feira,2,TREB. MINAS,IFCO,6424,explícito,420.0,31
2023-01-11,quarta-feira,2,TREB. MINAS,IFCO,NAO_INFORMADO,explícito,14.0,1
2023-01-12,quinta-feira,3,PH CORUMBA (PF),IFCO,6416,explícito,22.0,3
2023-01-12,quinta-feira,3,PH CORUMBA (PF),IFCO,6424,explícito,37.0,5
2023-01-12,quinta-feira,3,PH SUL (PF),IFCO,6424,explícito,640.0,1
2023-01-12,quinta-feira,3,PH UBAJARA,IFCO,6416,explícito,123.0,33
2023-01-12,quinta-feira,3,PH UBAJARA,IFCO,6424,explícito,31.0,11
2023-01-12,quinta-feira,3,TREB. MINAS,HB,618,rateio_por_capacidade,283.2622556882265,14
2023-01-12,quinta-feira,3,TREB. MINAS,HB,623,rateio_por_capacidade,130.7377443117735,20
2023-01-12,quinta-feira,3,TREB. MINAS,HB,NAO_INFORMADO,sem_base_para_rateio,38.0,2
2023-01-12,quinta-feira,3,TREB. MINAS,IFCO,6416,explícito,363.0,17
2023-01-12,quinta-feira,3,TREB. MINAS,IFCO,6424,explícito,1.0,1
2023-01-12,quinta-feira,3,TREB. MINAS,IFCO,NAO_INFORMADO,explícito,14.0,1
2023-01-13,sexta-feira,4,F. TAQUARIVAI,IFCO,6416,explícito,727.0,4
2023-01-13,sexta-feira,4,TREB. MINAS,IFCO,6416,explícito,566.0,33
2023-01-13,sexta-feira,4,TREB. MINAS,IFCO,6424,explícito,2.0,2
2023-01-13,sexta-feira,4,TREB. MINAS,IFCO,NAO_INFORMADO,explícito,13.0,2
2023-01-14,sábado,5,F. TAQUARIVAI,IFCO,6416,explícito,794.0,4
2023-01-14,sábado,5,PH SUL (PF),IFCO,6424,explícito,320.0,1
2023-01-14,sábado,5,TREB. MINAS,HB,618,rateio_por_capacidade,540.6936975219757,19
2023-01-14,sábado,5,TREB. MINAS,HB,623,rateio_por_capacidade,317.30630247802435,36
2023-01-14,sábado,5,TREB. MINAS,HB,NAO_INFORMADO,sem_base_para_rateio,342.0,4
2023-01-14,sábado,5,TREB. MINAS,IFCO,6416,explícito,887.0,62
2023-01-14,sábado,5,TREB. MINAS,IFCO,6424,explícito,835.0,12
2023-01-16,segunda-feira,0,F. TAQUARIVAI,IFCO,6416,explícito,650.0,5
2023-01-16,segunda-feira,0,PH SUL (PF),IFCO,6424,explícito,320.0,1
2023-01-16,segunda-feira,0,PH UBAJARA,IFCO,6416,explícito,693.0,21
2023-01-16,segunda-feira,0,PH UBAJARA,IFCO,6424,explícito,45.0,1
2023-01-16,segunda-feira,0,TREB. MINAS,IFCO,6416,explícito,1580.0,61
2023-01-16,segunda-feira,0,TREB. MINAS,IFCO,6424,explícito,66.0,23
2023-01-16,segunda-feira,0,TREB. MINAS,IFCO,NAO_INFORMADO,explícito,14.0,1
2023-01-17,terça-feira,1,F. TAQUARIVAI,IFCO,6416,explícito,642.0,6
2023-01-17,terça-feira,1,PH SUL (PF),HB,623,explícito,690.0,1
2023-01-17,terça-feira,1,PH SUL (PF),IFCO,6424,explícito,320.0,1
2023-01-17,terça-feira,1,PH UBAJARA,IFCO,6416,explícito,888.0,63
2023-01-17,terça-feira,1,PH UBAJARA,IFCO,6424,explícito,212.0,16
2023-01-17,terça-feira,1,PH UBAJARA,IFCO,NAO_INFORMADO,explícito,31.0,1
2023-01-17,terça-feira,1,TREB. MINAS,HB,618,rateio_por_capacidade,244.7540664264147,1
2023-01-17,terça-feira,1,TREB. MINAS,HB,623,explícito,450.0,1
2023-01-17,terça-feira,1,TREB. MINAS,HB,623,rateio_por_capacidade,25.24593357358527,1
2023-01-17,terça-feira,1,TREB. MINAS,IFCO,6416,explícito,478.0,27
2023-01-17,terça-feira,1,TREB. MINAS,IFCO,6424,explícito,32.0,7
2023-01-17,terça-feira,1,TREB. MINAS,IFCO,NAO_INFORMADO,explícito,9.0,1
2023-01-18,quarta-feira,2,F. TAQUARIVAI,IFCO,6416,explícito,507.0,6
2023-01-18,quarta-feira,2,PH CORUMBA (PF),IFCO,6424,explícito,78.0,26
2023-01-18,quarta-feira,2,PH SUL (PF),HB,623,explícito,690.0,2
2023-01-18,quarta-feira,2,PH SUL (PF),IFCO,6424,explícito,480.0,2
2023-01-18,quarta-feira,2,PH UBAJARA,IFCO,6416,explícito,819.0,86
2023-01-18,quarta-feira,2,PH UBAJARA,IFCO,6424,explícito,519.0,13
2023-01-18,quarta-feira,2,TREB. MINAS,HB,618,rateio_por_capacidade,173.1326447628668,12
2023-01-18,quarta-feira,2,TREB. MINAS,HB,623,rateio_por_capacidade,97.86735523713321,17
2023-01-18,quarta-feira,2,TREB. MINAS,HB,NAO_INFORMADO,sem_base_para_rateio,17.0,2
2023-01-18,quarta-feira,2,TREB. MINAS,IFCO,6416,explícito,831.5333333333333,92
2023-01-18,quarta-feira,2,TREB. MINAS,IFCO,6424,explícito,68.0,22
2023-01-18,quarta-feira,2,TREB. MINAS,IFCO,NAO_INFORMADO,explícito,12.0,1
2023-01-19,quinta-feira,3,PH CORUMBA (PF),IFCO,6416,explícito,21.0,3
2023-01-19,quinta-feira,3,PH CORUMBA (PF),IFCO,6424,explícito,48.0,4
2023-01-19,quinta-feira,3,PH SUL (PF),HB,623,explícito,640.0,2
2023-01-19,quinta-feira,3,PH SUL (PF),IFCO,6424,explícito,640.0,1
2023-01-19,quinta-feira,3,PH UBAJARA,IFCO,6416,explícito,327.0,36
2023-01-19,quinta-feira,3,PH UBAJARA,IFCO,6424,explícito,45.0,9
2023-01-19,quinta-feira,3,TREB. MINAS,IFCO,6416,explícito,360.0,18
2023-01-19,quinta-feira,3,TREB. MINAS,IFCO,6424,explícito,1.0,1
2023-01-19,quinta-feira,3,TREB. MINAS,IFCO,NAO_INFORMADO,explícito,11.0,1
2023-01-20,sexta-feira,4,PH SUL (PF),IFCO,6416,explícito,644.0,4
2023-01-20,sexta-feira,4,PH SUL (PF),IFCO,6424,explícito,640.0,3
2023-01-20,sexta-feira,4,TREB. MINAS,IFCO,6416,explícito,684.0,37
2023-01-20,sexta-feira,4,TREB. MINAS,IFCO,6424,explícito,6.0,4
2023-01-20,sexta-feira,4,TREB. MINAS,IFCO,NAO_INFORMADO,explícito,10.0,2
2023-01-21,sábado,5,PH SUL (PF),HB,623,explícito,1046.0,3
2023-01-21,sábado,5,PH SUL (PF),IFCO,6416,explícito,1076.0,5
2023-01-21,sábado,5,PH SUL (PF),IFCO,6424,explícito,1240.0,5
2023-01-21,sábado,5,TREB. MINAS,HB,618,rateio_por_capacidade,284.29335582451034,30
2023-01-21,sábado,5,TREB. MINAS,HB,623,rateio_por_capacidade,667.7066441754897,50
2023-01-21,sábado,5,TREB. MINAS,HB,NAO_INFORMADO,sem_base_para_rateio,307.0,7
2023-01-21,sábado,5,TREB. MINAS,IFCO,6416,explícito,1394.0,60
2023-01-21,sábado,5,TREB. MINAS,IFCO,6424,explícito,263.0,10
2023-01-21,sábado,5,TREB. MINAS,IFCO,NAO_INFORMADO,explícito,7.0,1
2023-01-23,segunda-feira,0,PH SUL (PF),HB,623,explícito,690.0,2
2023-01-23,segunda-feira,0,PH SUL (PF),IFCO,6416,explícito,178.0,8
2023-01-23,segunda-feira,0,PH SUL (PF),IFCO,6424,explícito,720.0,3
2023-01-23,segunda-feira,0,PH SUL (PF),IFCO,NAO_INFORMADO,explícito,15.0,1
2023-01-23,segunda-feira,0,PH UBAJARA,IFCO,6416,explícito,24.0,4
2023-01-23,segunda-feira,0,PH UBAJARA,IFCO,6424,explícito,68.0,4
2023-01-23,segunda-feira,0,TREB. MINAS,IFCO,6416,explícito,1664.0,57
2023-01-23,segunda-feira,0,TREB. MINAS,IFCO,6424,explícito,169.0,40
2023-01-24,terça-feira,1,PH CORUMBA (PF),IFCO,6416,explícito,100.0,1
2023-01-24,terça-feira,1,PH SUL (PF),HB,623,explícito,1147.0,3
2023-01-24,terça-feira,1,PH SUL (PF),IFCO,6416,explícito,97.0,8
2023-01-24,terça-feira,1,PH SUL (PF),IFCO,6424,explícito,1920.0,8
2023-01-24,terça-feira,1,PH SUL (PF),IFCO,NAO_INFORMADO,explícito,7.0,1
2023-01-24,terça-feira,1,PH UBAJARA,IFCO,6416,explícito,1079.0666666666666,70
2023-01-24,terça-feira,1,PH UBAJARA,IFCO,6424,explícito,374.3,18
2023-01-24,terça-feira,1,PH UBAJARA,IFCO,NAO_INFORMADO,explícito,41.0,1
2023-01-24,terça-feira,1,TREB. CEAGESP,IFCO,6416,explícito,30.0,1
2023-01-24,terça-feira,1,TREB. MINAS,HB,618,rateio_por_capacidade,390.21601661207126,6
2023-01-24,terça-feira,1,TREB. MINAS,HB,623,rateio_por_capacidade,197.78398338792874,8
2023-01-24,terça-feira,1,TREB. MINAS,HB,NAO_INFORMADO,sem_base_para_rateio,46.0,1
2023-01-24,terça-feira,1,TREB. MINAS,IFCO,6416,explícito,638.0,16
2023-01-24,terça-feira,1,TREB. MINAS,IFCO,6424,explícito,2.0,1
2023-01-25,quarta-feira,2,PH CORUMBA (PF),IFCO,6416,explícito,5.0,1
2023-01-25,quarta-feira,2,PH CORUMBA (PF),IFCO,6424,explícito,67.0,29
2023-01-25,quarta-feira,2,PH SUL (PF),HB,623,explícito,1545.0,3
2023-01-25,quarta-feira,2,PH SUL (PF),IFCO,6416,explícito,648.0,14
2023-01-25,quarta-feira,2,PH SUL (PF),IFCO,6424,explícito,2200.0,4
2023-01-25,quarta-feira,2,PH SUL (PF),IFCO,NAO_INFORMADO,explícito,2.0,1
2023-01-25,quarta-feira,2,PH UBAJARA,IFCO,6416,explícito,1001.0,82
2023-01-25,quarta-feira,2,PH UBAJARA,IFCO,6424,explícito,604.0,23
2023-01-25,quarta-feira,2,TREB. MINAS,HB,618,rateio_por_capacidade,276.76535632618305,14
2023-01-25,quarta-feira,2,TREB. MINAS,HB,623,rateio_por_capacidade,128.23464367381692,19
2023-01-25,quarta-feira,2,TREB. MINAS,HB,NAO_INFORMADO,sem_base_para_rateio,18.0,2
2023-01-25,quarta-feira,2,TREB. MINAS,IFCO,6416,explícito,778.0333333333333,105
2023-01-25,quarta-feira,2,TREB. MINAS,IFCO,6424,explícito,173.0,21
2023-01-26,quinta-feira,3,PH CORUMBA (PF),IFCO,6416,explícito,12.0,2
2023-01-26,quinta-feira,3,PH CORUMBA (PF),IFCO,6424,explícito,1.0,1
2023-01-26,quinta-feira,3,PH SUL (PF),HB,623,explícito,690.0,2
2023-01-26,quinta-feira,3,PH SUL (PF),IFCO,6416,explícito,188.0,8
2023-01-26,quinta-feira,3,PH SUL (PF),IFCO,6424,explícito,3760.0,7
2023-01-26,quinta-feira,3,PH SUL (PF),IFCO,NAO_INFORMADO,explícito,5.0,1
2023-01-26,quinta-feira,3,PH UBAJARA,IFCO,6416,explícito,243.0,48
2023-01-26,quinta-feira,3,PH UBAJARA,IFCO,6424,explícito,28.0,11
2023-01-26,quinta-feira,3,TREB. MINAS,IFCO,6416,explícito,538.0,15
2023-01-26,quinta-feira,3,TREB. MINAS,IFCO,6424,explícito,3.0,1
2023-01-27,sexta-feira,4,PH SUL (PF),HB,623,explícito,1050.0,3
2023-01-27,sexta-feira,4,PH SUL (PF),IFCO,6416,explícito,930.0,20
2023-01-27,sexta-feira,4,PH SUL (PF),IFCO,6424,explícito,4480.0,7
2023-01-27,sexta-feira,4,PH SUL (PF),IFCO,NAO_INFORMADO,explícito,4.0,2
2023-01-27,sexta-feira,4,PH UBAJARA,IFCO,6416,explícito,412.0,23
2023-01-27,sexta-feira,4,PH UBAJARA,IFCO,6424,explícito,282.0,17
2023-01-27,sexta-feira,4,TREB. MINAS,IFCO,6416,explícito,1363.8,63
2023-01-27,sexta-feira,4,TREB. MINAS,IFCO,6424,explícito,356.85,15
2023-01-28,sábado,5,F. TAQUARIVAI,HB,623,explícito,318.0,1
2023-01-28,sábado,5,PH SUL (PF),HB,623,explícito,1380.0,2
2023-01-28,sábado,5,PH SUL (PF),IFCO,6416,explícito,1107.0,21
2023-01-28,sábado,5,PH SUL (PF),IFCO,6424,explícito,4010.0,7
2023-01-28,sábado,5,PH SUL (PF),IFCO,NAO_INFORMADO,explícito,3.0,1
2023-01-28,sábado,5,TREB. MINAS,IFCO,6416,explícito,1084.0,55
2023-01-28,sábado,5,TREB. MINAS,IFCO,6424,explícito,103.0,11
2023-01-30,segunda-feira,0,PH SUL (PF),HB,623,explícito,1380.0,2
2023-01-30,segunda-feira,0,PH SUL (PF),IFCO,6416,explícito,1038.0,15
2023-01-30,segunda-feira,0,PH SUL (PF),IFCO,6424,explícito,2520.0,6
2023-01-30,segunda-feira,0,PH SUL (PF),IFCO,NAO_INFORMADO,explícito,2.0,1
2023-01-30,segunda-feira,0,PH UBAJARA,IFCO,6416,explícito,16.0,1
2023-01-30,segunda-feira,0,TREB. MINAS,IFCO,6416,explícito,682.0,42
2023-01-30,segunda-feira,0,TREB. MINAS,IFCO,6424,explícito,274.0,34
2023-01-31,terça-feira,1,PH SUL (PF),HB,623,explícito,690.0,2
2023-01-31,terça-feira,1,PH SUL (PF),IFCO,6416,explícito,932.0,14
2023-01-31,terça-feira,1,PH SUL (PF),IFCO,6424,explícito,160.0,1
2023-01-31,terça-feira,1,PH SUL (PF),IFCO,NAO_INFORMADO,explícito,2.0,1
2023-01-31,terça-feira,1,PH UBAJARA,IFCO,6416,explícito,1741.0,139
2023-01-31,terça-feira,1,PH UBAJARA,IFCO,6424,explícito,482.0,27
2023-01-31,terça-feira,1,PH UBAJARA,IFCO,NAO_INFORMADO,explícito,47.0,1
2023-01-31,terça-feira,1,TREB. MINAS,IFCO,6416,explícito,298.0,10
2023-01-31,terça-feira,1,TREB. MINAS,IFCO,6424,explícito,2.0,1
2023-02-01,quarta-feira,2,F. TAQUARIVAI,HB,623,explícito,680.0,2
2023-02-01,quarta-feira,2,PH CORUMBA (PF),IFCO,6416,explícito,16.0,5
2023-02-01,quarta-feira,2,PH CORUMBA (PF),IFCO,6424,explícito,75.0,31
2023-02-01,quarta-feira,2,PH SUL (PF),HB,623,explícito,2220.0,8
2023-02-01,quarta-feira,2,PH SUL (PF),IFCO,6416,explícito,819.0,13
2023-02-01,quarta-feira,2,PH SUL (PF),IFCO,6424,explícito,280.0,1
2023-02-01,quarta-feira,2,PH SUL (PF),IFCO,NAO_INFORMADO,explícito,6.0,1
2023-02-01,quarta-feira,2,PH UBAJARA,IFCO,6416,explícito,831.0,69
2023-02-01,quarta-feira,2,PH UBAJARA,IFCO,6424,explícito,178.0,12
2023-02-01,quarta-feira,2,TREB. MINAS,HB,618,rateio_por_capacidade,439.91102588842364,30
2023-02-01,quarta-feira,2,TREB. MINAS,HB,623,rateio_por_capacidade,462.0889741115764,48
2023-02-01,quarta-feira,2,TREB. MINAS,HB,NAO_INFORMADO,sem_base_para_rateio,74.0,6
2023-02-01,quarta-feira,2,TREB. MINAS,IFCO,6416,explícito,1191.0,94
2023-02-01,quarta-feira,2,TREB. MINAS,IFCO,6424,explícito,134.0,31
2023-02-02,quinta-feira,3,PH SUL (PF),HB,623,explícito,450.0,2
2023-02-02,quinta-feira,3,PH SUL (PF),IFCO,6416,explícito,178.0,9
2023-02-02,quinta-feira,3,PH SUL (PF),IFCO,6424,explícito,3112.0,7
2023-02-02,quinta-feira,3,PH SUL (PF),IFCO,NAO_INFORMADO,explícito,10.0,1
2023-02-02,quinta-feira,3,PH UBAJARA,IFCO,6416,explícito,29.0,5
2023-02-02,quinta-feira,3,TREB. MINAS,IFCO,6416,explícito,298.0,10
2023-02-02,quinta-feira,3,TREB. MINAS,IFCO,6424,explícito,3.0,1
2023-02-03,sexta-feira,4,PH SUL (PF),HB,618,rateio_por_capacidade,144.8380030951378,1
2023-02-03,sexta-feira,4,PH SUL (PF),HB,623,explícito,1470.0,4
2023-02-03,sexta-feira,4,PH SUL (PF),HB,623,rateio_por_capacidade,14.939774682640193,1
2023-02-03,sexta-feira,4,PH SUL (PF),IFCO,6416,explícito,1024.0,20
2023-02-03,sexta-feira,4,PH SUL (PF),IFCO,6424,explícito,960.0,2
2023-02-03,sexta-feira,4,PH SUL (PF),IFCO,NAO_INFORMADO,explícito,4.0,2
2023-02-03,sexta-feira,4,PH UBAJARA,IFCO,6416,explícito,2.0,1
2023-02-03,sexta-feira,4,TREB. MINAS,IFCO,6416,explícito,633.0,31
2023-02-03,sexta-feira,4,TREB. MINAS,IFCO,6424,explícito,64.0,3
2023-02-04,sábado,5,PH SUL (PF),HB,623,explícito,1660.0,5
2023-02-04,sábado,5,PH SUL (PF),IFCO,6416,explícito,1132.0,21
2023-02-04,sábado,5,PH SUL (PF),IFCO,6424,explícito,1896.0,5
2023-02-04,sábado,5,TREB. MINAS,HB,618,rateio_por_capacidade,21.351563502980284,2
2023-02-04,sábado,5,TREB. MINAS,HB,623,rateio_por_capacidade,46.648436497019716,7
2023-02-04,sábado,5,TREB. MINAS,IFCO,6416,explícito,1120.3333333333333,52
2023-02-04,sábado,5,TREB. MINAS,IFCO,6424,explícito,265.0,8
2023-02-06,segunda-feira,0,F. TAQUARIVAI,IFCO,6424,explícito,640.0,1
2023-02-06,segunda-feira,0,PH SUL (PF),HB,623,explícito,1310.0,3
2023-02-06,segunda-feira,0,PH SUL (PF),IFCO,6416,explícito,813.0,14
2023-02-06,segunda-feira,0,PH SUL (PF),IFCO,6424,explícito,2000.0,4
2023-02-06,segunda-feira,0,PH SUL (PF),IFCO,NAO_INFORMADO,explícito,6.0,1
2023-02-06,segunda-feira,0,PH UBAJARA,IFCO,6416,explícito,575.0,89
2023-02-06,segunda-feira,0,PH UBAJARA,IFCO,6424,explícito,77.0,19
2023-02-06,segunda-feira,0,TREB. CEAGESP,HB,623,explícito,30.0,2
2023-02-06,segunda-feira,0,TREB. MINAS,IFCO,6416,explícito,345.0,30
2023-02-06,segunda-feira,0,TREB. MINAS,IFCO,6424,explícito,429.0,30
2023-02-07,terça-feira,1,PH SUL (PF),HB,623,explícito,1340.0,3
2023-02-07,terça-feira,1,PH SUL (PF),IFCO,6416,explícito,873.0,14
2023-02-07,terça-feira,1,PH SUL (PF),IFCO,6424,explícito,3272.0,12
2023-02-07,terça-feira,1,PH SUL (PF),IFCO,NAO_INFORMADO,explícito,2.0,1
2023-02-07,terça-feira,1,PH UBAJARA,IFCO,6416,explícito,1025.0,57
2023-02-07,terça-feira,1,PH UBAJARA,IFCO,6424,explícito,118.0,12
2023-02-07,terça-feira,1,PH UBAJARA,IFCO,NAO_INFORMADO,explícito,41.0,1
2023-02-07,terça-feira,1,TREB. MINAS,HB,618,rateio_por_capacidade,78.29486404333568,4
2023-02-07,terça-feira,1,TREB. MINAS,HB,623,rateio_por_capacidade,114.70513595666434,6
2023-02-07,terça-feira,1,TREB. MINAS,HB,NAO_INFORMADO,sem_base_para_rateio,36.0,1
2023-02-07,terça-feira,1,TREB. MINAS,IFCO,6416,explícito,253.0,9
2023-02-07,terça-feira,1,TREB. MINAS,IFCO,6424,explícito,1.0,1
2023-02-08,quarta-feira,2,PH SUL (PF),IFCO,6416,explícito,501.0,11
2023-02-08,quarta-feira,2,PH SUL (PF),IFCO,6424,explícito,1280.0,3
2023-02-08,quarta-feira,2,PH SUL (PF),IFCO,NAO_INFORMADO,explícito,4.0,1
2023-02-08,quarta-feira,2,PH UBAJARA,IFCO,6416,explícito,559.0,60
2023-02-08,quarta-feira,2,PH UBAJARA,IFCO,6424,explícito,21.0,6
2023-02-08,quarta-feira,2,TREB. MINAS,HB,618,rateio_por_capacidade,273.0813621104918,23
2023-02-08,quarta-feira,2,TREB. MINAS,HB,623,rateio_por_capacidade,252.9186378895082,32
2023-02-08,quarta-feira,2,TREB. MINAS,HB,NAO_INFORMADO,sem_base_para_rateio,33.0,4
2023-02-08,quarta-feira,2,TREB. MINAS,IFCO,6416,explícito,582.0,73
2023-02-08,quarta-feira,2,TREB. MINAS,IFCO,6424,explícito,149.0,31
2023-02-09,quinta-feira,3,F. TAQUARIVAI,HB,623,explícito,670.0,1
2023-02-09,quinta-feira,3,PH CORUMBA (PF),IFCO,6416,explícito,39.0,11
2023-02-09,quinta-feira,3,PH CORUMBA (PF),IFCO,6424,explícito,106.0,32
2023-02-09,quinta-feira,3,PH SUL (PF),HB,623,explícito,2160.0,4
2023-02-09,quinta-feira,3,PH SUL (PF),IFCO,6416,explícito,248.0,9
2023-02-09,quinta-feira,3,PH SUL (PF),IFCO,6424,explícito,1516.0,3
2023-02-09,quinta-feira,3,PH SUL (PF),IFCO,NAO_INFORMADO,explícito,3.0,1
2023-02-09,quinta-feira,3,PH UBAJARA,IFCO,6416,explícito,1398.0,75
2023-02-09,quinta-feira,3,PH UBAJARA,IFCO,6424,explícito,96.0,12
2023-02-09,quinta-feira,3,TREB. MINAS,HB,618,rateio_por_capacidade,77.55434912682367,3
2023-02-09,quinta-feira,3,TREB. MINAS,HB,623,rateio_por_capacidade,42.445650873176334,8
2023-02-09,quinta-feira,3,TREB. MINAS,IFCO,6416,explícito,1061.0,35
2023-02-09,quinta-feira,3,TREB. MINAS,IFCO,6424,explícito,2.0,1
2023-02-10,sexta-feira,4,PH SUL (PF),HB,623,explícito,670.0,1
2023-02-10,sexta-feira,4,PH SUL (PF),IFCO,6416,explícito,1117.0,19
2023-02-10,sexta-feira,4,PH SUL (PF),IFCO,6424,explícito,880.0,3
2023-02-10,sexta-feira,4,PH SUL (PF),IFCO,NAO_INFORMADO,explícito,4.0,2
2023-02-10,sexta-feira,4,TREB. MINAS,IFCO,6416,explícito,334.54347826086956,26
2023-02-10,sexta-feira,4,TREB. MINAS,IFCO,6424,explícito,2.0,2
2023-02-11,sábado,5,F. TAQUARIVAI,HB,623,explícito,670.0,2
2023-02-11,sábado,5,F. TAQUARIVAI,IFCO,6424,explícito,640.0,1
2023-02-11,sábado,5,PH SUL (PF),IFCO,6416,explícito,1013.0,12
2023-02-11,sábado,5,PH SUL (PF),IFCO,6424,explícito,1120.0,2
2023-02-11,sábado,5,PH SUL (PF),IFCO,NAO_INFORMADO,explícito,2.0,1
2023-02-11,sábado,5,TREB. MINAS,IFCO,6416,explícito,869.0,51
2023-02-11,sábado,5,TREB. MINAS,IFCO,6424,explícito,106.0,9
2023-02-13,segunda-feira,0,PH SUL (PF),HB,623,explícito,670.0,1
2023-02-13,segunda-feira,0,PH SUL (PF),IFCO,6416,explícito,900.0,14
2023-02-13,segunda-feira,0,PH SUL (PF),IFCO,6424,explícito,1240.0,2
2023-02-13,segunda-feira,0,PH SUL (PF),IFCO,NAO_INFORMADO,explícito,6.0,1
2023-02-13,segunda-feira,0,PH UBAJARA,IFCO,6416,explícito,177.0,33
2023-02-13,segunda-feira,0,PH UBAJARA,IFCO,6424,explícito,44.0,4
2023-02-13,segunda-feira,0,TREB. MINAS,IFCO,6416,explícito,380.0,39
2023-02-13,segunda-feira,0,TREB. MINAS,IFCO,6424,explícito,88.90625,28
2023-02-14,terça-feira,1,F. TAQUARIVAI,IFCO,6424,explícito,640.0,2
2023-02-14,terça-feira,1,PH SUL (PF),HB,623,explícito,670.0,2
2023-02-14,terça-feira,1,PH SUL (PF),IFCO,6416,explícito,883.0,14
2023-02-14,terça-feira,1,PH SUL (PF),IFCO,6424,explícito,1920.0,4
2023-02-14,terça-feira,1,PH SUL (PF),IFCO,NAO_INFORMADO,explícito,5.0,1
2023-02-14,terça-feira,1,PH UBAJARA,IFCO,6416,explícito,1082.0,70
2023-02-14,terça-feira,1,PH UBAJARA,IFCO,6424,explícito,212.0,18
2023-02-14,terça-feira,1,PH UBAJARA,IFCO,NAO_INFORMADO,explícito,46.0,1
2023-02-14,terça-feira,1,TREB. MINAS,HB,618,rateio_por_capacidade,93.30001320034032,15
2023-02-14,terça-feira,1,TREB. MINAS,HB,623,rateio_por_capacidade,197.69998679965968,24
2023-02-14,terça-feira,1,TREB. MINAS,HB,NAO_INFORMADO,sem_base_para_rateio,21.0,4
2023-02-14,terça-feira,1,TREB. MINAS,IFCO,6416,explícito,275.0,9
2023-02-14,terça-feira,1,TREB. MINAS,IFCO,6424,explícito,1.0,1
2023-02-15,quarta-feira,2,F. TAQUARIVAI,IFCO,6424,explícito,80.0,1
2023-02-15,quarta-feira,2,PH CASCAVEL,IFCO,6424,explícito,1580.0,6
2023-02-15,quarta-feira,2,PH SUL (PF),HB,623,explícito,670.0,1
2023-02-15,quarta-feira,2,PH SUL (PF),IFCO,6416,explícito,774.0,15
2023-02-15,quarta-feira,2,PH SUL (PF),IFCO,6424,explícito,2100.0,3
2023-02-15,quarta-feira,2,PH SUL (PF),IFCO,NAO_INFORMADO,explícito,7.0,1
2023-02-15,quarta-feira,2,PH UBAJARA,IFCO,6416,explícito,663.0,73
2023-02-15,quarta-feira,2,PH UBAJARA,IFCO,6424,explícito,36.0,6
2023-02-15,quarta-feira,2,TREB. MINAS,HB,618,rateio_por_capacidade,433.6605888647616,15
2023-02-15,quarta-feira,2,TREB. MINAS,HB,623,rateio_por_capacidade,256.3394111352384,19
2023-02-15,quarta-feira,2,TREB. MINAS,HB,NAO_INFORMADO,sem_base_para_rateio,10.0,2
2023-02-15,quarta-feira,2,TREB. MINAS,IFCO,6416,explícito,389.0,46
2023-02-15,quarta-feira,2,TREB. MINAS,IFCO,6424,explícito,59.0,25
2023-02-16,quinta-feira,3,F. TAQUARIVAI,HB,623,explícito,700.0,1
2023-02-16,quinta-feira,3,PH CORUMBA (PF),IFCO,6416,explícito,9.0,2
2023-02-16,quinta-feira,3,PH CORUMBA (PF),IFCO,6424,explícito,66.0,30
2023-02-16,quinta-feira,3,PH SUL (PF),HB,623,explícito,300.0,2
2023-02-16,quinta-feira,3,PH SUL (PF),IFCO,6416,explícito,442.0,20
2023-02-16,quinta-feira,3,PH SUL (PF),IFCO,6424,explícito,1120.0,3
2023-02-16,quinta-feira,3,PH SUL (PF),IFCO,NAO_INFORMADO,explícito,4.0,1
2023-02-16,quinta-feira,3,PH UBAJARA,IFCO,6416,explícito,835.0,36
2023-02-16,quinta-feira,3,PH UBAJARA,IFCO,6424,explícito,64.0,10
2023-02-16,quinta-feira,3,TREB. MINAS,HB,618,rateio_por_capacidade,181.2993084640109,1
2023-02-16,quinta-feira,3,TREB. MINAS,HB,623,rateio_por_capacidade,18.70069153598909,1
2023-02-16,quinta-feira,3,TREB. MINAS,IFCO,6416,explícito,342.0,17
2023-02-16,quinta-feira,3,TREB. MINAS,IFCO,6424,explícito,141.0,11
2023-02-17,sexta-feira,4,PH SUL (PF),HB,623,explícito,1270.0,3
2023-02-17,sexta-feira,4,PH SUL (PF),IFCO,6416,explícito,1039.0,22
2023-02-17,sexta-feira,4,PH SUL (PF),IFCO,6424,explícito,1996.0,4
2023-02-17,sexta-feira,4,PH SUL (PF),IFCO,NAO_INFORMADO,explícito,2.0,2
2023-02-17,sexta-feira,4,PH UBAJARA,IFCO,6416,explícito,14.0,1
2023-02-17,sexta-feira,4,TREB. MINAS,IFCO,6416,explícito,1023.0,45
2023-02-17,sexta-feira,4,TREB. MINAS,IFCO,6424,explícito,2.0,2
2023-02-18,sábado,5,PH SUL (PF),HB,623,explícito,3080.0,9
2023-02-18,sábado,5,PH SUL (PF),IFCO,6416,explícito,618.0,12
2023-02-18,sábado,5,PH SUL (PF),IFCO,6424,explícito,2160.0,4
2023-02-18,sábado,5,PH SUL (PF),IFCO,NAO_INFORMADO,explícito,10.0,1
2023-02-18,sábado,5,TREB. MINAS,HB,618,rateio_por_capacidade,271.94896269601634,1
2023-02-18,sábado,5,TREB. MINAS,HB,623,rateio_por_capacidade,28.051037303983634,1
2023-02-18,sábado,5,TREB. MINAS,IFCO,6416,explícito,1804.0,61
2023-02-18,sábado,5,TREB. MINAS,IFCO,6424,explícito,184.0,9
2023-02-20,segunda-feira,0,PH SUL (PF),HB,623,explícito,1570.0,5
2023-02-20,segunda-feira,0,PH SUL (PF),IFCO,6416,explícito,245.0,7
2023-02-20,segunda-feira,0,PH SUL (PF),IFCO,6424,explícito,1121.0,2
2023-02-20,segunda-feira,0,TREB. MINAS,IFCO,6416,explícito,448.0,44
2023-02-20,segunda-feira,0,TREB. MINAS,IFCO,6424,explícito,95.0,31
2023-02-21,terça-feira,1,F. TAQUARIVAI,IFCO,6424,explícito,640.0,3
2023-02-21,terça-feira,1,PH SUL (PF),HB,623,explícito,830.0,2
2023-02-21,terça-feira,1,PH SUL (PF),IFCO,6416,explícito,1058.0,14
2023-02-21,terça-feira,1,PH SUL (PF),IFCO,6424,explícito,241.0,2
2023-02-21,terça-feira,1,PH SUL (PF),IFCO,NAO_INFORMADO,explícito,1.0,1
2023-02-21,terça-feira,1,PH UBAJARA,IFCO,6416,explícito,1442.0,85
2023-02-21,terça-feira,1,PH UBAJARA,IFCO,6424,explícito,331.0,18
2023-02-21,terça-feira,1,PH UBAJARA,IFCO,NAO_INFORMADO,explícito,53.0,1
2023-02-21,terça-feira,1,TREB. CEAGESP,IFCO,6424,explícito,240.0,1
2023-02-21,terça-feira,1,TREB. MINAS,IFCO,6416,explícito,215.0,8
2023-02-22,quarta-feira,2,PH SUL (PF),IFCO,6416,explícito,777.0,14
2023-02-22,quarta-feira,2,PH SUL (PF),IFCO,6424,explícito,3432.0,7
2023-02-22,quarta-feira,2,PH SUL (PF),IFCO,NAO_INFORMADO,explícito,3.0,1
2023-02-22,quarta-feira,2,PH UBAJARA,IFCO,6416,explícito,689.0,73
2023-02-22,quarta-feira,2,PH UBAJARA,IFCO,6424,explícito,75.0,8
2023-02-22,quarta-feira,2,TREB. MINAS,HB,618,rateio_por_capacidade,143.34636078730253,18
2023-02-22,quarta-feira,2,TREB. MINAS,HB,623,rateio_por_capacidade,527.6536392126975,29
2023-02-22,quarta-feira,2,TREB. MINAS,HB,NAO_INFORMADO,sem_base_para_rateio,33.0,4
2023-02-22,quarta-feira,2,TREB. MINAS,IFCO,6416,explícito,306.0,38
2023-02-22,quarta-feira,2,TREB. MINAS,IFCO,6424,explícito,48.0,26
2023-02-23,quinta-feira,3,PH CORUMBA (PF),IFCO,6424,explícito,74.0,30
2023-02-23,quinta-feira,3,PH SUL (PF),HB,623,explícito,640.0,2
2023-02-23,quinta-feira,3,PH SUL (PF),IFCO,6416,explícito,344.0,16
2023-02-23,quinta-feira,3,PH SUL (PF),IFCO,6424,explícito,3120.0,5
2023-02-23,quinta-feira,3,PH SUL (PF),IFCO,NAO_INFORMADO,explícito,4.0,1
2023-02-23,quinta-feira,3,PH UBAJARA,IFCO,6416,explícito,456.0,16
2023-02-23,quinta-feira,3,PH UBAJARA,IFCO,6424,explícito,48.0,1
2023-02-23,quinta-feira,3,TREB. MINAS,HB,618,rateio_por_capacidade,29.335562549722003,5
2023-02-23,quinta-feira,3,TREB. MINAS,HB,623,rateio_por_capacidade,155.664437450278,12
2023-02-23,quinta-feira,3,TREB. MINAS,HB,NAO_INFORMADO,sem_base_para_rateio,3.0,1
2023-02-23,quinta-feira,3,TREB. MINAS,IFCO,6416,explícito,786.0,33
2023-02-23,quinta-feira,3,TREB. MINAS,IFCO,6424,explícito,151.0,14
2023-02-24,sexta-feira,4,F. TAQUARIVAI,IFCO,6424,explícito,800.0,3
2023-02-24,sexta-feira,4,PH SUL (PF),HB,623,explícito,1340.0,2
2023-02-24,sexta-feira,4,PH SUL (PF),IFCO,6416,explícito,298.0,16
2023-02-24,sexta-feira,4,PH SUL (PF),IFCO,6424,explícito,3600.0,5
2023-02-24,sexta-feira,4,PH SUL (PF),IFCO,NAO_INFORMADO,explícito,3.0,2
2023-02-24,sexta-feira,4,PH UBAJARA,IFCO,6416,explícito,13.0,3
2023-02-24,sexta-feira,4,TREB. MINAS,HB,618,rateio_por_capacidade,197.49364579168702,3
2023-02-24,sexta-feira,4,TREB. MINAS,HB,623,rateio_por_capacidade,139.506354208313,5
2023-02-24,sexta-feira,4,TREB. MINAS,HB,NAO_INFORMADO,sem_base_para_rateio,20.0,1
2023-02-24,sexta-feira,4,TREB. MINAS,IFCO,6416,explícito,658.0,32
2023-02-24,sexta-feira,4,TREB. MINAS,IFCO,6424,explícito,61.0,4
2023-02-25,sábado,5,PH CASCAVEL,IFCO,6424,explícito,440.0,4
2023-02-25,sábado,5,PH SUL (PF),HB,623,explícito,1350.0,3
2023-02-25,sábado,5,PH SUL (PF),IFCO,6416,explícito,1469.0,23
2023-02-25,sábado,5,PH SUL (PF),IFCO,6424,explícito,340.0,1
2023-02-25,sábado,5,PH SUL (PF),IFCO,NAO_INFORMADO,explícito,3.0,1
2023-02-25,sábado,5,PH UBAJARA,IFCO,6416,explícito,558.0,18
2023-02-25,sábado,5,PH UBAJARA,IFCO,6424,explícito,557.0,24
2023-02-25,sábado,5,TREB. MINAS,IFCO,6416,explícito,1115.0,54
2023-02-25,sábado,5,TREB. MINAS,IFCO,6424,explícito,102.0,9
2023-02-27,segunda-feira,0,F. TAQUARIVAI,HB,623,explícito,670.0,1
2023-02-27,segunda-feira,0,PH SUL (PF),HB,623,explícito,1550.0,5
2023-02-27,segunda-feira,0,PH SUL (PF),IFCO,6416,explícito,1046.0,13
2023-02-27,segunda-feira,0,PH SUL (PF),IFCO,6424,explícito,2560.0,4
2023-02-27,segunda-feira,0,PH SUL (PF),IFCO,NAO_INFORMADO,explícito,4.0,1
2023-02-27,segunda-feira,0,PH UBAJARA,IFCO,6416,explícito,441.0,48
2023-02-27,segunda-feira,0,PH UBAJARA,IFCO,6424,explícito,51.0,11
2023-02-27,segunda-feira,0,TREB. MINAS,IFCO,6416,explícito,634.0,44
2023-02-27,segunda-feira,0,TREB. MINAS,IFCO,6424,explícito,87.57142857142857,30
2023-02-28,terça-feira,1,PH SUL (PF),HB,623,explícito,870.0,4
2023-02-28,terça-feira,1,PH SUL (PF),IFCO,6416,explícito,1015.0,14
2023-02-28,terça-feira,1,PH SUL (PF),IFCO,6424,explícito,1120.0,4
2023-02-28,terça-feira,1,PH SUL (PF),IFCO,NAO_INFORMADO,explícito,3.0,1
2023-02-28,terça-feira,1,PH UBAJARA,IFCO,6416,explícito,942.0,58
2023-02-28,terça-feira,1,PH UBAJARA,IFCO,6424,explícito,222.0,14
2023-02-28,terça-feira,1,PH UBAJARA,IFCO,NAO_INFORMADO,explícito,49.0,1
2023-02-28,terça-feira,1,TREB. MINAS,HB,618,rateio_por_capacidade,641.2150969124378,4
2023-02-28,terça-feira,1,TREB. MINAS,HB,623,rateio_por_capacidade,103.78490308756209,8
2023-02-28,terça-feira,1,TREB. MINAS,IFCO,6416,explícito,275.0,8
2023-02-28,terça-feira,1,TREB. MINAS,IFCO,6424,explícito,2.0,1
2023-03-01,quarta-feira,2,PH CORUMBA (PF),IFCO,6416,explícito,12.0,6
2023-03-01,quarta-feira,2,PH CORUMBA (PF),IFCO,6424,explícito,52.0,27
2023-03-01,quarta-feira,2,PH SUL (PF),HB,623,explícito,870.0,4
2023-03-01,quarta-feira,2,PH SUL (PF),IFCO,6416,explícito,1052.0,16
2023-03-01,quarta-feira,2,PH SUL (PF),IFCO,6424,explícito,560.0,2
2023-03-01,quarta-feira,2,PH SUL (PF),IFCO,NAO_INFORMADO,explícito,10.0,1
2023-03-01,quarta-feira,2,PH UBAJARA,IFCO,6416,explícito,627.0,65
2023-03-01,quarta-feira,2,PH UBAJARA,IFCO,6424,explícito,68.0,9
2023-03-01,quarta-feira,2,TREB. MINAS,HB,618,rateio_por_capacidade,61.86559028612976,7
2023-03-01,quarta-feira,2,TREB. MINAS,HB,623,rateio_por_capacidade,171.13440971387024,12
2023-03-01,quarta-feira,2,TREB. MINAS,IFCO,6416,explícito,375.0,46
2023-03-01,quarta-feira,2,TREB. MINAS,IFCO,6424,explícito,138.0,37
2023-03-02,quinta-feira,3,F. TAQUARIVAI,HB,623,explícito,670.0,2
2023-03-02,quinta-feira,3,PH CORUMBA (PF),IFCO,6416,explícito,12.0,2
2023-03-02,quinta-feira,3,PH CORUMBA (PF),IFCO,6424,explícito,24.0,5
2023-03-02,quinta-feira,3,PH SUL (PF),HB,623,explícito,200.0,2
2023-03-02,quinta-feira,3,PH SUL (PF),IFCO,6416,explícito,112.0,8
2023-03-02,quinta-feira,3,PH SUL (PF),IFCO,6424,explícito,3200.0,6
2023-03-02,quinta-feira,3,PH UBAJARA,IFCO,6416,explícito,146.0,34
2023-03-02,quinta-feira,3,PH UBAJARA,IFCO,6424,explícito,66.0,11
2023-03-02,quinta-feira,3,TREB. MINAS,HB,618,rateio_por_capacidade,23.267735980653036,4
2023-03-02,quinta-feira,3,TREB. MINAS,HB,623,rateio_por_capacidade,100.73226401934696,11
2023-03-02,quinta-feira,3,TREB. MINAS,IFCO,6416,explícito,1402.0,26
2023-03-02,quinta-feira,3,TREB. MINAS,IFCO,6424,explícito,2.0,1
2023-03-03,sexta-feira,4,F. TAQUARIVAI,IFCO,6424,explícito,640.0,3
2023-03-03,sexta-feira,4,PH SUL (PF),IFCO,6416,explícito,1192.0,21
2023-03-03,sexta-feira,4,PH SUL (PF),IFCO,6424,explícito,876.0,2
2023-03-03,sexta-feira,4,PH UBAJARA,IFCO,6416,explícito,360.0,13
2023-03-03,sexta-feira,4,PH UBAJARA,IFCO,6424,explícito,57.0,5
2023-03-03,sexta-feira,4,TREB. MINAS,IFCO,6416,explícito,827.0,34
2023-03-03,sexta-feira,4,TREB. MINAS,IFCO,6424,explícito,94.0,15
2023-03-04,sábado,5,F. TAQUARIVAI,HB,623,explícito,500.0,1
2023-03-04,sábado,5,PH CASCAVEL,IFCO,6424,explícito,160.0,1
2023-03-04,sábado,5,PH SUL (PF),HB,623,explícito,1340.0,3
2023-03-04,sábado,5,PH SUL (PF),IFCO,6416,explícito,1318.0,14
2023-03-04,sábado,5,PH SUL (PF),IFCO,6424,explícito,3330.0,7
2023-03-04,sábado,5,PH SUL (PF),IFCO,NAO_INFORMADO,explícito,2.0,1
2023-03-04,sábado,5,TREB. MINAS,IFCO,6416,explícito,952.0,49
2023-03-04,sábado,5,TREB. MINAS,IFCO,6424,explícito,98.0,8
2023-03-06,segunda-feira,0,F. TAQUARIVAI,IFCO,6424,explícito,100.0,1
2023-03-06,segunda-feira,0,PH SUL (PF),HB,623,explícito,615.0,2
2023-03-06,segunda-feira,0,PH SUL (PF),IFCO,6416,explícito,1002.0,13
2023-03-06,segunda-feira,0,PH SUL (PF),IFCO,6424,explícito,1118.0,3
2023-03-06,segunda-feira,0,PH UBAJARA,IFCO,6416,explícito,846.0,51
2023-03-06,segunda-feira,0,PH UBAJARA,IFCO,6424,explícito,175.0,15
2023-03-06,segunda-feira,0,TREB. MINAS,IFCO,6416,explícito,316.0,47
2023-03-06,segunda-feira,0,TREB. MINAS,IFCO,6424,explícito,108.0,49
2023-03-07,terça-feira,1,PH SUL (PF),HB,623,explícito,670.0,1
2023-03-07,terça-feira,1,PH SUL (PF),IFCO,6416,explícito,952.0,15
2023-03-07,terça-feira,1,PH SUL (PF),IFCO,6424,explícito,960.0,2
2023-03-07,terça-feira,1,PH SUL (PF),IFCO,NAO_INFORMADO,explícito,3.0,1
2023-03-07,terça-feira,1,PH UBAJARA,IFCO,6416,explícito,1161.0,72
2023-03-07,terça-feira,1,PH UBAJARA,IFCO,6424,explícito,191.0,16
2023-03-07,terça-feira,1,PH UBAJARA,IFCO,NAO_INFORMADO,explícito,49.0,1
2023-03-07,terça-feira,1,TREB. MINAS,HB,618,rateio_por_capacidade,154.00002495497677,4
2023-03-07,terça-feira,1,TREB. MINAS,HB,623,rateio_por_capacidade,71.99997504502323,8
2023-03-07,terça-feira,1,TREB. MINAS,HB,NAO_INFORMADO,sem_base_para_rateio,5.0,1
2023-03-07,terça-feira,1,TREB. MINAS,IFCO,6416,explícito,587.0,13
2023-03-07,terça-feira,1,TREB. MINAS,IFCO,6424,explícito,59.0,10
2023-03-08,quarta-feira,2,PH CORUMBA (PF),HB,623,explícito,500.0,2
2023-03-08,quarta-feira,2,PH CORUMBA (PF),IFCO,6416,explícito,12.0,2
2023-03-08,quarta-feira,2,PH CORUMBA (PF),IFCO,6424,explícito,719.0,37
2023-03-08,quarta-feira,2,PH SUL (PF),IFCO,6416,explícito,794.0,16
2023-03-08,quarta-feira,2,PH SUL (PF),IFCO,6424,explícito,1832.0,4
2023-03-08,quarta-feira,2,PH SUL (PF),IFCO,NAO_INFORMADO,explícito,8.0,1
2023-03-08,quarta-feira,2,PH UBAJARA,IFCO,6416,explícito,816.5,76
2023-03-08,quarta-feira,2,PH UBAJARA,IFCO,6424,explícito,273.0,11
2023-03-08,quarta-feira,2,TREB. MINAS,HB,618,rateio_por_capacidade,604.5576311098221,23
2023-03-08,quarta-feira,2,TREB. MINAS,HB,623,rateio_por_capacidade,298.4423688901778,36
2023-03-08,quarta-feira,2,TREB. MINAS,HB,NAO_INFORMADO,sem_base_para_rateio,10.0,2
2023-03-08,quarta-feira,2,TREB. MINAS,IFCO,6416,explícito,280.0,42
2023-03-08,quarta-feira,2,TREB. MINAS,IFCO,6424,explícito,46.0,22
2023-03-09,quinta-feira,3,PH CORUMBA (PF),HB,623,explícito,540.0,2
2023-03-09,quinta-feira,3,PH CORUMBA (PF),HB,623,rateio_por_capacidade,65.0,3
2023-03-09,quinta-feira,3,PH CORUMBA (PF),IFCO,6424,explícito,520.0,1
2023-03-09,quinta-feira,3,PH SUL (PF),IFCO,6416,explícito,127.0,9
2023-03-09,quinta-feira,3,PH SUL (PF),IFCO,6424,explícito,1280.0,4
2023-03-09,quinta-feira,3,PH SUL (PF),IFCO,NAO_INFORMADO,explícito,5.0,1
2023-03-09,quinta-feira,3,PH UBAJARA,IFCO,6416,explícito,352.0,42
2023-03-09,quinta-feira,3,PH UBAJARA,IFCO,6424,explícito,53.0,11
2023-03-09,quinta-feira,3,TREB. MINAS,HB,618,rateio_por_capacidade,187.75168886199276,3
2023-03-09,quinta-feira,3,TREB. MINAS,HB,623,rateio_por_capacidade,17.248311138007228,3
2023-03-09,quinta-feira,3,TREB. MINAS,IFCO,6416,explícito,955.0,34
2023-03-09,quinta-feira,3,TREB. MINAS,IFCO,6424,explícito,1.0,1
2023-03-10,sexta-feira,4,PH CORUMBA (PF),HB,623,explícito,660.0,2
2023-03-10,sexta-feira,4,PH SUL (PF),IFCO,6416,explícito,1109.0,21
2023-03-10,sexta-feira,4,PH SUL (PF),IFCO,6424,explícito,1600.0,3
2023-03-10,sexta-feira,4,PH SUL (PF),IFCO,NAO_INFORMADO,explícito,3.0,2
2023-03-10,sexta-feira,4,PH UBAJARA,IFCO,6416,explícito,2.0,1
2023-03-10,sexta-feira,4,TREB. MINAS,IFCO,6416,explícito,465.0,21
2023-03-10,sexta-feira,4,TREB. MINAS,IFCO,6424,explícito,2.0,2
2023-03-11,sábado,5,PH CASCAVEL,IFCO,6424,explícito,400.0,2
2023-03-11,sábado,5,PH CORUMBA (PF),IFCO,6424,explícito,640.0,2
2023-03-11,sábado,5,PH SUL (PF),HB,623,explícito,670.0,2
2023-03-11,sábado,5,PH SUL (PF),IFCO,6416,explícito,1071.0,18
2023-03-11,sábado,5,PH SUL (PF),IFCO,6424,explícito,920.0,3
2023-03-11,sábado,5,PH SUL (PF),IFCO,NAO_INFORMADO,explícito,2.0,1
2023-03-11,sábado,5,PH UBAJARA,IFCO,6416,explícito,854.0,24
2023-03-11,sábado,5,PH UBAJARA,IFCO,NAO_INFORMADO,explícito,55.0,1
2023-03-11,sábado,5,TREB. MINAS,IFCO,6416,explícito,1155.0,51
2023-03-11,sábado,5,TREB. MINAS,IFCO,6424,explícito,201.0,11
2023-03-13,segunda-feira,0,PH SUL (PF),HB,623,explícito,200.0,2
2023-03-13,segunda-feira,0,PH SUL (PF),IFCO,6416,explícito,1024.0,22
2023-03-13,segunda-feira,0,PH SUL (PF),IFCO,6424,explícito,2323.0,6
2023-03-13,segunda-feira,0,PH SUL (PF),IFCO,NAO_INFORMADO,explícito,6.0,1
2023-03-13,segunda-feira,0,PH UBAJARA,IFCO,6416,explícito,22.0,6
2023-03-13,segunda-feira,0,TREB. MINAS,IFCO,6416,explícito,763.0,43
2023-03-13,segunda-feira,0,TREB. MINAS,IFCO,6424,explícito,188.0,53
2023-03-14,terça-feira,1,PH CORUMBA (PF),HB,623,explícito,670.0,2
2023-03-14,terça-feira,1,PH SUL (PF),HB,623,explícito,870.0,4
2023-03-14,terça-feira,1,PH SUL (PF),IFCO,6416,explícito,999.0,16
2023-03-14,terça-feira,1,PH SUL (PF),IFCO,6424,explícito,2873.0,7
2023-03-14,terça-feira,1,PH SUL (PF),IFCO,NAO_INFORMADO,explícito,2.0,1
2023-03-14,terça-feira,1,PH UBAJARA,IFCO,6416,explícito,788.0,53
2023-03-14,terça-feira,1,PH UBAJARA,IFCO,6424,explícito,400.0,24
2023-03-14,terça-feira,1,TREB. MINAS,IFCO,6416,explícito,214.38888888888889,11
2023-03-14,terça-feira,1,TREB. MINAS,IFCO,6424,explícito,2.0,1
2023-03-15,quarta-feira,2,PH CORUMBA (PF),HB,623,explícito,1170.0,4
2023-03-15,quarta-feira,2,PH CORUMBA (PF),IFCO,6416,explícito,11.0,2
2023-03-15,quarta-feira,2,PH CORUMBA (PF),IFCO,6424,explícito,2.0,1
2023-03-15,quarta-feira,2,PH SUL (PF),HB,623,explícito,1440.0,4
2023-03-15,quarta-feira,2,PH SUL (PF),IFCO,6416,explícito,801.0,13
2023-03-15,quarta-feira,2,PH SUL (PF),IFCO,6424,explícito,300.0,1
2023-03-15,quarta-feira,2,PH SUL (PF),IFCO,NAO_INFORMADO,explícito,3.0,1
2023-03-15,quarta-feira,2,PH UBAJARA,IFCO,6416,explícito,1043.0,113
2023-03-15,quarta-feira,2,PH UBAJARA,IFCO,6424,explícito,303.0,18
2023-03-15,quarta-feira,2,TREB. MINAS,HB,618,rateio_por_capacidade,499.0478865563813,11
2023-03-15,quarta-feira,2,TREB. MINAS,HB,623,rateio_por_capacidade,174.9521134436187,13
2023-03-15,quarta-feira,2,TREB. MINAS,HB,NAO_INFORMADO,sem_base_para_rateio,26.0,2
2023-03-15,quarta-feira,2,TREB. MINAS,IFCO,6416,explícito,770.0,56
2023-03-15,quarta-feira,2,TREB. MINAS,IFCO,6424,explícito,29.0,8
2023-03-16,quinta-feira,3,PH SUL (PF),HB,623,explícito,200.0,2
2023-03-16,quinta-feira,3,PH SUL (PF),IFCO,6416,explícito,346.0,9
2023-03-16,quinta-feira,3,PH SUL (PF),IFCO,6424,explícito,4400.0,7
2023-03-16,quinta-feira,3,PH SUL (PF),IFCO,NAO_INFORMADO,explícito,6.0,1
2023-03-16,quinta-feira,3,PH UBAJARA,IFCO,6416,explícito,299.0,57
2023-03-16,quinta-feira,3,PH UBAJARA,IFCO,6424,explícito,88.0,14
2023-03-16,quinta-feira,3,TREB. MINAS,HB,618,rateio_por_capacidade,316.4117024941952,11
2023-03-16,quinta-feira,3,TREB. MINAS,HB,623,rateio_por_capacidade,228.58829750580475,16
2023-03-16,quinta-feira,3,TREB. MINAS,HB,NAO_INFORMADO,sem_base_para_rateio,20.0,2
2023-03-16,quinta-feira,3,TREB. MINAS,IFCO,6416,explícito,394.0,14
2023-03-16,quinta-feira,3,TREB. MINAS,IFCO,6424,explícito,5.0,3
2023-03-17,sexta-feira,4,PH SUL (PF),IFCO,6416,explícito,981.0,16
2023-03-17,sexta-feira,4,PH SUL (PF),IFCO,6424,explícito,2000.0,5
2023-03-17,sexta-feira,4,PH SUL (PF),IFCO,NAO_INFORMADO,explícito,5.0,2
2023-03-17,sexta-feira,4,TREB. MINAS,HB,618,rateio_por_capacidade,3.654382908998283,5
2023-03-17,sexta-feira,4,TREB. MINAS,HB,623,rateio_por_capacidade,4.345617091001717,7
2023-03-17,sexta-feira,4,TREB. MINAS,HB,NAO_INFORMADO,sem_base_para_rateio,1.0,1
2023-03-17,sexta-feira,4,TREB. MINAS,IFCO,6416,explícito,922.0,41
2023-03-17,sexta-feira,4,TREB. MINAS,IFCO,6424,explícito,66.0,4
2023-03-18,sábado,5,PH CORUMBA (PF),HB,623,explícito,1018.0,3
2023-03-18,sábado,5,PH SUL (PF),HB,623,explícito,670.0,2
2023-03-18,sábado,5,PH SUL (PF),IFCO,6416,explícito,1813.0,19
2023-03-18,sábado,5,PH SUL (PF),IFCO,6424,explícito,2825.0,5
2023-03-18,sábado,5,PH SUL (PF),IFCO,NAO_INFORMADO,explícito,7.0,1
2023-03-18,sábado,5,TREB. MINAS,HB,618,rateio_por_capacidade,256.87091212731184,8
2023-03-18,sábado,5,TREB. MINAS,HB,623,rateio_por_capacidade,175.1290878726881,15
2023-03-18,sábado,5,TREB. MINAS,HB,NAO_INFORMADO,sem_base_para_rateio,360.0,1
2023-03-18,sábado,5,TREB. MINAS,IFCO,6416,explícito,961.0,44
2023-03-18,sábado,5,TREB. MINAS,IFCO,6424,explícito,143.0,9
2023-03-20,segunda-feira,0,PH CASCAVEL,IFCO,6424,explícito,430.0,1
2023-03-20,segunda-feira,0,PH SUL (PF),IFCO,6416,explícito,668.0,13
2023-03-20,segunda-feira,0,PH SUL (PF),IFCO,6424,explícito,1760.0,2
2023-03-20,segunda-feira,0,PH SUL (PF),IFCO,NAO_INFORMADO,explícito,8.0,1
2023-03-20,segunda-feira,0,PH UBAJARA,IFCO,6416,explícito,617.0,50
2023-03-20,segunda-feira,0,PH UBAJARA,IFCO,6424,explícito,105.0,2
2023-03-20,segunda-feira,0,PH UBAJARA,IFCO,NAO_INFORMADO,explícito,27.0,1
2023-03-20,segunda-feira,0,TREB. MINAS,IFCO,6416,explícito,1054.0,40
2023-03-20,segunda-feira,0,TREB. MINAS,IFCO,6424,explícito,145.0,27
2023-03-21,terça-feira,1,PH CORUMBA (PF),HB,623,explícito,670.0,2
2023-03-21,terça-feira,1,PH SUL (PF),HB,623,explícito,200.0,2
2023-03-21,terça-feira,1,PH SUL (PF),IFCO,6416,explícito,577.0,13
2023-03-21,terça-feira,1,PH SUL (PF),IFCO,6424,explícito,1596.0,3
2023-03-21,terça-feira,1,PH SUL (PF),IFCO,NAO_INFORMADO,explícito,6.0,1
2023-03-21,terça-feira,1,PH UBAJARA,IFCO,6416,explícito,404.9,54
2023-03-21,terça-feira,1,PH UBAJARA,IFCO,6424,explícito,185.0,20
2023-03-21,terça-feira,1,TREB. MINAS,HB,618,rateio_por_capacidade,308.6357862262953,2
2023-03-21,terça-feira,1,TREB. MINAS,HB,623,rateio_por_capacidade,41.36421377370475,2
2023-03-21,terça-feira,1,TREB. MINAS,IFCO,6416,explícito,792.5555555555555,11
2023-03-21,terça-feira,1,TREB. MINAS,IFCO,6424,explícito,2.0,1
2023-03-22,quarta-feira,2,PH CORUMBA (PF),HB,623,explícito,668.0,2
2023-03-22,quarta-feira,2,PH CORUMBA (PF),IFCO,6416,explícito,16.0,2
2023-03-22,quarta-feira,2,PH CORUMBA (PF),IFCO,6424,explícito,93.0,6
2023-03-22,quarta-feira,2,PH SUL (PF),HB,623,explícito,870.0,4
2023-03-22,quarta-feira,2,PH SUL (PF),IFCO,6416,explícito,923.0,14
2023-03-22,quarta-feira,2,PH SUL (PF),IFCO,6424,explícito,1140.0,4
2023-03-22,quarta-feira,2,PH SUL (PF),IFCO,NAO_INFORMADO,explícito,4.0,1
2023-03-22,quarta-feira,2,PH UBAJARA,IFCO,6416,explícito,725.0,95
2023-03-22,quarta-feira,2,PH UBAJARA,IFCO,6424,explícito,290.0,20
2023-03-22,quarta-feira,2,TREB. MINAS,HB,618,rateio_por_capacidade,227.928445253154,6
2023-03-22,quarta-feira,2,TREB. MINAS,HB,623,rateio_por_capacidade,247.07155474684603,10
2023-03-22,quarta-feira,2,TREB. MINAS,IFCO,6416,explícito,552.2777777777778,40
2023-03-22,quarta-feira,2,TREB. MINAS,IFCO,6424,explícito,82.0,10
2023-03-23,quinta-feira,3,PH SUL (PF),HB,623,explícito,830.0,4
2023-03-23,quinta-feira,3,PH SUL (PF),IFCO,6416,explícito,239.0,9
2023-03-23,quinta-feira,3,PH SUL (PF),IFCO,6424,explícito,800.0,3
2023-03-23,quinta-feira,3,PH SUL (PF),IFCO,NAO_INFORMADO,explícito,5.0,1
2023-03-23,quinta-feira,3,PH UBAJARA,IFCO,6416,explícito,530.0,39
2023-03-23,quinta-feira,3,PH UBAJARA,IFCO,6424,explícito,12.0,1
2023-03-23,quinta-feira,3,TREB. MINAS,HB,618,rateio_por_capacidade,653.4762127350812,17
2023-03-23,quinta-feira,3,TREB. MINAS,HB,623,rateio_por_capacidade,225.52378726491887,21
2023-03-23,quinta-feira,3,TREB. MINAS,HB,NAO_INFORMADO,sem_base_para_rateio,34.0,2
2023-03-23,quinta-feira,3,TREB. MINAS,IFCO,6416,explícito,1125.0,31
2023-03-23,quinta-feira,3,TREB. MINAS,IFCO,6424,explícito,3.0,1
2023-03-24,sexta-feira,4,PH CORUMBA (PF),IFCO,6424,explícito,49.0,2
2023-03-24,sexta-feira,4,PH SUL (PF),HB,623,explícito,500.0,2
2023-03-24,sexta-feira,4,PH SUL (PF),IFCO,6416,explícito,1111.0,20
2023-03-24,sexta-feira,4,PH SUL (PF),IFCO,6424,explícito,876.0,3
2023-03-24,sexta-feira,4,PH SUL (PF),IFCO,NAO_INFORMADO,explícito,4.0,2
2023-03-24,sexta-feira,4,PH UBAJARA,IFCO,6416,explícito,26.0,7
2023-03-24,sexta-feira,4,PH UBAJARA,IFCO,6424,explícito,8.0,3
2023-03-24,sexta-feira,4,TREB. MINAS,IFCO,6416,explícito,491.0,31
2023-03-24,sexta-feira,4,TREB. MINAS,IFCO,6424,explícito,11.0,4
2023-03-25,sábado,5,PH CORUMBA (PF),HB,623,explícito,670.0,1
2023-03-25,sábado,5,PH SUL (PF),IFCO,6416,explícito,856.0,13
2023-03-25,sábado,5,PH SUL (PF),IFCO,6424,explícito,1714.0,4
2023-03-25,sábado,5,PH SUL (PF),IFCO,NAO_INFORMADO,explícito,2.0,1
2023-03-25,sábado,5,TREB. MINAS,HB,618,rateio_por_capacidade,211.2136943605727,1
2023-03-25,sábado,5,TREB. MINAS,HB,623,rateio_por_capacidade,21.78630563942729,1
2023-03-25,sábado,5,TREB. MINAS,IFCO,6416,explícito,877.0,42
2023-03-25,sábado,5,TREB. MINAS,IFCO,6424,explícito,185.0,7
2023-03-27,segunda-feira,0,PH SUL (PF),IFCO,6416,explícito,669.0,12
2023-03-27,segunda-feira,0,PH SUL (PF),IFCO,6424,explícito,480.0,2
2023-03-27,segunda-feira,0,PH SUL (PF),IFCO,NAO_INFORMADO,explícito,5.0,1
2023-03-27,segunda-feira,0,PH UBAJARA,IFCO,6416,explícito,1249.0,50
2023-03-27,segunda-feira,0,PH UBAJARA,IFCO,6424,explícito,382.0,27
2023-03-27,segunda-feira,0,TREB. MINAS,IFCO,6416,explícito,407.0,36
2023-03-27,segunda-feira,0,TREB. MINAS,IFCO,6424,explícito,82.0,42
2023-03-28,terça-feira,1,PH CASCAVEL,IFCO,6424,explícito,600.0,2
2023-03-28,terça-feira,1,PH CORUMBA (PF),HB,623,explícito,500.0,2
2023-03-28,terça-feira,1,PH CORUMBA (PF),IFCO,6424,explícito,636.0,2
2023-03-28,terça-feira,1,PH SUL (PF),IFCO,6416,explícito,695.0,14
2023-03-28,terça-feira,1,PH SUL (PF),IFCO,6424,explícito,876.0,3
2023-03-28,terça-feira,1,PH SUL (PF),IFCO,NAO_INFORMADO,explícito,3.0,1
2023-03-28,terça-feira,1,PH UBAJARA,IFCO,6416,explícito,1085.0,75
2023-03-28,terça-feira,1,PH UBAJARA,IFCO,6424,explícito,217.0,16
2023-03-28,terça-feira,1,PH UBAJARA,IFCO,NAO_INFORMADO,explícito,26.0,1
2023-03-28,terça-feira,1,TREB. MINAS,HB,618,rateio_por_capacidade,105.66902273390133,10
2023-03-28,terça-feira,1,TREB. MINAS,HB,623,rateio_por_capacidade,163.33097726609867,12
2023-03-28,terça-feira,1,TREB. MINAS,HB,NAO_INFORMADO,sem_base_para_rateio,5.0,1
2023-03-28,terça-feira,1,TREB. MINAS,IFCO,6416,explícito,503.0,37
2023-03-28,terça-feira,1,TREB. MINAS,IFCO,6424,explícito,174.0,5
2023-03-29,quarta-feira,2,PH CORUMBA (PF),HB,623,explícito,680.0,2
2023-03-29,quarta-feira,2,PH CORUMBA (PF),IFCO,6416,explícito,24.0,4
2023-03-29,quarta-feira,2,PH CORUMBA (PF),IFCO,6424,explícito,107.0,6
2023-03-29,quarta-feira,2,PH SUL (PF),IFCO,6416,explícito,877.0,21
2023-03-29,quarta-feira,2,PH SUL (PF),IFCO,6424,explícito,780.0,2
2023-03-29,quarta-feira,2,PH SUL (PF),IFCO,NAO_INFORMADO,explícito,2.0,1
2023-03-29,quarta-feira,2,PH UBAJARA,IFCO,6416,explícito,1062.0,99
2023-03-29,quarta-feira,2,PH UBAJARA,IFCO,6424,explícito,292.0,19
2023-03-29,quarta-feira,2,TREB. MINAS,HB,618,rateio_por_capacidade,159.3849225674491,2
2023-03-29,quarta-feira,2,TREB. MINAS,HB,623,explícito,670.0,1
2023-03-29,quarta-feira,2,TREB. MINAS,HB,623,rateio_por_capacidade,30.61507743255089,4
2023-03-29,quarta-feira,2,TREB. MINAS,HB,NAO_INFORMADO,sem_base_para_rateio,1.0,1
2023-03-29,quarta-feira,2,TREB. MINAS,IFCO,6416,explícito,1312.0,69
2023-03-29,quarta-feira,2,TREB. MINAS,IFCO,6424,explícito,210.0,12
2023-03-30,quinta-feira,3,PH CORUMBA (PF),IFCO,6416,explícito,200.0,1
2023-03-30,quinta-feira,3,PH SUL (PF),IFCO,6416,explícito,151.0,9
2023-03-30,quinta-feira,3,PH SUL (PF),IFCO,6424,explícito,240.0,1
2023-03-30,quinta-feira,3,PH SUL (PF),IFCO,NAO_INFORMADO,explícito,1.0,1
2023-03-30,quinta-feira,3,PH UBAJARA,IFCO,6416,explícito,299.0,38
2023-03-30,quinta-feira,3,PH UBAJARA,IFCO,6424,explícito,328.0,15
2023-03-30,quinta-feira,3,TREB. MINAS,HB,618,rateio_por_capacidade,94.93037537814229,12
2023-03-30,quinta-feira,3,TREB. MINAS,HB,623,explícito,315.0,1
2023-03-30,quinta-feira,3,TREB. MINAS,HB,623,rateio_por_capacidade,345.0696246218577,23
2023-03-30,quinta-feira,3,TREB. MINAS,HB,NAO_INFORMADO,sem_base_para_rateio,214.0,3
2023-03-30,quinta-feira,3,TREB. MINAS,IFCO,6416,explícito,617.0,16
2023-03-30,quinta-feira,3,TREB. MINAS,IFCO,6424,explícito,642.0,2
2023-03-31,sexta-feira,4,PH CORUMBA (PF),IFCO,6424,explícito,640.0,1
2023-03-31,sexta-feira,4,PH SUL (PF),IFCO,6416,explícito,1115.0,21
2023-03-31,sexta-feira,4,PH SUL (PF),IFCO,6424,explícito,1360.0,2
2023-03-31,sexta-feira,4,PH SUL (PF),IFCO,NAO_INFORMADO,explícito,2.0,1
2023-03-31,sexta-feira,4,PH UBAJARA,IFCO,6416,explícito,278.0,19
2023-03-31,sexta-feira,4,PH UBAJARA,IFCO,6424,explícito,7.0,1
2023-03-31,sexta-feira,4,TREB. MINAS,HB,623,explícito,560.0,1
2023-03-31,sexta-feira,4,TREB. MINAS,IFCO,6416,explícito,373.0,22
2023-03-31,sexta-feira,4,TREB. MINAS,IFCO,6424,explícito,642.0,4
2023-04-01,sábado,5,PH CORUMBA (PF),HB,623,explícito,670.0,2
2023-04-01,sábado,5,PH SUL (PF),IFCO,6416,explícito,1272.0,10
2023-04-01,sábado,5,PH SUL (PF),IFCO,6424,explícito,878.0,2
2023-04-01,sábado,5,PH SUL (PF),IFCO,NAO_INFORMADO,explícito,9.0,1
2023-04-01,sábado,5,PH UBAJARA,IFCO,6416,explícito,1.0,1
2023-04-01,sábado,5,TREB. MINAS,HB,618,rateio_por_capacidade,460.0207087937444,3
2023-04-01,sábado,5,TREB. MINAS,HB,623,rateio_por_capacidade,56.97929120625564,3
2023-04-01,sábado,5,TREB. MINAS,IFCO,6416,explícito,1511.0,54
2023-04-01,sábado,5,TREB. MINAS,IFCO,6424,explícito,1466.0,22
2023-04-03,segunda-feira,0,PH CASCAVEL,IFCO,6424,explícito,1075.0,2
2023-04-03,segunda-feira,0,PH CORUMBA (PF),HB,623,explícito,670.0,2
2023-04-03,segunda-feira,0,PH SUL (PF),IFCO,6416,explícito,695.0,6
2023-04-03,segunda-feira,0,PH UBAJARA,IFCO,6416,explícito,564.0,95
2023-04-03,segunda-feira,0,PH UBAJARA,IFCO,6424,explícito,205.0,34
2023-04-03,segunda-feira,0,TREB. MINAS,HB,618,rateio_por_capacidade,652.6775104704393,2
2023-04-03,segunda-feira,0,TREB. MINAS,HB,623,rateio_por_capacidade,67.32248952956073,2
2023-04-03,segunda-feira,0,TREB. MINAS,IFCO,6416,explícito,746.0,42
2023-04-03,segunda-feira,0,TREB. MINAS,IFCO,6424,explícito,822.0,46
2023-04-04,terça-feira,1,PH CORUMBA (PF),IFCO,6424,explícito,560.0,2
2023-04-04,terça-feira,1,PH SUL (PF),IFCO,6416,explícito,792.0,5
2023-04-04,terça-feira,1,PH UBAJARA,IFCO,6416,explícito,1878.0,132
2023-04-04,terça-feira,1,PH UBAJARA,IFCO,6424,explícito,348.0,13
2023-04-04,terça-feira,1,PH UBAJARA,IFCO,NAO_INFORMADO,explícito,31.0,1
2023-04-04,terça-feira,1,TREB. MINAS,HB,618,rateio_por_capacidade,230.1514788349036,12
2023-04-04,terça-feira,1,TREB. MINAS,HB,623,explícito,670.0,1
2023-04-04,terça-feira,1,TREB. MINAS,HB,623,rateio_por_capacidade,163.84852116509643,16
2023-04-04,terça-feira,1,TREB. MINAS,HB,NAO_INFORMADO,sem_base_para_rateio,18.0,2
2023-04-04,terça-feira,1,TREB. MINAS,IFCO,6416,explícito,592.0,31
2023-04-04,terça-feira,1,TREB. MINAS,IFCO,6424,explícito,1122.0,5
2023-04-04,terça-feira,1,TREB. MINAS,IFCO,NAO_INFORMADO,explícito,3.0,1
2023-04-05,quarta-feira,2,PH CORUMBA (PF),HB,623,explícito,934.0,3
2023-04-05,quarta-feira,2,PH CORUMBA (PF),IFCO,6416,explícito,99.0,4
2023-04-05,quarta-feira,2,PH CORUMBA (PF),IFCO,6424,explícito,314.0,7
2023-04-05,quarta-feira,2,PH SUL (PF),IFCO,6424,explícito,640.0,1
2023-04-05,quarta-feira,2,PH UBAJARA,IFCO,6416,explícito,134.0,27
2023-04-05,quarta-feira,2,PH UBAJARA,IFCO,6424,explícito,72.0,13
2023-04-05,quarta-feira,2,TREB. MINAS,HB,618,rateio_por_capacidade,194.7179792232885,10
2023-04-05,quarta-feira,2,TREB. MINAS,HB,623,rateio_por_capacidade,91.2820207767115,12
2023-04-05,quarta-feira,2,TREB. MINAS,HB,NAO_INFORMADO,sem_base_para_rateio,15.0,1
2023-04-05,quarta-feira,2,TREB. MINAS,IFCO,6416,explícito,1036.0,69
2023-04-05,quarta-feira,2,TREB. MINAS,IFCO,6424,explícito,552.0,10
2023-04-05,quarta-feira,2,TREB. MINAS,IFCO,NAO_INFORMADO,explícito,4.0,1
2023-04-06,quinta-feira,3,PH CORUMBA (PF),HB,623,explícito,90.0,1
2023-04-06,quinta-feira,3,PH CORUMBA (PF),IFCO,6424,explícito,569.0,3
2023-04-06,quinta-feira,3,PH SUL (PF),IFCO,6424,explícito,500.0,1
2023-04-06,quinta-feira,3,PH UBAJARA,IFCO,6416,explícito,25.0,4
2023-04-06,quinta-feira,3,TREB. MINAS,HB,623,explícito,670.0,1
2023-04-06,quinta-feira,3,TREB. MINAS,IFCO,6416,explícito,959.0,38
2023-04-06,quinta-feira,3,TREB. MINAS,IFCO,6424,explícito,1600.0,9
2023-04-06,quinta-feira,3,TREB. MINAS,IFCO,NAO_INFORMADO,explícito,5.0,1
2023-04-07,sexta-feira,4,TREB. MINAS,IFCO,6416,explícito,246.0,14
2023-04-07,sexta-feira,4,TREB. MINAS,IFCO,6424,explícito,2.0,1
2023-04-07,sexta-feira,4,TREB. MINAS,IFCO,NAO_INFORMADO,explícito,3.0,1
2023-04-08,sábado,5,PH CORUMBA (PF),HB,623,explícito,580.0,2
2023-04-08,sábado,5,PH SUL (PF),IFCO,6416,explícito,678.0,4
2023-04-08,sábado,5,TREB. MINAS,HB,618,rateio_por_capacidade,520.9070481147454,6
2023-04-08,sábado,5,TREB. MINAS,HB,623,explícito,2000.0,5
2023-04-08,sábado,5,TREB. MINAS,HB,623,rateio_por_capacidade,159.0929518852546,14
2023-04-08,sábado,5,TREB. MINAS,IFCO,6416,explícito,1290.0,53
2023-04-08,sábado,5,TREB. MINAS,IFCO,6424,explícito,462.0,10
2023-04-08,sábado,5,TREB. MINAS,IFCO,NAO_INFORMADO,explícito,3.0,1
2023-04-10,segunda-feira,0,PH CASCAVEL,IFCO,6424,explícito,362.0,5
2023-04-10,segunda-feira,0,PH CORUMBA (PF),HB,623,explícito,550.0,2
2023-04-10,segunda-feira,0,PH CORUMBA (PF),IFCO,6424,explícito,314.0,2
2023-04-10,segunda-feira,0,PH UBAJARA,IFCO,6416,explícito,347.0,27
2023-04-10,segunda-feira,0,PH UBAJARA,IFCO,6424,explícito,20.0,1
2023-04-10,segunda-feira,0,TREB. MINAS,IFCO,6416,explícito,1143.0,52
2023-04-10,segunda-feira,0,TREB. MINAS,IFCO,6424,explícito,1527.0,45
2023-04-10,segunda-feira,0,TREB. MINAS,IFCO,NAO_INFORMADO,explícito,9.0,1
2023-04-11,terça-feira,1,PH CORUMBA (PF),IFCO,6424,explícito,578.0,2
2023-04-11,terça-feira,1,PH UBAJARA,IFCO,6416,explícito,675.0,26
2023-04-11,terça-feira,1,PH UBAJARA,IFCO,6424,explícito,0.0,1
2023-04-11,terça-feira,1,PH UBAJARA,IFCO,NAO_INFORMADO,explícito,39.0,1
2023-04-11,terça-feira,1,TREB. MINAS,HB,623,explícito,200.0,2
2023-04-11,terça-feira,1,TREB. MINAS,IFCO,6416,explícito,1536.0,75
2023-04-11,terça-feira,1,TREB. MINAS,IFCO,6424,explícito,1242.0,22
2023-04-11,terça-feira,1,TREB. MINAS,IFCO,NAO_INFORMADO,explícito,3.0,1
2023-04-12,quarta-feira,2,PH CORUMBA (PF),HB,623,explícito,668.0,2
2023-04-12,quarta-feira,2,PH CORUMBA (PF),IFCO,6416,explícito,60.0,1
2023-04-12,quarta-feira,2,PH CORUMBA (PF),IFCO,6424,explícito,72.0,5
2023-04-12,quarta-feira,2,PH SUL (PF),IFCO,6424,explícito,579.0,1
2023-04-12,quarta-feira,2,PH UBAJARA,IFCO,6416,explícito,850.0,75
2023-04-12,quarta-feira,2,PH UBAJARA,IFCO,6424,explícito,58.0,12
2023-04-12,quarta-feira,2,TREB. MINAS,HB,618,rateio_por_capacidade,298.8419434501808,12
2023-04-12,quarta-feira,2,TREB. MINAS,HB,623,explícito,1370.0,5
2023-04-12,quarta-feira,2,TREB. MINAS,HB,623,rateio_por_capacidade,212.1580565498192,22
2023-04-12,quarta-feira,2,TREB. MINAS,HB,NAO_INFORMADO,sem_base_para_rateio,112.0,3
2023-04-12,quarta-feira,2,TREB. MINAS,IFCO,6416,explícito,1334.0,72
2023-04-12,quarta-feira,2,TREB. MINAS,IFCO,6424,explícito,546.0,15
2023-04-12,quarta-feira,2,TREB. MINAS,IFCO,NAO_INFORMADO,explícito,2.0,1
2023-04-13,quinta-feira,3,PH UBAJARA,IFCO,6416,explícito,12.0,6
2023-04-13,quinta-feira,3,PH UBAJARA,IFCO,6424,explícito,120.0,1
2023-04-13,quinta-feira,3,TREB. MINAS,HB,623,explícito,200.0,2
2023-04-13,quinta-feira,3,TREB. MINAS,IFCO,6416,explícito,341.0,22
2023-04-13,quinta-feira,3,TREB. MINAS,IFCO,6424,explícito,1922.0,4
2023-04-13,quinta-feira,3,TREB. MINAS,IFCO,NAO_INFORMADO,explícito,5.0,1
2023-04-14,sexta-feira,4,PH CORUMBA (PF),IFCO,6416,explícito,20.0,1
2023-04-14,sexta-feira,4,PH CORUMBA (PF),IFCO,6424,explícito,80.0,1
2023-04-14,sexta-feira,4,TREB. MINAS,HB,623,explícito,200.0,2
2023-04-14,sexta-feira,4,TREB. MINAS,IFCO,6416,explícito,1613.0,55
2023-04-14,sexta-feira,4,TREB. MINAS,IFCO,6424,explícito,739.0,6
2023-04-14,sexta-feira,4,TREB. MINAS,IFCO,NAO_INFORMADO,explícito,6.0,2
2023-04-15,sábado,5,TREB. MINAS,HB,618,rateio_por_capacidade,151.3849225674491,1
2023-04-15,sábado,5,TREB. MINAS,HB,623,explícito,592.0,2
2023-04-15,sábado,5,TREB. MINAS,HB,623,rateio_por_capacidade,15.615077432550889,1
2023-04-15,sábado,5,TREB. MINAS,IFCO,6416,explícito,2648.277777777778,72
2023-04-15,sábado,5,TREB. MINAS,IFCO,6424,explícito,342.0,6
2023-04-15,sábado,5,TREB. MINAS,IFCO,NAO_INFORMADO,explícito,2.0,1
2023-04-17,segunda-feira,0,PH CORUMBA (PF),IFCO,6424,explícito,240.0,1
2023-04-17,segunda-feira,0,PH UBAJARA,IFCO,6416,explícito,180.0,31
2023-04-17,segunda-feira,0,PH UBAJARA,IFCO,6424,explícito,60.0,5
2023-04-17,segunda-feira,0,TREB. MINAS,HB,623,explícito,520.0,2
2023-04-17,segunda-feira,0,TREB. MINAS,HB,NAO_INFORMADO,sem_base_para_rateio,350.0,2
2023-04-17,segunda-feira,0,TREB. MINAS,IFCO,6416,explícito,1686.0,66
2023-04-17,segunda-feira,0,TREB. MINAS,IFCO,6424,explícito,606.0,36
2023-04-17,segunda-feira,0,TREB. MINAS,IFCO,NAO_INFORMADO,explícito,8.0,1
2023-04-18,terça-feira,1,PH CORUMBA (PF),IFCO,6424,explícito,640.0,4
2023-04-18,terça-feira,1,PH UBAJARA,IFCO,6416,explícito,311.0,15
2023-04-18,terça-feira,1,PH UBAJARA,IFCO,NAO_INFORMADO,explícito,41.0,1
2023-04-18,terça-feira,1,TREB. MINAS,HB,618,rateio_por_capacidade,130.49618747501222,6
2023-04-18,terça-feira,1,TREB. MINAS,HB,623,explícito,770.0,3
2023-04-18,terça-feira,1,TREB. MINAS,HB,623,rateio_por_capacidade,170.5038125249878,10
2023-04-18,terça-feira,1,TREB. MINAS,IFCO,6416,explícito,1771.0,38
2023-04-18,terça-feira,1,TREB. MINAS,IFCO,6424,explícito,379.0,10
2023-04-19,quarta-feira,2,PH CORUMBA (PF),IFCO,6416,explícito,70.0,2
2023-04-19,quarta-feira,2,PH CORUMBA (PF),IFCO,6424,explícito,61.0,4
2023-04-19,quarta-feira,2,PH UBAJARA,IFCO,6416,explícito,191.0,27
2023-04-19,quarta-feira,2,PH UBAJARA,IFCO,6424,explícito,44.0,6
2023-04-19,quarta-feira,2,TREB. MINAS,HB,618,rateio_por_capacidade,278.12172356927283,24
2023-04-19,quarta-feira,2,TREB. MINAS,HB,623,rateio_por_capacidade,290.87827643072717,34
2023-04-19,quarta-feira,2,TREB. MINAS,HB,NAO_INFORMADO,sem_base_para_rateio,20.0,4
2023-04-19,quarta-feira,2,TREB. MINAS,IFCO,6416,explícito,2308.0,127
2023-04-19,quarta-feira,2,TREB. MINAS,IFCO,6424,explícito,637.0,18
2023-04-19,quarta-feira,2,TREB. MINAS,IFCO,NAO_INFORMADO,explícito,12.0,1
2023-04-20,quinta-feira,3,PH CORUMBA (PF),IFCO,6416,explícito,138.0,2
2023-04-20,quinta-feira,3,PH CORUMBA (PF),IFCO,6424,explícito,41.0,1
2023-04-20,quinta-feira,3,PH UBAJARA,IFCO,6416,explícito,505.0,20
2023-04-20,quinta-feira,3,PH UBAJARA,IFCO,6424,explícito,62.0,1
2023-04-20,quinta-feira,3,TREB. MINAS,HB,618,rateio_por_capacidade,489.5081328528294,2
2023-04-20,quinta-feira,3,TREB. MINAS,HB,623,explícito,398.0,1
2023-04-20,quinta-feira,3,TREB. MINAS,HB,623,rateio_por_capacidade,50.49186714717054,2
2023-04-20,quinta-feira,3,TREB. MINAS,IFCO,6416,explícito,702.0,60
2023-04-20,quinta-feira,3,TREB. MINAS,IFCO,6424,explícito,298.0,12
2023-04-21,sexta-feira,4,TREB. MINAS,IFCO,6416,explícito,836.0,69
2023-04-21,sexta-feira,4,TREB. MINAS,IFCO,6424,explícito,224.0,21
2023-04-21,sexta-feira,4,TREB. MINAS,IFCO,NAO_INFORMADO,explícito,9.0,2
2023-04-22,sábado,5,PH CORUMBA (PF),HB,623,explícito,670.0,2
2023-04-22,sábado,5,PH UBAJARA,IFCO,6416,explícito,187.0,1
2023-04-22,sábado,5,TREB. MINAS,HB,618,rateio_por_capacidade,9.49667643099022,3
2023-04-22,sábado,5,TREB. MINAS,HB,623,explícito,765.0,1
2023-04-22,sábado,5,TREB. MINAS,HB,623,rateio_por_capacidade,94.50332356900978,9
2023-04-22,sábado,5,TREB. MINAS,IFCO,6416,explícito,2337.0,40
2023-04-22,sábado,5,TREB. MINAS,IFCO,6424,explícito,841.0,6
2023-04-22,sábado,5,TREB. MINAS,IFCO,NAO_INFORMADO,explícito,3.0,1
2023-04-24,segunda-feira,0,PH CORUMBA (PF),HB,623,explícito,640.0,2
2023-04-24,segunda-feira,0,PH CORUMBA (PF),IFCO,6424,explícito,1565.0,8
2023-04-24,segunda-feira,0,PH UBAJARA,IFCO,6416,explícito,10.0,4
2023-04-24,segunda-feira,0,TREB. MINAS,IFCO,6416,explícito,1761.0,54
2023-04-24,segunda-feira,0,TREB. MINAS,IFCO,6424,explícito,378.0,22
2023-04-24,segunda-feira,0,TREB. MINAS,IFCO,NAO_INFORMADO,explícito,14.0,1
2023-04-25,terça-feira,1,PH CORUMBA (PF),IFCO,6424,explícito,200.0,1
2023-04-25,terça-feira,1,PH UBAJARA,IFCO,6416,explícito,604.0,33
2023-04-25,terça-feira,1,PH UBAJARA,IFCO,6424,explícito,27.0,4
2023-04-25,terça-feira,1,PH UBAJARA,IFCO,NAO_INFORMADO,explícito,40.0,1
2023-04-25,terça-feira,1,TREB. MINAS,IFCO,6416,explícito,2284.0,116
2023-04-25,terça-feira,1,TREB. MINAS,IFCO,6424,explícito,265.0,10
2023-04-25,terça-feira,1,TREB. MINAS,IFCO,NAO_INFORMADO,explícito,6.0,1
2023-04-26,quarta-feira,2,PH CORUMBA (PF),HB,623,explícito,670.0,2
2023-04-26,quarta-feira,2,PH CORUMBA (PF),IFCO,6424,explícito,709.0,6
2023-04-26,quarta-feira,2,PH UBAJARA,IFCO,6416,explícito,136.0,15
2023-04-26,quarta-feira,2,PH UBAJARA,IFCO,6424,explícito,47.0,6
2023-04-26,quarta-feira,2,TREB. MINAS,HB,618,rateio_por_capacidade,60.54660641482906,11
2023-04-26,quarta-feira,2,TREB. MINAS,HB,623,rateio_por_capacidade,153.45339358517094,16
2023-04-26,quarta-feira,2,TREB. MINAS,HB,NAO_INFORMADO,sem_base_para_rateio,5.0,1
2023-04-26,quarta-feira,2,TREB. MINAS,IFCO,6416,explícito,1775.0,72
2023-04-26,quarta-feira,2,TREB. MINAS,IFCO,6424,explícito,1068.0,16
2023-04-26,quarta-feira,2,TREB. MINAS,IFCO,NAO_INFORMADO,explícito,17.0,1
2023-04-27,quinta-feira,3,PH UBAJARA,IFCO,6416,explícito,30.0,11
2023-04-27,quinta-feira,3,PH UBAJARA,IFCO,6424,explícito,5.0,2
2023-04-27,quinta-feira,3,TREB. MINAS,HB,618,rateio_por_capacidade,239.84578408538954,11
2023-04-27,quinta-feira,3,TREB. MINAS,HB,623,explícito,670.0,2
2023-04-27,quinta-feira,3,TREB. MINAS,HB,623,rateio_por_capacidade,139.15421591461043,15
2023-04-27,quinta-feira,3,TREB. MINAS,HB,NAO_INFORMADO,sem_base_para_rateio,35.0,2
2023-04-27,quinta-feira,3,TREB. MINAS,IFCO,6416,explícito,513.0,24
2023-04-27,quinta-feira,3,TREB. MINAS,IFCO,6424,explícito,3.0,1
2023-04-27,quinta-feira,3,TREB. MINAS,IFCO,NAO_INFORMADO,explícito,9.0,1
2023-04-28,sexta-feira,4,PH UBAJARA,IFCO,6416,explícito,189.0,18
2023-04-28,sexta-feira,4,PH UBAJARA,IFCO,6424,explícito,12.0,3
2023-04-28,sexta-feira,4,TREB. MINAS,IFCO,6416,explícito,1735.0,80
2023-04-28,sexta-feira,4,TREB. MINAS,IFCO,6424,explícito,1635.0,25
2023-04-28,sexta-feira,4,TREB. MINAS,IFCO,NAO_INFORMADO,explícito,8.0,2
2023-04-29,sábado,5,PH CORUMBA (PF),IFCO,6424,explícito,640.0,2
2023-04-29,sábado,5,PH UBAJARA,IFCO,6416,explícito,269.0,10
2023-04-29,sábado,5,PH UBAJARA,IFCO,6424,explícito,227.0,8
2023-04-29,sábado,5,TREB. MINAS,HB,618,rateio_por_capacidade,12.49667643099022,3
2023-04-29,sábado,5,TREB. MINAS,HB,623,rateio_por_capacidade,99.50332356900978,9
2023-04-29,sábado,5,TREB. MINAS,IFCO,6416,explícito,2009.0,50
2023-04-29,sábado,5,TREB. MINAS,IFCO,6424,explícito,520.0,9
2023-04-29,sábado,5,TREB. MINAS,IFCO,NAO_INFORMADO,explícito,3.0,1
2023-05-01,segunda-feira,0,PH UBAJARA,IFCO,6416,explícito,173.0,28
2023-05-01,segunda-feira,0,TREB. MINAS,IFCO,6416,explícito,525.0,52
2023-05-01,segunda-feira,0,TREB. MINAS,IFCO,6424,explícito,89.0,33
2023-05-01,segunda-feira,0,TREB. MINAS,IFCO,NAO_INFORMADO,explícito,10.0,1
2023-05-02,terça-feira,1,PH CORUMBA (PF),IFCO,6424,explícito,640.0,2
2023-05-02,terça-feira,1,PH UBAJARA,IFCO,6416,explícito,757.0,22
2023-05-02,terça-feira,1,PH UBAJARA,IFCO,NAO_INFORMADO,explícito,33.0,1
2023-05-02,terça-feira,1,TREB. MINAS,HB,623,explícito,670.0,2
2023-05-02,terça-feira,1,TREB. MINAS,IFCO,6416,explícito,1120.0,27
2023-05-02,terça-feira,1,TREB. MINAS,IFCO,6424,explícito,242.0,2
2023-05-02,terça-feira,1,TREB. MINAS,IFCO,NAO_INFORMADO,explícito,4.0,1
2023-05-03,quarta-feira,2,PH CORUMBA (PF),IFCO,6416,explícito,45.0,3
2023-05-03,quarta-feira,2,PH CORUMBA (PF),IFCO,6424,explícito,172.0,5
2023-05-03,quarta-feira,2,PH UBAJARA,IFCO,6416,explícito,239.0,20
2023-05-03,quarta-feira,2,PH UBAJARA,IFCO,6424,explícito,12.0,1
2023-05-03,quarta-feira,2,TREB. MINAS,HB,618,rateio_por_capacidade,83.92997006080505,10
2023-05-03,quarta-feira,2,TREB. MINAS,HB,623,rateio_por_capacidade,133.07002993919497,14
2023-05-03,quarta-feira,2,TREB. MINAS,HB,NAO_INFORMADO,sem_base_para_rateio,10.0,2
2023-05-03,quarta-feira,2,TREB. MINAS,IFCO,6416,explícito,2712.0,127
2023-05-03,quarta-feira,2,TREB. MINAS,IFCO,6424,explícito,1047.0,19
2023-05-03,quarta-feira,2,TREB. MINAS,IFCO,NAO_INFORMADO,explícito,14.0,1
2023-05-04,quinta-feira,3,PH UBAJARA,IFCO,6416,explícito,55.0,13
2023-05-04,quinta-feira,3,PH UBAJARA,IFCO,6424,explícito,50.0,7
2023-05-04,quinta-feira,3,TREB. MINAS,IFCO,6416,explícito,432.0,22
2023-05-04,quinta-feira,3,TREB. MINAS,IFCO,6424,explícito,362.0,3
2023-05-04,quinta-feira,3,TREB. MINAS,IFCO,NAO_INFORMADO,explícito,4.0,1
2023-05-05,sexta-feira,4,PH CORUMBA (PF),IFCO,6416,explícito,48.0,1
2023-05-05,sexta-feira,4,PH CORUMBA (PF),IFCO,6424,explícito,680.0,2
2023-05-05,sexta-feira,4,TREB. MINAS,IFCO,6416,explícito,2350.0,95
2023-05-05,sexta-feira,4,TREB. MINAS,IFCO,6424,explícito,670.0,24
2023-05-05,sexta-feira,4,TREB. MINAS,IFCO,NAO_INFORMADO,explícito,7.0,1
2023-05-06,sábado,5,PH CORUMBA (PF),HB,623,explícito,670.0,2
2023-05-06,sábado,5,PH CORUMBA (PF),IFCO,6424,explícito,80.0,1
2023-05-06,sábado,5,TREB. MINAS,HB,618,rateio_por_capacidade,11.963343097656885,3
2023-05-06,sábado,5,TREB. MINAS,HB,623,explícito,1310.0,3
2023-05-06,sábado,5,TREB. MINAS,HB,623,rateio_por_capacidade,227.0366569023431,9
2023-05-06,sábado,5,TREB. MINAS,IFCO,6416,explícito,2188.0,59
2023-05-06,sábado,5,TREB. MINAS,IFCO,6424,explícito,302.0,8
2023-05-06,sábado,5,TREB. MINAS,IFCO,NAO_INFORMADO,explícito,4.0,1
2023-05-08,segunda-feira,0,PH CORUMBA (PF),IFCO,6424,explícito,634.0,4
2023-05-08,segunda-feira,0,PH UBAJARA,IFCO,6416,explícito,548.0,19
2023-05-08,segunda-feira,0,TREB. MINAS,HB,618,rateio_por_capacidade,67.12124322851949,11
2023-05-08,segunda-feira,0,TREB. MINAS,HB,623,rateio_por_capacidade,204.8787567714805,16
2023-05-08,segunda-feira,0,TREB. MINAS,HB,NAO_INFORMADO,sem_base_para_rateio,10.0,1
2023-05-08,segunda-feira,0,TREB. MINAS,IFCO,6416,explícito,2049.0,46
2023-05-08,segunda-feira,0,TREB. MINAS,IFCO,6424,explícito,402.0,7
2023-05-08,segunda-feira,0,TREB. MINAS,IFCO,NAO_INFORMADO,explícito,11.0,1
2023-05-09,terça-feira,1,PH CORUMBA (PF),HB,623,explícito,670.0,2
2023-05-09,terça-feira,1,PH UBAJARA,IFCO,6416,explícito,508.0,17
2023-05-09,terça-feira,1,PH UBAJARA,IFCO,NAO_INFORMADO,explícito,38.0,1
2023-05-09,terça-feira,1,TREB. MINAS,HB,618,rateio_por_capacidade,287.12756664403406,3
2023-05-09,terça-feira,1,TREB. MINAS,HB,623,rateio_por_capacidade,58.8724333559659,7
2023-05-09,terça-feira,1,TREB. MINAS,IFCO,6416,explícito,2078.0,109
2023-05-09,terça-feira,1,TREB. MINAS,IFCO,6424,explícito,955.0,16
2023-05-09,terça-feira,1,TREB. MINAS,IFCO,NAO_INFORMADO,explícito,5.0,1
2023-05-10,quarta-feira,2,PH CORUMBA (PF),HB,623,explícito,600.0,1
2023-05-10,quarta-feira,2,PH CORUMBA (PF),IFCO,6416,explícito,4.0,2
2023-05-10,quarta-feira,2,PH CORUMBA (PF),IFCO,6424,explícito,122.0,2
2023-05-10,quarta-feira,2,PH UBAJARA,IFCO,6416,explícito,227.0,32
2023-05-10,quarta-feira,2,PH UBAJARA,IFCO,6424,explícito,93.0,10
2023-05-10,quarta-feira,2,TREB. MINAS,HB,618,rateio_por_capacidade,129.63685218881415,6
2023-05-10,quarta-feira,2,TREB. MINAS,HB,623,explícito,790.0,3
2023-05-10,quarta-feira,2,TREB. MINAS,HB,623,rateio_por_capacidade,177.36314781118585,10
2023-05-10,quarta-feira,2,TREB. MINAS,HB,NAO_INFORMADO,sem_base_para_rateio,23.0,2
2023-05-10,quarta-feira,2,TREB. MINAS,IFCO,6416,explícito,1069.0,58
2023-05-10,quarta-feira,2,TREB. MINAS,IFCO,6424,explícito,449.0,9
2023-05-10,quarta-feira,2,TREB. MINAS,IFCO,NAO_INFORMADO,explícito,5.0,1
2023-05-11,quinta-feira,3,PH CORUMBA (PF),IFCO,6424,explícito,613.0,3
2023-05-11,quinta-feira,3,PH UBAJARA,IFCO,6416,explícito,967.0,31
2023-05-11,quinta-feira,3,PH UBAJARA,IFCO,6424,explícito,180.0,3
2023-05-11,quinta-feira,3,TREB. MINAS,HB,618,rateio_por_capacidade,369.20599959056347,26
2023-05-11,quinta-feira,3,TREB. MINAS,HB,623,explícito,670.0,1
2023-05-11,quinta-feira,3,TREB. MINAS,HB,623,rateio_por_capacidade,302.79400040943653,35
2023-05-11,quinta-feira,3,TREB. MINAS,HB,NAO_INFORMADO,sem_base_para_rateio,35.0,3
2023-05-11,quinta-feira,3,TREB. MINAS,IFCO,6416,explícito,1183.0,43
2023-05-11,quinta-feira,3,TREB. MINAS,IFCO,6424,explícito,948.0,12
2023-05-11,quinta-feira,3,TREB. MINAS,IFCO,NAO_INFORMADO,explícito,5.0,1
2023-05-12,sexta-feira,4,PH UBAJARA,IFCO,6416,explícito,211.0,4
2023-05-12,sexta-feira,4,TREB. MINAS,IFCO,6416,explícito,1591.0,71
2023-05-12,sexta-feira,4,TREB. MINAS,IFCO,6424,explícito,1036.0,19
2023-05-12,sexta-feira,4,TREB. MINAS,IFCO,NAO_INFORMADO,explícito,5.0,1
2023-05-13,sábado,5,PH UBAJARA,IFCO,6416,explícito,750.0,27
2023-05-13,sábado,5,PH UBAJARA,IFCO,6424,explícito,370.0,14
2023-05-13,sábado,5,TREB. MINAS,IFCO,6416,explícito,1788.0,51
2023-05-13,sábado,5,TREB. MINAS,IFCO,6424,explícito,435.0,11
2023-05-15,segunda-feira,0,PH CORUMBA (PF),IFCO,6424,explícito,890.0,2
2023-05-15,segunda-feira,0,PH UBAJARA,IFCO,6416,explícito,898.0,21
2023-05-15,segunda-feira,0,PH UBAJARA,IFCO,6424,explícito,19.0,2
2023-05-15,segunda-feira,0,TREB. MINAS,HB,623,explícito,658.0,2
2023-05-15,segunda-feira,0,TREB. MINAS,IFCO,6416,explícito,912.0,25
2023-05-15,segunda-feira,0,TREB. MINAS,IFCO,6424,explícito,757.0,3
2023-05-15,segunda-feira,0,TREB. MINAS,IFCO,NAO_INFORMADO,explícito,7.0,1
2023-05-16,terça-feira,1,PH CORUMBA (PF),HB,623,explícito,1270.0,3
2023-05-16,terça-feira,1,PH UBAJARA,IFCO,6416,explícito,1119.0,74
2023-05-16,terça-feira,1,PH UBAJARA,IFCO,6424,explícito,43.0,8
2023-05-16,terça-feira,1,PH UBAJARA,IFCO,NAO_INFORMADO,explícito,34.0,1
2023-05-16,terça-feira,1,TREB. MINAS,HB,618,rateio_por_capacidade,344.329994758808,12
2023-05-16,terça-feira,1,TREB. MINAS,HB,623,explícito,670.0,2
2023-05-16,terça-feira,1,TREB. MINAS,HB,623,rateio_por_capacidade,194.67000524119192,17
2023-05-16,terça-feira,1,TREB. MINAS,HB,NAO_INFORMADO,sem_base_para_rateio,10.0,1
2023-05-16,terça-feira,1,TREB. MINAS,IFCO,6416,explícito,1220.0,21
2023-05-16,terça-feira,1,TREB. MINAS,IFCO,6424,explícito,480.0,4
2023-05-16,terça-feira,1,TREB. MINAS,IFCO,NAO_INFORMADO,explícito,7.0,1
2023-05-17,quarta-feira,2,PH CORUMBA (PF),IFCO,6416,explícito,12.0,2
2023-05-17,quarta-feira,2,PH CORUMBA (PF),IFCO,6424,explícito,506.0,6
2023-05-17,quarta-feira,2,PH UBAJARA,IFCO,6416,explícito,116.0,92
2023-05-17,quarta-feira,2,PH UBAJARA,IFCO,6424,explícito,65.0,35
2023-05-17,quarta-feira,2,TREB. MINAS,HB,618,rateio_por_capacidade,233.09122234935285,12
2023-05-17,quarta-feira,2,TREB. MINAS,HB,623,rateio_por_capacidade,95.90877765064715,16
2023-05-17,quarta-feira,2,TREB. MINAS,HB,NAO_INFORMADO,sem_base_para_rateio,29.0,2
2023-05-17,quarta-feira,2,TREB. MINAS,IFCO,6416,explícito,1879.0,95
2023-05-17,quarta-feira,2,TREB. MINAS,IFCO,6424,explícito,776.0,26
2023-05-17,quarta-feira,2,TREB. MINAS,IFCO,NAO_INFORMADO,explícito,3.0,1
2023-05-18,quinta-feira,3,PH CORUMBA (PF),IFCO,6424,explícito,860.0,3
2023-05-18,quinta-feira,3,PH UBAJARA,IFCO,6416,explícito,310.0,18
2023-05-18,quinta-feira,3,PH UBAJARA,IFCO,6424,explícito,15.0,1
2023-05-18,quinta-feira,3,TREB. MINAS,HB,618,rateio_por_capacidade,281.01392811921687,1
2023-05-18,quinta-feira,3,TREB. MINAS,HB,623,explícito,670.0,2
2023-05-18,quinta-feira,3,TREB. MINAS,HB,623,rateio_por_capacidade,28.986071880783086,1
2023-05-18,quinta-feira,3,TREB. MINAS,IFCO,6416,explícito,506.0,17
2023-05-18,quinta-feira,3,TREB. MINAS,IFCO,6424,explícito,474.0,5
2023-05-18,quinta-feira,3,TREB. MINAS,IFCO,NAO_INFORMADO,explícito,5.0,1
2023-05-19,sexta-feira,4,PH UBAJARA,IFCO,6416,explícito,117.0,14
2023-05-19,sexta-feira,4,PH UBAJARA,IFCO,6424,explícito,36.0,2
2023-05-19,sexta-feira,4,TREB. MINAS,HB,623,explícito,970.0,3
2023-05-19,sexta-feira,4,TREB. MINAS,IFCO,6416,explícito,1677.0,78
2023-05-19,sexta-feira,4,TREB. MINAS,IFCO,6424,explícito,323.0,21
2023-05-19,sexta-feira,4,TREB. MINAS,IFCO,NAO_INFORMADO,explícito,3.0,2
2023-05-20,sábado,5,PH CORUMBA (PF),HB,623,explícito,400.0,1
2023-05-20,sábado,5,PH UBAJARA,IFCO,6416,explícito,305.0,12
2023-05-20,sábado,5,PH UBAJARA,IFCO,6424,explícito,222.0,11
2023-05-20,sábado,5,TREB. MINAS,HB,623,explícito,200.0,1
2023-05-20,sábado,5,TREB. MINAS,IFCO,6416,explícito,1577.0,43
2023-05-20,sábado,5,TREB. MINAS,IFCO,6424,explícito,1162.0,7
2023-05-20,sábado,5,TREB. MINAS,IFCO,NAO_INFORMADO,explícito,2.0,1
2023-05-22,segunda-feira,0,PH UBAJARA,IFCO,6416,explícito,158.0,7
2023-05-22,segunda-feira,0,PH UBAJARA,IFCO,6424,explícito,21.0,3
2023-05-22,segunda-feira,0,TREB. MINAS,HB,623,explícito,670.0,2
2023-05-22,segunda-feira,0,TREB. MINAS,IFCO,6416,explícito,833.0,27
2023-05-22,segunda-feira,0,TREB. MINAS,IFCO,6424,explícito,120.0,1
2023-05-23,terça-feira,1,PH CORUMBA (PF),IFCO,6424,explícito,636.0,1
2023-05-23,terça-feira,1,PH UBAJARA,IFCO,6416,explícito,459.0,24
2023-05-23,terça-feira,1,PH UBAJARA,IFCO,NAO_INFORMADO,explícito,35.0,1
2023-05-23,terça-feira,1,TREB. MINAS,IFCO,6416,explícito,1048.0,21
2023-05-23,terça-feira,1,TREB. MINAS,IFCO,6424,explícito,482.0,5
2023-05-24,quarta-feira,2,PH CORUMBA (PF),HB,623,explícito,550.0,2
2023-05-24,quarta-feira,2,PH CORUMBA (PF),IFCO,6416,explícito,12.0,2
2023-05-24,quarta-feira,2,PH CORUMBA (PF),IFCO,6424,explícito,42.0,6
2023-05-24,quarta-feira,2,PH UBAJARA,IFCO,6416,explícito,1619.0,87
2023-05-24,quarta-feira,2,PH UBAJARA,IFCO,6424,explícito,237.0,12
2023-05-24,quarta-feira,2,TREB. MINAS,HB,618,rateio_por_capacidade,298.7629337494063,16
2023-05-24,quarta-feira,2,TREB. MINAS,HB,623,explícito,840.0,3
2023-05-24,quarta-feira,2,TREB. MINAS,HB,623,rateio_por_capacidade,329.2370662505937,26
2023-05-24,quarta-feira,2,TREB. MINAS,HB,NAO_INFORMADO,sem_base_para_rateio,378.0,3
2023-05-24,quarta-feira,2,TREB. MINAS,IFCO,6416,explícito,1094.6333333333332,57
2023-05-24,quarta-feira,2,TREB. MINAS,IFCO,6424,explícito,173.0,9
2023-05-24,quarta-feira,2,TREB. MINAS,IFCO,NAO_INFORMADO,explícito,9.0,1
2023-05-25,quinta-feira,3,PH CORUMBA (PF),IFCO,6416,explícito,120.0,2
2023-05-25,quinta-feira,3,TREB. MINAS,HB,623,explícito,870.0,4
2023-05-25,quinta-feira,3,TREB. MINAS,IFCO,6416,explícito,1332.5428571428572,46
2023-05-25,quinta-feira,3,TREB. MINAS,IFCO,6424,explícito,1742.0,6
2023-05-25,quinta-feira,3,TREB. MINAS,IFCO,NAO_INFORMADO,explícito,8.0,1
2023-05-26,sexta-feira,4,PH UBAJARA,IFCO,6416,explícito,72.0,7
2023-05-26,sexta-feira,4,PH UBAJARA,IFCO,6424,explícito,281.0,8
2023-05-26,sexta-feira,4,TREB. MINAS,HB,623,explícito,200.0,2
2023-05-26,sexta-feira,4,TREB. MINAS,IFCO,6416,explícito,1365.0,30
2023-05-26,sexta-feira,4,TREB. MINAS,IFCO,6424,explícito,643.0,4
2023-05-26,sexta-feira,4,TREB. MINAS,IFCO,NAO_INFORMADO,explícito,10.0,2
2023-05-27,sábado,5,PH CORUMBA (PF),HB,623,explícito,550.0,1
2023-05-27,sábado,5,PH CORUMBA (PF),IFCO,6424,explícito,120.0,1
2023-05-27,sábado,5,PH UBAJARA,IFCO,6416,explícito,212.5,47
2023-05-27,sábado,5,PH UBAJARA,IFCO,6424,explícito,85.0,12
2023-05-27,sábado,5,TREB. MINAS,HB,618,rateio_por_capacidade,26.905376296356962,3
2023-05-27,sábado,5,TREB. MINAS,HB,623,explícito,670.0,1
2023-05-27,sábado,5,TREB. MINAS,HB,623,rateio_por_capacidade,45.09462370364304,5
2023-05-27,sábado,5,TREB. MINAS,HB,NAO_INFORMADO,sem_base_para_rateio,7.10526315789474,1
2023-05-27,sábado,5,TREB. MINAS,IFCO,6416,explícito,1823.0,79
2023-05-27,sábado,5,TREB. MINAS,IFCO,6424,explícito,1876.0,14
2023-05-27,sábado,5,TREB. MINAS,IFCO,NAO_INFORMADO,explícito,3.0,1
2023-05-29,segunda-feira,0,PH CORUMBA (PF),HB,623,explícito,820.0,3
2023-05-29,segunda-feira,0,PH CORUMBA (PF),IFCO,6424,explícito,240.0,2
2023-05-29,segunda-feira,0,PH UBAJARA,IFCO,6416,explícito,405.0,19
2023-05-29,segunda-feira,0,PH UBAJARA,IFCO,6424,explícito,52.0,2
2023-05-29,segunda-feira,0,TREB. MINAS,HB,618,rateio_por_capacidade,11.963343097656885,3
2023-05-29,segunda-feira,0,TREB. MINAS,HB,623,explícito,870.0,4
2023-05-29,segunda-feira,0,TREB. MINAS,HB,623,rateio_por_capacidade,227.0366569023431,9
2023-05-29,segunda-feira,0,TREB. MINAS,IFCO,6416,explícito,1005.0075914423741,38
2023-05-29,segunda-feira,0,TREB. MINAS,IFCO,6424,explícito,316.0,3
2023-05-30,terça-feira,1,PH CORUMBA (PF),IFCO,6424,explícito,200.0,2
2023-05-30,terça-feira,1,PH UBAJARA,IFCO,6416,explícito,1646.0,74
2023-05-30,terça-feira,1,PH UBAJARA,IFCO,6424,explícito,160.0,7
2023-05-30,terça-feira,1,PH UBAJARA,IFCO,NAO_INFORMADO,explícito,28.0,1
2023-05-30,terça-feira,1,TREB. MINAS,HB,618,rateio_por_capacidade,1095.5864564189524,14
2023-05-30,terça-feira,1,TREB. MINAS,HB,623,explícito,695.0,4
2023-05-30,terça-feira,1,TREB. MINAS,HB,623,rateio_por_capacidade,248.41354358104743,19
2023-05-30,terça-feira,1,TREB. MINAS,HB,NAO_INFORMADO,sem_base_para_rateio,10.0,1
2023-05-30,terça-feira,1,TREB. MINAS,IFCO,6416,explícito,1198.0075914423742,35
2023-05-30,terça-feira,1,TREB. MINAS,IFCO,6424,explícito,799.0,4
2023-05-31,quarta-feira,2,PH CORUMBA (PF),IFCO,6416,explícito,9.0,2
2023-05-31,quarta-feira,2,PH CORUMBA (PF),IFCO,6424,explícito,159.0,6
2023-05-31,quarta-feira,2,PH UBAJARA,IFCO,6416,explícito,137.0,76
2023-05-31,quarta-feira,2,PH UBAJARA,IFCO,6424,explícito,67.0,29
2023-05-31,quarta-feira,2,PH UBAJARA,IFCO,NAO_INFORMADO,explícito,6.0,4
2023-05-31,quarta-feira,2,TREB. MINAS,HB,623,explícito,800.0,6
2023-05-31,quarta-feira,2,TREB. MINAS,IFCO,6416,explícito,1252.5428571428572,68
2023-05-31,quarta-feira,2,TREB. MINAS,IFCO,6424,explícito,1279.0,15
2023-06-01,quinta-feira,3,PH CORUMBA (PF),HB,623,explícito,670.0,2
2023-06-01,quinta-feira,3,PH UBAJARA,IFCO,6416,explícito,787.0,54
2023-06-01,quinta-feira,3,PH UBAJARA,IFCO,6424,explícito,72.0,14
2023-06-01,quinta-feira,3,TREB. MINAS,HB,618,rateio_por_capacidade,585.7401684913897,16
2023-06-01,quinta-feira,3,TREB. MINAS,HB,623,explícito,200.0,2
2023-06-01,quinta-feira,3,TREB. MINAS,HB,623,rateio_por_capacidade,180.25983150861026,23
2023-06-01,quinta-feira,3,TREB. MINAS,HB,NAO_INFORMADO,sem_base_para_rateio,48.0,3
2023-06-01,quinta-feira,3,TREB. MINAS,IFCO,6416,explícito,704.0,30
2023-06-01,quinta-feira,3,TREB. MINAS,IFCO,6424,explícito,1822.0,7
2023-06-02,sexta-feira,4,PH UBAJARA,IFCO,6416,explícito,84.0,16
2023-06-02,sexta-feira,4,PH UBAJARA,IFCO,6424,explícito,41.0,4
2023-06-02,sexta-feira,4,TREB. MINAS,IFCO,6416,explícito,1619.0,54
2023-06-02,sexta-feira,4,TREB. MINAS,IFCO,6424,explícito,2051.0,18
2023-06-02,sexta-feira,4,TREB. MINAS,IFCO,NAO_INFORMADO,explícito,7.0,1
2023-06-03,sábado,5,PH CORUMBA (PF),IFCO,6424,explícito,640.0,1
2023-06-03,sábado,5,PH UBAJARA,IFCO,6416,explícito,870.0,4
2023-06-03,sábado,5,TREB. MINAS,HB,618,rateio_por_capacidade,265.43385244639745,4
2023-06-03,sábado,5,TREB. MINAS,HB,623,explícito,1625.0,4
2023-06-03,sábado,5,TREB. MINAS,HB,623,rateio_por_capacidade,50.56614755360256,6
2023-06-03,sábado,5,TREB. MINAS,IFCO,6416,explícito,1825.0,50
2023-06-03,sábado,5,TREB. MINAS,IFCO,6424,explícito,514.0,10
2023-06-03,sábado,5,TREB. MINAS,IFCO,NAO_INFORMADO,explícito,3.0,1
2023-06-05,segunda-feira,0,PH CORUMBA (PF),HB,623,explícito,600.0,2
2023-06-05,segunda-feira,0,PH UBAJARA,IFCO,6416,explícito,280.0,17
2023-06-05,segunda-feira,0,PH UBAJARA,IFCO,6424,explícito,17.0,3
2023-06-05,segunda-feira,0,TREB. MINAS,HB,623,explícito,45.0,1
2023-06-05,segunda-feira,0,TREB. MINAS,IFCO,6416,explícito,1299.2595238095237,34
2023-06-05,segunda-feira,0,TREB. MINAS,IFCO,6424,explícito,1784.0,5
2023-06-05,segunda-feira,0,TREB. MINAS,IFCO,NAO_INFORMADO,explícito,9.0,1
2023-06-06,terça-feira,1,PH CORUMBA (PF),IFCO,6424,explícito,120.0,1
2023-06-06,terça-feira,1,PH UBAJARA,IFCO,6416,explícito,571.0,24
2023-06-06,terça-feira,1,PH UBAJARA,IFCO,6424,explícito,18.0,4
2023-06-06,terça-feira,1,PH UBAJARA,IFCO,NAO_INFORMADO,explícito,38.0,1
2023-06-06,terça-feira,1,TREB. MINAS,HB,618,rateio_por_capacidade,91.59929599940968,13
2023-06-06,terça-feira,1,TREB. MINAS,HB,623,explícito,1876.0,7
2023-06-06,terça-feira,1,TREB. MINAS,HB,623,rateio_por_capacidade,322.40070400059034,24
2023-06-06,terça-feira,1,TREB. MINAS,HB,NAO_INFORMADO,sem_base_para_rateio,372.0,4
2023-06-06,terça-feira,1,TREB. MINAS,IFCO,6416,explícito,2348.0,94
2023-06-06,terça-feira,1,TREB. MINAS,IFCO,6424,explícito,1330.0,33
2023-06-06,terça-feira,1,TREB. MINAS,IFCO,NAO_INFORMADO,explícito,3.0,1
2023-06-07,quarta-feira,2,PH CORUMBA (PF),IFCO,6416,explícito,100.0,1
2023-06-07,quarta-feira,2,PH CORUMBA (PF),IFCO,6424,explícito,386.0,6
2023-06-07,quarta-feira,2,PH UBAJARA,IFCO,6416,explícito,810.0,24
2023-06-07,quarta-feira,2,PH UBAJARA,IFCO,6424,explícito,445.0,20
2023-06-07,quarta-feira,2,TREB. MINAS,HB,623,explícito,1770.0,6
2023-06-07,quarta-feira,2,TREB. MINAS,IFCO,6416,explícito,565.0,51
2023-06-07,quarta-feira,2,TREB. MINAS,IFCO,6424,explícito,713.0,14
2023-06-07,quarta-feira,2,TREB. MINAS,IFCO,NAO_INFORMADO,explícito,2.0,1
2023-06-08,quinta-feira,3,PH CORUMBA (PF),IFCO,6416,explícito,190.0,5
2023-06-08,quinta-feira,3,PH UBAJARA,IFCO,6416,explícito,558.0,58
2023-06-08,quinta-feira,3,PH UBAJARA,IFCO,6424,explícito,44.0,13
2023-06-08,quinta-feira,3,TREB. MINAS,HB,618,rateio_por_capacidade,97.37019839159052,6
2023-06-08,quinta-feira,3,TREB. MINAS,HB,623,rateio_por_capacidade,104.62980160840948,10
2023-06-08,quinta-feira,3,TREB. MINAS,HB,NAO_INFORMADO,sem_base_para_rateio,30.0,2
2023-06-08,quinta-feira,3,TREB. MINAS,IFCO,6416,explícito,960.0,39
2023-06-08,quinta-feira,3,TREB. MINAS,IFCO,6424,explícito,1.0,1
2023-06-08,quinta-feira,3,TREB. MINAS,IFCO,NAO_INFORMADO,explícito,4.0,1
2023-06-09,sexta-feira,4,PH ALHO/CEBOLA,IFCO,6424,explícito,640.0,1
2023-06-09,sexta-feira,4,PH CORUMBA (PF),HB,623,explícito,670.0,1
2023-06-09,sexta-feira,4,PH UBAJARA,IFCO,6416,explícito,16.0,3
2023-06-09,sexta-feira,4,TREB. MINAS,HB,623,explícito,600.0,2
2023-06-09,sexta-feira,4,TREB. MINAS,IFCO,6416,explícito,1817.0,80
2023-06-09,sexta-feira,4,TREB. MINAS,IFCO,6424,explícito,2482.0,19
2023-06-09,sexta-feira,4,TREB. MINAS,IFCO,NAO_INFORMADO,explícito,3.0,2
2023-06-10,sábado,5,PH CORUMBA (PF),HB,623,explícito,670.0,1
2023-06-10,sábado,5,PH UBAJARA,IFCO,6416,explícito,2.0,1
2023-06-10,sábado,5,TREB. MINAS,HB,618,rateio_por_capacidade,274.30362040859734,5
2023-06-10,sábado,5,TREB. MINAS,HB,623,explícito,1070.0,3
2023-06-10,sábado,5,TREB. MINAS,HB,623,rateio_por_capacidade,56.69637959140267,7
2023-06-10,sábado,5,TREB. MINAS,HB,NAO_INFORMADO,sem_base_para_rateio,20.0,1
2023-06-10,sábado,5,TREB. MINAS,IFCO,6416,explícito,1694.0,54
2023-06-10,sábado,5,TREB. MINAS,IFCO,6424,explícito,1785.0,12
2023-06-10,sábado,5,TREB. MINAS,IFCO,NAO_INFORMADO,explícito,1.0,1
2023-06-12,segunda-feira,0,PH CORUMBA (PF),IFCO,6416,explícito,525.0,5
2023-06-12,segunda-feira,0,PH UBAJARA,IFCO,6416,explícito,153.0,72
2023-06-12,segunda-feira,0,PH UBAJARA,IFCO,6424,explícito,27.0,16
2023-06-12,segunda-feira,0,PH UBAJARA,IFCO,NAO_INFORMADO,explícito,3.0,3
2023-06-12,segunda-feira,0,TREB. MINAS,HB,618,rateio_por_capacidade,52.281943496858375,7
2023-06-12,segunda-feira,0,TREB. MINAS,HB,623,explícito,612.0,1
2023-06-12,segunda-feira,0,TREB. MINAS,HB,623,rateio_por_capacidade,161.71805650314164,14
2023-06-12,segunda-feira,0,TREB. MINAS,HB,NAO_INFORMADO,sem_base_para_rateio,17.0,2
2023-06-12,segunda-feira,0,TREB. MINAS,IFCO,6416,explícito,406.0,22
2023-06-12,segunda-feira,0,TREB. MINAS,IFCO,6424,explícito,1763.0,4
2023-06-12,segunda-feira,0,TREB. MINAS,IFCO,NAO_INFORMADO,explícito,7.0,1
2023-06-13,terça-feira,1,PH CORUMBA (PF),HB,623,explícito,670.0,2
2023-06-13,terça-feira,1,PH CORUMBA (PF),IFCO,6416,explícito,665.0,6
2023-06-13,terça-feira,1,PH CORUMBA (PF),IFCO,6424,explícito,160.0,2
2023-06-13,terça-feira,1,PH UBAJARA,IFCO,6416,explícito,1208.0,67
2023-06-13,terça-feira,1,PH UBAJARA,IFCO,6424,explícito,170.0,4
2023-06-13,terça-feira,1,PH UBAJARA,IFCO,NAO_INFORMADO,explícito,41.0,1
2023-06-13,terça-feira,1,TREB. MINAS,HB,623,explícito,1340.0,4
2023-06-13,terça-feira,1,TREB. MINAS,IFCO,6416,explícito,941.0,37
2023-06-13,terça-feira,1,TREB. MINAS,IFCO,6424,explícito,1072.0,11
2023-06-13,terça-feira,1,TREB. MINAS,IFCO,NAO_INFORMADO,explícito,5.0,1
2023-06-14,quarta-feira,2,PH CORUMBA (PF),IFCO,6424,explícito,693.0,6
2023-06-14,quarta-feira,2,TREB. MINAS,HB,623,explícito,650.0,4
2023-06-14,quarta-feira,2,TREB. MINAS,IFCO,6416,explícito,1360.0,57
2023-06-14,quarta-feira,2,TREB. MINAS,IFCO,6424,explícito,2061.0,25
2023-06-14,quarta-feira,2,TREB. MINAS,IFCO,NAO_INFORMADO,explícito,3.0,1
2023-06-15,quinta-feira,3,PH CORUMBA (PF),IFCO,6424,explícito,720.0,1
2023-06-15,quinta-feira,3,PH UBAJARA,IFCO,6416,explícito,680.0,57
2023-06-15,quinta-feira,3,PH UBAJARA,IFCO,6424,explícito,105.0,14
2023-06-15,quinta-feira,3,TREB. MINAS,HB,618,rateio_por_capacidade,524.3834513888473,11
2023-06-15,quinta-feira,3,TREB. MINAS,HB,623,rateio_por_capacidade,153.61654861115264,17
2023-06-15,quinta-feira,3,TREB. MINAS,HB,NAO_INFORMADO,sem_base_para_rateio,11.0,2
2023-06-15,quinta-feira,3,TREB. MINAS,IFCO,6416,explícito,1098.0,39
2023-06-15,quinta-feira,3,TREB. MINAS,IFCO,6424,explícito,400.0,2
2023-06-15,quinta-feira,3,TREB. MINAS,IFCO,NAO_INFORMADO,explícito,2.0,1
2023-06-16,sexta-feira,4,PH UBAJARA,IFCO,6416,explícito,95.0,2
2023-06-16,sexta-feira,4,PH UBAJARA,IFCO,6424,explícito,150.0,1
2023-06-16,sexta-feira,4,TREB. MINAS,HB,NAO_INFORMADO,sem_base_para_rateio,7.0,1
2023-06-16,sexta-feira,4,TREB. MINAS,IFCO,6416,explícito,926.0909090909091,77
2023-06-16,sexta-feira,4,TREB. MINAS,IFCO,6424,explícito,1892.0,19
2023-06-16,sexta-feira,4,TREB. MINAS,IFCO,NAO_INFORMADO,explícito,4.0,2
2023-06-17,sábado,5,PH CORUMBA (PF),HB,623,explícito,1340.0,5
2023-06-17,sábado,5,PH UBAJARA,IFCO,6416,explícito,250.0,2
2023-06-17,sábado,5,TREB. MINAS,HB,618,rateio_por_capacidade,61.31202343437653,4
2023-06-17,sábado,5,TREB. MINAS,HB,623,explícito,700.0,3
2023-06-17,sábado,5,TREB. MINAS,HB,623,rateio_por_capacidade,41.68797656562347,6
2023-06-17,sábado,5,TREB. MINAS,HB,NAO_INFORMADO,sem_base_para_rateio,16.0,1
2023-06-17,sábado,5,TREB. MINAS,IFCO,6416,explícito,1766.3333333333333,52
2023-06-17,sábado,5,TREB. MINAS,IFCO,6424,explícito,2642.0,13
2023-06-17,sábado,5,TREB. MINAS,IFCO,NAO_INFORMADO,explícito,1.0,1
2023-06-19,segunda-feira,0,PH CORUMBA (PF),IFCO,6424,explícito,800.0,4
2023-06-19,segunda-feira,0,PH UBAJARA,IFCO,6416,explícito,199.0,19
2023-06-19,segunda-feira,0,PH UBAJARA,IFCO,6424,explícito,3.0,2
2023-06-19,segunda-feira,0,TREB. MINAS,HB,618,rateio_por_capacidade,14.890186012749906,5
2023-06-19,segunda-feira,0,TREB. MINAS,HB,623,explícito,920.0,4
2023-06-19,segunda-feira,0,TREB. MINAS,HB,623,rateio_por_capacidade,121.10981398725009,12
2023-06-19,segunda-feira,0,TREB. MINAS,HB,NAO_INFORMADO,sem_base_para_rateio,365.0,2
2023-06-19,segunda-feira,0,TREB. MINAS,IFCO,6416,explícito,974.0,23
2023-06-19,segunda-feira,0,TREB. MINAS,IFCO,6424,explícito,1283.0,5
2023-06-19,segunda-feira,0,TREB. MINAS,IFCO,NAO_INFORMADO,explícito,6.0,1
2023-06-20,terça-feira,1,PH CORUMBA (PF),HB,623,explícito,1120.0,1
2023-06-20,terça-feira,1,PH UBAJARA,IFCO,6416,explícito,1307.0,172
2023-06-20,terça-feira,1,PH UBAJARA,IFCO,6424,explícito,218.0,30
2023-06-20,terça-feira,1,PH UBAJARA,IFCO,NAO_INFORMADO,explícito,42.0,4
2023-06-20,terça-feira,1,TREB. MINAS,HB,618,rateio_por_capacidade,122.13795660814648,10
2023-06-20,terça-feira,1,TREB. MINAS,HB,623,explícito,920.0,4
2023-06-20,terça-feira,1,TREB. MINAS,HB,623,rateio_por_capacidade,131.8620433918535,16
2023-06-20,terça-feira,1,TREB. MINAS,HB,NAO_INFORMADO,sem_base_para_rateio,10.0,1
2023-06-20,terça-feira,1,TREB. MINAS,IFCO,6416,explícito,1386.0,37
2023-06-20,terça-feira,1,TREB. MINAS,IFCO,6424,explícito,1917.0,7
2023-06-20,terça-feira,1,TREB. MINAS,IFCO,NAO_INFORMADO,explícito,2.0,1
2023-06-21,quarta-feira,2,PH CORUMBA (PF),HB,623,explícito,775.0,2
2023-06-21,quarta-feira,2,PH CORUMBA (PF),IFCO,6416,explícito,77.0,4
2023-06-21,quarta-feira,2,PH CORUMBA (PF),IFCO,6424,explícito,1093.0,6
2023-06-21,quarta-feira,2,TREB. MINAS,HB,618,rateio_por_capacidade,320.32309159320494,5
2023-06-21,quarta-feira,2,TREB. MINAS,HB,623,explícito,870.0,4
2023-06-21,quarta-feira,2,TREB. MINAS,HB,623,rateio_por_capacidade,62.01024174012804,8
2023-06-21,quarta-feira,2,TREB. MINAS,HB,NAO_INFORMADO,sem_base_para_rateio,2.0,1
2023-06-21,quarta-feira,2,TREB. MINAS,IFCO,6416,explícito,1640.0,87
2023-06-21,quarta-feira,2,TREB. MINAS,IFCO,6424,explícito,1415.0,33
2023-06-21,quarta-feira,2,TREB. MINAS,IFCO,NAO_INFORMADO,explícito,5.0,1
2023-06-22,quinta-feira,3,PH CORUMBA (PF),IFCO,6424,explícito,2834.0,8
2023-06-22,quinta-feira,3,PH UBAJARA,IFCO,6416,explícito,549.1666666666666,53
2023-06-22,quinta-feira,3,PH UBAJARA,IFCO,6424,explícito,84.09615384615384,16
2023-06-22,quinta-feira,3,TREB. MINAS,HB,618,rateio_por_capacidade,157.34005480211104,9
2023-06-22,quinta-feira,3,TREB. MINAS,HB,623,explícito,200.0,2
2023-06-22,quinta-feira,3,TREB. MINAS,HB,623,rateio_por_capacidade,103.65994519788896,14
2023-06-22,quinta-feira,3,TREB. MINAS,HB,NAO_INFORMADO,sem_base_para_rateio,6.0,1
2023-06-22,quinta-feira,3,TREB. MINAS,IFCO,6416,explícito,514.0,20
2023-06-22,quinta-feira,3,TREB. MINAS,IFCO,6424,explícito,3118.0,6
2023-06-22,quinta-feira,3,TREB. MINAS,IFCO,NAO_INFORMADO,explícito,4.0,1
2023-06-23,sexta-feira,4,PH CORUMBA (PF),IFCO,6424,explícito,638.0,4
2023-06-23,sexta-feira,4,PH UBAJARA,IFCO,6416,explícito,94.0,17
2023-06-23,sexta-feira,4,PH UBAJARA,IFCO,6424,explícito,115.0,9
2023-06-23,sexta-feira,4,TREB. MINAS,HB,623,explícito,200.0,2
2023-06-23,sexta-feira,4,TREB. MINAS,IFCO,6416,explícito,1249.0,33
2023-06-23,sexta-feira,4,TREB. MINAS,IFCO,6424,explícito,243.0,3
2023-06-23,sexta-feira,4,TREB. MINAS,IFCO,NAO_INFORMADO,explícito,3.0,2
2023-06-24,sábado,5,PH ALHO/CEBOLA,IFCO,6424,explícito,1470.0,2
2023-06-24,sábado,5,PH CORUMBA (PF),IFCO,6424,explícito,1120.0,1
2023-06-24,sábado,5,PH UBAJARA,IFCO,6416,explícito,176.0,37
2023-06-24,sábado,5,PH UBAJARA,IFCO,6424,explícito,131.0,6
2023-06-24,sábado,5,TREB. MINAS,HB,623,explícito,1120.0,2
2023-06-24,sábado,5,TREB. MINAS,IFCO,6416,explícito,1618.0,61
2023-06-24,sábado,5,TREB. MINAS,IFCO,6424,explícito,2355.0,16
2023-06-24,sábado,5,TREB. MINAS,IFCO,NAO_INFORMADO,explícito,1.0,1
2023-06-26,segunda-feira,0,PH ALHO/CEBOLA,IFCO,6424,explícito,160.0,1
2023-06-26,segunda-feira,0,PH CORUMBA (PF),HB,623,explícito,670.0,2
2023-06-26,segunda-feira,0,PH UBAJARA,IFCO,6416,explícito,9.0,3
2023-06-26,segunda-feira,0,TREB. MINAS,IFCO,6416,explícito,983.0,22
2023-06-26,segunda-feira,0,TREB. MINAS,IFCO,6424,explícito,1163.0,4
2023-06-26,segunda-feira,0,TREB. MINAS,IFCO,NAO_INFORMADO,explícito,6.0,1
2023-06-27,terça-feira,1,PH ALHO/CEBOLA,IFCO,6424,explícito,2240.0,2
2023-06-27,terça-feira,1,PH CORUMBA (PF),HB,623,explícito,670.0,3
2023-06-27,terça-feira,1,PH UBAJARA,IFCO,6416,explícito,1364.0,76
2023-06-27,terça-feira,1,PH UBAJARA,IFCO,6424,explícito,237.0,18
2023-06-27,terça-feira,1,PH UBAJARA,IFCO,NAO_INFORMADO,explícito,33.0,2
2023-06-27,terça-feira,1,TREB. MINAS,IFCO,6416,explícito,975.0,19
2023-06-27,terça-feira,1,TREB. MINAS,IFCO,6424,explícito,1721.0,6
2023-06-27,terça-feira,1,TREB. MINAS,IFCO,NAO_INFORMADO,explícito,3.0,1
2023-06-28,quarta-feira,2,PH CORUMBA (PF),IFCO,6424,explícito,693.0,7
2023-06-28,quarta-feira,2,PH UBAJARA,IFCO,6416,explícito,22.0,3
2023-06-28,quarta-feira,2,TREB. MINAS,HB,618,rateio_por_capacidade,294.28337619200755,22
2023-06-28,quarta-feira,2,TREB. MINAS,HB,623,explícito,1255.0,4
2023-06-28,quarta-feira,2,TREB. MINAS,HB,623,rateio_por_capacidade,220.71662380799245,32
2023-06-28,quarta-feira,2,TREB. MINAS,HB,NAO_INFORMADO,sem_base_para_rateio,23.0,5
2023-06-28,quarta-feira,2,TREB. MINAS,IFCO,6416,explícito,966.0,53
2023-06-28,quarta-feira,2,TREB. MINAS,IFCO,6424,explícito,106.0,10
2023-06-28,quarta-feira,2,TREB. MINAS,IFCO,NAO_INFORMADO,explícito,2.0,1
2023-06-29,quinta-feira,3,PH ALHO/CEBOLA,IFCO,6416,explícito,10.0,1
2023-06-29,quinta-feira,3,PH CORUMBA (PF),HB,623,explícito,670.0,1
2023-06-29,quinta-feira,3,PH CORUMBA (PF),IFCO,6424,explícito,640.0,1
2023-06-29,quinta-feira,3,PH UBAJARA,IFCO,6416,explícito,686.0,25
2023-06-29,quinta-feira,3,PH UBAJARA,IFCO,6424,explícito,219.0,12
2023-06-29,quinta-feira,3,TREB. MINAS,HB,623,explícito,670.0,2
2023-06-29,quinta-feira,3,TREB. MINAS,IFCO,6416,explícito,1352.0,32
2023-06-29,quinta-feira,3,TREB. MINAS,IFCO,6424,explícito,812.0,5
2023-06-29,quinta-feira,3,TREB. MINAS,IFCO,NAO_INFORMADO,explícito,8.0,1
2023-06-30,sexta-feira,4,PH ALHO/CEBOLA,IFCO,6424,explícito,1120.0,1
2023-06-30,sexta-feira,4,TREB. MINAS,IFCO,6416,explícito,1445.0,34
2023-06-30,sexta-feira,4,TREB. MINAS,IFCO,6424,explícito,242.0,3
2023-06-30,sexta-feira,4,TREB. MINAS,IFCO,NAO_INFORMADO,explícito,1.0,1
2023-07-01,sábado,5,PH ALHO/CEBOLA,IFCO,6424,explícito,1120.0,1
2023-07-01,sábado,5,PH UBAJARA,IFCO,6416,explícito,191.0,58
2023-07-01,sábado,5,PH UBAJARA,IFCO,6424,explícito,132.0,24
2023-07-01,sábado,5,TREB. MINAS,HB,623,explícito,670.0,2
2023-07-01,sábado,5,TREB. MINAS,IFCO,6416,explícito,1820.0,63
2023-07-01,sábado,5,TREB. MINAS,IFCO,6424,explícito,1428.0,14
2023-07-01,sábado,5,TREB. MINAS,IFCO,NAO_INFORMADO,explícito,1.0,1
2023-07-03,segunda-feira,0,PH ALHO/CEBOLA,IFCO,6424,explícito,300.0,1
2023-07-03,segunda-feira,0,PH UBAJARA,IFCO,6416,explícito,277.0,17
2023-07-03,segunda-feira,0,PH UBAJARA,IFCO,6424,explícito,34.0,2
2023-07-03,segunda-feira,0,TREB. MINAS,IFCO,6416,explícito,1220.0,31
2023-07-03,segunda-feira,0,TREB. MINAS,IFCO,6424,explícito,583.0,6
2023-07-03,segunda-feira,0,TREB. MINAS,IFCO,NAO_INFORMADO,explícito,8.0,1
2023-07-04,terça-feira,1,PH UBAJARA,IFCO,6416,explícito,1191.0,51
2023-07-04,terça-feira,1,PH UBAJARA,IFCO,6424,explícito,249.0,8
2023-07-04,terça-feira,1,PH UBAJARA,IFCO,NAO_INFORMADO,explícito,33.0,2
2023-07-04,terça-feira,1,TREB. MINAS,HB,618,rateio_por_capacidade,72.80506356634196,13
2023-07-04,terça-feira,1,TREB. MINAS,HB,623,explícito,1190.0,3
2023-07-04,terça-feira,1,TREB. MINAS,HB,623,rateio_por_capacidade,167.19493643365806,25
2023-07-04,terça-feira,1,TREB. MINAS,HB,NAO_INFORMADO,sem_base_para_rateio,12.0,2
2023-07-04,terça-feira,1,TREB. MINAS,IFCO,6416,explícito,1414.0,38
2023-07-04,terça-feira,1,TREB. MINAS,IFCO,6424,explícito,1678.0,10
2023-07-04,terça-feira,1,TREB. MINAS,IFCO,NAO_INFORMADO,explícito,4.0,1
2023-07-05,quarta-feira,2,PH CORUMBA (PF),HB,623,explícito,1337.0,4
2023-07-05,quarta-feira,2,PH CORUMBA (PF),IFCO,6416,explícito,15.0,2
2023-07-05,quarta-feira,2,PH UBAJARA,IFCO,6416,explícito,129.0,24
2023-07-05,quarta-feira,2,PH UBAJARA,IFCO,6424,explícito,2.0,1
2023-07-05,quarta-feira,2,TREB. MINAS,HB,618,rateio_por_capacidade,569.7439100892583,12
2023-07-05,quarta-feira,2,TREB. MINAS,HB,623,rateio_por_capacidade,202.2560899107417,16
2023-07-05,quarta-feira,2,TREB. MINAS,HB,NAO_INFORMADO,sem_base_para_rateio,32.0,4
2023-07-05,quarta-feira,2,TREB. MINAS,IFCO,6416,explícito,1158.0,61
2023-07-05,quarta-feira,2,TREB. MINAS,IFCO,6424,explícito,671.0,13
2023-07-05,quarta-feira,2,TREB. MINAS,IFCO,NAO_INFORMADO,explícito,3.0,1
2023-07-06,quinta-feira,3,PH UBAJARA,IFCO,6416,explícito,665.0,38
2023-07-06,quinta-feira,3,PH UBAJARA,IFCO,6424,explícito,86.0,17
2023-07-06,quinta-feira,3,TREB. MINAS,HB,618,rateio_por_capacidade,403.39096133242424,1
2023-07-06,quinta-feira,3,TREB. MINAS,HB,623,rateio_por_capacidade,41.609038667575724,1
2023-07-06,quinta-feira,3,TREB. MINAS,IFCO,6416,explícito,1058.0,51
2023-07-06,quinta-feira,3,TREB. MINAS,IFCO,6424,explícito,998.0,5
2023-07-06,quinta-feira,3,TREB. MINAS,IFCO,NAO_INFORMADO,explícito,3.0,1
2023-07-07,sexta-feira,4,TREB. MINAS,IFCO,6416,explícito,1645.0,91
2023-07-07,sexta-feira,4,TREB. MINAS,IFCO,6424,explícito,1711.0,25
2023-07-07,sexta-feira,4,TREB. MINAS,IFCO,NAO_INFORMADO,explícito,2.0,2
2023-07-08,sábado,5,PH CORUMBA (PF),IFCO,6424,explícito,634.0,1
2023-07-08,sábado,5,TREB. MINAS,HB,618,rateio_por_capacidade,403.39096133242424,1
2023-07-08,sábado,5,TREB. MINAS,HB,623,explícito,1340.0,4
2023-07-08,sábado,5,TREB. MINAS,HB,623,rateio_por_capacidade,41.609038667575724,1
2023-07-08,sábado,5,TREB. MINAS,IFCO,6416,explícito,1977.0,56
2023-07-08,sábado,5,TREB. MINAS,IFCO,6424,explícito,905.0,12
2023-07-08,sábado,5,TREB. MINAS,IFCO,NAO_INFORMADO,explícito,1.0,1
2023-07-10,segunda-feira,0,PH UBAJARA,IFCO,6416,explícito,396.0,16
2023-07-10,segunda-feira,0,PH UBAJARA,IFCO,6424,explícito,35.0,3
2023-07-10,segunda-feira,0,TREB. MINAS,IFCO,6416,explícito,962.0,28
2023-07-10,segunda-feira,0,TREB. MINAS,IFCO,6424,explícito,1082.0,5
2023-07-10,segunda-feira,0,TREB. MINAS,IFCO,NAO_INFORMADO,explícito,6.0,1
2023-07-11,terça-feira,1,PH UBAJARA,IFCO,6416,explícito,727.0,20
2023-07-11,terça-feira,1,PH UBAJARA,IFCO,6424,explícito,6.0,3
2023-07-11,terça-feira,1,PH UBAJARA,IFCO,NAO_INFORMADO,explícito,33.0,1
2023-07-11,terça-feira,1,TREB. MINAS,HB,618,rateio_por_capacidade,180.23565395289546,20
2023-07-11,terça-feira,1,TREB. MINAS,HB,623,explícito,1047.0,5
2023-07-11,terça-feira,1,TREB. MINAS,HB,623,rateio_por_capacidade,185.76434604710457,26
2023-07-11,terça-feira,1,TREB. MINAS,HB,NAO_INFORMADO,sem_base_para_rateio,125.0,6
2023-07-11,terça-feira,1,TREB. MINAS,IFCO,6416,explícito,1403.0,43
2023-07-11,terça-feira,1,TREB. MINAS,IFCO,6424,explícito,732.0,18
2023-07-11,terça-feira,1,TREB. MINAS,IFCO,NAO_INFORMADO,explícito,6.0,1
2023-07-12,quarta-feira,2,PH CORUMBA (PF),HB,623,explícito,670.0,2
2023-07-12,quarta-feira,2,PH CORUMBA (PF),IFCO,6416,explícito,5.0,1
2023-07-12,quarta-feira,2,PH CORUMBA (PF),IFCO,6424,explícito,695.0,8
2023-07-12,quarta-feira,2,PH UBAJARA,IFCO,6416,explícito,169.0,26
2023-07-12,quarta-feira,2,PH UBAJARA,IFCO,6424,explícito,1.0,1
2023-07-12,quarta-feira,2,TREB. MINAS,HB,618,rateio_por_capacidade,9.734080263694093,4
2023-07-12,quarta-feira,2,TREB. MINAS,HB,623,explícito,670.0,2
2023-07-12,quarta-feira,2,TREB. MINAS,HB,623,rateio_por_capacidade,92.2659197363059,12
2023-07-12,quarta-feira,2,TREB. MINAS,HB,NAO_INFORMADO,sem_base_para_rateio,5.0,1
2023-07-12,quarta-feira,2,TREB. MINAS,IFCO,6416,explícito,1062.0,69
2023-07-12,quarta-feira,2,TREB. MINAS,IFCO,6424,explícito,1078.0,14
2023-07-13,quinta-feira,3,PH CORUMBA (PF),IFCO,6424,explícito,1120.0,1
2023-07-13,quinta-feira,3,PH UBAJARA,IFCO,6416,explícito,411.0,43
2023-07-13,quinta-feira,3,PH UBAJARA,IFCO,6424,explícito,96.0,16
2023-07-13,quinta-feira,3,TREB. MINAS,HB,618,rateio_por_capacidade,383.1696598402708,10
2023-07-13,quinta-feira,3,TREB. MINAS,HB,623,explícito,670.0,1
2023-07-13,quinta-feira,3,TREB. MINAS,HB,623,rateio_por_capacidade,146.83034015972916,16
2023-07-13,quinta-feira,3,TREB. MINAS,HB,NAO_INFORMADO,sem_base_para_rateio,13.0,2
2023-07-13,quinta-feira,3,TREB. MINAS,IFCO,6416,explícito,433.0,30
2023-07-13,quinta-feira,3,TREB. MINAS,IFCO,6424,explícito,321.0,3
2023-07-13,quinta-feira,3,TREB. MINAS,IFCO,NAO_INFORMADO,explícito,4.0,1
2023-07-14,sexta-feira,4,PH ALHO/CEBOLA,IFCO,6424,explícito,440.0,2
2023-07-14,sexta-feira,4,PH CORUMBA (PF),IFCO,6416,explícito,140.0,5
2023-07-14,sexta-feira,4,PH CORUMBA (PF),IFCO,6424,explícito,660.0,2
2023-07-14,sexta-feira,4,PH UBAJARA,IFCO,6416,explícito,115.0,1
2023-07-14,sexta-feira,4,PH UBAJARA,IFCO,6424,explícito,215.0,2
2023-07-14,sexta-feira,4,TREB. MINAS,IFCO,6416,explícito,1682.0,89
2023-07-14,sexta-feira,4,TREB. MINAS,IFCO,6424,explícito,1242.0,22
2023-07-14,sexta-feira,4,TREB. MINAS,IFCO,NAO_INFORMADO,explícito,2.0,1
2023-07-15,sábado,5,PH CORUMBA (PF),IFCO,6424,explícito,160.0,2
2023-07-15,sábado,5,TREB. MINAS,HB,618,rateio_por_capacidade,35.66469107989571,5
2023-07-15,sábado,5,TREB. MINAS,HB,623,rateio_por_capacidade,24.33530892010429,8
2023-07-15,sábado,5,TREB. MINAS,HB,NAO_INFORMADO,sem_base_para_rateio,3.0,1
2023-07-15,sábado,5,TREB. MINAS,IFCO,6416,explícito,2004.0,59
2023-07-15,sábado,5,TREB. MINAS,IFCO,6424,explícito,691.0,16
2023-07-15,sábado,5,TREB. MINAS,IFCO,NAO_INFORMADO,explícito,3.0,1
2023-07-17,segunda-feira,0,PH UBAJARA,IFCO,6416,explícito,251.0,12
2023-07-17,segunda-feira,0,PH UBAJARA,IFCO,6424,explícito,92.0,5
2023-07-17,segunda-feira,0,TREB. MINAS,HB,618,rateio_por_capacidade,163.1693776176098,1
2023-07-17,segunda-feira,0,TREB. MINAS,HB,623,explícito,670.0,1
2023-07-17,segunda-feira,0,TREB. MINAS,HB,623,rateio_por_capacidade,16.83062238239018,1
2023-07-17,segunda-feira,0,TREB. MINAS,IFCO,6416,explícito,1135.0,56
2023-07-17,segunda-feira,0,TREB. MINAS,IFCO,6424,explícito,1651.0,18
2023-07-17,segunda-feira,0,TREB. MINAS,IFCO,NAO_INFORMADO,explícito,6.0,1
2023-07-18,terça-feira,1,PH CORUMBA (PF),HB,623,explícito,1940.0,5
2023-07-18,terça-feira,1,PH CORUMBA (PF),IFCO,6424,explícito,880.0,6
2023-07-18,terça-feira,1,PH UBAJARA,IFCO,6416,explícito,972.0,66
2023-07-18,terça-feira,1,PH UBAJARA,IFCO,6424,explícito,120.0,12
2023-07-18,terça-feira,1,PH UBAJARA,IFCO,NAO_INFORMADO,explícito,2.0,1
2023-07-18,terça-feira,1,TREB. MINAS,HB,618,rateio_por_capacidade,50.76919037765378,12
2023-07-18,terça-feira,1,TREB. MINAS,HB,623,explícito,1340.0,6
2023-07-18,terça-feira,1,TREB. MINAS,HB,623,rateio_por_capacidade,99.23080962234621,17
2023-07-18,terça-feira,1,TREB. MINAS,HB,NAO_INFORMADO,sem_base_para_rateio,17.0,2
2023-07-18,terça-feira,1,TREB. MINAS,IFCO,6416,explícito,1134.0,28
2023-07-18,terça-feira,1,TREB. MINAS,IFCO,6424,explícito,1281.0,6
2023-07-18,terça-feira,1,TREB. MINAS,IFCO,NAO_INFORMADO,explícito,4.0,1
2023-07-19,quarta-feira,2,PH ALHO/CEBOLA,HB,623,explícito,1260.0,1
2023-07-19,quarta-feira,2,PH CORUMBA (PF),IFCO,6416,explícito,15.0,2
2023-07-19,quarta-feira,2,PH CORUMBA (PF),IFCO,6424,explícito,2692.0,8
2023-07-19,quarta-feira,2,TREB. MINAS,HB,618,rateio_por_capacidade,16.451284576683058,4
2023-07-19,quarta-feira,2,TREB. MINAS,HB,623,explícito,745.0,3
2023-07-19,quarta-feira,2,TREB. MINAS,HB,623,rateio_por_capacidade,88.54871542331693,11
2023-07-19,quarta-feira,2,TREB. MINAS,HB,NAO_INFORMADO,sem_base_para_rateio,10.0,2
2023-07-19,quarta-feira,2,TREB. MINAS,IFCO,6416,explícito,1117.0,58
2023-07-19,quarta-feira,2,TREB. MINAS,IFCO,6424,explícito,3066.0,20
2023-07-19,quarta-feira,2,TREB. MINAS,IFCO,NAO_INFORMADO,explícito,3.0,1
2023-07-20,quinta-feira,3,PH CORUMBA (PF),IFCO,6424,explícito,3700.0,7
2023-07-20,quinta-feira,3,PH UBAJARA,IFCO,6416,explícito,487.0,55
2023-07-20,quinta-feira,3,PH UBAJARA,IFCO,6424,explícito,161.0,15
2023-07-20,quinta-feira,3,TREB. MINAS,HB,618,rateio_por_capacidade,173.5142510469587,11
2023-07-20,quinta-feira,3,TREB. MINAS,HB,623,explícito,160.0,2
2023-07-20,quinta-feira,3,TREB. MINAS,HB,623,rateio_por_capacidade,114.48574895304131,17
2023-07-20,quinta-feira,3,TREB. MINAS,HB,NAO_INFORMADO,sem_base_para_rateio,18.0,3
2023-07-20,quinta-feira,3,TREB. MINAS,IFCO,6416,explícito,392.0,18
2023-07-20,quinta-feira,3,TREB. MINAS,IFCO,6424,explícito,4181.0,7
2023-07-20,quinta-feira,3,TREB. MINAS,IFCO,NAO_INFORMADO,explícito,5.0,1
2023-07-21,sexta-feira,4,PH CORUMBA (PF),IFCO,6416,explícito,140.0,4
2023-07-21,sexta-feira,4,PH CORUMBA (PF),IFCO,6424,explícito,2778.0,10
2023-07-21,sexta-feira,4,TREB. MINAS,HB,623,explícito,160.0,2
2023-07-21,sexta-feira,4,TREB. MINAS,IFCO,6416,explícito,1737.0,50
2023-07-21,sexta-feira,4,TREB. MINAS,IFCO,6424,explícito,1363.0,6
2023-07-21,sexta-feira,4,TREB. MINAS,IFCO,NAO_INFORMADO,explícito,4.0,2
2023-07-22,sábado,5,PH CORUMBA (PF),HB,623,explícito,1930.0,3
2023-07-22,sábado,5,PH CORUMBA (PF),IFCO,6424,explícito,2878.0,5
2023-07-22,sábado,5,PH UBAJARA,IFCO,6416,explícito,258.0,57
2023-07-22,sábado,5,PH UBAJARA,IFCO,6424,explícito,158.0,17
2023-07-22,sábado,5,TREB. MINAS,HB,618,rateio_por_capacidade,201.2422323950521,1
2023-07-22,sábado,5,TREB. MINAS,HB,623,explícito,200.0,2
2023-07-22,sábado,5,TREB. MINAS,HB,623,rateio_por_capacidade,20.75776760494789,1
2023-07-22,sábado,5,TREB. MINAS,IFCO,6416,explícito,1807.0,78
2023-07-22,sábado,5,TREB. MINAS,IFCO,6424,explícito,1808.0,16
2023-07-22,sábado,5,TREB. MINAS,IFCO,NAO_INFORMADO,explícito,1.0,1
2023-07-24,segunda-feira,0,PH CORUMBA (PF),IFCO,6424,explícito,1440.0,2
2023-07-24,segunda-feira,0,PH UBAJARA,IFCO,6416,explícito,189.0,24
2023-07-24,segunda-feira,0,PH UBAJARA,IFCO,6424,explícito,56.0,2
2023-07-24,segunda-feira,0,TREB. MINAS,HB,623,explícito,1100.0,4
2023-07-24,segunda-feira,0,TREB. MINAS,IFCO,6416,explícito,991.0,34
2023-07-24,segunda-feira,0,TREB. MINAS,IFCO,6424,explícito,2021.0,5
2023-07-24,segunda-feira,0,TREB. MINAS,IFCO,NAO_INFORMADO,explícito,6.0,1
2023-07-25,terça-feira,1,PH CORUMBA (PF),HB,623,explícito,670.0,1
2023-07-25,terça-feira,1,PH CORUMBA (PF),IFCO,6424,explícito,1120.0,1
2023-07-25,terça-feira,1,PH UBAJARA,IFCO,6416,explícito,866.0,65
2023-07-25,terça-feira,1,PH UBAJARA,IFCO,6424,explícito,203.0,11
2023-07-25,terça-feira,1,TREB. MINAS,HB,618,rateio_por_capacidade,32.82367016235219,11
2023-07-25,terça-feira,1,TREB. MINAS,HB,623,explícito,920.0,4
2023-07-25,terça-feira,1,TREB. MINAS,HB,623,rateio_por_capacidade,104.17632983764781,16
2023-07-25,terça-feira,1,TREB. MINAS,HB,NAO_INFORMADO,sem_base_para_rateio,10.0,2
2023-07-25,terça-feira,1,TREB. MINAS,IFCO,6416,explícito,934.0,22
2023-07-25,terça-feira,1,TREB. MINAS,IFCO,6424,explícito,1707.0,6
2023-07-25,terça-feira,1,TREB. MINAS,IFCO,NAO_INFORMADO,explícito,4.0,1
2023-07-26,quarta-feira,2,PH CORUMBA (PF),IFCO,6416,explícito,14.0,2
2023-07-26,quarta-feira,2,PH CORUMBA (PF),IFCO,6424,explícito,1794.0,8
2023-07-26,quarta-feira,2,TREB. MINAS,HB,618,rateio_por_capacidade,14.491609353507565,3
2023-07-26,quarta-feira,2,TREB. MINAS,HB,623,explícito,1438.0,4
2023-07-26,quarta-feira,2,TREB. MINAS,HB,623,rateio_por_capacidade,3.5083906464924346,4
2023-07-26,quarta-feira,2,TREB. MINAS,HB,NAO_INFORMADO,sem_base_para_rateio,1.0,1
2023-07-26,quarta-feira,2,TREB. MINAS,IFCO,6416,explícito,1065.0,50
2023-07-26,quarta-feira,2,TREB. MINAS,IFCO,6424,explícito,1458.0,15
2023-07-26,quarta-feira,2,TREB. MINAS,IFCO,NAO_INFORMADO,explícito,4.0,1
2023-07-27,quinta-feira,3,PH CORUMBA (PF),IFCO,6424,explícito,1240.0,2
2023-07-27,quinta-feira,3,PH UBAJARA,IFCO,6416,explícito,539.0,43
2023-07-27,quinta-feira,3,PH UBAJARA,IFCO,6424,explícito,179.0,14
2023-07-27,quinta-feira,3,TREB. MINAS,HB,618,rateio_por_capacidade,416.879817543817,17
2023-07-27,quinta-feira,3,TREB. MINAS,HB,623,explícito,870.0,3
2023-07-27,quinta-feira,3,TREB. MINAS,HB,623,rateio_por_capacidade,241.120182456183,29
2023-07-27,quinta-feira,3,TREB. MINAS,HB,NAO_INFORMADO,sem_base_para_rateio,44.0,4
2023-07-27,quinta-feira,3,TREB. MINAS,IFCO,6416,explícito,525.0,27
2023-07-27,quinta-feira,3,TREB. MINAS,IFCO,6424,explícito,4238.0,15
2023-07-27,quinta-feira,3,TREB. MINAS,IFCO,NAO_INFORMADO,explícito,5.0,1
2023-07-28,sexta-feira,4,PH ALHO/CEBOLA,IFCO,6424,explícito,100.0,1
2023-07-28,sexta-feira,4,PH CORUMBA (PF),HB,623,explícito,670.0,1
2023-07-28,sexta-feira,4,PH CORUMBA (PF),IFCO,6416,explícito,190.0,5
2023-07-28,sexta-feira,4,PH CORUMBA (PF),IFCO,6424,explícito,640.0,1
2023-07-28,sexta-feira,4,TREB. MINAS,HB,623,explícito,160.0,2
2023-07-28,sexta-feira,4,TREB. MINAS,IFCO,6416,explícito,2019.0,118
2023-07-28,sexta-feira,4,TREB. MINAS,IFCO,6424,explícito,3243.0,31
2023-07-28,sexta-feira,4,TREB. MINAS,IFCO,NAO_INFORMADO,explícito,2.0,1
2023-07-29,sábado,5,PH CORUMBA (PF),HB,623,explícito,1200.0,2
2023-07-29,sábado,5,PH CORUMBA (PF),IFCO,6424,explícito,1092.0,4
2023-07-29,sábado,5,PH UBAJARA,IFCO,6416,explícito,62.0,12
2023-07-29,sábado,5,PH UBAJARA,IFCO,6424,explícito,34.0,1
2023-07-29,sábado,5,TREB. MINAS,HB,618,rateio_por_capacidade,21.293125801731208,5
2023-07-29,sábado,5,TREB. MINAS,HB,623,rateio_por_capacidade,12.706874198268792,8
2023-07-29,sábado,5,TREB. MINAS,HB,NAO_INFORMADO,sem_base_para_rateio,2.0,1
2023-07-29,sábado,5,TREB. MINAS,IFCO,6416,explícito,1670.0,60
2023-07-29,sábado,5,TREB. MINAS,IFCO,6424,explícito,1579.0,10
2023-07-29,sábado,5,TREB. MINAS,IFCO,NAO_INFORMADO,explícito,2.0,1
2023-07-31,segunda-feira,0,PH UBAJARA,IFCO,6416,explícito,297.0,16
2023-07-31,segunda-feira,0,PH UBAJARA,IFCO,6424,explícito,111.0,3
2023-07-31,segunda-feira,0,TREB. MINAS,HB,623,explícito,670.0,1
2023-07-31,segunda-feira,0,TREB. MINAS,IFCO,6416,explícito,925.0,28
2023-07-31,segunda-feira,0,TREB. MINAS,IFCO,6424,explícito,2731.0,9
2023-07-31,segunda-feira,0,TREB. MINAS,IFCO,NAO_INFORMADO,explícito,7.0,1
2023-08-01,terça-feira,1,PH CORUMBA (PF),HB,623,explícito,670.0,1
2023-08-01,terça-feira,1,PH CORUMBA (PF),IFCO,6424,explícito,640.0,2
2023-08-01,terça-feira,1,PH UBAJARA,IFCO,6416,explícito,898.5,84
2023-08-01,terça-feira,1,PH UBAJARA,IFCO,6424,explícito,316.0,11
2023-08-01,terça-feira,1,PH UBAJARA,IFCO,NAO_INFORMADO,explícito,3.0,1
2023-08-01,terça-feira,1,TREB. MINAS,HB,618,rateio_por_capacidade,38.30530703945796,11
2023-08-01,terça-feira,1,TREB. MINAS,HB,623,explícito,720.0,2
2023-08-01,terça-feira,1,TREB. MINAS,HB,623,rateio_por_capacidade,114.69469296054204,16
2023-08-01,terça-feira,1,TREB. MINAS,HB,NAO_INFORMADO,sem_base_para_rateio,12.0,2
2023-08-01,terça-feira,1,TREB. MINAS,IFCO,6416,explícito,1088.0,33
2023-08-01,terça-feira,1,TREB. MINAS,IFCO,6424,explícito,523.0,5
2023-08-01,terça-feira,1,TREB. MINAS,IFCO,NAO_INFORMADO,explícito,4.0,1
2023-08-02,quarta-feira,2,PH CORUMBA (PF),IFCO,6416,explícito,166.0,7
2023-08-02,quarta-feira,2,PH CORUMBA (PF),IFCO,6424,explícito,184.0,8
2023-08-02,quarta-feira,2,TREB. MINAS,HB,618,rateio_por_capacidade,560.3347639618937,20
2023-08-02,quarta-feira,2,TREB. MINAS,HB,623,explícito,1060.0,3
2023-08-02,quarta-feira,2,TREB. MINAS,HB,623,rateio_por_capacidade,326.66523603810634,35
2023-08-02,quarta-feira,2,TREB. MINAS,HB,NAO_INFORMADO,sem_base_para_rateio,127.0,10
2023-08-02,quarta-feira,2,TREB. MINAS,IFCO,6416,explícito,1525.0,65
2023-08-02,quarta-feira,2,TREB. MINAS,IFCO,6424,explícito,1526.0,15
2023-08-02,quarta-feira,2,TREB. MINAS,IFCO,NAO_INFORMADO,explícito,4.0,1
2023-08-03,quinta-feira,3,PH UBAJARA,IFCO,6416,explícito,474.0,39
2023-08-03,quinta-feira,3,PH UBAJARA,IFCO,6424,explícito,119.0,17
2023-08-03,quinta-feira,3,TREB. MINAS,HB,623,explícito,600.0,2
2023-08-03,quinta-feira,3,TREB. MINAS,IFCO,6416,explícito,539.0,27
2023-08-03,quinta-feira,3,TREB. MINAS,IFCO,6424,explícito,122.0,2
2023-08-03,quinta-feira,3,TREB. MINAS,IFCO,NAO_INFORMADO,explícito,5.0,1
2023-08-04,sexta-feira,4,PH CORUMBA (PF),IFCO,6424,explícito,1274.0,2
2023-08-04,sexta-feira,4,TREB. MINAS,HB,623,explícito,1280.0,2
2023-08-04,sexta-feira,4,TREB. MINAS,IFCO,6416,explícito,1572.0,54
2023-08-04,sexta-feira,4,TREB. MINAS,IFCO,6424,explícito,671.0,10
2023-08-04,sexta-feira,4,TREB. MINAS,IFCO,NAO_INFORMADO,explícito,5.0,2
2023-08-05,sábado,5,PH CORUMBA (PF),IFCO,6424,explícito,120.0,2
2023-08-05,sábado,5,PH UBAJARA,IFCO,6416,explícito,530.0,16
2023-08-05,sábado,5,PH UBAJARA,IFCO,6424,explícito,110.0,3
2023-08-05,sábado,5,TREB. MINAS,HB,618,rateio_por_capacidade,155.11163057476477,1
2023-08-05,sábado,5,TREB. MINAS,HB,623,explícito,800.0,2
2023-08-05,sábado,5,TREB. MINAS,HB,623,rateio_por_capacidade,15.99948053634621,1
2023-08-05,sábado,5,TREB. MINAS,IFCO,6416,explícito,1935.3333333333333,118
2023-08-05,sábado,5,TREB. MINAS,IFCO,6424,explícito,3797.0,58
2023-08-05,sábado,5,TREB. MINAS,IFCO,NAO_INFORMADO,explícito,6.0,1
2023-08-07,segunda-feira,0,PH CORUMBA (PF),IFCO,6416,explícito,100.0,3
2023-08-07,segunda-feira,0,PH CORUMBA (PF),IFCO,6424,explícito,20.0,1
2023-08-07,segunda-feira,0,PH UBAJARA,IFCO,6416,explícito,88.0,15
2023-08-07,segunda-feira,0,PH UBAJARA,IFCO,6424,explícito,14.0,3
2023-08-07,segunda-feira,0,TREB. MINAS,HB,623,explícito,670.0,1
2023-08-07,segunda-feira,0,TREB. MINAS,IFCO,6416,explícito,1321.0,23
2023-08-07,segunda-feira,0,TREB. MINAS,IFCO,6424,explícito,1342.0,4
2023-08-07,segunda-feira,0,TREB. MINAS,IFCO,NAO_INFORMADO,explícito,7.0,1
2023-08-08,terça-feira,1,PH UBAJARA,IFCO,6416,explícito,1331.0,79
2023-08-08,terça-feira,1,PH UBAJARA,IFCO,6424,explícito,191.0,12
2023-08-08,terça-feira,1,PH UBAJARA,IFCO,NAO_INFORMADO,explícito,5.0,1
2023-08-08,terça-feira,1,TREB. MINAS,HB,618,rateio_por_capacidade,26.25449238642783,9
2023-08-08,terça-feira,1,TREB. MINAS,HB,623,explícito,540.0,2
2023-08-08,terça-feira,1,TREB. MINAS,HB,623,rateio_por_capacidade,79.74550761357217,15
2023-08-08,terça-feira,1,TREB. MINAS,HB,NAO_INFORMADO,sem_base_para_rateio,7.0,1
2023-08-08,terça-feira,1,TREB. MINAS,IFCO,6416,explícito,1463.0,76
2023-08-08,terça-feira,1,TREB. MINAS,IFCO,6424,explícito,1135.0,21
2023-08-09,quarta-feira,2,PH CORUMBA (PF),IFCO,6416,explícito,17.0,2
2023-08-09,quarta-feira,2,PH CORUMBA (PF),IFCO,6424,explícito,33.0,4
2023-08-09,quarta-feira,2,PH UBAJARA,IFCO,6416,explícito,49.0,16
2023-08-09,quarta-feira,2,PH UBAJARA,IFCO,6424,explícito,23.0,8
2023-08-09,quarta-feira,2,TREB. MINAS,HB,618,rateio_por_capacidade,20.403032896447286,4
2023-08-09,quarta-feira,2,TREB. MINAS,HB,623,rateio_por_capacidade,13.596967103552714,5
2023-08-09,quarta-feira,2,TREB. MINAS,HB,NAO_INFORMADO,sem_base_para_rateio,4.0,1
2023-08-09,quarta-feira,2,TREB. MINAS,IFCO,6416,explícito,1367.0,55
2023-08-09,quarta-feira,2,TREB. MINAS,IFCO,6424,explícito,1542.0,22
2023-08-10,quinta-feira,3,PH CORUMBA (PF),IFCO,6424,explícito,1280.0,4
2023-08-10,quinta-feira,3,PH UBAJARA,IFCO,6416,explícito,362.0,35
2023-08-10,quinta-feira,3,PH UBAJARA,IFCO,6424,explícito,73.0,9
2023-08-10,quinta-feira,3,TREB. MINAS,HB,618,rateio_por_capacidade,362.1258014522267,18
2023-08-10,quinta-feira,3,TREB. MINAS,HB,623,explícito,1300.0,3
2023-08-10,quinta-feira,3,TREB. MINAS,HB,623,rateio_por_capacidade,190.3741985477733,26
2023-08-10,quinta-feira,3,TREB. MINAS,HB,NAO_INFORMADO,sem_base_para_rateio,33.0,6
2023-08-10,quinta-feira,3,TREB. MINAS,IFCO,6416,explícito,778.0769230769231,42
2023-08-10,quinta-feira,3,TREB. MINAS,IFCO,6424,explícito,977.0,5
2023-08-11,sexta-feira,4,PH CORUMBA (PF),IFCO,6424,explícito,116.0,2
2023-08-11,sexta-feira,4,PH UBAJARA,IFCO,6416,explícito,19.0,6
2023-08-11,sexta-feira,4,TREB. MINAS,IFCO,6416,explícito,1506.0,33
2023-08-11,sexta-feira,4,TREB. MINAS,IFCO,6424,explícito,1398.0,5
2023-08-12,sábado,5,PH CORUMBA (PF),HB,623,explícito,670.0,2
2023-08-12,sábado,5,PH UBAJARA,IFCO,6416,explícito,235.0,9
2023-08-12,sábado,5,PH UBAJARA,IFCO,6424,explícito,325.0,11
2023-08-12,sábado,5,TREB. MINAS,HB,618,rateio_por_capacidade,343.2196301766597,8
2023-08-12,sábado,5,TREB. MINAS,HB,623,explícito,1170.0,5
2023-08-12,sábado,5,TREB. MINAS,HB,623,rateio_por_capacidade,40.891480934451295,11
2023-08-12,sábado,5,TREB. MINAS,HB,NAO_INFORMADO,sem_base_para_rateio,1.0,1
2023-08-12,sábado,5,TREB. MINAS,IFCO,6416,explícito,1784.0,59
2023-08-12,sábado,5,TREB. MINAS,IFCO,6424,explícito,547.0,11
2023-08-14,segunda-feira,0,PH CORUMBA (PF),IFCO,6424,explícito,638.0,4
2023-08-14,segunda-feira,0,PH UBAJARA,IFCO,6416,explícito,252.0,23
2023-08-14,segunda-feira,0,PH UBAJARA,IFCO,6424,explícito,72.0,12
2023-08-14,segunda-feira,0,TREB. MINAS,HB,618,rateio_por_capacidade,16.797774305873002,6
2023-08-14,segunda-feira,0,TREB. MINAS,HB,623,explícito,630.0,2
2023-08-14,segunda-feira,0,TREB. MINAS,HB,623,rateio_por_capacidade,70.202225694127,12
2023-08-14,segunda-feira,0,TREB. MINAS,HB,NAO_INFORMADO,sem_base_para_rateio,5.0,1
2023-08-14,segunda-feira,0,TREB. MINAS,IFCO,6416,explícito,1264.0,33
2023-08-14,segunda-feira,0,TREB. MINAS,IFCO,6424,explícito,1988.0,7
2023-08-15,terça-feira,1,PH CORUMBA (PF),IFCO,6416,explícito,110.0,2
2023-08-15,terça-feira,1,PH CORUMBA (PF),IFCO,6424,explícito,220.0,3
2023-08-15,terça-feira,1,PH UBAJARA,IFCO,6416,explícito,970.0,30
2023-08-15,terça-feira,1,PH UBAJARA,IFCO,6424,explícito,57.0,15
2023-08-15,terça-feira,1,TREB. MINAS,IFCO,6416,explícito,1174.0,22
2023-08-15,terça-feira,1,TREB. MINAS,IFCO,6424,explícito,1796.0,5
2023-08-16,quarta-feira,2,PH CORUMBA (PF),HB,623,explícito,1258.0,2
2023-08-16,quarta-feira,2,PH CORUMBA (PF),IFCO,6416,explícito,55.0,5
2023-08-16,quarta-feira,2,PH CORUMBA (PF),IFCO,6424,explícito,90.0,6
2023-08-16,quarta-feira,2,PH UBAJARA,IFCO,6416,explícito,500.0,61
2023-08-16,quarta-feira,2,PH UBAJARA,IFCO,6424,explícito,101.0,14
2023-08-16,quarta-feira,2,PH UBAJARA,IFCO,NAO_INFORMADO,explícito,3.0,1
2023-08-16,quarta-feira,2,TREB. MINAS,HB,618,rateio_por_capacidade,480.2920276467096,14
2023-08-16,quarta-feira,2,TREB. MINAS,HB,623,explícito,670.0,1
2023-08-16,quarta-feira,2,TREB. MINAS,HB,623,rateio_por_capacidade,168.70797235329036,22
2023-08-16,quarta-feira,2,TREB. MINAS,HB,NAO_INFORMADO,sem_base_para_rateio,24.0,5
2023-08-16,quarta-feira,2,TREB. MINAS,IFCO,6416,explícito,1377.0,56
2023-08-16,quarta-feira,2,TREB. MINAS,IFCO,6424,explícito,1888.0,7
2023-08-16,quarta-feira,2,TREB. MINAS,IFCO,NAO_INFORMADO,explícito,8.0,1
2023-08-17,quinta-feira,3,PH CORUMBA (PF),HB,623,explícito,1260.0,1
2023-08-17,quinta-feira,3,PH CORUMBA (PF),IFCO,6424,explícito,2240.0,2
2023-08-17,quinta-feira,3,PH UBAJARA,IFCO,6416,explícito,387.0,33
2023-08-17,quinta-feira,3,PH UBAJARA,IFCO,6424,explícito,78.0,5
2023-08-17,quinta-feira,3,TREB. MINAS,IFCO,6416,explícito,586.0,26
2023-08-17,quinta-feira,3,TREB. MINAS,IFCO,6424,explícito,2082.0,7
2023-08-18,sexta-feira,4,PH CORUMBA (PF),IFCO,6424,explícito,2039.0,6
2023-08-18,sexta-feira,4,PH UBAJARA,IFCO,6416,explícito,555.0,1
2023-08-18,sexta-feira,4,TREB. MINAS,HB,623,explícito,1249.0,2
2023-08-18,sexta-feira,4,TREB. MINAS,IFCO,6416,explícito,524.0,27
2023-08-18,sexta-feira,4,TREB. MINAS,IFCO,6424,explícito,2242.0,5
2023-08-19,sábado,5,PH CORUMBA (PF),IFCO,6424,explícito,640.0,1
2023-08-19,sábado,5,PH UBAJARA,IFCO,6416,explícito,75.0,5
2023-08-19,sábado,5,PH UBAJARA,IFCO,6424,explícito,15.0,1
2023-08-19,sábado,5,TREB. MINAS,HB,618,rateio_por_capacidade,155.11163057476477,1
2023-08-19,sábado,5,TREB. MINAS,HB,623,explícito,1690.0,3
2023-08-19,sábado,5,TREB. MINAS,HB,623,rateio_por_capacidade,15.99948053634621,1
2023-08-19,sábado,5,TREB. MINAS,IFCO,6416,explícito,1867.0,113
2023-08-19,sábado,5,TREB. MINAS,IFCO,6424,explícito,1637.0,25
2023-08-21,segunda-feira,0,PH CORUMBA (PF),IFCO,6424,explícito,120.0,2
2023-08-21,segunda-feira,0,PH UBAJARA,IFCO,6416,explícito,515.0,33
2023-08-21,segunda-feira,0,PH UBAJARA,IFCO,6424,explícito,127.0,6
2023-08-21,segunda-feira,0,TREB. MINAS,HB,618,rateio_por_capacidade,66.60514499212164,7
2023-08-21,segunda-feira,0,TREB. MINAS,HB,623,explícito,585.0,1
2023-08-21,segunda-feira,0,TREB. MINAS,HB,623,rateio_por_capacidade,43.394855007878355,12
2023-08-21,segunda-feira,0,TREB. MINAS,HB,NAO_INFORMADO,sem_base_para_rateio,5.0,1
2023-08-21,segunda-feira,0,TREB. MINAS,IFCO,6416,explícito,1041.0,32
2023-08-21,segunda-feira,0,TREB. MINAS,IFCO,6424,explícito,1362.0,6
2023-08-22,terça-feira,1,PH CORUMBA (PF),IFCO,6416,explícito,140.0,3
2023-08-22,terça-feira,1,PH CORUMBA (PF),IFCO,6424,explícito,15.0,1
2023-08-22,terça-feira,1,PH UBAJARA,IFCO,6416,explícito,1172.0,94
2023-08-22,terça-feira,1,PH UBAJARA,IFCO,6424,explícito,196.0,11
2023-08-22,terça-feira,1,TREB. MINAS,HB,618,rateio_por_capacidade,52.39730292571296,11
2023-08-22,terça-feira,1,TREB. MINAS,HB,623,explícito,1390.0,3
2023-08-22,terça-feira,1,TREB. MINAS,HB,623,rateio_por_capacidade,193.60269707428705,17
2023-08-22,terça-feira,1,TREB. MINAS,HB,NAO_INFORMADO,sem_base_para_rateio,11.0,1
2023-08-22,terça-feira,1,TREB. MINAS,IFCO,6416,explícito,1168.0,26
2023-08-22,terça-feira,1,TREB. MINAS,IFCO,6424,explícito,1442.0,4
2023-08-23,quarta-feira,2,PH CORUMBA (PF),HB,623,explícito,690.0,1
2023-08-23,quarta-feira,2,PH CORUMBA (PF),IFCO,6416,explícito,19.0,3
2023-08-23,quarta-feira,2,PH CORUMBA (PF),IFCO,6424,explícito,1120.0,1
2023-08-23,quarta-feira,2,PH UBAJARA,IFCO,6416,explícito,344.0,31
2023-08-23,quarta-feira,2,PH UBAJARA,IFCO,6424,explícito,92.0,18
2023-08-23,quarta-feira,2,TREB. MINAS,HB,618,rateio_por_capacidade,13.714337058471001,4
2023-08-23,quarta-feira,2,TREB. MINAS,HB,623,explícito,670.0,1
2023-08-23,quarta-feira,2,TREB. MINAS,HB,623,rateio_por_capacidade,10.285662941528997,7
2023-08-23,quarta-feira,2,TREB. MINAS,HB,NAO_INFORMADO,sem_base_para_rateio,2.0,1
2023-08-23,quarta-feira,2,TREB. MINAS,IFCO,6416,explícito,1497.0,56
2023-08-23,quarta-feira,2,TREB. MINAS,IFCO,6424,explícito,1622.0,7
2023-08-24,quinta-feira,3,PH CORUMBA (PF),IFCO,6424,explícito,1080.0,2
2023-08-24,quinta-feira,3,PH UBAJARA,IFCO,6416,explícito,37.0,15
2023-08-24,quinta-feira,3,PH UBAJARA,IFCO,6424,explícito,25.0,8
2023-08-24,quinta-feira,3,TREB. MINAS,HB,618,rateio_por_capacidade,787.9745663400522,18
2023-08-24,quinta-feira,3,TREB. MINAS,HB,623,explícito,300.0,2
2023-08-24,quinta-feira,3,TREB. MINAS,HB,623,rateio_por_capacidade,296.9143225488369,28
2023-08-24,quinta-feira,3,TREB. MINAS,HB,NAO_INFORMADO,sem_base_para_rateio,132.0,6
2023-08-24,quinta-feira,3,TREB. MINAS,IFCO,6416,explícito,914.0,32
2023-08-24,quinta-feira,3,TREB. MINAS,IFCO,6424,explícito,1482.0,6
2023-08-25,sexta-feira,4,TREB. MINAS,HB,618,rateio_por_capacidade,77.28258027058614,5
2023-08-25,sexta-feira,4,TREB. MINAS,HB,623,explícito,1050.0,2
2023-08-25,sexta-feira,4,TREB. MINAS,HB,623,rateio_por_capacidade,61.71741972941387,7
2023-08-25,sexta-feira,4,TREB. MINAS,HB,NAO_INFORMADO,sem_base_para_rateio,36.0,2
2023-08-25,sexta-feira,4,TREB. MINAS,IFCO,6416,explícito,1369.0,32
2023-08-25,sexta-feira,4,TREB. MINAS,IFCO,6424,explícito,762.0,3
2023-08-26,sábado,5,PH UBAJARA,IFCO,6416,explícito,549.0,87
2023-08-26,sábado,5,PH UBAJARA,IFCO,6424,explícito,379.0,17
2023-08-26,sábado,5,TREB. MINAS,HB,618,rateio_por_capacidade,177.09510042161008,6
2023-08-26,sábado,5,TREB. MINAS,HB,623,explícito,1870.0,6
2023-08-26,sábado,5,TREB. MINAS,HB,623,rateio_por_capacidade,112.9048995783899,8
2023-08-26,sábado,5,TREB. MINAS,HB,NAO_INFORMADO,sem_base_para_rateio,65.0,2
2023-08-26,sábado,5,TREB. MINAS,IFCO,6416,explícito,1901.0,57
2023-08-26,sábado,5,TREB. MINAS,IFCO,6424,explícito,2086.0,10
2023-08-28,segunda-feira,0,PH CORUMBA (PF),IFCO,6424,explícito,140.0,2
2023-08-28,segunda-feira,0,PH UBAJARA,IFCO,6416,explícito,57.0,22
2023-08-28,segunda-feira,0,PH UBAJARA,IFCO,6424,explícito,21.0,6
2023-08-28,segunda-feira,0,TREB. MINAS,HB,618,rateio_por_capacidade,14.117951243349726,4
2023-08-28,segunda-feira,0,TREB. MINAS,HB,623,explícito,1070.0,3
2023-08-28,segunda-feira,0,TREB. MINAS,HB,623,rateio_por_capacidade,97.88204875665028,12
2023-08-28,segunda-feira,0,TREB. MINAS,HB,NAO_INFORMADO,sem_base_para_rateio,5.0,1
2023-08-28,segunda-feira,0,TREB. MINAS,IFCO,6416,explícito,1010.0,30
2023-08-28,segunda-feira,0,TREB. MINAS,IFCO,6424,explícito,758.0,4
2023-08-29,terça-feira,1,PH CORUMBA (PF),IFCO,6416,explícito,120.0,3
2023-08-29,terça-feira,1,PH CORUMBA (PF),IFCO,6424,explícito,640.0,1
2023-08-29,terça-feira,1,PH UBAJARA,IFCO,6416,explícito,1701.0,64
2023-08-29,terça-feira,1,PH UBAJARA,IFCO,6424,explícito,52.0,6
2023-08-29,terça-feira,1,TREB. MINAS,HB,618,rateio_por_capacidade,38.73986416579234,9
2023-08-29,terça-feira,1,TREB. MINAS,HB,623,explícito,655.0,3
2023-08-29,terça-feira,1,TREB. MINAS,HB,623,rateio_por_capacidade,53.26013583420766,14
2023-08-29,terça-feira,1,TREB. MINAS,HB,NAO_INFORMADO,sem_base_para_rateio,6.0,1
2023-08-29,terça-feira,1,TREB. MINAS,IFCO,6416,explícito,1436.0,32
2023-08-29,terça-feira,1,TREB. MINAS,IFCO,6424,explícito,2574.0,15
2023-08-30,quarta-feira,2,PH CORUMBA (PF),HB,623,explícito,670.0,2
2023-08-30,quarta-feira,2,PH CORUMBA (PF),IFCO,6416,explícito,6.0,2
2023-08-30,quarta-feira,2,PH CORUMBA (PF),IFCO,6424,explícito,84.0,2
2023-08-30,quarta-feira,2,PH SUL (PF),HB,623,explícito,65.0,1
2023-08-30,quarta-feira,2,PH UBAJARA,HB,623,rateio_por_capacidade,12.0,1
2023-08-30,quarta-feira,2,PH UBAJARA,IFCO,6416,explícito,456.0,40
2023-08-30,quarta-feira,2,PH UBAJARA,IFCO,6424,explícito,142.0,9
2023-08-30,quarta-feira,2,TREB. MINAS,HB,618,rateio_por_capacidade,80.79166380906005,15
2023-08-30,quarta-feira,2,TREB. MINAS,HB,623,explícito,1930.0,7
2023-08-30,quarta-feira,2,TREB. MINAS,HB,623,rateio_por_capacidade,134.6369076195114,19
2023-08-30,quarta-feira,2,TREB. MINAS,HB,NAO_INFORMADO,sem_base_para_rateio,16.0,3
2023-08-30,quarta-feira,2,TREB. MINAS,IFCO,6416,explícito,1129.0,41
2023-08-30,quarta-feira,2,TREB. MINAS,IFCO,6424,explícito,843.0,6
2023-08-31,quinta-feira,3,PH CORUMBA (PF),IFCO,6416,explícito,110.0,5
2023-08-31,quinta-feira,3,PH CORUMBA (PF),IFCO,6424,explícito,720.0,3
2023-08-31,quinta-feira,3,PH UBAJARA,IFCO,6416,explícito,78.0,22
2023-08-31,quinta-feira,3,PH UBAJARA,IFCO,6424,explícito,30.0,8
2023-08-31,quinta-feira,3,PH UBAJARA,IFCO,NAO_INFORMADO,explícito,10.0,1
2023-08-31,quinta-feira,3,TREB. MINAS,HB,618,rateio_por_capacidade,362.5986169280218,2
2023-08-31,quinta-feira,3,TREB. MINAS,HB,623,rateio_por_capacidade,37.40138307197818,2
2023-08-31,quinta-feira,3,TREB. MINAS,IFCO,6416,explícito,920.03125,57
2023-08-31,quinta-feira,3,TREB. MINAS,IFCO,6424,explícito,2243.0,16
2023-09-01,sexta-feira,4,PH CORUMBA (PF),HB,623,explícito,670.0,2
2023-09-01,sexta-feira,4,PH CORUMBA (PF),IFCO,6424,explícito,360.0,3
2023-09-01,sexta-feira,4,PH UBAJARA,HB,623,rateio_por_capacidade,6.0,1
2023-09-01,sexta-feira,4,PH UBAJARA,IFCO,6416,explícito,15.0,1
2023-09-01,sexta-feira,4,PH UBAJARA,IFCO,6424,explícito,12.0,2
2023-09-01,sexta-feira,4,TREB. MINAS,IFCO,6416,explícito,1564.0,34
2023-09-01,sexta-feira,4,TREB. MINAS,IFCO,6424,explícito,2282.0,7
2023-09-01,sexta-feira,4,TREB. MINAS,IFCO,NAO_INFORMADO,explícito,16.0,2
2023-09-02,sábado,5,PH CORUMBA (PF),IFCO,6424,explícito,640.0,2
2023-09-02,sábado,5,PH UBAJARA,IFCO,6416,explícito,511.0,21
2023-09-02,sábado,5,PH UBAJARA,IFCO,6424,explícito,67.0,1
2023-09-02,sábado,5,TREB. MINAS,HB,623,explícito,1340.0,3
2023-09-02,sábado,5,TREB. MINAS,IFCO,6416,explícito,1653.0,55
2023-09-02,sábado,5,TREB. MINAS,IFCO,6424,explícito,1231.0,8
2023-09-02,sábado,5,TREB. MINAS,IFCO,NAO_INFORMADO,explícito,6.0,1
2023-09-04,segunda-feira,0,PH CORUMBA (PF),IFCO,6424,explícito,80.0,1
2023-09-04,segunda-feira,0,PH UBAJARA,HB,623,rateio_por_capacidade,10.0,1
2023-09-04,segunda-feira,0,PH UBAJARA,IFCO,6416,explícito,202.0,43
2023-09-04,segunda-feira,0,PH UBAJARA,IFCO,6424,explícito,56.0,6
2023-09-04,segunda-feira,0,TREB. MINAS,HB,623,explícito,628.0,1
2023-09-04,segunda-feira,0,TREB. MINAS,IFCO,6416,explícito,1103.0,27
2023-09-04,segunda-feira,0,TREB. MINAS,IFCO,6424,explícito,2514.0,7
2023-09-04,segunda-feira,0,TREB. MINAS,IFCO,NAO_INFORMADO,explícito,10.0,1
2023-09-05,terça-feira,1,PH SUL (PF),HB,623,explícito,40.0,6
2023-09-05,terça-feira,1,PH UBAJARA,IFCO,6416,explícito,1570.0,65
2023-09-05,terça-feira,1,PH UBAJARA,IFCO,6424,explícito,53.0,9
2023-09-05,terça-feira,1,TREB. MINAS,HB,618,rateio_por_capacidade,26.751032126169825,7
2023-09-05,terça-feira,1,TREB. MINAS,HB,623,explícito,1300.0,3
2023-09-05,terça-feira,1,TREB. MINAS,HB,623,rateio_por_capacidade,76.24896787383018,12
2023-09-05,terça-feira,1,TREB. MINAS,HB,NAO_INFORMADO,sem_base_para_rateio,4.0,1
2023-09-05,terça-feira,1,TREB. MINAS,IFCO,6416,explícito,548.0,23
2023-09-05,terça-feira,1,TREB. MINAS,IFCO,6424,explícito,1477.0,4
2023-09-05,terça-feira,1,TREB. MINAS,IFCO,NAO_INFORMADO,explícito,4.0,1
2023-09-06,quarta-feira,2,PH CORUMBA (PF),IFCO,6416,explícito,126.0,7
2023-09-06,quarta-feira,2,PH CORUMBA (PF),IFCO,6424,explícito,835.0,9
2023-09-06,quarta-feira,2,PH UBAJARA,IFCO,6416,explícito,288.0,45
2023-09-06,quarta-feira,2,PH UBAJARA,IFCO,6424,explícito,117.0,22
2023-09-06,quarta-feira,2,TREB. MINAS,HB,618,rateio_por_capacidade,424.03616749441164,17
2023-09-06,quarta-feira,2,TREB. MINAS,HB,623,explícito,204.0,1
2023-09-06,quarta-feira,2,TREB. MINAS,HB,623,rateio_por_capacidade,216.82097536273122,30
2023-09-06,quarta-feira,2,TREB. MINAS,HB,NAO_INFORMADO,sem_base_para_rateio,31.0,4
2023-09-06,quarta-feira,2,TREB. MINAS,IFCO,6416,explícito,1637.0,67
2023-09-06,quarta-feira,2,TREB. MINAS,IFCO,6424,explícito,1621.0,11
2023-09-06,quarta-feira,2,TREB. MINAS,IFCO,NAO_INFORMADO,explícito,10.0,2
2023-09-07,quinta-feira,3,PH CORUMBA (PF),HB,623,explícito,516.0,1
2023-09-07,quinta-feira,3,PH UBAJARA,IFCO,6416,explícito,461.0,51
2023-09-07,quinta-feira,3,PH UBAJARA,IFCO,6424,explícito,158.0,12
2023-09-07,quinta-feira,3,PH UBAJARA,IFCO,NAO_INFORMADO,explícito,4.0,1
2023-09-08,sexta-feira,4,PH UBAJARA,IFCO,6416,explícito,218.0,1
2023-09-08,sexta-feira,4,TREB. MINAS,IFCO,6416,explícito,1676.0,32
2023-09-08,sexta-feira,4,TREB. MINAS,IFCO,6424,explícito,1880.0,7
2023-09-08,sexta-feira,4,TREB. MINAS,IFCO,NAO_INFORMADO,explícito,3.0,1
2023-09-09,sábado,5,PH UBAJARA,IFCO,6416,explícito,218.0,24
2023-09-09,sábado,5,PH UBAJARA,IFCO,6424,explícito,61.0,2
2023-09-09,sábado,5,TREB. MINAS,HB,618,rateio_por_capacidade,512.0396130437035,10
2023-09-09,sábado,5,TREB. MINAS,HB,623,explícito,830.0,4
2023-09-09,sábado,5,TREB. MINAS,HB,623,rateio_por_capacidade,116.9603869562965,13
2023-09-09,sábado,5,TREB. MINAS,HB,NAO_INFORMADO,sem_base_para_rateio,100.0,5
2023-09-09,sábado,5,TREB. MINAS,IFCO,6416,explícito,2182.0,113
2023-09-09,sábado,5,TREB. MINAS,IFCO,6424,explícito,1512.0,24
2023-09-09,sábado,5,TREB. MINAS,IFCO,NAO_INFORMADO,explícito,2.0,1
2023-09-11,segunda-feira,0,PH CORUMBA (PF),IFCO,6424,explícito,120.0,2
2023-09-11,segunda-feira,0,PH UBAJARA,IFCO,6416,explícito,11.0,5
2023-09-11,segunda-feira,0,PH UBAJARA,IFCO,6424,explícito,6.0,2
2023-09-11,segunda-feira,0,TREB. MINAS,HB,618,rateio_por_capacidade,34.14709822458382,8
2023-09-11,segunda-feira,0,TREB. MINAS,HB,623,explícito,1340.0,2
2023-09-11,segunda-feira,0,TREB. MINAS,HB,623,rateio_por_capacidade,107.85290177541619,16
2023-09-11,segunda-feira,0,TREB. MINAS,HB,NAO_INFORMADO,sem_base_para_rateio,30.0,3
2023-09-11,segunda-feira,0,TREB. MINAS,IFCO,6416,explícito,1135.0,30
2023-09-11,segunda-feira,0,TREB. MINAS,IFCO,6424,explícito,362.0,3
2023-09-11,segunda-feira,0,TREB. MINAS,IFCO,NAO_INFORMADO,explícito,4.0,1
2023-09-12,terça-feira,1,PH CORUMBA (PF),IFCO,6416,explícito,120.0,3
2023-09-12,terça-feira,1,PH CORUMBA (PF),IFCO,6424,explícito,200.0,1
2023-09-12,terça-feira,1,PH SUL (PF),HB,623,explícito,195.0,3
2023-09-12,terça-feira,1,PH UBAJARA,IFCO,6416,explícito,1181.0,67
2023-09-12,terça-feira,1,PH UBAJARA,IFCO,6424,explícito,274.0,9
2023-09-12,terça-feira,1,TREB. MINAS,HB,618,rateio_por_capacidade,63.228209840128024,12
2023-09-12,terça-feira,1,TREB. MINAS,HB,623,explícito,710.0,3
2023-09-12,terça-feira,1,TREB. MINAS,HB,623,rateio_por_capacidade,120.77179015987198,17
2023-09-12,terça-feira,1,TREB. MINAS,HB,NAO_INFORMADO,sem_base_para_rateio,10.0,1
2023-09-12,terça-feira,1,TREB. MINAS,IFCO,6416,explícito,1335.0,23
2023-09-12,terça-feira,1,TREB. MINAS,IFCO,6424,explícito,1128.0,6
2023-09-12,terça-feira,1,TREB. MINAS,IFCO,NAO_INFORMADO,explícito,3.0,1
2023-09-13,quarta-feira,2,PH CORUMBA (PF),HB,623,explícito,670.0,1
2023-09-13,quarta-feira,2,PH CORUMBA (PF),IFCO,6416,explícito,32.0,1
2023-09-13,quarta-feira,2,PH CORUMBA (PF),IFCO,6424,explícito,688.0,5
2023-09-13,quarta-feira,2,PH SUL (PF),HB,623,explícito,74.0,10
2023-09-13,quarta-feira,2,PH UBAJARA,IFCO,6416,explícito,568.0,43
2023-09-13,quarta-feira,2,PH UBAJARA,IFCO,6424,explícito,137.0,12
2023-09-13,quarta-feira,2,TREB. MINAS,HB,618,rateio_por_capacidade,405.1946633386963,12
2023-09-13,quarta-feira,2,TREB. MINAS,HB,623,rateio_por_capacidade,204.8053366613037,19
2023-09-13,quarta-feira,2,TREB. MINAS,HB,NAO_INFORMADO,sem_base_para_rateio,29.0,3
2023-09-13,quarta-feira,2,TREB. MINAS,IFCO,6416,explícito,1085.0,38
2023-09-13,quarta-feira,2,TREB. MINAS,IFCO,6424,explícito,762.0,6
2023-09-13,quarta-feira,2,TREB. MINAS,IFCO,NAO_INFORMADO,explícito,2.0,1
2023-09-14,quinta-feira,3,PH CORUMBA (PF),IFCO,6416,explícito,140.0,6
2023-09-14,quinta-feira,3,PH CORUMBA (PF),IFCO,6424,explícito,640.0,2
2023-09-14,quinta-feira,3,PH SUL (PF),HB,623,explícito,98.0,6
2023-09-14,quinta-feira,3,PH UBAJARA,IFCO,6416,explícito,21.0,2
2023-09-14,quinta-feira,3,TREB. MINAS,HB,623,explícito,670.0,1
2023-09-14,quinta-feira,3,TREB. MINAS,IFCO,6416,explícito,1132.0,58
2023-09-14,quinta-feira,3,TREB. MINAS,IFCO,6424,explícito,276.0,9
2023-09-14,quinta-feira,3,TREB. MINAS,IFCO,NAO_INFORMADO,explícito,4.0,1
2023-09-15,sexta-feira,4,PH UBAJARA,IFCO,6416,explícito,2.0,1
2023-09-15,sexta-feira,4,TREB. MINAS,HB,623,explícito,670.0,2
2023-09-15,sexta-feira,4,TREB. MINAS,IFCO,6416,explícito,1490.0,18
2023-09-15,sexta-feira,4,TREB. MINAS,IFCO,6424,explícito,705.0,3
2023-09-15,sexta-feira,4,TREB. MINAS,IFCO,NAO_INFORMADO,explícito,2.0,1
2023-09-16,sábado,5,PH CORUMBA (PF),IFCO,6424,explícito,640.0,1
2023-09-16,sábado,5,PH UBAJARA,HB,623,rateio_por_capacidade,2.0,1
2023-09-16,sábado,5,PH UBAJARA,IFCO,6416,explícito,522.0,19
2023-09-16,sábado,5,PH UBAJARA,IFCO,6424,explícito,72.0,2
2023-09-16,sábado,5,TREB. MINAS,HB,618,rateio_por_capacidade,221.0925034901464,3
2023-09-16,sábado,5,TREB. MINAS,HB,623,rateio_por_capacidade,26.907496509853573,6
2023-09-16,sábado,5,TREB. MINAS,HB,NAO_INFORMADO,sem_base_para_rateio,1.0,1
2023-09-16,sábado,5,TREB. MINAS,IFCO,6416,explícito,2234.0,105
2023-09-16,sábado,5,TREB. MINAS,IFCO,6424,explícito,1341.0,31
2023-09-16,sábado,5,TREB. MINAS,IFCO,NAO_INFORMADO,explícito,13.0,2
2023-09-18,segunda-feira,0,PH SUL (PF),HB,623,explícito,21.0,4
2023-09-18,segunda-feira,0,PH SUL (PF),IFCO,6424,explícito,452.0,5
2023-09-18,segunda-feira,0,PH UBAJARA,IFCO,6416,explícito,236.0,25
2023-09-18,segunda-feira,0,PH UBAJARA,IFCO,6424,explícito,53.0,6
2023-09-18,segunda-feira,0,TREB. MINAS,HB,618,rateio_por_capacidade,23.886921976157467,6
2023-09-18,segunda-feira,0,TREB. MINAS,HB,623,explícito,1339.0,3
2023-09-18,segunda-feira,0,TREB. MINAS,HB,623,rateio_por_capacidade,76.11307802384253,12
2023-09-18,segunda-feira,0,TREB. MINAS,HB,NAO_INFORMADO,sem_base_para_rateio,5.0,1
2023-09-18,segunda-feira,0,TREB. MINAS,IFCO,6416,explícito,1081.0,25
2023-09-18,segunda-feira,0,TREB. MINAS,IFCO,6424,explícito,542.0,2
2023-09-18,segunda-feira,0,TREB. MINAS,IFCO,NAO_INFORMADO,explícito,6.0,1
2023-09-19,terça-feira,1,PH CORUMBA (PF),HB,618,rateio_por_capacidade,8.518675045876037,3
2023-09-19,terça-feira,1,PH CORUMBA (PF),HB,623,explícito,630.0,1
2023-09-19,terça-feira,1,PH CORUMBA (PF),HB,623,rateio_por_capacidade,82.48132495412396,8
2023-09-19,terça-feira,1,PH CORUMBA (PF),IFCO,6424,explícito,630.0,2
2023-09-19,terça-feira,1,PH UBAJARA,IFCO,6416,explícito,1815.0,114
2023-09-19,terça-feira,1,PH UBAJARA,IFCO,6424,explícito,464.0,40
2023-09-19,terça-feira,1,TREB. MINAS,HB,618,rateio_por_capacidade,203.7364336226467,10
2023-09-19,terça-feira,1,TREB. MINAS,HB,623,rateio_por_capacidade,39.263566377353285,10
2023-09-19,terça-feira,1,TREB. MINAS,HB,NAO_INFORMADO,sem_base_para_rateio,12.0,2
2023-09-19,terça-feira,1,TREB. MINAS,IFCO,6416,explícito,1071.0,22
2023-09-19,terça-feira,1,TREB. MINAS,IFCO,6424,explícito,1398.0,6
2023-09-19,terça-feira,1,TREB. MINAS,IFCO,NAO_INFORMADO,explícito,3.0,1
2023-09-20,quarta-feira,2,PH CORUMBA (PF),HB,623,explícito,690.0,1
2023-09-20,quarta-feira,2,PH CORUMBA (PF),IFCO,6416,explícito,32.0,1
2023-09-20,quarta-feira,2,PH CORUMBA (PF),IFCO,6424,explícito,672.0,6
2023-09-20,quarta-feira,2,PH SUL (PF),HB,623,explícito,68.0,6
2023-09-20,quarta-feira,2,PH UBAJARA,HB,623,rateio_por_capacidade,2.0,1
2023-09-20,quarta-feira,2,PH UBAJARA,IFCO,6416,explícito,340.0,51
2023-09-20,quarta-feira,2,PH UBAJARA,IFCO,6424,explícito,163.0,30
2023-09-20,quarta-feira,2,PH UBAJARA,IFCO,NAO_INFORMADO,explícito,0.0,1
2023-09-20,quarta-feira,2,TREB. MINAS,HB,618,rateio_por_capacidade,113.33607911795785,14
2023-09-20,quarta-feira,2,TREB. MINAS,HB,623,rateio_por_capacidade,121.2194764375977,19
2023-09-20,quarta-feira,2,TREB. MINAS,HB,NAO_INFORMADO,sem_base_para_rateio,40.0,5
2023-09-20,quarta-feira,2,TREB. MINAS,IFCO,6416,explícito,1014.0,40
2023-09-20,quarta-feira,2,TREB. MINAS,IFCO,6424,explícito,362.0,6
2023-09-20,quarta-feira,2,TREB. MINAS,IFCO,NAO_INFORMADO,explícito,18.0,2
2023-09-21,quinta-feira,3,PH CORUMBA (PF),IFCO,6416,explícito,120.0,1
2023-09-21,quinta-feira,3,PH CORUMBA (PF),IFCO,6424,explícito,640.0,1
2023-09-21,quinta-feira,3,TREB. MINAS,HB,618,rateio_por_capacidade,181.2993084640109,1
2023-09-21,quinta-feira,3,TREB. MINAS,HB,623,explícito,1234.0,3
2023-09-21,quinta-feira,3,TREB. MINAS,HB,623,rateio_por_capacidade,18.70069153598909,1
2023-09-21,quinta-feira,3,TREB. MINAS,IFCO,6416,explícito,1226.09375,50
2023-09-21,quinta-feira,3,TREB. MINAS,IFCO,6424,explícito,1274.0,9
2023-09-21,quinta-feira,3,TREB. MINAS,IFCO,NAO_INFORMADO,explícito,4.0,1
2023-09-22,sexta-feira,4,PH CORUMBA (PF),IFCO,6424,explícito,640.0,1
2023-09-22,sexta-feira,4,PH UBAJARA,HB,623,rateio_por_capacidade,2.0,1
2023-09-22,sexta-feira,4,TREB. MINAS,HB,618,rateio_por_capacidade,326.1086570943964,6
2023-09-22,sexta-feira,4,TREB. MINAS,HB,623,explícito,400.0,1
2023-09-22,sexta-feira,4,TREB. MINAS,HB,623,rateio_por_capacidade,138.89134290560358,8
2023-09-22,sexta-feira,4,TREB. MINAS,HB,NAO_INFORMADO,sem_base_para_rateio,66.0,4
2023-09-22,sexta-feira,4,TREB. MINAS,IFCO,6416,explícito,1402.03125,36
2023-09-22,sexta-feira,4,TREB. MINAS,IFCO,6424,explícito,1883.0,6
2023-09-22,sexta-feira,4,TREB. MINAS,IFCO,NAO_INFORMADO,explícito,3.0,1
2023-09-23,sábado,5,PH CORUMBA (PF),HB,623,explícito,670.0,1
2023-09-23,sábado,5,PH CORUMBA (PF),IFCO,6424,explícito,626.0,1
2023-09-23,sábado,5,TREB. MINAS,HB,618,rateio_por_capacidade,222.0925034901464,4
2023-09-23,sábado,5,TREB. MINAS,HB,623,rateio_por_capacidade,26.907496509853573,6
2023-09-23,sábado,5,TREB. MINAS,IFCO,6416,explícito,1741.0,46
2023-09-23,sábado,5,TREB. MINAS,IFCO,6424,explícito,161.0,3
2023-09-23,sábado,5,TREB. MINAS,IFCO,NAO_INFORMADO,explícito,11.0,2
2023-09-25,segunda-feira,0,PH CORUMBA (PF),IFCO,6416,explícito,70.0,2
2023-09-25,segunda-feira,0,PH CORUMBA (PF),IFCO,6424,explícito,120.0,1
2023-09-25,segunda-feira,0,PH UBAJARA,IFCO,6416,explícito,319.0,51
2023-09-25,segunda-feira,0,PH UBAJARA,IFCO,6424,explícito,59.0,10
2023-09-25,segunda-feira,0,TREB. MINAS,HB,618,rateio_por_capacidade,14.117951243349726,4
2023-09-25,segunda-feira,0,TREB. MINAS,HB,623,explícito,720.0,2
2023-09-25,segunda-feira,0,TREB. MINAS,HB,623,rateio_por_capacidade,90.88204875665028,12
2023-09-25,segunda-feira,0,TREB. MINAS,HB,NAO_INFORMADO,sem_base_para_rateio,5.0,1
2023-09-25,segunda-feira,0,TREB. MINAS,IFCO,6416,explícito,1063.0,39
2023-09-25,segunda-feira,0,TREB. MINAS,IFCO,6424,explícito,225.0,7
2023-09-25,segunda-feira,0,TREB. MINAS,IFCO,NAO_INFORMADO,explícito,6.0,1
2023-09-26,terça-feira,1,PH CORUMBA (PF),HB,618,rateio_por_capacidade,24.419713805165248,3
2023-09-26,terça-feira,1,PH CORUMBA (PF),HB,623,explícito,1210.0,3
2023-09-26,terça-feira,1,PH CORUMBA (PF),HB,623,rateio_por_capacidade,117.58028619483476,8
2023-09-26,terça-feira,1,PH UBAJARA,IFCO,6416,explícito,1670.0,85
2023-09-26,terça-feira,1,PH UBAJARA,IFCO,6424,explícito,129.0,5
2023-09-26,terça-feira,1,TREB. MINAS,HB,618,rateio_por_capacidade,54.14066896890901,6
2023-09-26,terça-feira,1,TREB. MINAS,HB,623,rateio_por_capacidade,46.85933103109099,7
2023-09-26,terça-feira,1,TREB. MINAS,HB,NAO_INFORMADO,sem_base_para_rateio,5.0,1
2023-09-26,terça-feira,1,TREB. MINAS,IFCO,6416,explícito,1289.03125,30
2023-09-26,terça-feira,1,TREB. MINAS,IFCO,6424,explícito,3235.0,15
2023-09-26,terça-feira,1,TREB. MINAS,IFCO,NAO_INFORMADO,explícito,3.0,1
2023-09-27,quarta-feira,2,PH CORUMBA (PF),HB,623,explícito,670.0,1
2023-09-27,quarta-feira,2,PH CORUMBA (PF),IFCO,6416,explícito,161.0,5
2023-09-27,quarta-feira,2,PH CORUMBA (PF),IFCO,6424,explícito,27.0,3
2023-09-27,quarta-feira,2,PH UBAJARA,HB,623,rateio_por_capacidade,4.0,1
2023-09-27,quarta-feira,2,PH UBAJARA,IFCO,6416,explícito,365.0,19
2023-09-27,quarta-feira,2,PH UBAJARA,IFCO,6424,explícito,52.0,5
2023-09-27,quarta-feira,2,TREB. MINAS,HB,618,rateio_por_capacidade,799.8635343909137,14
2023-09-27,quarta-feira,2,TREB. MINAS,HB,623,explícito,800.0,1
2023-09-27,quarta-feira,2,TREB. MINAS,HB,623,rateio_por_capacidade,242.1364656090862,20
2023-09-27,quarta-feira,2,TREB. MINAS,HB,NAO_INFORMADO,sem_base_para_rateio,41.0,5
2023-09-27,quarta-feira,2,TREB. MINAS,IFCO,6416,explícito,1315.0625,55
2023-09-27,quarta-feira,2,TREB. MINAS,IFCO,6424,explícito,768.0,5
2023-09-27,quarta-feira,2,TREB. MINAS,IFCO,NAO_INFORMADO,explícito,3.0,1
2023-09-28,quinta-feira,3,PH CORUMBA (PF),IFCO,6416,explícito,100.0,1
2023-09-28,quinta-feira,3,PH CORUMBA (PF),IFCO,6424,explícito,830.0,2
2023-09-28,quinta-feira,3,PH UBAJARA,IFCO,6416,explícito,97.0,8
2023-09-28,quinta-feira,3,PH UBAJARA,IFCO,6424,explícito,202.0,5
2023-09-28,quinta-feira,3,TREB. MINAS,IFCO,6416,explícito,1661.0,27
2023-09-28,quinta-feira,3,TREB. MINAS,IFCO,6424,explícito,3009.0,10
2023-09-28,quinta-feira,3,TREB. MINAS,IFCO,NAO_INFORMADO,explícito,4.0,1
2023-09-29,sexta-feira,4,PH CORUMBA (PF),IFCO,6424,explícito,640.0,1
2023-09-29,sexta-feira,4,PH UBAJARA,HB,623,rateio_por_capacidade,3.0,1
2023-09-29,sexta-feira,4,TREB. MINAS,IFCO,6416,explícito,1395.0,33
2023-09-29,sexta-feira,4,TREB. MINAS,IFCO,6424,explícito,1848.0,4
2023-09-29,sexta-feira,4,TREB. MINAS,IFCO,NAO_INFORMADO,explícito,4.0,2
2023-09-30,sábado,5,PH CORUMBA (PF),IFCO,6424,explícito,1276.0,2
2023-09-30,sábado,5,TREB. MINAS,IFCO,6416,explícito,2063.0,52
2023-09-30,sábado,5,TREB. MINAS,IFCO,6424,explícito,2318.0,9
2023-09-30,sábado,5,TREB. MINAS,IFCO,NAO_INFORMADO,explícito,10.0,2
2023-10-02,segunda-feira,0,PH UBAJARA,IFCO,6416,explícito,541.0,58
2023-10-02,segunda-feira,0,PH UBAJARA,IFCO,6424,explícito,93.0,14
2023-10-02,segunda-feira,0,TREB. MINAS,HB,618,rateio_por_capacidade,9.630009764323553,3
2023-10-02,segunda-feira,0,TREB. MINAS,HB,623,explícito,1435.0,2
2023-10-02,segunda-feira,0,TREB. MINAS,HB,623,rateio_por_capacidade,100.36999023567645,10
2023-10-02,segunda-feira,0,TREB. MINAS,IFCO,6416,explícito,1005.03125,32
2023-10-02,segunda-feira,0,TREB. MINAS,IFCO,6424,explícito,1265.0,8
2023-10-02,segunda-feira,0,TREB. MINAS,IFCO,NAO_INFORMADO,explícito,4.0,1
2023-10-03,terça-feira,1,PH CORUMBA (PF),HB,618,rateio_por_capacidade,7.5133082597689675,3
2023-10-03,terça-feira,1,PH CORUMBA (PF),HB,623,explícito,585.0,1
2023-10-03,terça-feira,1,PH CORUMBA (PF),HB,623,rateio_por_capacidade,101.48669174023104,7
2023-10-03,terça-feira,1,PH UBAJARA,IFCO,6416,explícito,875.0,55
2023-10-03,terça-feira,1,PH UBAJARA,IFCO,6424,explícito,174.0,6
2023-10-03,terça-feira,1,TREB. MINAS,HB,618,rateio_por_capacidade,16.105474938573977,6
2023-10-03,terça-feira,1,TREB. MINAS,HB,623,rateio_por_capacidade,16.894525061426023,7
2023-10-03,terça-feira,1,TREB. MINAS,HB,NAO_INFORMADO,sem_base_para_rateio,7.0,1
2023-10-03,terça-feira,1,TREB. MINAS,IFCO,6416,explícito,1306.3125,49
2023-10-03,terça-feira,1,TREB. MINAS,IFCO,6424,explícito,1902.0,23
2023-10-03,terça-feira,1,TREB. MINAS,IFCO,NAO_INFORMADO,explícito,23.0,2
2023-10-04,quarta-feira,2,PH CORUMBA (PF),IFCO,6416,explícito,266.0,7
2023-10-04,quarta-feira,2,PH CORUMBA (PF),IFCO,6424,explícito,24.0,6
2023-10-04,quarta-feira,2,PH UBAJARA,HB,623,rateio_por_capacidade,3.0,1
2023-10-04,quarta-feira,2,PH UBAJARA,IFCO,6416,explícito,475.0,44
2023-10-04,quarta-feira,2,PH UBAJARA,IFCO,6424,explícito,200.0,14
2023-10-04,quarta-feira,2,PH UBAJARA,IFCO,NAO_INFORMADO,explícito,2.0,2
2023-10-04,quarta-feira,2,TREB. MINAS,HB,618,rateio_por_capacidade,212.59614168933822,13
2023-10-04,quarta-feira,2,TREB. MINAS,HB,623,explícito,765.0,2
2023-10-04,quarta-feira,2,TREB. MINAS,HB,623,rateio_por_capacidade,120.4038583106618,19
2023-10-04,quarta-feira,2,TREB. MINAS,HB,NAO_INFORMADO,sem_base_para_rateio,136.0,6
2023-10-04,quarta-feira,2,TREB. MINAS,IFCO,6416,explícito,1375.0,58
2023-10-04,quarta-feira,2,TREB. MINAS,IFCO,6424,explícito,2272.0,21
2023-10-04,quarta-feira,2,TREB. MINAS,IFCO,NAO_INFORMADO,explícito,3.0,1
2023-10-05,quinta-feira,3,PH CORUMBA (PF),HB,623,explícito,670.0,2
2023-10-05,quinta-feira,3,PH CORUMBA (PF),IFCO,6416,explícito,267.0,6
2023-10-05,quinta-feira,3,PH CORUMBA (PF),IFCO,6424,explícito,164.0,2
2023-10-05,quinta-feira,3,PH UBAJARA,IFCO,6416,explícito,35.0,1
2023-10-05,quinta-feira,3,TREB. MINAS,HB,623,explícito,670.0,1
2023-10-05,quinta-feira,3,TREB. MINAS,IFCO,6416,explícito,976.34375,64
2023-10-05,quinta-feira,3,TREB. MINAS,IFCO,6424,explícito,149.0,8
2023-10-05,quinta-feira,3,TREB. MINAS,IFCO,NAO_INFORMADO,explícito,3.0,1
2023-10-06,sexta-feira,4,PH CORUMBA (PF),IFCO,6424,explícito,640.0,1
2023-10-06,sexta-feira,4,PH UBAJARA,IFCO,6416,explícito,28.0,1
2023-10-06,sexta-feira,4,TREB. MINAS,IFCO,6416,explícito,1635.0625,47
2023-10-06,sexta-feira,4,TREB. MINAS,IFCO,6424,explícito,2050.0,12
2023-10-06,sexta-feira,4,TREB. MINAS,IFCO,NAO_INFORMADO,explícito,3.0,2
2023-10-07,sábado,5,PH CORUMBA (PF),HB,623,explícito,1360.0,2
2023-10-07,sábado,5,TREB. MINAS,HB,618,rateio_por_capacidade,32.27324545303636,3
2023-10-07,sábado,5,TREB. MINAS,HB,623,rateio_por_capacidade,2.726754546963643,2
2023-10-07,sábado,5,TREB. MINAS,HB,NAO_INFORMADO,sem_base_para_rateio,24.0,2
2023-10-07,sábado,5,TREB. MINAS,IFCO,6416,explícito,2012.0,64
2023-10-07,sábado,5,TREB. MINAS,IFCO,6424,explícito,2896.0,8
2023-10-07,sábado,5,TREB. MINAS,IFCO,NAO_INFORMADO,explícito,2.0,1
2023-10-09,segunda-feira,0,PH CORUMBA (PF),IFCO,6424,explícito,200.0,1
2023-10-09,segunda-feira,0,PH UBAJARA,IFCO,6416,explícito,555.0,29
2023-10-09,segunda-feira,0,PH UBAJARA,IFCO,6424,explícito,49.0,5
2023-10-09,segunda-feira,0,TREB. MINAS,HB,618,rateio_por_capacidade,49.0,2
2023-10-09,segunda-feira,0,TREB. MINAS,HB,623,rateio_por_capacidade,70.0,3
2023-10-09,segunda-feira,0,TREB. MINAS,HB,NAO_INFORMADO,sem_base_para_rateio,90.0,4
2023-10-09,segunda-feira,0,TREB. MINAS,IFCO,6416,explícito,948.15625,42
2023-10-09,segunda-feira,0,TREB. MINAS,IFCO,6424,explícito,1248.0,14
2023-10-09,segunda-feira,0,TREB. MINAS,IFCO,NAO_INFORMADO,explícito,5.0,1
2023-10-10,terça-feira,1,PH CORUMBA (PF),HB,623,explícito,670.0,2
2023-10-10,terça-feira,1,PH CORUMBA (PF),IFCO,6416,explícito,150.0,1
2023-10-10,terça-feira,1,PH CORUMBA (PF),IFCO,6424,explícito,1120.0,2
2023-10-10,terça-feira,1,PH UBAJARA,IFCO,6416,explícito,1348.0,41
2023-10-10,terça-feira,1,PH UBAJARA,IFCO,6424,explícito,246.0,16
2023-10-10,terça-feira,1,TREB. MINAS,HB,618,rateio_por_capacidade,33.06564716379796,8
2023-10-10,terça-feira,1,TREB. MINAS,HB,623,explícito,670.0,1
2023-10-10,terça-feira,1,TREB. MINAS,HB,623,rateio_por_capacidade,116.93435283620204,17
2023-10-10,terça-feira,1,TREB. MINAS,HB,NAO_INFORMADO,sem_base_para_rateio,13.0,3
2023-10-10,terça-feira,1,TREB. MINAS,IFCO,6416,explícito,320.0,13
2023-10-10,terça-feira,1,TREB. MINAS,IFCO,6424,explícito,1.0,1
2023-10-10,terça-feira,1,TREB. MINAS,IFCO,NAO_INFORMADO,explícito,3.0,1
2023-10-11,quarta-feira,2,PH CORUMBA (PF),HB,623,explícito,670.0,1
2023-10-11,quarta-feira,2,PH CORUMBA (PF),IFCO,6416,explícito,162.0,4
2023-10-11,quarta-feira,2,PH CORUMBA (PF),IFCO,6424,explícito,1601.0,3
2023-10-11,quarta-feira,2,PH UBAJARA,IFCO,6416,explícito,1119.0,85
2023-10-11,quarta-feira,2,PH UBAJARA,IFCO,6424,explícito,371.3125,24
2023-10-11,quarta-feira,2,TREB. MINAS,HB,618,rateio_por_capacidade,100.52339435541386,10
2023-10-11,quarta-feira,2,TREB. MINAS,HB,623,rateio_por_capacidade,119.47660564458614,16
2023-10-11,quarta-feira,2,TREB. MINAS,HB,NAO_INFORMADO,sem_base_para_rateio,40.0,5
2023-10-11,quarta-feira,2,TREB. MINAS,IFCO,6416,explícito,765.5,40
2023-10-11,quarta-feira,2,TREB. MINAS,IFCO,6424,explícito,23.0,5
2023-10-11,quarta-feira,2,TREB. MINAS,IFCO,NAO_INFORMADO,explícito,17.0,2
2023-10-12,quinta-feira,3,PH UBAJARA,HB,623,rateio_por_capacidade,3.0,1
2023-10-12,quinta-feira,3,PH UBAJARA,IFCO,6416,explícito,48.55555555555556,19
2023-10-12,quinta-feira,3,PH UBAJARA,IFCO,6424,explícito,23.0,11
2023-10-12,quinta-feira,3,TREB. MINAS,IFCO,6416,explícito,427.0,18
2023-10-12,quinta-feira,3,TREB. MINAS,IFCO,6424,explícito,3.0,1
2023-10-13,sexta-feira,4,PH CORUMBA (PF),IFCO,6416,explícito,1106.0,4
2023-10-13,sexta-feira,4,PH CORUMBA (PF),IFCO,6424,explícito,720.0,2
2023-10-13,sexta-feira,4,TREB. MINAS,HB,623,explícito,670.0,2
2023-10-13,sexta-feira,4,TREB. MINAS,IFCO,6416,explícito,400.0,25
2023-10-13,sexta-feira,4,TREB. MINAS,IFCO,6424,explícito,2356.0,4
2023-10-13,sexta-feira,4,TREB. MINAS,IFCO,NAO_INFORMADO,explícito,9.0,2
2023-10-14,sábado,5,PH CORUMBA (PF),IFCO,6416,explícito,758.0,5
2023-10-14,sábado,5,PH CORUMBA (PF),IFCO,6424,explícito,1761.0,4
2023-10-14,sábado,5,PH UBAJARA,IFCO,6416,explícito,871.0,42
2023-10-14,sábado,5,PH UBAJARA,IFCO,6424,explícito,110.0,2
2023-10-14,sábado,5,TREB. MINAS,HB,618,rateio_por_capacidade,71.34545067880933,10
2023-10-14,sábado,5,TREB. MINAS,HB,623,explícito,670.0,1
2023-10-14,sábado,5,TREB. MINAS,HB,623,rateio_por_capacidade,95.65454932119069,15
2023-10-14,sábado,5,TREB. MINAS,HB,NAO_INFORMADO,sem_base_para_rateio,13.0,2
2023-10-14,sábado,5,TREB. MINAS,IFCO,6416,explícito,1235.0,74
2023-10-14,sábado,5,TREB. MINAS,IFCO,6424,explícito,2156.0,5
2023-10-14,sábado,5,TREB. MINAS,IFCO,NAO_INFORMADO,explícito,3.0,1
2023-10-16,segunda-feira,0,PH CORUMBA (PF),HB,623,explícito,670.0,3
2023-10-16,segunda-feira,0,PH CORUMBA (PF),IFCO,6416,explícito,598.0,6
2023-10-16,segunda-feira,0,PH CORUMBA (PF),IFCO,6424,explícito,80.0,1
2023-10-16,segunda-feira,0,PH UBAJARA,IFCO,6416,explícito,1747.42,87
2023-10-16,segunda-feira,0,PH UBAJARA,IFCO,6424,explícito,261.0,21
2023-10-16,segunda-feira,0,TREB. MINAS,IFCO,6416,explícito,940.0,55
2023-10-16,segunda-feira,0,TREB. MINAS,IFCO,6424,explícito,45.0,7
2023-10-16,segunda-feira,0,TREB. MINAS,IFCO,NAO_INFORMADO,explícito,7.0,1
2023-10-17,terça-feira,1,PH CORUMBA (PF),IFCO,6416,explícito,730.0,6
2023-10-17,terça-feira,1,PH CORUMBA (PF),IFCO,6424,explícito,1760.0,3
2023-10-17,terça-feira,1,PH UBAJARA,IFCO,6416,explícito,50.0,7
2023-10-17,terça-feira,1,PH UBAJARA,IFCO,6424,explícito,15.0,1
2023-10-17,terça-feira,1,TREB. MINAS,HB,618,rateio_por_capacidade,37.4202553094908,9
2023-10-17,terça-feira,1,TREB. MINAS,HB,623,explícito,583.0,2
2023-10-17,terça-feira,1,TREB. MINAS,HB,623,rateio_por_capacidade,111.5797446905092,18
2023-10-17,terça-feira,1,TREB. MINAS,HB,NAO_INFORMADO,sem_base_para_rateio,11.0,3
2023-10-17,terça-feira,1,TREB. MINAS,IFCO,6416,explícito,370.15625,26
2023-10-17,terça-feira,1,TREB. MINAS,IFCO,6424,explícito,1.0,1
2023-10-17,terça-feira,1,TREB. MINAS,IFCO,NAO_INFORMADO,explícito,4.0,1
2023-10-18,quarta-feira,2,PH CORUMBA (PF),IFCO,6416,explícito,468.0,4
2023-10-18,quarta-feira,2,PH CORUMBA (PF),IFCO,6424,explícito,1320.0,2
2023-10-18,quarta-feira,2,PH UBAJARA,IFCO,6416,explícito,403.0,48
2023-10-18,quarta-feira,2,PH UBAJARA,IFCO,6424,explícito,119.0,15
2023-10-18,quarta-feira,2,PH UBAJARA,IFCO,NAO_INFORMADO,explícito,6.0,1
2023-10-18,quarta-feira,2,TREB. MINAS,HB,618,rateio_por_capacidade,77.24095898391415,9
2023-10-18,quarta-feira,2,TREB. MINAS,HB,623,rateio_por_capacidade,116.75904101608585,13
2023-10-18,quarta-feira,2,TREB. MINAS,HB,NAO_INFORMADO,sem_base_para_rateio,27.0,4
2023-10-18,quarta-feira,2,TREB. MINAS,IFCO,6416,explícito,396.0,28
2023-10-18,quarta-feira,2,TREB. MINAS,IFCO,6424,explícito,83.0,4
2023-10-18,quarta-feira,2,TREB. MINAS,IFCO,NAO_INFORMADO,explícito,19.0,2
2023-10-19,quinta-feira,3,PH CORUMBA (PF),IFCO,6416,explícito,18.0,1
2023-10-19,quinta-feira,3,PH CORUMBA (PF),IFCO,6424,explícito,1088.0,9
2023-10-19,quinta-feira,3,PH UBAJARA,HB,623,rateio_por_capacidade,3.0,1
2023-10-19,quinta-feira,3,PH UBAJARA,IFCO,6416,explícito,116.0,7
2023-10-19,quinta-feira,3,PH UBAJARA,IFCO,6424,explícito,140.0,14
2023-10-19,quinta-feira,3,TREB. MINAS,HB,623,explícito,670.0,1
2023-10-19,quinta-feira,3,TREB. MINAS,IFCO,6416,explícito,451.75,39
2023-10-19,quinta-feira,3,TREB. MINAS,IFCO,6424,explícito,27.0,7
2023-10-19,quinta-feira,3,TREB. MINAS,IFCO,NAO_INFORMADO,explícito,4.0,1
2023-10-20,sexta-feira,4,PH CORUMBA (PF),IFCO,6416,explícito,996.0,5
2023-10-20,sexta-feira,4,PH CORUMBA (PF),IFCO,6424,explícito,480.0,1
2023-10-20,sexta-feira,4,PH UBAJARA,IFCO,6416,explícito,49.0,3
2023-10-20,sexta-feira,4,PH UBAJARA,IFCO,6424,explícito,8.0,2
2023-10-20,sexta-feira,4,TREB. MINAS,HB,623,explícito,450.0,1
2023-10-20,sexta-feira,4,TREB. MINAS,IFCO,6416,explícito,424.0,30
2023-10-20,sexta-feira,4,TREB. MINAS,IFCO,6424,explícito,521.0,3
2023-10-20,sexta-feira,4,TREB. MINAS,IFCO,NAO_INFORMADO,explícito,7.0,1
2023-10-21,sábado,5,PH CORUMBA (PF),HB,623,explícito,1170.0,2
2023-10-21,sábado,5,PH CORUMBA (PF),IFCO,6416,explícito,771.0,4
2023-10-21,sábado,5,PH CORUMBA (PF),IFCO,6424,explícito,2060.0,3
2023-10-21,sábado,5,PH UBAJARA,IFCO,6416,explícito,414.0,21
2023-10-21,sábado,5,PH UBAJARA,IFCO,6424,explícito,103.0,4
2023-10-21,sábado,5,TREB. MINAS,HB,618,rateio_por_capacidade,13.133333333333333,3
2023-10-21,sábado,5,TREB. MINAS,HB,623,explícito,670.0,1
2023-10-21,sábado,5,TREB. MINAS,HB,623,rateio_por_capacidade,5.866666666666667,5
2023-10-21,sábado,5,TREB. MINAS,HB,NAO_INFORMADO,sem_base_para_rateio,2.0,1
2023-10-21,sábado,5,TREB. MINAS,IFCO,6416,explícito,1688.03125,63
2023-10-21,sábado,5,TREB. MINAS,IFCO,6424,explícito,206.0,3
2023-10-21,sábado,5,TREB. MINAS,IFCO,NAO_INFORMADO,explícito,2.0,1
2023-10-23,segunda-feira,0,PH CORUMBA (PF),IFCO,6416,explícito,618.0,6
2023-10-23,segunda-feira,0,PH CORUMBA (PF),IFCO,6424,explícito,740.0,2
2023-10-23,segunda-feira,0,PH UBAJARA,IFCO,6416,explícito,1407.42,57
2023-10-23,segunda-feira,0,PH UBAJARA,IFCO,6424,explícito,96.0,5
2023-10-23,segunda-feira,0,TREB. MINAS,HB,618,rateio_por_capacidade,61.96153578358975,8
2023-10-23,segunda-feira,0,TREB. MINAS,HB,623,explícito,645.0,1
2023-10-23,segunda-feira,0,TREB. MINAS,HB,623,rateio_por_capacidade,147.03846421641023,14
2023-10-23,segunda-feira,0,TREB. MINAS,HB,NAO_INFORMADO,sem_base_para_rateio,10.0,1
2023-10-23,segunda-feira,0,TREB. MINAS,IFCO,6416,explícito,501.0,35
2023-10-23,segunda-feira,0,TREB. MINAS,IFCO,6424,explícito,689.0,9
2023-10-23,segunda-feira,0,TREB. MINAS,IFCO,NAO_INFORMADO,explícito,6.0,1
2023-10-24,terça-feira,1,PH CORUMBA (PF),IFCO,6416,explícito,941.0,14
2023-10-24,terça-feira,1,PH CORUMBA (PF),IFCO,6424,explícito,1380.0,3
2023-10-24,terça-feira,1,PH UBAJARA,IFCO,6416,explícito,1522.0,84
2023-10-24,terça-feira,1,PH UBAJARA,IFCO,6424,explícito,414.0,34
2023-10-24,terça-feira,1,TREB. MINAS,HB,618,rateio_por_capacidade,61.632626680602,9
2023-10-24,terça-feira,1,TREB. MINAS,HB,623,rateio_por_capacidade,211.367373319398,15
2023-10-24,terça-feira,1,TREB. MINAS,HB,NAO_INFORMADO,sem_base_para_rateio,10.0,2
2023-10-24,terça-feira,1,TREB. MINAS,IFCO,6416,explícito,552.0,29
2023-10-24,terça-feira,1,TREB. MINAS,IFCO,6424,explícito,5.0,3
2023-10-24,terça-feira,1,TREB. MINAS,IFCO,NAO_INFORMADO,explícito,5.0,1
2023-10-25,quarta-feira,2,PH CORUMBA (PF),HB,623,explícito,1340.0,2
2023-10-25,quarta-feira,2,PH CORUMBA (PF),IFCO,6416,explícito,527.0,5
2023-10-25,quarta-feira,2,PH CORUMBA (PF),IFCO,6424,explícito,36.0,5
2023-10-25,quarta-feira,2,PH UBAJARA,IFCO,6416,explícito,604.0,52
2023-10-25,quarta-feira,2,PH UBAJARA,IFCO,6424,explícito,179.0,13
2023-10-25,quarta-feira,2,TREB. MINAS,HB,623,explícito,670.0,1
2023-10-25,quarta-feira,2,TREB. MINAS,IFCO,6416,explícito,510.0,36
2023-10-25,quarta-feira,2,TREB. MINAS,IFCO,6424,explícito,88.0,7
2023-10-25,quarta-feira,2,TREB. MINAS,IFCO,NAO_INFORMADO,explícito,9.0,1
2023-10-26,quinta-feira,3,PH CORUMBA (PF),IFCO,6416,explícito,250.0,2
2023-10-26,quinta-feira,3,PH CORUMBA (PF),IFCO,6424,explícito,2165.0,4
2023-10-26,quinta-feira,3,PH UBAJARA,HB,623,rateio_por_capacidade,1.0,1
2023-10-26,quinta-feira,3,PH UBAJARA,IFCO,6416,explícito,296.0,4
2023-10-26,quinta-feira,3,PH UBAJARA,IFCO,6424,explícito,17.0,2
2023-10-26,quinta-feira,3,TREB. MINAS,HB,618,rateio_por_capacidade,192.42907139131657,30
2023-10-26,quinta-feira,3,TREB. MINAS,HB,623,explícito,405.0,1
2023-10-26,quinta-feira,3,TREB. MINAS,HB,623,rateio_por_capacidade,368.9042619420168,37
2023-10-26,quinta-feira,3,TREB. MINAS,HB,NAO_INFORMADO,sem_base_para_rateio,61.0,6
2023-10-26,quinta-feira,3,TREB. MINAS,IFCO,6416,explícito,628.3666666666667,26
2023-10-26,quinta-feira,3,TREB. MINAS,IFCO,6424,explícito,1.0,1
2023-10-26,quinta-feira,3,TREB. MINAS,IFCO,NAO_INFORMADO,explícito,4.0,1
2023-10-27,sexta-feira,4,PH UBAJARA,IFCO,6416,explícito,249.0,5
2023-10-27,sexta-feira,4,PH UBAJARA,IFCO,6424,explícito,53.0,1
2023-10-27,sexta-feira,4,TREB. MINAS,HB,623,explícito,630.0,1
2023-10-27,sexta-feira,4,TREB. MINAS,IFCO,6416,explícito,608.0,29
2023-10-27,sexta-feira,4,TREB. MINAS,IFCO,6424,explícito,482.0,4
2023-10-27,sexta-feira,4,TREB. MINAS,IFCO,NAO_INFORMADO,explícito,10.0,2
2023-10-28,sábado,5,PH CORUMBA (PF),HB,623,explícito,690.0,1
2023-10-28,sábado,5,PH CORUMBA (PF),IFCO,6416,explícito,1783.0,8
2023-10-28,sábado,5,PH CORUMBA (PF),IFCO,6424,explícito,480.0,1
2023-10-28,sábado,5,PH UBAJARA,IFCO,6416,explícito,210.66666666666666,27
2023-10-28,sábado,5,PH UBAJARA,IFCO,6424,explícito,40.0,2
2023-10-28,sábado,5,PH UBAJARA,IFCO,NAO_INFORMADO,explícito,0.0333333333333333,1
2023-10-28,sábado,5,TREB. MINAS,HB,618,rateio_por_capacidade,16.066666666666666,3
2023-10-28,sábado,5,TREB. MINAS,HB,623,rateio_por_capacidade,7.933333333333334,5
2023-10-28,sábado,5,TREB. MINAS,HB,NAO_INFORMADO,sem_base_para_rateio,1.0,1
2023-10-28,sábado,5,TREB. MINAS,IFCO,6416,explícito,1448.0,68
2023-10-28,sábado,5,TREB. MINAS,IFCO,6424,explícito,382.0,5
2023-10-28,sábado,5,TREB. MINAS,IFCO,NAO_INFORMADO,explícito,3.0,1
2023-10-30,segunda-feira,0,PH CORUMBA (PF),HB,623,explícito,670.0,1
2023-10-30,segunda-feira,0,PH CORUMBA (PF),IFCO,6416,explícito,536.0,5
2023-10-30,segunda-feira,0,PH CORUMBA (PF),IFCO,6424,explícito,850.0,3
2023-10-30,segunda-feira,0,PH UBAJARA,HB,623,rateio_por_capacidade,1.0,1
2023-10-30,segunda-feira,0,PH UBAJARA,IFCO,6416,explícito,162.0,28
2023-10-30,segunda-feira,0,PH UBAJARA,IFCO,6424,explícito,175.0,14
2023-10-30,segunda-feira,0,TREB. MINAS,HB,618,rateio_por_capacidade,10.666666666666666,2
2023-10-30,segunda-feira,0,TREB. MINAS,HB,623,explícito,503.0,2
2023-10-30,segunda-feira,0,TREB. MINAS,HB,623,rateio_por_capacidade,139.33333333333334,9
2023-10-30,segunda-feira,0,TREB. MINAS,HB,NAO_INFORMADO,sem_base_para_rateio,10.0,1
2023-10-30,segunda-feira,0,TREB. MINAS,IFCO,6416,explícito,344.0,13
2023-10-30,segunda-feira,0,TREB. MINAS,IFCO,6424,explícito,1.0,1
2023-10-30,segunda-feira,0,TREB. MINAS,IFCO,NAO_INFORMADO,explícito,9.0,1
2023-10-31,terça-feira,1,PH CORUMBA (PF),IFCO,6416,explícito,82.0,5
2023-10-31,terça-feira,1,PH CORUMBA (PF),IFCO,6424,explícito,1154.0,8
2023-10-31,terça-feira,1,PH UBAJARA,IFCO,6416,explícito,735.0,37
2023-10-31,terça-feira,1,PH UBAJARA,IFCO,6424,explícito,6.0,4
2023-10-31,terça-feira,1,TREB. MINAS,IFCO,6416,explícito,779.0,39
2023-10-31,terça-feira,1,TREB. MINAS,IFCO,6424,explícito,3.0,2
2023-10-31,terça-feira,1,TREB. MINAS,IFCO,NAO_INFORMADO,explícito,5.0,1
2023-11-01,quarta-feira,2,PH CORUMBA (PF),HB,623,explícito,670.0,1
2023-11-01,quarta-feira,2,PH CORUMBA (PF),IFCO,6416,explícito,59.0,1
2023-11-01,quarta-feira,2,PH CORUMBA (PF),IFCO,6424,explícito,480.0,1
2023-11-01,quarta-feira,2,PH UBAJARA,IFCO,6416,explícito,896.0833333333334,92
2023-11-01,quarta-feira,2,PH UBAJARA,IFCO,6424,explícito,117.0,17
2023-11-01,quarta-feira,2,TREB. MINAS,HB,618,rateio_por_capacidade,199.06837349997096,22
2023-11-01,quarta-feira,2,TREB. MINAS,HB,623,rateio_por_capacidade,203.93162650002904,31
2023-11-01,quarta-feira,2,TREB. MINAS,HB,NAO_INFORMADO,sem_base_para_rateio,61.0,6
2023-11-01,quarta-feira,2,TREB. MINAS,IFCO,6416,explícito,353.0,36
2023-11-01,quarta-feira,2,TREB. MINAS,IFCO,6424,explícito,29.0,6
2023-11-02,quinta-feira,3,PH UBAJARA,IFCO,6416,explícito,132.0,5
2023-11-02,quinta-feira,3,PH UBAJARA,IFCO,6424,explícito,7.0,1
2023-11-03,sexta-feira,4,PH CORUMBA (PF),IFCO,6416,explícito,960.0,4
2023-11-03,sexta-feira,4,PH CORUMBA (PF),IFCO,6424,explícito,740.0,2
2023-11-03,sexta-feira,4,TREB. MINAS,IFCO,6416,explícito,644.0,53
2023-11-03,sexta-feira,4,TREB. MINAS,IFCO,6424,explícito,332.0,13
2023-11-03,sexta-feira,4,TREB. MINAS,IFCO,NAO_INFORMADO,explícito,8.0,2
2023-11-04,sábado,5,PH CORUMBA (PF),HB,623,explícito,1200.0,2
2023-11-04,sábado,5,PH CORUMBA (PF),IFCO,6416,explícito,669.0,4
2023-11-04,sábado,5,PH UBAJARA,IFCO,6416,explícito,607.0,57
2023-11-04,sábado,5,PH UBAJARA,IFCO,6424,explícito,172.0,23
2023-11-04,sábado,5,TREB. MINAS,HB,618,rateio_por_capacidade,20.078776596557553,4
2023-11-04,sábado,5,TREB. MINAS,HB,623,rateio_por_capacidade,147.92122340344244,10
2023-11-04,sábado,5,TREB. MINAS,HB,NAO_INFORMADO,sem_base_para_rateio,11.0,2
2023-11-04,sábado,5,TREB. MINAS,IFCO,6416,explícito,924.0,58
2023-11-04,sábado,5,TREB. MINAS,IFCO,6424,explícito,498.0,4
2023-11-04,sábado,5,TREB. MINAS,IFCO,NAO_INFORMADO,explícito,2.0,1
2023-11-06,segunda-feira,0,F. TAQUARIVAI,IFCO,6424,explícito,640.0,1
2023-11-06,segunda-feira,0,PH CORUMBA (PF),IFCO,6416,explícito,640.0,4
2023-11-06,segunda-feira,0,PH UBAJARA,HB,623,rateio_por_capacidade,1.0,1
2023-11-06,segunda-feira,0,PH UBAJARA,IFCO,6416,explícito,339.0,58
2023-11-06,segunda-feira,0,PH UBAJARA,IFCO,6424,explícito,153.0,18
2023-11-06,segunda-feira,0,TREB. MINAS,HB,618,rateio_por_capacidade,6.0,2
2023-11-06,segunda-feira,0,TREB. MINAS,HB,623,rateio_por_capacidade,11.0,8
2023-11-06,segunda-feira,0,TREB. MINAS,HB,NAO_INFORMADO,sem_base_para_rateio,2.0,2
2023-11-06,segunda-feira,0,TREB. MINAS,IFCO,6416,explícito,437.0,22
2023-11-06,segunda-feira,0,TREB. MINAS,IFCO,6424,explícito,41.0,5
2023-11-06,segunda-feira,0,TREB. MINAS,IFCO,NAO_INFORMADO,explícito,7.0,1
2023-11-07,terça-feira,1,F. TAQUARIVAI,IFCO,6424,explícito,400.0,1
2023-11-07,terça-feira,1,PH CORUMBA (PF),IFCO,6416,explícito,678.0,4
2023-11-07,terça-feira,1,PH UBAJARA,IFCO,6416,explícito,779.0,45
2023-11-07,terça-feira,1,PH UBAJARA,IFCO,6424,explícito,35.0,5
2023-11-07,terça-feira,1,PH UBAJARA,IFCO,NAO_INFORMADO,explícito,0.0,1
2023-11-07,terça-feira,1,TREB. MINAS,HB,618,rateio_por_capacidade,32.92072329974327,3
2023-11-07,terça-feira,1,TREB. MINAS,HB,623,rateio_por_capacidade,4.079276700256732,2
2023-11-07,terça-feira,1,TREB. MINAS,IFCO,6416,explícito,575.0,22
2023-11-07,terça-feira,1,TREB. MINAS,IFCO,6424,explícito,81.0,3
2023-11-08,quarta-feira,2,F. TAQUARIVAI,IFCO,6424,explícito,400.0,1
2023-11-08,quarta-feira,2,PH CORUMBA (PF),HB,623,explícito,670.0,1
2023-11-08,quarta-feira,2,PH CORUMBA (PF),IFCO,6416,explícito,584.0,8
2023-11-08,quarta-feira,2,PH CORUMBA (PF),IFCO,6424,explícito,39.0,5
2023-11-08,quarta-feira,2,PH UBAJARA,IFCO,6416,explícito,466.0,54
2023-11-08,quarta-feira,2,PH UBAJARA,IFCO,6424,explícito,114.0,16
2023-11-08,quarta-feira,2,PH UBAJARA,IFCO,NAO_INFORMADO,explícito,0.0,1
2023-11-08,quarta-feira,2,TREB. MINAS,HB,618,rateio_por_capacidade,64.72384941409676,6
2023-11-08,quarta-feira,2,TREB. MINAS,HB,623,rateio_por_capacidade,83.27615058590324,12
2023-11-08,quarta-feira,2,TREB. MINAS,HB,NAO_INFORMADO,sem_base_para_rateio,47.0,4
2023-11-08,quarta-feira,2,TREB. MINAS,IFCO,6416,explícito,380.0,25
2023-11-08,quarta-feira,2,TREB. MINAS,IFCO,6424,explícito,2.0,2
2023-11-08,quarta-feira,2,TREB. MINAS,IFCO,NAO_INFORMADO,explícito,1.0,1
2023-11-09,quinta-feira,3,F. TAQUARIVAI,IFCO,6416,explícito,50.0,1
2023-11-09,quinta-feira,3,F. TAQUARIVAI,IFCO,6424,explícito,400.0,1
2023-11-09,quinta-feira,3,PH CASCAVEL,IFCO,6424,explícito,582.0,2
2023-11-09,quinta-feira,3,PH CORUMBA (PF),IFCO,6416,explícito,91.0,4
2023-11-09,quinta-feira,3,PH CORUMBA (PF),IFCO,6424,explícito,200.0,1
2023-11-09,quinta-feira,3,PH UBAJARA,IFCO,6416,explícito,40.0,6
2023-11-09,quinta-feira,3,PH UBAJARA,IFCO,6424,explícito,14.0,3
2023-11-09,quinta-feira,3,TREB. MINAS,HB,618,rateio_por_capacidade,40.052431456771714,7
2023-11-09,quinta-feira,3,TREB. MINAS,HB,623,rateio_por_capacidade,69.94756854322829,12
2023-11-09,quinta-feira,3,TREB. MINAS,HB,NAO_INFORMADO,sem_base_para_rateio,19.0,2
2023-11-09,quinta-feira,3,TREB. MINAS,IFCO,6416,explícito,772.3125,43
2023-11-09,quinta-feira,3,TREB. MINAS,IFCO,6424,explícito,1.0,1
2023-11-10,sexta-feira,4,F. TAQUARIVAI,HB,623,explícito,300.0,1
2023-11-10,sexta-feira,4,F. TAQUARIVAI,IFCO,6416,explícito,50.0,1
2023-11-10,sexta-feira,4,F. TAQUARIVAI,IFCO,6424,explícito,400.0,1
2023-11-10,sexta-feira,4,PH CASCAVEL,IFCO,6424,explícito,635.0,2
2023-11-10,sexta-feira,4,PH CORUMBA (PF),IFCO,6416,explícito,865.0,3
2023-11-10,sexta-feira,4,PH CORUMBA (PF),IFCO,6424,explícito,120.0,1
2023-11-10,sexta-feira,4,PH UBAJARA,IFCO,6416,explícito,9.0,3
2023-11-10,sexta-feira,4,PH UBAJARA,IFCO,6424,explícito,20.0,2
2023-11-10,sexta-feira,4,TREB. MINAS,HB,618,rateio_por_capacidade,26.155433790586088,4
2023-11-10,sexta-feira,4,TREB. MINAS,HB,623,rateio_por_capacidade,80.84456620941391,10
2023-11-10,sexta-feira,4,TREB. MINAS,HB,NAO_INFORMADO,sem_base_para_rateio,6.0,1
2023-11-10,sexta-feira,4,TREB. MINAS,IFCO,6416,explícito,468.0,25
2023-11-10,sexta-feira,4,TREB. MINAS,IFCO,6424,explícito,321.0,2
2023-11-10,sexta-feira,4,TREB. MINAS,IFCO,NAO_INFORMADO,explícito,1.0,1
2023-11-11,sábado,5,F. TAQUARIVAI,IFCO,6416,explícito,50.0,1
2023-11-11,sábado,5,F. TAQUARIVAI,IFCO,6424,explícito,640.0,2
2023-11-11,sábado,5,PH CORUMBA (PF),HB,623,explícito,593.0,1
2023-11-11,sábado,5,PH CORUMBA (PF),IFCO,6416,explícito,822.0,4
2023-11-11,sábado,5,PH CORUMBA (PF),IFCO,6424,explícito,640.0,2
2023-11-11,sábado,5,PH UBAJARA,IFCO,6416,explícito,296.0,22
2023-11-11,sábado,5,PH UBAJARA,IFCO,6424,explícito,35.0,2
2023-11-11,sábado,5,TREB. MINAS,HB,618,rateio_por_capacidade,374.5986169280218,3
2023-11-11,sábado,5,TREB. MINAS,HB,623,rateio_por_capacidade,84.40138307197819,8
2023-11-11,sábado,5,TREB. MINAS,HB,NAO_INFORMADO,sem_base_para_rateio,6.0,1
2023-11-11,sábado,5,TREB. MINAS,IFCO,6416,explícito,910.0,63
2023-11-11,sábado,5,TREB. MINAS,IFCO,6424,explícito,98.0,7
2023-11-13,segunda-feira,0,F. TAQUARIVAI,IFCO,6416,explícito,100.0,1
2023-11-13,segunda-feira,0,F. TAQUARIVAI,IFCO,6424,explícito,560.0,1
2023-11-13,segunda-feira,0,PH CASCAVEL,IFCO,6424,explícito,640.0,2
2023-11-13,segunda-feira,0,PH CORUMBA (PF),HB,623,explícito,690.0,1
2023-11-13,segunda-feira,0,PH UBAJARA,IFCO,6416,explícito,244.0,27
2023-11-13,segunda-feira,0,PH UBAJARA,IFCO,6424,explícito,139.0,14
2023-11-13,segunda-feira,0,TREB. MINAS,IFCO,6416,explícito,322.0,14
2023-11-13,segunda-feira,0,TREB. MINAS,IFCO,NAO_INFORMADO,explícito,5.0,1
2023-11-14,terça-feira,1,F. TAQUARIVAI,HB,623,explícito,670.0,2
2023-11-14,terça-feira,1,F. TAQUARIVAI,IFCO,6416,explícito,100.0,1
2023-11-14,terça-feira,1,F. TAQUARIVAI,IFCO,6424,explícito,1600.0,3
2023-11-14,terça-feira,1,PH CORUMBA (PF),HB,623,explícito,670.0,1
2023-11-14,terça-feira,1,PH CORUMBA (PF),IFCO,6416,explícito,525.0,4
2023-11-14,terça-feira,1,PH UBAJARA,IFCO,6416,explícito,550.0,51
2023-11-14,terça-feira,1,PH UBAJARA,IFCO,6424,explícito,172.0,16
2023-11-14,terça-feira,1,TREB. MINAS,HB,618,rateio_por_capacidade,112.30908616523132,12
2023-11-14,terça-feira,1,TREB. MINAS,HB,623,rateio_por_capacidade,237.69091383476868,26
2023-11-14,terça-feira,1,TREB. MINAS,HB,NAO_INFORMADO,sem_base_para_rateio,90.0,6
2023-11-14,terça-feira,1,TREB. MINAS,IFCO,6416,explícito,913.0,47
2023-11-14,terça-feira,1,TREB. MINAS,IFCO,6424,explícito,116.0,7
2023-11-15,quarta-feira,2,F. TAQUARIVAI,IFCO,6416,explícito,50.0,1
2023-11-15,quarta-feira,2,F. TAQUARIVAI,IFCO,6424,explícito,360.0,1
2023-11-15,quarta-feira,2,PH UBAJARA,IFCO,6416,explícito,946.0,80
2023-11-15,quarta-feira,2,PH UBAJARA,IFCO,6424,explícito,108.0,13
2023-11-15,quarta-feira,2,PH UBAJARA,IFCO,NAO_INFORMADO,explícito,7.0,1
2023-11-16,quinta-feira,3,F. TAQUARIVAI,IFCO,6416,explícito,100.0,1
2023-11-16,quinta-feira,3,F. TAQUARIVAI,IFCO,6424,explícito,560.0,1
2023-11-16,quinta-feira,3,PH CORUMBA (PF),IFCO,6416,explícito,131.0,7
2023-11-16,quinta-feira,3,PH CORUMBA (PF),IFCO,6424,explícito,23.0,4
2023-11-16,quinta-feira,3,PH UBAJARA,IFCO,6416,explícito,19.0,3
2023-11-16,quinta-feira,3,PH UBAJARA,IFCO,6424,explícito,1.0,2
2023-11-16,quinta-feira,3,TREB. MINAS,HB,618,rateio_por_capacidade,84.98814706978496,10
2023-11-16,quinta-feira,3,TREB. MINAS,HB,623,rateio_por_capacidade,137.01185293021504,11
2023-11-16,quinta-feira,3,TREB. MINAS,HB,NAO_INFORMADO,sem_base_para_rateio,25.0,1
2023-11-16,quinta-feira,3,TREB. MINAS,IFCO,6416,explícito,559.0,38
2023-11-16,quinta-feira,3,TREB. MINAS,IFCO,6424,explícito,408.0,4
2023-11-16,quinta-feira,3,TREB. MINAS,IFCO,NAO_INFORMADO,explícito,1.0,1
2023-11-17,sexta-feira,4,F. TAQUARIVAI,IFCO,6424,explícito,640.0,1
2023-11-17,sexta-feira,4,PH CORUMBA (PF),IFCO,6424,explícito,860.0,3
2023-11-17,sexta-feira,4,PH UBAJARA,IFCO,6416,explícito,199.0,11
2023-11-17,sexta-feira,4,TREB. MINAS,HB,618,rateio_por_capacidade,16.871965435819607,3
2023-11-17,sexta-feira,4,TREB. MINAS,HB,623,rateio_por_capacidade,146.12803456418038,10
2023-11-17,sexta-feira,4,TREB. MINAS,HB,NAO_INFORMADO,sem_base_para_rateio,6.0,1
2023-11-17,sexta-feira,4,TREB. MINAS,IFCO,6416,explícito,400.0,26
2023-11-18,sábado,5,F. TAQUARIVAI,HB,623,explícito,540.0,1
2023-11-18,sábado,5,F. TAQUARIVAI,IFCO,6416,explícito,100.0,1
2023-11-18,sábado,5,F. TAQUARIVAI,IFCO,6424,explícito,1080.0,3
2023-11-18,sábado,5,PH UBAJARA,IFCO,6416,explícito,257.0,19
2023-11-18,sábado,5,PH UBAJARA,IFCO,6424,explícito,40.0,17
2023-11-18,sábado,5,TREB. MINAS,HB,618,rateio_por_capacidade,226.62413558001361,1
2023-11-18,sábado,5,TREB. MINAS,HB,623,rateio_por_capacidade,23.37586441998636,1
2023-11-18,sábado,5,TREB. MINAS,IFCO,6416,explícito,882.0,39
2023-11-18,sábado,5,TREB. MINAS,IFCO,6424,explícito,81.0,3
2023-11-20,segunda-feira,0,F. TAQUARIVAI,HB,623,explícito,670.0,1
2023-11-20,segunda-feira,0,F. TAQUARIVAI,IFCO,6424,explícito,400.0,2
2023-11-20,segunda-feira,0,PH CASCAVEL,IFCO,6424,explícito,640.0,2
2023-11-20,segunda-feira,0,PH CORUMBA (PF),IFCO,6416,explícito,752.0,4
2023-11-20,segunda-feira,0,PH UBAJARA,IFCO,6416,explícito,512.0,39
2023-11-20,segunda-feira,0,PH UBAJARA,IFCO,6424,explícito,97.0,7
2023-11-20,segunda-feira,0,TREB. MINAS,IFCO,6416,explícito,998.05,29
2023-11-20,segunda-feira,0,TREB. MINAS,IFCO,6424,explícito,6.0,1
2023-11-21,terça-feira,1,F. TAQUARIVAI,IFCO,6416,explícito,150.0,1
2023-11-21,terça-feira,1,F. TAQUARIVAI,IFCO,6424,explícito,1040.0,3
2023-11-21,terça-feira,1,PH CASCAVEL,IFCO,6424,explícito,720.0,1
2023-11-21,terça-feira,1,PH CORUMBA (PF),IFCO,6416,explícito,729.0,10
2023-11-21,terça-feira,1,PH UBAJARA,IFCO,6416,explícito,501.0,45
2023-11-21,terça-feira,1,PH UBAJARA,IFCO,6424,explícito,50.0,11
2023-11-21,terça-feira,1,TREB. MINAS,HB,618,rateio_por_capacidade,38.780575291006116,6
2023-11-21,terça-feira,1,TREB. MINAS,HB,623,rateio_por_capacidade,92.21942470899388,11
2023-11-21,terça-feira,1,TREB. MINAS,HB,NAO_INFORMADO,sem_base_para_rateio,7.0,1
2023-11-21,terça-feira,1,TREB. MINAS,IFCO,6416,explícito,880.05,48
2023-11-21,terça-feira,1,TREB. MINAS,IFCO,6424,explícito,3.0,2
2023-11-22,quarta-feira,2,F. TAQUARIVAI,HB,623,explícito,1340.0,2
2023-11-22,quarta-feira,2,F. TAQUARIVAI,IFCO,6416,explícito,637.0,5
2023-11-22,quarta-feira,2,F. TAQUARIVAI,IFCO,6424,explícito,440.0,2
2023-11-22,quarta-feira,2,PH CORUMBA (PF),IFCO,6416,explícito,32.0,5
2023-11-22,quarta-feira,2,PH CORUMBA (PF),IFCO,6424,explícito,262.0,6
2023-11-22,quarta-feira,2,PH UBAJARA,IFCO,6416,explícito,650.0,43
2023-11-22,quarta-feira,2,PH UBAJARA,IFCO,6424,explícito,96.0,3
2023-11-22,quarta-feira,2,TREB. MINAS,IFCO,6416,explícito,516.0,40
2023-11-22,quarta-feira,2,TREB. MINAS,IFCO,6424,explícito,18.0,5
2023-11-23,quinta-feira,3,F. TAQUARIVAI,HB,623,explícito,670.0,2
2023-11-23,quinta-feira,3,F. TAQUARIVAI,IFCO,6416,explícito,100.0,1
2023-11-23,quinta-feira,3,F. TAQUARIVAI,IFCO,6424,explícito,640.0,2
2023-11-23,quinta-feira,3,PH CORUMBA (PF),IFCO,6424,explícito,563.0,1
2023-11-23,quinta-feira,3,PH UBAJARA,IFCO,6416,explícito,1101.0,44
2023-11-23,quinta-feira,3,PH UBAJARA,IFCO,6424,explícito,189.0,18
2023-11-23,quinta-feira,3,TREB. MINAS,HB,618,rateio_por_capacidade,124.0822680062162,16
2023-11-23,quinta-feira,3,TREB. MINAS,HB,623,rateio_por_capacidade,117.91773199378382,21
2023-11-23,quinta-feira,3,TREB. MINAS,HB,NAO_INFORMADO,sem_base_para_rateio,30.0,2
2023-11-23,quinta-feira,3,TREB. MINAS,IFCO,6416,explícito,572.05,41
2023-11-23,quinta-feira,3,TREB. MINAS,IFCO,6424,explícito,2.0,2
2023-11-24,sexta-feira,4,F. TAQUARIVAI,IFCO,6416,explícito,937.0,5
2023-11-24,sexta-feira,4,F. TAQUARIVAI,IFCO,6424,explícito,1360.0,3
2023-11-24,sexta-feira,4,PH CASCAVEL,IFCO,6424,explícito,640.0,1
2023-11-24,sexta-feira,4,PH CORUMBA (PF),IFCO,6416,explícito,130.0,5
2023-11-24,sexta-feira,4,TREB. MINAS,HB,618,rateio_por_capacidade,52.528132791349954,7
2023-11-24,sexta-feira,4,TREB. MINAS,HB,623,rateio_por_capacidade,104.47186720865005,14
2023-11-24,sexta-feira,4,TREB. MINAS,HB,NAO_INFORMADO,sem_base_para_rateio,6.0,1
2023-11-24,sexta-feira,4,TREB. MINAS,IFCO,6416,explícito,479.0,27
2023-11-24,sexta-feira,4,TREB. MINAS,IFCO,6424,explícito,1040.0,1
2023-11-24,sexta-feira,4,TREB. MINAS,IFCO,NAO_INFORMADO,explícito,14.0,2
2023-11-25,sábado,5,F. TAQUARIVAI,HB,623,explícito,2010.0,3
2023-11-25,sábado,5,F. TAQUARIVAI,IFCO,6416,explícito,739.0,6
2023-11-25,sábado,5,F. TAQUARIVAI,IFCO,6424,explícito,160.0,1
2023-11-25,sábado,5,PH CASCAVEL,IFCO,6424,explícito,640.0,2
2023-11-25,sábado,5,PH UBAJARA,IFCO,6416,explícito,154.0,22
2023-11-25,sábado,5,PH UBAJARA,IFCO,6424,explícito,19.0,5
2023-11-25,sábado,5,TREB. MINAS,HB,618,rateio_por_capacidade,12.0,2
2023-11-25,sábado,5,TREB. MINAS,HB,623,rateio_por_capacidade,17.28571428571428,5
2023-11-25,sábado,5,TREB. MINAS,IFCO,6416,explícito,794.5555555555555,75
2023-11-25,sábado,5,TREB. MINAS,IFCO,6424,explícito,140.0,16
2023-11-25,sábado,5,TREB. MINAS,IFCO,NAO_INFORMADO,explícito,3.0,1
2023-11-27,segunda-feira,0,F. TAQUARIVAI,HB,623,explícito,2030.0,5
2023-11-27,segunda-feira,0,F. TAQUARIVAI,IFCO,6416,explícito,681.0,6
2023-11-27,segunda-feira,0,F. TAQUARIVAI,IFCO,6424,explícito,440.0,2
2023-11-27,segunda-feira,0,PH CASCAVEL,IFCO,6424,explícito,800.0,1
2023-11-27,segunda-feira,0,PH UBAJARA,IFCO,6416,explícito,1089.0,37
2023-11-27,segunda-feira,0,PH UBAJARA,IFCO,6424,explícito,202.0,18
2023-11-27,segunda-feira,0,TREB. MINAS,IFCO,6416,explícito,334.05,31
2023-11-27,segunda-feira,0,TREB. MINAS,IFCO,6424,explícito,13.0,2
2023-11-27,segunda-feira,0,TREB. MINAS,IFCO,NAO_INFORMADO,explícito,6.0,1
2023-11-28,terça-feira,1,F. TAQUARIVAI,IFCO,6416,explícito,789.0,6
2023-11-28,terça-feira,1,F. TAQUARIVAI,IFCO,6424,explícito,1155.0,4
2023-11-28,terça-feira,1,PH UBAJARA,IFCO,6416,explícito,633.0,23
2023-11-28,terça-feira,1,PH UBAJARA,IFCO,6424,explícito,24.0,1
2023-11-28,terça-feira,1,TREB. MINAS,HB,618,rateio_por_capacidade,73.19272060755961,10
2023-11-28,terça-feira,1,TREB. MINAS,HB,623,rateio_por_capacidade,130.8072793924404,15
2023-11-28,terça-feira,1,TREB. MINAS,HB,NAO_INFORMADO,sem_base_para_rateio,20.0,2
2023-11-28,terça-feira,1,TREB. MINAS,IFCO,6416,explícito,473.0,24
2023-11-28,terça-feira,1,TREB. MINAS,IFCO,6424,explícito,81.0,3
2023-11-28,terça-feira,1,TREB. MINAS,IFCO,NAO_INFORMADO,explícito,3.0,1
2023-11-29,quarta-feira,2,F. TAQUARIVAI,HB,623,explícito,440.0,4
2023-11-29,quarta-feira,2,F. TAQUARIVAI,IFCO,6416,explícito,737.0,6
2023-11-29,quarta-feira,2,F. TAQUARIVAI,IFCO,6424,explícito,440.0,2
2023-11-29,quarta-feira,2,PH UBAJARA,IFCO,6416,explícito,927.0,68
2023-11-29,quarta-feira,2,PH UBAJARA,IFCO,6424,explícito,135.0,6
2023-11-29,quarta-feira,2,PH UBAJARA,IFCO,NAO_INFORMADO,explícito,5.0,1
2023-11-29,quarta-feira,2,TREB. MINAS,IFCO,6416,explícito,511.0,36
2023-11-29,quarta-feira,2,TREB. MINAS,IFCO,6424,explícito,36.0,6
2023-11-29,quarta-feira,2,TREB. MINAS,IFCO,NAO_INFORMADO,explícito,3.0,1
2023-11-30,quinta-feira,3,F. TAQUARIVAI,HB,623,explícito,1160.0,3
2023-11-30,quinta-feira,3,F. TAQUARIVAI,IFCO,6416,explícito,100.0,1
2023-11-30,quinta-feira,3,F. TAQUARIVAI,IFCO,6424,explícito,1000.0,3
2023-11-30,quinta-feira,3,PH CORUMBA (PF),IFCO,6416,explícito,86.0,5
2023-11-30,quinta-feira,3,PH CORUMBA (PF),IFCO,6424,explícito,35.0,4
2023-11-30,quinta-feira,3,PH UBAJARA,IFCO,6416,explícito,120.0,30
2023-11-30,quinta-feira,3,PH UBAJARA,IFCO,6424,explícito,17.0,3
2023-11-30,quinta-feira,3,TREB. MINAS,HB,618,rateio_por_capacidade,192.6860895167186,19
2023-11-30,quinta-feira,3,TREB. MINAS,HB,623,rateio_por_capacidade,152.3139104832814,27
2023-11-30,quinta-feira,3,TREB. MINAS,HB,NAO_INFORMADO,sem_base_para_rateio,52.0,4
2023-11-30,quinta-feira,3,TREB. MINAS,IFCO,6416,explícito,888.1,61
2023-11-30,quinta-feira,3,TREB. MINAS,IFCO,6424,explícito,58.0,11
2023-11-30,quinta-feira,3,TREB. MINAS,IFCO,NAO_INFORMADO,explícito,2.0,1
2023-12-01,sexta-feira,4,F. TAQUARIVAI,IFCO,6416,explícito,1023.0,5
2023-12-01,sexta-feira,4,F. TAQUARIVAI,IFCO,6424,explícito,440.0,2
2023-12-01,sexta-feira,4,PH CASCAVEL,IFCO,6424,explícito,538.0,1
2023-12-01,sexta-feira,4,PH CORUMBA (PF),IFCO,6416,explícito,80.0,3
2023-12-01,sexta-feira,4,PH CORUMBA (PF),IFCO,6424,explícito,386.0,2
2023-12-01,sexta-feira,4,PH UBAJARA,IFCO,6416,explícito,1.0,1
2023-12-01,sexta-feira,4,TREB. MINAS,IFCO,6416,explícito,447.0,29
2023-12-01,sexta-feira,4,TREB. MINAS,IFCO,6424,explícito,1.0,1
2023-12-01,sexta-feira,4,TREB. MINAS,IFCO,NAO_INFORMADO,explícito,2.0,1
2023-12-02,sábado,5,F. TAQUARIVAI,HB,623,explícito,670.0,1
2023-12-02,sábado,5,F. TAQUARIVAI,IFCO,6416,explícito,441.0,4
2023-12-02,sábado,5,F. TAQUARIVAI,IFCO,6424,explícito,280.0,1
2023-12-02,sábado,5,PH CASCAVEL,IFCO,6424,explícito,3040.0,4
2023-12-02,sábado,5,TREB. MINAS,IFCO,6416,explícito,1060.0,47
2023-12-02,sábado,5,TREB. MINAS,IFCO,6424,explícito,80.0,2
2023-12-02,sábado,5,TREB. MINAS,IFCO,NAO_INFORMADO,explícito,1.0,1
2023-12-04,segunda-feira,0,F. TAQUARIVAI,HB,623,explícito,1458.0,7
2023-12-04,segunda-feira,0,F. TAQUARIVAI,IFCO,6416,explícito,723.0,6
2023-12-04,segunda-feira,0,F. TAQUARIVAI,IFCO,6424,explícito,400.0,2
2023-12-04,segunda-feira,0,PH UBAJARA,IFCO,6416,explícito,582.3,38
2023-12-04,segunda-feira,0,PH UBAJARA,IFCO,6424,explícito,49.0,7
2023-12-04,segunda-feira,0,TREB. MINAS,HB,618,rateio_por_capacidade,25.586589316447814,4
2023-12-04,segunda-feira,0,TREB. MINAS,HB,623,rateio_por_capacidade,68.41341068355219,9
2023-12-04,segunda-feira,0,TREB. MINAS,HB,NAO_INFORMADO,sem_base_para_rateio,6.0,1
2023-12-04,segunda-feira,0,TREB. MINAS,IFCO,6416,explícito,302.0,27
2023-12-04,segunda-feira,0,TREB. MINAS,IFCO,6424,explícito,62.0,9
2023-12-05,terça-feira,1,F. TAQUARIVAI,HB,623,explícito,670.0,2
2023-12-05,terça-feira,1,F. TAQUARIVAI,IFCO,6416,explícito,731.0,7
2023-12-05,terça-feira,1,F. TAQUARIVAI,IFCO,6424,explícito,1600.0,5
2023-12-05,terça-feira,1,PH CASCAVEL,IFCO,6424,explícito,640.0,2
2023-12-05,terça-feira,1,PH CORUMBA (PF),IFCO,6424,explícito,100.0,2
2023-12-05,terça-feira,1,PH UBAJARA,IFCO,6416,explícito,924.0,92
2023-12-05,terça-feira,1,PH UBAJARA,IFCO,6424,explícito,119.0,21
2023-12-05,terça-feira,1,PH UBAJARA,IFCO,NAO_INFORMADO,explícito,11.0,1
2023-12-05,terça-feira,1,TREB. MINAS,HB,618,rateio_por_capacidade,6.0,1
2023-12-05,terça-feira,1,TREB. MINAS,HB,623,rateio_por_capacidade,47.0,5
2023-12-05,terça-feira,1,TREB. MINAS,IFCO,6416,explícito,837.0,28
2023-12-05,terça-feira,1,TREB. MINAS,IFCO,6424,explícito,81.0,3
2023-12-05,terça-feira,1,TREB. MINAS,IFCO,NAO_INFORMADO,explícito,3.0,1
2023-12-06,quarta-feira,2,F. TAQUARIVAI,HB,623,explícito,540.0,1
2023-12-06,quarta-feira,2,F. TAQUARIVAI,IFCO,6416,explícito,1059.0,6
2023-12-06,quarta-feira,2,F. TAQUARIVAI,IFCO,6424,explícito,440.0,2
2023-12-06,quarta-feira,2,PH CASCAVEL,IFCO,6424,explícito,640.0,1
2023-12-06,quarta-feira,2,PH CORUMBA (PF),HB,623,explícito,658.0,1
2023-12-06,quarta-feira,2,PH CORUMBA (PF),IFCO,6416,explícito,179.0,7
2023-12-06,quarta-feira,2,PH CORUMBA (PF),IFCO,6424,explícito,37.0,4
2023-12-06,quarta-feira,2,PH UBAJARA,IFCO,6416,explícito,575.0,44
2023-12-06,quarta-feira,2,PH UBAJARA,IFCO,6424,explícito,202.0,22
2023-12-06,quarta-feira,2,TREB. MINAS,HB,618,rateio_por_capacidade,122.31225964523242,17
2023-12-06,quarta-feira,2,TREB. MINAS,HB,623,rateio_por_capacidade,291.6877403547676,29
2023-12-06,quarta-feira,2,TREB. MINAS,HB,NAO_INFORMADO,sem_base_para_rateio,98.0,7
2023-12-06,quarta-feira,2,TREB. MINAS,IFCO,6416,explícito,882.0,53
2023-12-06,quarta-feira,2,TREB. MINAS,IFCO,6424,explícito,14.0,4
2023-12-07,quinta-feira,3,F. TAQUARIVAI,HB,623,explícito,727.0,4
2023-12-07,quinta-feira,3,F. TAQUARIVAI,IFCO,6416,explícito,500.0,2
2023-12-07,quinta-feira,3,F. TAQUARIVAI,IFCO,6424,explícito,1560.0,3
2023-12-07,quinta-feira,3,PH UBAJARA,IFCO,6416,explícito,48.0,16
2023-12-07,quinta-feira,3,PH UBAJARA,IFCO,6424,explícito,4.0,1
2023-12-07,quinta-feira,3,TREB. MINAS,HB,618,rateio_por_capacidade,217.16278709856198,12
2023-12-07,quinta-feira,3,TREB. MINAS,HB,623,rateio_por_capacidade,137.83721290143808,16
2023-12-07,quinta-feira,3,TREB. MINAS,HB,NAO_INFORMADO,sem_base_para_rateio,11.0,2
2023-12-07,quinta-feira,3,TREB. MINAS,IFCO,6416,explícito,1093.0,45
2023-12-07,quinta-feira,3,TREB. MINAS,IFCO,6424,explícito,1.0,1
2023-12-08,sexta-feira,4,F. TAQUARIVAI,HB,623,explícito,240.0,2
2023-12-08,sexta-feira,4,F. TAQUARIVAI,IFCO,6416,explícito,1367.0,7
2023-12-08,sexta-feira,4,F. TAQUARIVAI,IFCO,6424,explícito,1080.0,3
2023-12-08,sexta-feira,4,PH CASCAVEL,IFCO,6424,explícito,1266.0,2
2023-12-08,sexta-feira,4,PH UBAJARA,IFCO,6416,explícito,27.0,1
2023-12-08,sexta-feira,4,TREB. MINAS,IFCO,6416,explícito,1135.0,46
2023-12-08,sexta-feira,4,TREB. MINAS,IFCO,6424,explícito,9.0,2
2023-12-08,sexta-feira,4,TREB. MINAS,IFCO,NAO_INFORMADO,explícito,7.0,1
2023-12-09,sábado,5,F. TAQUARIVAI,HB,623,explícito,800.0,1
2023-12-09,sábado,5,F. TAQUARIVAI,IFCO,6416,explícito,461.0,4
2023-12-09,sábado,5,F. TAQUARIVAI,IFCO,6424,explícito,432.0,2
2023-12-09,sábado,5,PH CASCAVEL,IFCO,6424,explícito,2275.0,3
2023-12-09,sábado,5,PH CORUMBA (PF),HB,623,explícito,484.0,1
2023-12-09,sábado,5,PH CORUMBA (PF),IFCO,6424,explícito,120.0,2
2023-12-09,sábado,5,PH UBAJARA,IFCO,6416,explícito,223.0,25
2023-12-09,sábado,5,PH UBAJARA,IFCO,6424,explícito,164.0,9
2023-12-09,sábado,5,TREB. MINAS,HB,618,rateio_por_capacidade,79.45049655746953,11
2023-12-09,sábado,5,TREB. MINAS,HB,623,rateio_por_capacidade,168.54950344253047,19
2023-12-09,sábado,5,TREB. MINAS,HB,NAO_INFORMADO,sem_base_para_rateio,12.0,2
2023-12-09,sábado,5,TREB. MINAS,IFCO,6416,explícito,1377.0,59
2023-12-09,sábado,5,TREB. MINAS,IFCO,6424,explícito,162.0,4
2023-12-09,sábado,5,TREB. MINAS,IFCO,NAO_INFORMADO,explícito,2.0,1
2023-12-11,segunda-feira,0,F. TAQUARIVAI,HB,623,explícito,600.0,4
2023-12-11,segunda-feira,0,F. TAQUARIVAI,IFCO,6416,explícito,1092.0,7
2023-12-11,segunda-feira,0,F. TAQUARIVAI,IFCO,6424,explícito,640.0,3
2023-12-11,segunda-feira,0,PH UBAJARA,IFCO,6416,explícito,71.0,8
2023-12-11,segunda-feira,0,PH UBAJARA,IFCO,6424,explícito,85.0,21
2023-12-11,segunda-feira,0,TREB. MINAS,HB,618,rateio_por_capacidade,5.999731282217159,4
2023-12-11,segunda-feira,0,TREB. MINAS,HB,623,rateio_por_capacidade,3.0002687177828418,6
2023-12-11,segunda-feira,0,TREB. MINAS,HB,NAO_INFORMADO,sem_base_para_rateio,5.0,2
2023-12-11,segunda-feira,0,TREB. MINAS,IFCO,6416,explícito,644.0,51
2023-12-11,segunda-feira,0,TREB. MINAS,IFCO,6424,explícito,138.0,21
2023-12-11,segunda-feira,0,TREB. MINAS,IFCO,NAO_INFORMADO,explícito,8.0,1
2023-12-12,terça-feira,1,F. TAQUARIVAI,HB,623,explícito,670.0,1
2023-12-12,terça-feira,1,F. TAQUARIVAI,IFCO,6416,explícito,904.0,8
2023-12-12,terça-feira,1,F. TAQUARIVAI,IFCO,6424,explícito,860.0,4
2023-12-12,terça-feira,1,PH CASCAVEL,IFCO,6424,explícito,640.0,1
2023-12-12,terça-feira,1,PH CORUMBA (PF),IFCO,6424,explícito,140.0,2
2023-12-12,terça-feira,1,PH UBAJARA,IFCO,6416,explícito,670.0,55
2023-12-12,terça-feira,1,PH UBAJARA,IFCO,6424,explícito,306.0,18
2023-12-12,terça-feira,1,TREB. MINAS,HB,618,rateio_por_capacidade,39.20049822969299,4
2023-12-12,terça-feira,1,TREB. MINAS,HB,623,rateio_por_capacidade,19.79950177030701,5
2023-12-12,terça-feira,1,TREB. MINAS,IFCO,6416,explícito,576.0,32
2023-12-12,terça-feira,1,TREB. MINAS,IFCO,6424,explícito,160.0,2
2023-12-12,terça-feira,1,TREB. MINAS,IFCO,NAO_INFORMADO,explícito,4.0,1
2023-12-13,quarta-feira,2,F. TAQUARIVAI,IFCO,6416,explícito,742.0,6
2023-12-13,quarta-feira,2,F. TAQUARIVAI,IFCO,6424,explícito,687.0,3
2023-12-13,quarta-feira,2,PH CASCAVEL,IFCO,6424,explícito,1746.0,2
2023-12-13,quarta-feira,2,PH CORUMBA (PF),IFCO,6416,explícito,244.0,7
2023-12-13,quarta-feira,2,PH CORUMBA (PF),IFCO,6424,explícito,42.0,4
2023-12-13,quarta-feira,2,PH UBAJARA,IFCO,6416,explícito,981.0,73
2023-12-13,quarta-feira,2,PH UBAJARA,IFCO,6424,explícito,163.0,10
2023-12-13,quarta-feira,2,PH UBAJARA,IFCO,NAO_INFORMADO,explícito,8.0,1
2023-12-13,quarta-feira,2,TREB. MINAS,HB,618,rateio_por_capacidade,1.0,1
2023-12-13,quarta-feira,2,TREB. MINAS,HB,623,rateio_por_capacidade,32.0,4
2023-12-13,quarta-feira,2,TREB. MINAS,HB,NAO_INFORMADO,sem_base_para_rateio,10.0,1
2023-12-13,quarta-feira,2,TREB. MINAS,IFCO,6416,explícito,798.0,51
2023-12-13,quarta-feira,2,TREB. MINAS,IFCO,6424,explícito,9.0,2
2023-12-13,quarta-feira,2,TREB. MINAS,IFCO,NAO_INFORMADO,explícito,9.0,1
2023-12-14,quinta-feira,3,F. TAQUARIVAI,IFCO,6424,explícito,475.0,5
2023-12-14,quinta-feira,3,PH CASCAVEL,IFCO,6424,explícito,3360.0,5
2023-12-14,quinta-feira,3,PH UBAJARA,IFCO,6416,explícito,307.0,49
2023-12-14,quinta-feira,3,PH UBAJARA,IFCO,6424,explícito,68.0,6
2023-12-14,quinta-feira,3,TREB. MINAS,HB,618,rateio_por_capacidade,295.68473832539013,24
2023-12-14,quinta-feira,3,TREB. MINAS,HB,623,rateio_por_capacidade,347.31526167460987,36
2023-12-14,quinta-feira,3,TREB. MINAS,HB,NAO_INFORMADO,sem_base_para_rateio,43.0,6
2023-12-14,quinta-feira,3,TREB. MINAS,IFCO,6416,explícito,911.0,32
2023-12-14,quinta-feira,3,TREB. MINAS,IFCO,6424,explícito,1.0,1
2023-12-14,quinta-feira,3,TREB. MINAS,IFCO,NAO_INFORMADO,explícito,6.0,1
2023-12-15,sexta-feira,4,F. TAQUARIVAI,IFCO,6416,explícito,875.0,4
2023-12-15,sexta-feira,4,F. TAQUARIVAI,IFCO,6424,explícito,600.0,5
2023-12-15,sexta-feira,4,PH CASCAVEL,IFCO,6424,explícito,640.0,1
2023-12-15,sexta-feira,4,PH UBAJARA,IFCO,6416,explícito,375.0,11
2023-12-15,sexta-feira,4,PH UBAJARA,IFCO,6424,explícito,240.0,3
2023-12-15,sexta-feira,4,TREB. MINAS,IFCO,6416,explícito,632.0,33
2023-12-15,sexta-feira,4,TREB. MINAS,IFCO,6424,explícito,7.0,2
2023-12-15,sexta-feira,4,TREB. MINAS,IFCO,NAO_INFORMADO,explícito,1.0,1
2023-12-16,sábado,5,F. TAQUARIVAI,HB,623,explícito,600.0,2
2023-12-16,sábado,5,F. TAQUARIVAI,IFCO,6416,explícito,469.0,6
2023-12-16,sábado,5,F. TAQUARIVAI,IFCO,6424,explícito,226.0,1
2023-12-16,sábado,5,PH CASCAVEL,IFCO,6424,explícito,585.0,1
2023-12-16,sábado,5,PH CORUMBA (PF),IFCO,6424,explícito,31.0,1
2023-12-16,sábado,5,TREB. MINAS,HB,618,rateio_por_capacidade,47.26098220749038,3
2023-12-16,sábado,5,TREB. MINAS,HB,623,rateio_por_capacidade,143.73901779250963,8
2023-12-16,sábado,5,TREB. MINAS,HB,NAO_INFORMADO,sem_base_para_rateio,20.0,1
2023-12-16,sábado,5,TREB. MINAS,IFCO,6416,explícito,1734.0,73
2023-12-16,sábado,5,TREB. MINAS,IFCO,6424,explícito,467.0,10
2023-12-16,sábado,5,TREB. MINAS,IFCO,NAO_INFORMADO,explícito,1.0,1
2023-12-18,segunda-feira,0,F. TAQUARIVAI,HB,623,explícito,1073.0,4
2023-12-18,segunda-feira,0,F. TAQUARIVAI,IFCO,6416,explícito,539.0,6
2023-12-18,segunda-feira,0,PH CASCAVEL,IFCO,6424,explícito,635.0,1
2023-12-18,segunda-feira,0,PH UBAJARA,IFCO,6416,explícito,2078.0,83
2023-12-18,segunda-feira,0,PH UBAJARA,IFCO,6424,explícito,303.0,32
2023-12-18,segunda-feira,0,TREB. MINAS,HB,618,rateio_por_capacidade,71.19319303456406,6
2023-12-18,segunda-feira,0,TREB. MINAS,HB,623,rateio_por_capacidade,149.80680696543592,14
2023-12-18,segunda-feira,0,TREB. MINAS,HB,NAO_INFORMADO,sem_base_para_rateio,15.0,2
2023-12-18,segunda-feira,0,TREB. MINAS,IFCO,6416,explícito,447.0,39
2023-12-18,segunda-feira,0,TREB. MINAS,IFCO,6424,explícito,170.0,10
2023-12-18,segunda-feira,0,TREB. MINAS,IFCO,NAO_INFORMADO,explícito,1.0,1
2023-12-19,terça-feira,1,F. TAQUARIVAI,HB,623,explícito,680.0,1
2023-12-19,terça-feira,1,F. TAQUARIVAI,IFCO,6416,explícito,537.0,5
2023-12-19,terça-feira,1,F. TAQUARIVAI,IFCO,6424,explícito,986.0,5
2023-12-19,terça-feira,1,PH CASCAVEL,IFCO,6424,explícito,640.0,1
2023-12-19,terça-feira,1,PH UBAJARA,IFCO,6416,explícito,1302.0,48
2023-12-19,terça-feira,1,PH UBAJARA,IFCO,6424,explícito,630.0,18
2023-12-19,terça-feira,1,TREB. MINAS,HB,618,rateio_por_capacidade,94.51669026693807,9
2023-12-19,terça-feira,1,TREB. MINAS,HB,623,rateio_por_capacidade,462.4833097330619,18
2023-12-19,terça-feira,1,TREB. MINAS,HB,NAO_INFORMADO,sem_base_para_rateio,7.0,2
2023-12-19,terça-feira,1,TREB. MINAS,IFCO,6416,explícito,1497.0,27
2023-12-19,terça-feira,1,TREB. MINAS,IFCO,6424,explícito,358.0,5
2023-12-19,terça-feira,1,TREB. MINAS,IFCO,NAO_INFORMADO,explícito,4.0,1
2023-12-20,quarta-feira,2,F. TAQUARIVAI,IFCO,6416,explícito,779.0,7
2023-12-20,quarta-feira,2,F. TAQUARIVAI,IFCO,6424,explícito,240.0,1
2023-12-20,quarta-feira,2,PH CORUMBA (PF),HB,623,explícito,631.0,1
2023-12-20,quarta-feira,2,PH CORUMBA (PF),IFCO,6416,explícito,297.0,7
2023-12-20,quarta-feira,2,PH UBAJARA,IFCO,6416,explícito,574.0,32
2023-12-20,quarta-feira,2,PH UBAJARA,IFCO,6424,explícito,110.0,8
2023-12-20,quarta-feira,2,PH UBAJARA,IFCO,NAO_INFORMADO,explícito,8.0,1
2023-12-20,quarta-feira,2,TREB. MINAS,HB,618,rateio_por_capacidade,87.9983551628169,8
2023-12-20,quarta-feira,2,TREB. MINAS,HB,623,rateio_por_capacidade,376.0016448371831,20
2023-12-20,quarta-feira,2,TREB. MINAS,HB,NAO_INFORMADO,sem_base_para_rateio,58.0,6
2023-12-20,quarta-feira,2,TREB. MINAS,IFCO,6416,explícito,1604.0,60
2023-12-20,quarta-feira,2,TREB. MINAS,IFCO,6424,explícito,219.0,5
2023-12-21,quinta-feira,3,F. TAQUARIVAI,IFCO,6424,explícito,800.0,4
2023-12-21,quinta-feira,3,PH CASCAVEL,IFCO,6424,explícito,2072.0,3
2023-12-21,quinta-feira,3,PH CORUMBA (PF),IFCO,6416,explícito,128.0,1
2023-12-21,quinta-feira,3,PH CORUMBA (PF),IFCO,6424,explícito,614.0,6
2023-12-21,quinta-feira,3,PH UBAJARA,IFCO,6416,explícito,148.0,24
2023-12-21,quinta-feira,3,PH UBAJARA,IFCO,6424,explícito,29.0,2
2023-12-21,quinta-feira,3,TREB. MINAS,HB,618,rateio_por_capacidade,43.31049842438141,6
2023-12-21,quinta-feira,3,TREB. MINAS,HB,623,rateio_por_capacidade,41.0895015756186,9
2023-12-21,quinta-feira,3,TREB. MINAS,HB,NAO_INFORMADO,sem_base_para_rateio,40.0,1
2023-12-21,quinta-feira,3,TREB. MINAS,IFCO,6416,explícito,1705.0,52
2023-12-21,quinta-feira,3,TREB. MINAS,IFCO,6424,explícito,54.0,8
2023-12-21,quinta-feira,3,TREB. MINAS,IFCO,NAO_INFORMADO,explícito,4.0,1
2023-12-22,sexta-feira,4,F. TAQUARIVAI,IFCO,6416,explícito,637.0,6
2023-12-22,sexta-feira,4,PH UBAJARA,IFCO,6416,explícito,339.0,20
2023-12-22,sexta-feira,4,PH UBAJARA,IFCO,6424,explícito,57.0,7
2023-12-22,sexta-feira,4,TREB. MINAS,HB,618,rateio_por_capacidade,98.38592885663643,10
2023-12-22,sexta-feira,4,TREB. MINAS,HB,623,rateio_por_capacidade,139.61407114336356,15
2023-12-22,sexta-feira,4,TREB. MINAS,HB,NAO_INFORMADO,sem_base_para_rateio,4.0,1
2023-12-22,sexta-feira,4,TREB. MINAS,IFCO,6416,explícito,653.0,25
2023-12-22,sexta-feira,4,TREB. MINAS,IFCO,6424,explícito,1.0,1
2023-12-22,sexta-feira,4,TREB. MINAS,IFCO,NAO_INFORMADO,explícito,10.0,2
2023-12-23,sábado,5,PH CASCAVEL,IFCO,6424,explícito,800.0,2
2023-12-23,sábado,5,TREB. MINAS,IFCO,6416,explícito,502.0,18
2023-12-23,sábado,5,TREB. MINAS,IFCO,6424,explícito,312.0,9
2023-12-23,sábado,5,TREB. MINAS,IFCO,NAO_INFORMADO,explícito,3.0,1
2023-12-26,terça-feira,1,F. TAQUARIVAI,HB,623,explícito,1091.0,2
2023-12-26,terça-feira,1,F. TAQUARIVAI,IFCO,6416,explícito,519.0,5
2023-12-26,terça-feira,1,F. TAQUARIVAI,IFCO,6424,explícito,637.0,4
2023-12-26,terça-feira,1,PH CASCAVEL,IFCO,6424,explícito,800.0,1
2023-12-26,terça-feira,1,PH UBAJARA,IFCO,6416,explícito,2087.0,69
2023-12-26,terça-feira,1,PH UBAJARA,IFCO,6424,explícito,397.0,28
2023-12-26,terça-feira,1,TREB. MINAS,HB,618,rateio_por_capacidade,35.329736688101534,4
2023-12-26,terça-feira,1,TREB. MINAS,HB,623,rateio_por_capacidade,39.67026331189847,6
2023-12-26,terça-feira,1,TREB. MINAS,IFCO,6416,explícito,535.0,31
2023-12-26,terça-feira,1,TREB. MINAS,IFCO,6424,explícito,14.0,6
2023-12-27,quarta-feira,2,F. TAQUARIVAI,HB,623,explícito,680.0,1
2023-12-27,quarta-feira,2,F. TAQUARIVAI,IFCO,6416,explícito,521.0,4
2023-12-27,quarta-feira,2,F. TAQUARIVAI,IFCO,6424,explícito,732.0,2
2023-12-27,quarta-feira,2,PH CORUMBA (PF),IFCO,6416,explícito,194.0,7
2023-12-27,quarta-feira,2,PH UBAJARA,IFCO,6416,explícito,535.0,77
2023-12-27,quarta-feira,2,PH UBAJARA,IFCO,6424,explícito,35.0,5
2023-12-27,quarta-feira,2,TREB. MINAS,HB,618,rateio_por_capacidade,79.8309271848042,15
2023-12-27,quarta-feira,2,TREB. MINAS,HB,623,rateio_por_capacidade,252.1690728151958,26
2023-12-27,quarta-feira,2,TREB. MINAS,HB,NAO_INFORMADO,sem_base_para_rateio,41.0,5
2023-12-27,quarta-feira,2,TREB. MINAS,IFCO,6416,explícito,1436.0,81
2023-12-27,quarta-feira,2,TREB. MINAS,IFCO,6424,explícito,98.0,10
2023-12-27,quarta-feira,2,TREB. MINAS,IFCO,NAO_INFORMADO,explícito,5.0,1
2023-12-28,quinta-feira,3,F. TAQUARIVAI,HB,623,explícito,110.0,1
2023-12-28,quinta-feira,3,F. TAQUARIVAI,IFCO,6424,explícito,40.0,1
2023-12-28,quinta-feira,3,PH CASCAVEL,IFCO,6424,explícito,2480.0,4
2023-12-28,quinta-feira,3,PH CORUMBA (PF),IFCO,6416,explícito,64.0,1
2023-12-28,quinta-feira,3,PH CORUMBA (PF),IFCO,6424,explícito,130.0,5
2023-12-28,quinta-feira,3,PH UBAJARA,IFCO,6416,explícito,55.0,8
2023-12-28,quinta-feira,3,PH UBAJARA,IFCO,6424,explícito,40.0,3
2023-12-28,quinta-feira,3,TREB. MINAS,HB,618,rateio_por_capacidade,293.00138417594366,11
2023-12-28,quinta-feira,3,TREB. MINAS,HB,623,rateio_por_capacidade,336.99861582405634,20
2023-12-28,quinta-feira,3,TREB. MINAS,HB,NAO_INFORMADO,sem_base_para_rateio,139.0,7
2023-12-28,quinta-feira,3,TREB. MINAS,IFCO,6416,explícito,1389.0,31
2023-12-28,quinta-feira,3,TREB. MINAS,IFCO,6424,explícito,4.0,2
2023-12-28,quinta-feira,3,TREB. MINAS,IFCO,NAO_INFORMADO,explícito,12.0,1
2023-12-29,sexta-feira,4,F. TAQUARIVAI,IFCO,6416,explícito,845.0,7
2023-12-29,sexta-feira,4,F. TAQUARIVAI,IFCO,6424,explícito,555.0,1
2023-12-29,sexta-feira,4,PH CASCAVEL,IFCO,6424,explícito,800.0,1
2023-12-29,sexta-feira,4,TREB. MINAS,IFCO,6416,explícito,855.0,37
2023-12-29,sexta-feira,4,TREB. MINAS,IFCO,6424,explícito,26.0,6
2023-12-29,sexta-feira,4,TREB. MINAS,IFCO,NAO_INFORMADO,explícito,7.0,2
2023-12-30,sábado,5,PH CASCAVEL,IFCO,6424,explícito,1760.0,2
2023-12-30,sábado,5,PH UBAJARA,IFCO,6416,explícito,461.0,45
2023-12-30,sábado,5,PH UBAJARA,IFCO,6424,explícito,280.0,17
2023-12-30,sábado,5,TREB. MINAS,IFCO,6416,explícito,229.0,11
2023-12-30,sábado,5,TREB. MINAS,IFCO,6424,explícito,1.0,1
2023-12-30,sábado,5,TREB. MINAS,IFCO,NAO_INFORMADO,explícito,1.0,1
2024-01-02,terça-feira,1,F. TAQUARIVAI,HB,623,explícito,80.0,2
2024-01-02,terça-feira,1,F. TAQUARIVAI,IFCO,6416,explícito,664.0,5
2024-01-02,terça-feira,1,F. TAQUARIVAI,IFCO,6424,explícito,560.0,4
2024-01-02,terça-feira,1,PH CASCAVEL,IFCO,6424,explícito,1440.0,3
2024-01-02,terça-feira,1,PH SUL (PF),IFCO,6416,explícito,96.0,3
2024-01-02,terça-feira,1,PH UBAJARA,IFCO,6416,explícito,333.0,21
2024-01-02,terça-feira,1,PH UBAJARA,IFCO,6424,explícito,1.0,1
2024-01-02,terça-feira,1,TREB. MINAS,HB,618,rateio_por_capacidade,39.8176781671277,4
2024-01-02,terça-feira,1,TREB. MINAS,HB,623,rateio_por_capacidade,70.18232183287229,6
2024-01-02,terça-feira,1,TREB. MINAS,HB,NAO_INFORMADO,sem_base_para_rateio,2.0,1
2024-01-02,terça-feira,1,TREB. MINAS,IFCO,6416,explícito,434.0,23
2024-01-02,terça-feira,1,TREB. MINAS,IFCO,6424,explícito,1.0,1
2024-01-02,terça-feira,1,TREB. MINAS,IFCO,NAO_INFORMADO,explícito,15.0,1
2024-01-03,quarta-feira,2,F. TAQUARIVAI,IFCO,6416,explícito,542.0,5
2024-01-03,quarta-feira,2,PH CASCAVEL,IFCO,6424,explícito,1760.0,3
2024-01-03,quarta-feira,2,PH CORUMBA (PF),IFCO,6416,explícito,10.0,2
2024-01-03,quarta-feira,2,PH CORUMBA (PF),IFCO,6424,explícito,1.0,1
2024-01-03,quarta-feira,2,PH UBAJARA,IFCO,6416,explícito,512.0,50
2024-01-03,quarta-feira,2,PH UBAJARA,IFCO,6424,explícito,55.0,5
2024-01-03,quarta-feira,2,TREB. MINAS,HB,618,rateio_por_capacidade,66.44902029615537,11
2024-01-03,quarta-feira,2,TREB. MINAS,HB,623,rateio_por_capacidade,191.55097970384463,21
2024-01-03,quarta-feira,2,TREB. MINAS,HB,NAO_INFORMADO,sem_base_para_rateio,14.0,3
2024-01-03,quarta-feira,2,TREB. MINAS,IFCO,6416,explícito,787.05,54
2024-01-03,quarta-feira,2,TREB. MINAS,IFCO,6424,explícito,282.0,5
2024-01-03,quarta-feira,2,TREB. MINAS,IFCO,NAO_INFORMADO,explícito,6.0,1
2024-01-04,quinta-feira,3,PH CORUMBA (PF),IFCO,6416,explícito,184.0,3
2024-01-04,quinta-feira,3,PH CORUMBA (PF),IFCO,6424,explícito,54.0,4
2024-01-04,quinta-feira,3,PH UBAJARA,IFCO,6416,explícito,224.0,39
2024-01-04,quinta-feira,3,PH UBAJARA,IFCO,6424,explícito,22.0,5
2024-01-04,quinta-feira,3,TREB. MINAS,HB,618,rateio_por_capacidade,243.6757980939275,30
2024-01-04,quinta-feira,3,TREB. MINAS,HB,623,rateio_por_capacidade,350.3242019060725,43
2024-01-04,quinta-feira,3,TREB. MINAS,HB,NAO_INFORMADO,sem_base_para_rateio,97.0,9
2024-01-04,quinta-feira,3,TREB. MINAS,IFCO,6416,explícito,1089.0,53
2024-01-04,quinta-feira,3,TREB. MINAS,IFCO,6424,explícito,20.0,7
2024-01-04,quinta-feira,3,TREB. MINAS,IFCO,NAO_INFORMADO,explícito,14.0,1
2024-01-04,quinta-feira,3,TREBESCHI DF,IFCO,6424,explícito,44.0,4
2024-01-05,sexta-feira,4,F. TAQUARIVAI,IFCO,6416,explícito,809.0,6
2024-01-05,sexta-feira,4,F. TAQUARIVAI,IFCO,6424,explícito,640.0,4
2024-01-05,sexta-feira,4,PH UBAJARA,IFCO,6416,explícito,677.0,17
2024-01-05,sexta-feira,4,PH UBAJARA,IFCO,6424,explícito,167.0,14
2024-01-05,sexta-feira,4,PH UBAJARA,IFCO,NAO_INFORMADO,explícito,9.0,1
2024-01-05,sexta-feira,4,TREB. MINAS,IFCO,6416,explícito,507.0,24
2024-01-05,sexta-feira,4,TREB. MINAS,IFCO,6424,explícito,2.0,2
2024-01-05,sexta-feira,4,TREB. MINAS,IFCO,NAO_INFORMADO,explícito,5.0,1
2024-01-06,sábado,5,F. TAQUARIVAI,IFCO,6416,explícito,368.0,5
2024-01-06,sábado,5,PH CASCAVEL,IFCO,6424,explícito,1280.0,2
2024-01-06,sábado,5,PH CORUMBA (PF),IFCO,6416,explícito,140.0,2
2024-01-06,sábado,5,PH UBAJARA,IFCO,6416,explícito,1010.0,49
2024-01-06,sábado,5,PH UBAJARA,IFCO,6424,explícito,227.0,17
2024-01-06,sábado,5,TREB. MINAS,HB,618,rateio_por_capacidade,168.87265384326298,3
2024-01-06,sábado,5,TREB. MINAS,HB,623,rateio_por_capacidade,91.12734615673699,5
2024-01-06,sábado,5,TREB. MINAS,IFCO,6416,explícito,1644.0,57
2024-01-06,sábado,5,TREB. MINAS,IFCO,6424,explícito,121.0,3
2024-01-06,sábado,5,TREB. MINAS,IFCO,NAO_INFORMADO,explícito,2.0,1
2024-01-08,segunda-feira,0,F. TAQUARIVAI,IFCO,6416,explícito,610.0,5
2024-01-08,segunda-feira,0,PH CASCAVEL,IFCO,6424,explícito,800.0,2
2024-01-08,segunda-feira,0,PH UBAJARA,IFCO,6416,explícito,118.0,17
2024-01-08,segunda-feira,0,PH UBAJARA,IFCO,6424,explícito,7.0,4
2024-01-08,segunda-feira,0,TREB. MINAS,HB,618,rateio_por_capacidade,191.76371336074016,4
2024-01-08,segunda-feira,0,TREB. MINAS,HB,623,rateio_por_capacidade,92.23628663925984,6
2024-01-08,segunda-feira,0,TREB. MINAS,IFCO,6416,explícito,1033.0,47
2024-01-08,segunda-feira,0,TREB. MINAS,IFCO,6424,explícito,31.0,6
2024-01-08,segunda-feira,0,TREB. MINAS,IFCO,NAO_INFORMADO,explícito,15.0,1
2024-01-08,segunda-feira,0,TREBESCHI DF,IFCO,6424,explícito,20.0,6
2024-01-09,terça-feira,1,F. TAQUARIVAI,IFCO,6416,explícito,577.0,6
2024-01-09,terça-feira,1,F. TAQUARIVAI,IFCO,6424,explícito,631.0,4
2024-01-09,terça-feira,1,PH CASCAVEL,IFCO,6424,explícito,800.0,2
2024-01-09,terça-feira,1,PH UBAJARA,IFCO,6416,explícito,852.0,68
2024-01-09,terça-feira,1,PH UBAJARA,IFCO,6424,explícito,135.0,12
2024-01-09,terça-feira,1,TREB. MINAS,IFCO,6416,explícito,879.0,32
2024-01-09,terça-feira,1,TREB. MINAS,IFCO,6424,explícito,337.0,9
2024-01-09,terça-feira,1,TREB. MINAS,IFCO,NAO_INFORMADO,explícito,5.0,1
2024-01-09,terça-feira,1,TREBESCHI DF,IFCO,6424,explícito,41.0,3
2024-01-10,quarta-feira,2,F. TAQUARIVAI,IFCO,6416,explícito,494.0,7
2024-01-10,quarta-feira,2,PH CASCAVEL,IFCO,6424,explícito,800.0,1
2024-01-10,quarta-feira,2,PH CORUMBA (PF),IFCO,6416,explícito,214.0,8
2024-01-10,quarta-feira,2,PH CORUMBA (PF),IFCO,6424,explícito,48.0,5
2024-01-10,quarta-feira,2,PH UBAJARA,IFCO,6416,explícito,360.0,38
2024-01-10,quarta-feira,2,PH UBAJARA,IFCO,6424,explícito,115.0,5
2024-01-10,quarta-feira,2,TREB. MINAS,HB,618,rateio_por_capacidade,10.0,1
2024-01-10,quarta-feira,2,TREB. MINAS,HB,623,rateio_por_capacidade,4.0,4
2024-01-10,quarta-feira,2,TREB. MINAS,HB,NAO_INFORMADO,sem_base_para_rateio,2.0,1
2024-01-10,quarta-feira,2,TREB. MINAS,IFCO,6416,explícito,971.0,80
2024-01-10,quarta-feira,2,TREB. MINAS,IFCO,6424,explícito,46.0,9
2024-01-10,quarta-feira,2,TREB. MINAS,IFCO,NAO_INFORMADO,explícito,15.0,1
2024-01-10,quarta-feira,2,TREBESCHI DF,IFCO,6424,explícito,1.0,1
2024-01-11,quinta-feira,3,PH CASCAVEL,IFCO,6424,explícito,1030.0,3
2024-01-11,quinta-feira,3,PH CORUMBA (PF),IFCO,6416,explícito,2.0,2
2024-01-11,quinta-feira,3,PH UBAJARA,IFCO,6416,explícito,4.0,1
2024-01-11,quinta-feira,3,PH UBAJARA,IFCO,6424,explícito,0.0,1
2024-01-11,quinta-feira,3,TREB. MINAS,HB,618,rateio_por_capacidade,185.44347028215037,19
2024-01-11,quinta-feira,3,TREB. MINAS,HB,623,rateio_por_capacidade,233.55652971784963,24
2024-01-11,quinta-feira,3,TREB. MINAS,HB,NAO_INFORMADO,sem_base_para_rateio,42.0,5
2024-01-11,quinta-feira,3,TREB. MINAS,IFCO,6416,explícito,638.0,34
2024-01-11,quinta-feira,3,TREB. MINAS,IFCO,6424,explícito,1.0,1
2024-01-11,quinta-feira,3,TREBESCHI DF,IFCO,6424,explícito,59.0,5
2024-01-12,sexta-feira,4,F. TAQUARIVAI,IFCO,6416,explícito,842.0,4
2024-01-12,sexta-feira,4,PH CORUMBA (PF),IFCO,6416,explícito,120.0,1
2024-01-12,sexta-feira,4,PH SUL (PF),HB,623,explícito,756.0,1
2024-01-12,sexta-feira,4,PH SUL (PF),IFCO,6416,explícito,115.0,7
2024-01-12,sexta-feira,4,PH SUL (PF),IFCO,6424,explícito,320.0,1
2024-01-12,sexta-feira,4,TREB. MINAS,HB,618,rateio_por_capacidade,120.29591789304968,11
2024-01-12,sexta-feira,4,TREB. MINAS,HB,623,rateio_por_capacidade,410.7040821069503,22
2024-01-12,sexta-feira,4,TREB. MINAS,HB,NAO_INFORMADO,sem_base_para_rateio,23.0,2
2024-01-12,sexta-feira,4,TREB. MINAS,IFCO,6416,explícito,664.0,32
2024-01-12,sexta-feira,4,TREB. MINAS,IFCO,6424,explícito,11.0,2
2024-01-13,sábado,5,F. TAQUARIVAI,IFCO,6416,explícito,450.0,5
2024-01-13,sábado,5,PH SUL (PF),HB,623,explícito,680.0,1
2024-01-13,sábado,5,PH SUL (PF),IFCO,6416,explícito,53.0,3
2024-01-13,sábado,5,PH SUL (PF),IFCO,6424,explícito,640.0,1
2024-01-13,sábado,5,PH SUL (PF),IFCO,NAO_INFORMADO,explícito,3.0,1
2024-01-13,sábado,5,PH UBAJARA,IFCO,6416,explícito,566.0,54
2024-01-13,sábado,5,PH UBAJARA,IFCO,6424,explícito,335.0,30
2024-01-13,sábado,5,PH UBAJARA,IFCO,NAO_INFORMADO,explícito,9.0,1
2024-01-13,sábado,5,TREB. MINAS,HB,618,rateio_por_capacidade,40.84779456659435,5
2024-01-13,sábado,5,TREB. MINAS,HB,623,rateio_por_capacidade,46.152205433405655,6
2024-01-13,sábado,5,TREB. MINAS,IFCO,6416,explícito,984.0,51
2024-01-13,sábado,5,TREB. MINAS,IFCO,6424,explícito,123.0,4
2024-01-15,segunda-feira,0,F. TAQUARIVAI,IFCO,6416,explícito,520.0,5
2024-01-15,segunda-feira,0,PH CASCAVEL,IFCO,6424,explícito,1040.0,2
2024-01-15,segunda-feira,0,PH SUL (PF),HB,623,explícito,664.0,1
2024-01-15,segunda-feira,0,PH SUL (PF),IFCO,6416,explícito,146.0,4
2024-01-15,segunda-feira,0,PH SUL (PF),IFCO,6424,explícito,240.0,1
2024-01-15,segunda-feira,0,PH SUL (PF),IFCO,NAO_INFORMADO,explícito,13.0,1
2024-01-15,segunda-feira,0,PH UBAJARA,IFCO,6416,explícito,141.0,23
2024-01-15,segunda-feira,0,PH UBAJARA,IFCO,6424,explícito,34.0,5
2024-01-15,segunda-feira,0,TREB. MINAS,HB,618,rateio_por_capacidade,328.15174831985973,2
2024-01-15,segunda-feira,0,TREB. MINAS,HB,623,rateio_por_capacidade,33.84825168014025,2
2024-01-15,segunda-feira,0,TREB. MINAS,IFCO,6416,explícito,512.0,34
2024-01-15,segunda-feira,0,TREB. MINAS,IFCO,6424,explícito,38.0,5
2024-01-16,terça-feira,1,PH CASCAVEL,IFCO,6424,explícito,630.0,2
2024-01-16,terça-feira,1,PH SUL (PF),HB,623,explícito,670.0,1
2024-01-16,terça-feira,1,PH SUL (PF),IFCO,6416,explícito,710.0,8
2024-01-16,terça-feira,1,PH SUL (PF),IFCO,6424,explícito,640.0,1
2024-01-16,terça-feira,1,PH SUL (PF),IFCO,NAO_INFORMADO,explícito,3.0,1
2024-01-16,terça-feira,1,PH UBAJARA,IFCO,6416,explícito,848.0,62
2024-01-16,terça-feira,1,PH UBAJARA,IFCO,6424,explícito,102.0,12
2024-01-16,terça-feira,1,TREB. MINAS,HB,618,rateio_por_capacidade,44.87941479026175,1
2024-01-16,terça-feira,1,TREB. MINAS,HB,623,rateio_por_capacidade,30.120585209738255,4
2024-01-16,terça-feira,1,TREB. MINAS,HB,NAO_INFORMADO,sem_base_para_rateio,3.0,1
2024-01-16,terça-feira,1,TREB. MINAS,IFCO,6416,explícito,679.0,27
2024-01-16,terça-feira,1,TREB. MINAS,IFCO,6424,explícito,100.0,7
2024-01-16,terça-feira,1,TREBESCHI DF,IFCO,6424,explícito,22.0,5
2024-01-17,quarta-feira,2,PH CORUMBA (PF),IFCO,6416,explícito,133.0,5
2024-01-17,quarta-feira,2,PH CORUMBA (PF),IFCO,6424,explícito,50.0,5
2024-01-17,quarta-feira,2,PH SUL (PF),HB,623,explícito,690.0,1
2024-01-17,quarta-feira,2,PH SUL (PF),IFCO,6416,explícito,547.0,7
2024-01-17,quarta-feira,2,PH SUL (PF),IFCO,6424,explícito,80.0,1
2024-01-17,quarta-feira,2,PH SUL (PF),IFCO,NAO_INFORMADO,explícito,3.0,1
2024-01-17,quarta-feira,2,PH UBAJARA,IFCO,6416,explícito,281.0,14
2024-01-17,quarta-feira,2,PH UBAJARA,IFCO,6424,explícito,55.0,3
2024-01-17,quarta-feira,2,TREB. MINAS,HB,618,rateio_por_capacidade,369.1224008538803,15
2024-01-17,quarta-feira,2,TREB. MINAS,HB,623,rateio_por_capacidade,201.87759914611965,22
2024-01-17,quarta-feira,2,TREB. MINAS,HB,NAO_INFORMADO,sem_base_para_rateio,57.0,6
2024-01-17,quarta-feira,2,TREB. MINAS,IFCO,6416,explícito,771.0,48
2024-01-17,quarta-feira,2,TREB. MINAS,IFCO,6424,explícito,59.0,8
2024-01-17,quarta-feira,2,TREBESCHI DF,IFCO,6424,explícito,13.0,1
2024-01-18,quinta-feira,3,F. TAQUARIVAI,IFCO,6424,explícito,240.0,1
2024-01-18,quinta-feira,3,PH SUL (PF),IFCO,6424,explícito,640.0,1
2024-01-18,quinta-feira,3,TREB. MINAS,HB,618,rateio_por_capacidade,45.10111971999284,8
2024-01-18,quinta-feira,3,TREB. MINAS,HB,623,rateio_por_capacidade,8.898880280007166,8
2024-01-18,quinta-feira,3,TREB. MINAS,IFCO,6416,explícito,814.0,34
2024-01-18,quinta-feira,3,TREB. MINAS,IFCO,6424,explícito,3.0,1
2024-01-18,quinta-feira,3,TREB. MINAS,IFCO,NAO_INFORMADO,explícito,5.0,1
2024-01-19,sexta-feira,4,PH CASCAVEL,IFCO,6424,explícito,887.0,2
2024-01-19,sexta-feira,4,PH CORUMBA (PF),IFCO,6416,explícito,120.0,1
2024-01-19,sexta-feira,4,PH SUL (PF),HB,623,explícito,1090.0,3
2024-01-19,sexta-feira,4,PH SUL (PF),IFCO,6416,explícito,997.0,9
2024-01-19,sexta-feira,4,TREB. MINAS,HB,618,rateio_por_capacidade,179.67279546790232,7
2024-01-19,sexta-feira,4,TREB. MINAS,HB,623,rateio_por_capacidade,45.32720453209769,8
2024-01-19,sexta-feira,4,TREB. MINAS,IFCO,6416,explícito,404.0,20
2024-01-19,sexta-feira,4,TREB. MINAS,IFCO,6424,explícito,2.0,1
2024-01-19,sexta-feira,4,TREB. MINAS,IFCO,NAO_INFORMADO,explícito,1.0,1
2024-01-20,sábado,5,PH CASCAVEL,IFCO,6424,explícito,1120.0,4
2024-01-20,sábado,5,PH SUL (PF),HB,623,explícito,1305.0,2
2024-01-20,sábado,5,PH SUL (PF),IFCO,6416,explícito,493.0,6
2024-01-20,sábado,5,PH SUL (PF),IFCO,NAO_INFORMADO,explícito,1.0,1
2024-01-20,sábado,5,PH UBAJARA,IFCO,6416,explícito,530.0,52
2024-01-20,sábado,5,PH UBAJARA,IFCO,6424,explícito,110.0,16
2024-01-20,sábado,5,TREB. MINAS,HB,618,rateio_por_capacidade,445.92544889197336,14
2024-01-20,sábado,5,TREB. MINAS,HB,623,rateio_por_capacidade,276.07455110802664,23
2024-01-20,sábado,5,TREB. MINAS,HB,NAO_INFORMADO,sem_base_para_rateio,15.0,2
2024-01-20,sábado,5,TREB. MINAS,IFCO,6416,explícito,1802.111111111111,104
2024-01-20,sábado,5,TREB. MINAS,IFCO,6424,explícito,247.0,23
2024-01-22,segunda-feira,0,PH CASCAVEL,IFCO,6424,explícito,13.0,1
2024-01-22,segunda-feira,0,PH SUL (PF),HB,623,explícito,670.0,1
2024-01-22,segunda-feira,0,PH SUL (PF),IFCO,6416,explícito,597.0,7
2024-01-22,segunda-feira,0,PH UBAJARA,IFCO,6416,explícito,107.0,14
2024-01-22,segunda-feira,0,PH UBAJARA,IFCO,6424,explícito,90.0,14
2024-01-22,segunda-feira,0,TREB. MINAS,IFCO,6416,explícito,385.0,16
2024-01-22,segunda-feira,0,TREB. MINAS,IFCO,6424,explícito,34.0,5
2024-01-23,terça-feira,1,PH SUL (PF),HB,623,explícito,670.0,1
2024-01-23,terça-feira,1,PH SUL (PF),IFCO,6416,explícito,490.0,6
2024-01-23,terça-feira,1,PH SUL (PF),IFCO,NAO_INFORMADO,explícito,3.0,1
2024-01-23,terça-feira,1,PH UBAJARA,IFCO,6416,explícito,857.0,49
2024-01-23,terça-feira,1,PH UBAJARA,IFCO,6424,explícito,100.0,9
2024-01-23,terça-feira,1,TREB. MINAS,HB,618,rateio_por_capacidade,237.663155775188,15
2024-01-23,terça-feira,1,TREB. MINAS,HB,623,rateio_por_capacidade,206.336844224812,23
2024-01-23,terça-feira,1,TREB. MINAS,HB,NAO_INFORMADO,sem_base_para_rateio,18.0,3
2024-01-23,terça-feira,1,TREB. MINAS,IFCO,6416,explícito,494.0,22
2024-01-23,terça-feira,1,TREB. MINAS,IFCO,6424,explícito,1.0,1
2024-01-24,quarta-feira,2,PH CORUMBA (PF),IFCO,6416,explícito,43.0,5
2024-01-24,quarta-feira,2,PH CORUMBA (PF),IFCO,6424,explícito,33.0,5
2024-01-24,quarta-feira,2,PH SUL (PF),HB,623,explícito,1420.0,4
2024-01-24,quarta-feira,2,PH SUL (PF),IFCO,6416,explícito,684.0,7
2024-01-24,quarta-feira,2,PH SUL (PF),IFCO,6424,explícito,640.0,1
2024-01-24,quarta-feira,2,PH SUL (PF),IFCO,NAO_INFORMADO,explícito,12.0,1
2024-01-24,quarta-feira,2,PH UBAJARA,IFCO,6416,explícito,408.0,20
2024-01-24,quarta-feira,2,PH UBAJARA,IFCO,6424,explícito,93.0,9
2024-01-24,quarta-feira,2,TREB. MINAS,HB,618,rateio_por_capacidade,364.70968194208365,16
2024-01-24,quarta-feira,2,TREB. MINAS,HB,623,rateio_por_capacidade,210.29031805791632,26
2024-01-24,quarta-feira,2,TREB. MINAS,HB,NAO_INFORMADO,sem_base_para_rateio,77.0,6
2024-01-24,quarta-feira,2,TREB. MINAS,IFCO,6416,explícito,370.0,39
2024-01-24,quarta-feira,2,TREB. MINAS,IFCO,6424,explícito,4.0,3
2024-01-25,quinta-feira,3,PH CASCAVEL,IFCO,6424,explícito,1440.0,3
2024-01-25,quinta-feira,3,PH CORUMBA (PF),IFCO,6416,explícito,90.0,3
2024-01-25,quinta-feira,3,PH SUL (PF),IFCO,6416,explícito,66.0,3
2024-01-25,quinta-feira,3,PH SUL (PF),IFCO,6424,explícito,640.0,1
2024-01-25,quinta-feira,3,PH SUL (PF),IFCO,NAO_INFORMADO,explícito,3.0,1
2024-01-25,quinta-feira,3,PH UBAJARA,IFCO,6416,explícito,129.0,23
2024-01-25,quinta-feira,3,PH UBAJARA,IFCO,6424,explícito,599.0,6
2024-01-25,quinta-feira,3,TREB. MINAS,HB,618,rateio_por_capacidade,155.14067575294416,13
2024-01-25,quinta-feira,3,TREB. MINAS,HB,623,rateio_por_capacidade,17.859324247055834,14
2024-01-25,quinta-feira,3,TREB. MINAS,HB,NAO_INFORMADO,sem_base_para_rateio,3.0,1
2024-01-25,quinta-feira,3,TREB. MINAS,IFCO,6416,explícito,1766.0,50
2024-01-25,quinta-feira,3,TREB. MINAS,IFCO,6424,explícito,1.0,1
2024-01-26,sexta-feira,4,PH CASCAVEL,IFCO,6424,explícito,920.0,1
2024-01-26,sexta-feira,4,PH SUL (PF),HB,623,explícito,1250.0,1
2024-01-26,sexta-feira,4,PH SUL (PF),IFCO,6416,explícito,855.0,8
2024-01-26,sexta-feira,4,PH SUL (PF),IFCO,6424,explícito,640.0,1
2024-01-26,sexta-feira,4,PH SUL (PF),IFCO,NAO_INFORMADO,explícito,2.0,1
2024-01-26,sexta-feira,4,PH UBAJARA,IFCO,6416,explícito,223.0,14
2024-01-26,sexta-feira,4,PH UBAJARA,IFCO,6424,explícito,75.0,4
2024-01-26,sexta-feira,4,TREB. MINAS,HB,618,rateio_por_capacidade,237.91040524361654,9
2024-01-26,sexta-feira,4,TREB. MINAS,HB,623,rateio_por_capacidade,148.75626142305043,14
2024-01-26,sexta-feira,4,TREB. MINAS,HB,NAO_INFORMADO,sem_base_para_rateio,15.0,2
2024-01-26,sexta-feira,4,TREB. MINAS,IFCO,6416,explícito,427.0,20
2024-01-26,sexta-feira,4,TREB. MINAS,IFCO,6424,explícito,2.0,2
2024-01-27,sábado,5,PH CORUMBA (PF),IFCO,6416,explícito,120.0,3
2024-01-27,sábado,5,PH SUL (PF),HB,623,explícito,670.0,1
2024-01-27,sábado,5,PH SUL (PF),IFCO,6416,explícito,554.0,7
2024-01-27,sábado,5,PH SUL (PF),IFCO,6424,explícito,880.0,2
2024-01-27,sábado,5,PH SUL (PF),IFCO,NAO_INFORMADO,explícito,1.0,1
2024-01-27,sábado,5,PH UBAJARA,IFCO,6416,explícito,568.0,49
2024-01-27,sábado,5,PH UBAJARA,IFCO,6424,explícito,349.0,20
2024-01-27,sábado,5,TREB. MINAS,HB,618,rateio_por_capacidade,260.5521347021944,5
2024-01-27,sábado,5,TREB. MINAS,HB,623,rateio_por_capacidade,69.4478652978056,6
2024-01-27,sábado,5,TREB. MINAS,IFCO,6416,explícito,1854.0,67
2024-01-27,sábado,5,TREB. MINAS,IFCO,6424,explícito,522.0,4
2024-01-29,segunda-feira,0,PH SUL (PF),HB,623,explícito,1320.0,2
2024-01-29,segunda-feira,0,PH SUL (PF),IFCO,6416,explícito,506.0,7
2024-01-29,segunda-feira,0,PH SUL (PF),IFCO,6424,explícito,1120.0,1
2024-01-29,segunda-feira,0,PH SUL (PF),IFCO,NAO_INFORMADO,explícito,5.0,1
2024-01-29,segunda-feira,0,TREB. MINAS,IFCO,6416,explícito,280.0,22
2024-01-29,segunda-feira,0,TREB. MINAS,IFCO,6424,explícito,13.0,5
2024-01-30,terça-feira,1,PH CASCAVEL,IFCO,6424,explícito,1000.0,2
2024-01-30,terça-feira,1,PH SUL (PF),HB,623,explícito,1260.0,1
2024-01-30,terça-feira,1,PH SUL (PF),IFCO,6416,explícito,587.0,6
2024-01-30,terça-feira,1,PH SUL (PF),IFCO,NAO_INFORMADO,explícito,2.0,1
2024-01-30,terça-feira,1,PH UBAJARA,IFCO,6416,explícito,1344.0,84
2024-01-30,terça-feira,1,PH UBAJARA,IFCO,6424,explícito,290.0,19
2024-01-30,terça-feira,1,TREB. MINAS,HB,618,rateio_por_capacidade,453.17665886159006,23
2024-01-30,terça-feira,1,TREB. MINAS,HB,623,rateio_por_capacidade,344.8233411384099,36
2024-01-30,terça-feira,1,TREB. MINAS,HB,NAO_INFORMADO,sem_base_para_rateio,30.0,5
2024-01-30,terça-feira,1,TREB. MINAS,IFCO,6416,explícito,748.55,24
2024-01-30,terça-feira,1,TREB. MINAS,IFCO,6424,explícito,161.0,3
2024-01-31,quarta-feira,2,PH CORUMBA (PF),IFCO,6416,explícito,60.0,3
2024-01-31,quarta-feira,2,PH CORUMBA (PF),IFCO,6424,explícito,53.0,5
2024-01-31,quarta-feira,2,PH SUL (PF),HB,623,explícito,670.0,1
2024-01-31,quarta-feira,2,PH SUL (PF),IFCO,6416,explícito,650.0,8
2024-01-31,quarta-feira,2,PH SUL (PF),IFCO,6424,explícito,240.0,1
2024-01-31,quarta-feira,2,PH SUL (PF),IFCO,NAO_INFORMADO,explícito,3.0,1
2024-01-31,quarta-feira,2,PH UBAJARA,IFCO,6416,explícito,468.0,31
2024-01-31,quarta-feira,2,PH UBAJARA,IFCO,6424,explícito,263.0,17
2024-01-31,quarta-feira,2,TREB. MINAS,HB,618,rateio_por_capacidade,273.6735206062803,14
2024-01-31,quarta-feira,2,TREB. MINAS,HB,623,rateio_por_capacidade,309.3264793937197,20
2024-01-31,quarta-feira,2,TREB. MINAS,HB,NAO_INFORMADO,sem_base_para_rateio,31.0,5
2024-01-31,quarta-feira,2,TREB. MINAS,IFCO,6416,explícito,750.0,30
2024-01-31,quarta-feira,2,TREB. MINAS,IFCO,6424,explícito,9.0,2
2024-01-31,quarta-feira,2,TREBESCHI DF,IFCO,6424,explícito,12.0,1
2024-02-01,quinta-feira,3,PH CASCAVEL,IFCO,6424,explícito,1756.0,3
2024-02-01,quinta-feira,3,PH CORUMBA (PF),IFCO,6416,explícito,70.0,2
2024-02-01,quinta-feira,3,PH SUL (PF),HB,623,explícito,670.0,1
2024-02-01,quinta-feira,3,PH SUL (PF),IFCO,6416,explícito,108.0,3
2024-02-01,quinta-feira,3,PH SUL (PF),IFCO,6424,explícito,480.0,2
2024-02-01,quinta-feira,3,PH SUL (PF),IFCO,NAO_INFORMADO,explícito,4.0,1
2024-02-01,quinta-feira,3,PH UBAJARA,IFCO,6416,explícito,107.0,27
2024-02-01,quinta-feira,3,PH UBAJARA,IFCO,6424,explícito,5.0,3
2024-02-01,quinta-feira,3,TREB. MINAS,HB,618,rateio_por_capacidade,100.38452589210812,11
2024-02-01,quinta-feira,3,TREB. MINAS,HB,623,rateio_por_capacidade,5.61547410789188,10
2024-02-01,quinta-feira,3,TREB. MINAS,HB,NAO_INFORMADO,sem_base_para_rateio,55.0,2
2024-02-01,quinta-feira,3,TREB. MINAS,IFCO,6416,explícito,876.7619047619048,37
2024-02-01,quinta-feira,3,TREB. MINAS,IFCO,6424,explícito,3.0,2
2024-02-02,sexta-feira,4,PH CASCAVEL,IFCO,6424,explícito,501.0,2
2024-02-02,sexta-feira,4,PH SUL (PF),HB,623,explícito,1300.0,2
2024-02-02,sexta-feira,4,PH SUL (PF),IFCO,6416,explícito,1060.0,8
2024-02-02,sexta-feira,4,PH SUL (PF),IFCO,6424,explícito,240.0,1
2024-02-02,sexta-feira,4,PH SUL (PF),IFCO,NAO_INFORMADO,explícito,2.0,1
2024-02-02,sexta-feira,4,PH UBAJARA,IFCO,6416,explícito,593.0,19
2024-02-02,sexta-feira,4,PH UBAJARA,IFCO,6424,explícito,62.0,6
2024-02-02,sexta-feira,4,TREB. MINAS,IFCO,6416,explícito,309.0,15
2024-02-02,sexta-feira,4,TREB. MINAS,IFCO,6424,explícito,1.0,1
2024-02-03,sábado,5,PH CASCAVEL,IFCO,6424,explícito,640.0,2
2024-02-03,sábado,5,PH SUL (PF),HB,623,explícito,634.0,2
2024-02-03,sábado,5,PH SUL (PF),IFCO,6416,explícito,547.0,8
2024-02-03,sábado,5,PH SUL (PF),IFCO,6424,explícito,880.0,2
2024-02-03,sábado,5,PH SUL (PF),IFCO,NAO_INFORMADO,explícito,1.0,1
2024-02-03,sábado,5,PH UBAJARA,IFCO,6416,explícito,476.0,46
2024-02-03,sábado,5,PH UBAJARA,IFCO,6424,explícito,14.0,7
2024-02-03,sábado,5,TREB. MINAS,HB,618,rateio_por_capacidade,418.06166958170854,4
2024-02-03,sábado,5,TREB. MINAS,HB,623,rateio_por_capacidade,38.93833041829144,8
2024-02-03,sábado,5,TREB. MINAS,HB,NAO_INFORMADO,sem_base_para_rateio,51.0,4
2024-02-03,sábado,5,TREB. MINAS,IFCO,6416,explícito,1047.0,41
2024-02-03,sábado,5,TREB. MINAS,IFCO,6424,explícito,82.0,3
2024-02-05,segunda-feira,0,PH SUL (PF),HB,623,explícito,1340.0,2
2024-02-05,segunda-feira,0,PH SUL (PF),IFCO,6416,explícito,524.0,8
2024-02-05,segunda-feira,0,PH SUL (PF),IFCO,6424,explícito,1120.0,3
2024-02-05,segunda-feira,0,PH SUL (PF),IFCO,NAO_INFORMADO,explícito,8.0,1
2024-02-05,segunda-feira,0,PH UBAJARA,IFCO,6416,explícito,102.0,5
2024-02-05,segunda-feira,0,PH UBAJARA,IFCO,6424,explícito,223.0,7
2024-02-05,segunda-feira,0,TREB. MINAS,HB,618,rateio_por_capacidade,620.2427126474072,5
2024-02-05,segunda-feira,0,TREB. MINAS,HB,623,rateio_por_capacidade,64.7572873525928,5
2024-02-05,segunda-feira,0,TREB. MINAS,IFCO,6416,explícito,590.0,36
2024-02-05,segunda-feira,0,TREB. MINAS,IFCO,6424,explícito,107.0,10
2024-02-06,terça-feira,1,PH CASCAVEL,IFCO,6424,explícito,628.0,1
2024-02-06,terça-feira,1,PH SUL (PF),HB,623,explícito,670.0,1
2024-02-06,terça-feira,1,PH SUL (PF),IFCO,6416,explícito,713.0,9
2024-02-06,terça-feira,1,PH SUL (PF),IFCO,6424,explícito,960.0,2
2024-02-06,terça-feira,1,PH SUL (PF),IFCO,NAO_INFORMADO,explícito,3.0,1
2024-02-06,terça-feira,1,PH UBAJARA,HB,623,rateio_por_capacidade,1.0,1
2024-02-06,terça-feira,1,PH UBAJARA,IFCO,6416,explícito,843.0,47
2024-02-06,terça-feira,1,PH UBAJARA,IFCO,6424,explícito,115.0,16
2024-02-06,terça-feira,1,TREB. MINAS,HB,618,rateio_por_capacidade,773.8886123983359,4
2024-02-06,terça-feira,1,TREB. MINAS,HB,623,rateio_por_capacidade,81.11138760166406,4
2024-02-06,terça-feira,1,TREB. MINAS,IFCO,6416,explícito,700.0,27
2024-02-06,terça-feira,1,TREB. MINAS,IFCO,6424,explícito,42.0,2
2024-02-07,quarta-feira,2,PH CORUMBA (PF),IFCO,6416,explícito,62.0,3
2024-02-07,quarta-feira,2,PH CORUMBA (PF),IFCO,6424,explícito,53.0,5
2024-02-07,quarta-feira,2,PH SUL (PF),HB,623,explícito,1340.0,4
2024-02-07,quarta-feira,2,PH SUL (PF),IFCO,6416,explícito,621.0,12
2024-02-07,quarta-feira,2,PH SUL (PF),IFCO,6424,explícito,1835.0,4
2024-02-07,quarta-feira,2,PH SUL (PF),IFCO,NAO_INFORMADO,explícito,4.0,1
2024-02-07,quarta-feira,2,PH UBAJARA,IFCO,6416,explícito,466.0,46
2024-02-07,quarta-feira,2,PH UBAJARA,IFCO,6424,explícito,302.0,17
2024-02-07,quarta-feira,2,TREB. MINAS,HB,618,rateio_por_capacidade,181.2993084640109,1
2024-02-07,quarta-feira,2,TREB. MINAS,HB,623,rateio_por_capacidade,18.70069153598909,1
2024-02-07,quarta-feira,2,TREB. MINAS,IFCO,6416,explícito,659.0,39
2024-02-07,quarta-feira,2,TREB. MINAS,IFCO,6424,explícito,172.0,19
2024-02-08,quinta-feira,3,PH SUL (PF),IFCO,6416,explícito,61.0,4
2024-02-08,quinta-feira,3,PH SUL (PF),IFCO,6424,explícito,1480.0,3
2024-02-08,quinta-feira,3,PH SUL (PF),IFCO,NAO_INFORMADO,explícito,4.0,1
2024-02-08,quinta-feira,3,PH UBAJARA,IFCO,6416,explícito,163.0,3
2024-02-08,quinta-feira,3,PH UBAJARA,IFCO,6424,explícito,54.0,3
2024-02-08,quinta-feira,3,TREB. MINAS,HB,618,rateio_por_capacidade,314.8613992132222,18
2024-02-08,quinta-feira,3,TREB. MINAS,HB,623,rateio_por_capacidade,169.13860078677777,25
2024-02-08,quinta-feira,3,TREB. MINAS,HB,NAO_INFORMADO,sem_base_para_rateio,127.0,8
2024-02-08,quinta-feira,3,TREB. MINAS,IFCO,6416,explícito,1037.0,55
2024-02-08,quinta-feira,3,TREB. MINAS,IFCO,6424,explícito,4.0,2
2024-02-09,sexta-feira,4,PH CORUMBA (PF),IFCO,6416,explícito,150.0,3
2024-02-09,sexta-feira,4,PH CORUMBA (PF),IFCO,6424,explícito,50.0,1
2024-02-09,sexta-feira,4,PH SUL (PF),HB,623,explícito,1250.0,1
2024-02-09,sexta-feira,4,PH SUL (PF),IFCO,6416,explícito,845.0,10
2024-02-09,sexta-feira,4,PH SUL (PF),IFCO,6424,explícito,1760.0,2
2024-02-09,sexta-feira,4,PH SUL (PF),IFCO,NAO_INFORMADO,explícito,1.0,1
2024-02-09,sexta-feira,4,PH UBAJARA,IFCO,6416,explícito,312.0,15
2024-02-09,sexta-feira,4,PH UBAJARA,IFCO,6424,explícito,69.0,2
2024-02-09,sexta-feira,4,TREB. MINAS,IFCO,6416,explícito,676.0,21
2024-02-09,sexta-feira,4,TREB. MINAS,IFCO,6424,explícito,363.0,3
2024-02-10,sábado,5,PH CASCAVEL,IFCO,6424,explícito,342.0,1
2024-02-10,sábado,5,PH SUL (PF),HB,623,explícito,3270.0,5
2024-02-10,sábado,5,PH SUL (PF),IFCO,6416,explícito,199.0,6
2024-02-10,sábado,5,PH SUL (PF),IFCO,6424,explícito,2281.0,6
2024-02-10,sábado,5,PH UBAJARA,IFCO,6416,explícito,33.0,1
2024-02-10,sábado,5,TREB. MINAS,HB,618,rateio_por_capacidade,759.7549263994778,25
2024-02-10,sábado,5,TREB. MINAS,HB,623,rateio_por_capacidade,236.24507360052223,38
2024-02-10,sábado,5,TREB. MINAS,HB,NAO_INFORMADO,sem_base_para_rateio,52.0,6
2024-02-10,sábado,5,TREB. MINAS,IFCO,6416,explícito,1845.0,58
2024-02-10,sábado,5,TREB. MINAS,IFCO,6424,explícito,81.0,3
2024-02-12,segunda-feira,0,PH SUL (PF),HB,623,explícito,670.0,1
2024-02-12,segunda-feira,0,PH SUL (PF),IFCO,6416,explícito,18.0,3
2024-02-12,segunda-feira,0,PH SUL (PF),IFCO,6424,explícito,1563.0,7
2024-02-12,segunda-feira,0,PH UBAJARA,IFCO,6416,explícito,156.0,28
2024-02-12,segunda-feira,0,PH UBAJARA,IFCO,6424,explícito,65.0,10
2024-02-12,segunda-feira,0,TREB. MINAS,HB,618,rateio_por_capacidade,79.41855371840619,11
2024-02-12,segunda-feira,0,TREB. MINAS,HB,623,rateio_por_capacidade,118.58144628159381,17
2024-02-12,segunda-feira,0,TREB. MINAS,HB,NAO_INFORMADO,sem_base_para_rateio,19.0,2
2024-02-12,segunda-feira,0,TREB. MINAS,IFCO,6416,explícito,465.0,32
2024-02-12,segunda-feira,0,TREB. MINAS,IFCO,6424,explícito,68.0,9
2024-02-13,terça-feira,1,PH CASCAVEL,IFCO,6424,explícito,720.0,1
2024-02-13,terça-feira,1,PH SUL (PF),HB,623,explícito,1935.0,2
2024-02-13,terça-feira,1,PH SUL (PF),IFCO,6416,explícito,856.0,6
2024-02-13,terça-feira,1,PH SUL (PF),IFCO,6424,explícito,2241.0,6
2024-02-13,terça-feira,1,PH UBAJARA,IFCO,6416,explícito,548.0,43
2024-02-13,terça-feira,1,PH UBAJARA,IFCO,6424,explícito,53.0,4
2024-02-13,terça-feira,1,TREB. MINAS,HB,618,rateio_por_capacidade,100.42088806126523,3
2024-02-13,terça-feira,1,TREB. MINAS,HB,623,rateio_por_capacidade,13.579111938734762,4
2024-02-13,terça-feira,1,TREB. MINAS,HB,NAO_INFORMADO,sem_base_para_rateio,43.0,2
2024-02-13,terça-feira,1,TREB. MINAS,IFCO,6416,explícito,1093.555555555556,22
2024-02-13,terça-feira,1,TREB. MINAS,IFCO,6424,explícito,80.0,2
2024-02-14,quarta-feira,2,PH CORUMBA (PF),IFCO,6416,explícito,143.0,7
2024-02-14,quarta-feira,2,PH CORUMBA (PF),IFCO,6424,explícito,43.0,5
2024-02-14,quarta-feira,2,PH SUL (PF),HB,623,explícito,1340.0,4
2024-02-14,quarta-feira,2,PH SUL (PF),IFCO,6416,explícito,801.0,10
2024-02-14,quarta-feira,2,PH SUL (PF),IFCO,6424,explícito,640.0,1
2024-02-14,quarta-feira,2,PH SUL (PF),IFCO,NAO_INFORMADO,explícito,8.0,1
2024-02-14,quarta-feira,2,PH UBAJARA,IFCO,6416,explícito,444.0,32
2024-02-14,quarta-feira,2,PH UBAJARA,IFCO,6424,explícito,161.0,4
2024-02-14,quarta-feira,2,TREB. CEAGESP,HB,623,explícito,42.0,3
2024-02-14,quarta-feira,2,TREB. MINAS,HB,618,rateio_por_capacidade,1211.861811183088,13
2024-02-14,quarta-feira,2,TREB. MINAS,HB,623,rateio_por_capacidade,137.13818881691185,16
2024-02-14,quarta-feira,2,TREB. MINAS,HB,NAO_INFORMADO,sem_base_para_rateio,21.0,3
2024-02-14,quarta-feira,2,TREB. MINAS,IFCO,6416,explícito,855.0,47
2024-02-14,quarta-feira,2,TREB. MINAS,IFCO,6424,explícito,15.0,6
2024-02-15,quinta-feira,3,PH SUL (PF),HB,623,explícito,1260.0,1
2024-02-15,quinta-feira,3,PH SUL (PF),IFCO,6416,explícito,179.0,6
2024-02-15,quinta-feira,3,PH SUL (PF),IFCO,6424,explícito,2400.0,7
2024-02-15,quinta-feira,3,PH UBAJARA,IFCO,6416,explícito,743.0,21
2024-02-15,quinta-feira,3,PH UBAJARA,IFCO,6424,explícito,247.0,15
2024-02-15,quinta-feira,3,TREB. MINAS,HB,618,rateio_por_capacidade,1166.4598439252222,27
2024-02-15,quinta-feira,3,TREB. MINAS,HB,623,rateio_por_capacidade,322.54015607477777,32
2024-02-15,quinta-feira,3,TREB. MINAS,HB,NAO_INFORMADO,sem_base_para_rateio,57.0,4
2024-02-15,quinta-feira,3,TREB. MINAS,IFCO,6416,explícito,428.0,37
2024-02-15,quinta-feira,3,TREB. MINAS,IFCO,6424,explícito,3.0,2
2024-02-16,sexta-feira,4,PH SUL (PF),IFCO,6416,explícito,1004.0,8
2024-02-16,sexta-feira,4,PH SUL (PF),IFCO,6424,explícito,6341.0,9
2024-02-16,sexta-feira,4,PH UBAJARA,IFCO,6416,explícito,536.0,27
2024-02-16,sexta-feira,4,PH UBAJARA,IFCO,6424,explícito,81.0,8
2024-02-16,sexta-feira,4,TREB. CEAGESP,HB,623,explícito,92.0,3
2024-02-16,sexta-feira,4,TREB. MINAS,IFCO,6416,explícito,526.0,19
2024-02-17,sábado,5,PH SUL (PF),HB,623,explícito,1930.0,3
2024-02-17,sábado,5,PH SUL (PF),IFCO,6416,explícito,584.0,7
2024-02-17,sábado,5,PH SUL (PF),IFCO,6424,explícito,2199.0,7
2024-02-17,sábado,5,PH SUL (PF),IFCO,NAO_INFORMADO,explícito,1.0,1
2024-02-17,sábado,5,PH UBAJARA,IFCO,6416,explícito,471.0,54
2024-02-17,sábado,5,PH UBAJARA,IFCO,6424,explícito,237.0,20
2024-02-17,sábado,5,TREB. MINAS,HB,618,rateio_por_capacidade,83.2107090642149,5
2024-02-17,sábado,5,TREB. MINAS,HB,623,rateio_por_capacidade,6.7892909357851075,5
2024-02-17,sábado,5,TREB. MINAS,HB,NAO_INFORMADO,sem_base_para_rateio,30.0,3
2024-02-17,sábado,5,TREB. MINAS,IFCO,6416,explícito,1958.0,62
2024-02-17,sábado,5,TREB. MINAS,IFCO,6424,explícito,101.0,4
2024-02-19,segunda-feira,0,PH SUL (PF),HB,623,explícito,1340.0,3
2024-02-19,segunda-feira,0,PH SUL (PF),IFCO,6416,explícito,674.0,9
2024-02-19,segunda-feira,0,PH SUL (PF),IFCO,6424,explícito,640.0,1
2024-02-19,segunda-feira,0,PH SUL (PF),IFCO,NAO_INFORMADO,explícito,9.0,1
2024-02-19,segunda-feira,0,PH UBAJARA,IFCO,6416,explícito,468.0,36
2024-02-19,segunda-feira,0,PH UBAJARA,IFCO,6424,explícito,170.0,15
2024-02-19,segunda-feira,0,TREB. CEAGESP,HB,623,explícito,93.0,3
2024-02-19,segunda-feira,0,TREB. MINAS,HB,618,rateio_por_capacidade,88.98483605432607,14
2024-02-19,segunda-feira,0,TREB. MINAS,HB,623,rateio_por_capacidade,214.01516394567395,26
2024-02-19,segunda-feira,0,TREB. MINAS,HB,NAO_INFORMADO,sem_base_para_rateio,37.0,4
2024-02-19,segunda-feira,0,TREB. MINAS,IFCO,6416,explícito,611.0,30
2024-02-19,segunda-feira,0,TREB. MINAS,IFCO,6424,explícito,65.0,13
2024-02-19,segunda-feira,0,TREBESCHI DF,IFCO,6416,explícito,39.0,3
2024-02-20,terça-feira,1,PH CASCAVEL,IFCO,6424,explícito,640.0,2
2024-02-20,terça-feira,1,PH SUL (PF),HB,623,explícito,1180.0,3
2024-02-20,terça-feira,1,PH SUL (PF),IFCO,6416,explícito,961.0,8
2024-02-20,terça-feira,1,PH SUL (PF),IFCO,6424,explícito,3960.0,8
2024-02-20,terça-feira,1,PH SUL (PF),IFCO,NAO_INFORMADO,explícito,3.0,1
2024-02-20,terça-feira,1,PH UBAJARA,IFCO,6416,explícito,510.0,21
2024-02-20,terça-feira,1,TREB. CEAGESP,HB,623,explícito,147.0,1
2024-02-20,terça-feira,1,TREB. MINAS,HB,618,rateio_por_capacidade,371.50873237742417,5
2024-02-20,terça-feira,1,TREB. MINAS,HB,623,rateio_por_capacidade,36.49126762257581,5
2024-02-20,terça-feira,1,TREB. MINAS,HB,NAO_INFORMADO,sem_base_para_rateio,25.0,2
2024-02-20,terça-feira,1,TREB. MINAS,IFCO,6416,explícito,754.0,26
2024-02-20,terça-feira,1,TREB. MINAS,IFCO,6424,explícito,178.0,4
2024-02-21,quarta-feira,2,PH CORUMBA (PF),IFCO,6416,explícito,240.0,9
2024-02-21,quarta-feira,2,PH CORUMBA (PF),IFCO,6424,explícito,37.0,4
2024-02-21,quarta-feira,2,PH SUL (PF),HB,623,explícito,1260.0,1
2024-02-21,quarta-feira,2,PH SUL (PF),IFCO,6416,explícito,290.0,10
2024-02-21,quarta-feira,2,PH SUL (PF),IFCO,6424,explícito,1348.0,5
2024-02-21,quarta-feira,2,PH UBAJARA,IFCO,6416,explícito,934.2,85
2024-02-21,quarta-feira,2,PH UBAJARA,IFCO,6424,explícito,419.0,33
2024-02-21,quarta-feira,2,TREB. CEAGESP,HB,623,explícito,15.0,2
2024-02-21,quarta-feira,2,TREB. MINAS,IFCO,6416,explícito,681.0,43
2024-02-21,quarta-feira,2,TREB. MINAS,IFCO,6424,explícito,14.0,3
2024-02-22,quinta-feira,3,PH SUL (PF),HB,623,explícito,2380.0,2
2024-02-22,quinta-feira,3,PH SUL (PF),IFCO,6416,explícito,19.0,2
2024-02-22,quinta-feira,3,PH SUL (PF),IFCO,6424,explícito,3237.0,5
2024-02-22,quinta-feira,3,PH SUL (PF),IFCO,NAO_INFORMADO,explícito,3.0,1
2024-02-22,quinta-feira,3,PH UBAJARA,IFCO,6416,explícito,54.0,16
2024-02-22,quinta-feira,3,PH UBAJARA,IFCO,6424,explícito,12.0,2
2024-02-22,quinta-feira,3,TREB. CEAGESP,HB,623,explícito,31.0,2
2024-02-22,quinta-feira,3,TREB. MINAS,HB,618,rateio_por_capacidade,375.94112542696644,11
2024-02-22,quinta-feira,3,TREB. MINAS,HB,623,rateio_por_capacidade,125.05887457303356,16
2024-02-22,quinta-feira,3,TREB. MINAS,HB,NAO_INFORMADO,sem_base_para_rateio,62.0,3
2024-02-22,quinta-feira,3,TREB. MINAS,IFCO,6416,explícito,603.0,41
2024-02-22,quinta-feira,3,TREB. MINAS,IFCO,6424,explícito,30.0,4
2024-02-23,sexta-feira,4,PH CASCAVEL,IFCO,6424,explícito,1040.0,2
2024-02-23,sexta-feira,4,PH SUL (PF),HB,623,explícito,640.0,2
2024-02-23,sexta-feira,4,PH SUL (PF),IFCO,6416,explícito,940.0,10
2024-02-23,sexta-feira,4,PH SUL (PF),IFCO,6424,explícito,5241.0,6
2024-02-23,sexta-feira,4,PH SUL (PF),IFCO,NAO_INFORMADO,explícito,3.0,1
2024-02-23,sexta-feira,4,PH UBAJARA,IFCO,6416,explícito,451.0,5
2024-02-23,sexta-feira,4,PH UBAJARA,IFCO,6424,explícito,40.0,1
2024-02-23,sexta-feira,4,TREB. MINAS,IFCO,6416,explícito,475.0,20
2024-02-23,sexta-feira,4,TREBESCHI DF,IFCO,6416,explícito,10.0,2
2024-02-24,sábado,5,PH SUL (PF),HB,623,explícito,3885.0,7
2024-02-24,sábado,5,PH SUL (PF),IFCO,6416,explícito,467.0,9
2024-02-24,sábado,5,PH SUL (PF),IFCO,6424,explícito,2631.0,6
2024-02-24,sábado,5,PH SUL (PF),IFCO,NAO_INFORMADO,explícito,1.0,1
2024-02-24,sábado,5,PH UBAJARA,IFCO,6416,explícito,1406.0,103
2024-02-24,sábado,5,PH UBAJARA,IFCO,6424,explícito,354.0,30
2024-02-24,sábado,5,TREB. MINAS,HB,618,rateio_por_capacidade,282.38336282701374,4
2024-02-24,sábado,5,TREB. MINAS,HB,623,rateio_por_capacidade,17.616637172986255,4
2024-02-24,sábado,5,TREB. MINAS,HB,NAO_INFORMADO,sem_base_para_rateio,26.0,3
2024-02-24,sábado,5,TREB. MINAS,IFCO,6416,explícito,1189.0,44
2024-02-24,sábado,5,TREB. MINAS,IFCO,6424,explícito,346.0,6
2024-02-24,sábado,5,TREBESCHI DF,IFCO,6416,explícito,1.666666666666667,2
2024-02-26,segunda-feira,0,PH CASCAVEL,IFCO,6424,explícito,1228.0,3
2024-02-26,segunda-feira,0,PH SUL (PF),HB,623,explícito,670.0,1
2024-02-26,segunda-feira,0,PH SUL (PF),IFCO,6416,explícito,671.0,9
2024-02-26,segunda-feira,0,PH SUL (PF),IFCO,6424,explícito,1281.0,4
2024-02-26,segunda-feira,0,PH SUL (PF),IFCO,NAO_INFORMADO,explícito,9.0,1
2024-02-26,segunda-feira,0,PH UBAJARA,IFCO,6416,explícito,335.0,18
2024-02-26,segunda-feira,0,PH UBAJARA,IFCO,6424,explícito,305.0,18
2024-02-26,segunda-feira,0,TREB. MINAS,HB,618,rateio_por_capacidade,185.60848037350917,22
2024-02-26,segunda-feira,0,TREB. MINAS,HB,623,rateio_por_capacidade,476.39151962649083,38
2024-02-26,segunda-feira,0,TREB. MINAS,HB,NAO_INFORMADO,sem_base_para_rateio,42.0,5
2024-02-26,segunda-feira,0,TREB. MINAS,IFCO,6416,explícito,402.0,29
2024-02-26,segunda-feira,0,TREB. MINAS,IFCO,6424,explícito,36.0,6
2024-02-27,terça-feira,1,PH CASCAVEL,IFCO,6424,explícito,1120.0,4
2024-02-27,terça-feira,1,PH SUL (PF),HB,623,explícito,1250.0,1
2024-02-27,terça-feira,1,PH SUL (PF),IFCO,6416,explícito,885.0,12
2024-02-27,terça-feira,1,PH SUL (PF),IFCO,6424,explícito,1081.0,4
2024-02-27,terça-feira,1,PH SUL (PF),IFCO,NAO_INFORMADO,explícito,3.0,1
2024-02-27,terça-feira,1,PH UBAJARA,IFCO,6416,explícito,573.0,32
2024-02-27,terça-feira,1,PH UBAJARA,IFCO,6424,explícito,19.0,15
2024-02-27,terça-feira,1,TREB. MINAS,HB,618,rateio_por_capacidade,108.28118058567021,3
2024-02-27,terça-feira,1,TREB. MINAS,HB,623,rateio_por_capacidade,66.71881941432979,4
2024-02-27,terça-feira,1,TREB. MINAS,HB,NAO_INFORMADO,sem_base_para_rateio,38.0,2
2024-02-27,terça-feira,1,TREB. MINAS,IFCO,6416,explícito,642.0,22
2024-02-27,terça-feira,1,TREB. MINAS,IFCO,6424,explícito,237.0,5
2024-02-27,terça-feira,1,TREBESCHI DF,IFCO,6416,explícito,3.33333333333333,1
2024-02-28,quarta-feira,2,PH CORUMBA (PF),IFCO,6416,explícito,58.0,1
2024-02-28,quarta-feira,2,PH CORUMBA (PF),IFCO,6424,explícito,54.0,4
2024-02-28,quarta-feira,2,PH SUL (PF),HB,623,explícito,1930.0,4
2024-02-28,quarta-feira,2,PH SUL (PF),IFCO,6416,explícito,712.0,9
2024-02-28,quarta-feira,2,PH SUL (PF),IFCO,6424,explícito,921.0,8
2024-02-28,quarta-feira,2,PH SUL (PF),IFCO,NAO_INFORMADO,explícito,5.0,1
2024-02-28,quarta-feira,2,PH UBAJARA,IFCO,6416,explícito,659.0,81
2024-02-28,quarta-feira,2,PH UBAJARA,IFCO,6424,explícito,148.0,22
2024-02-28,quarta-feira,2,TREB. MINAS,HB,618,rateio_por_capacidade,80.36771465375695,11
2024-02-28,quarta-feira,2,TREB. MINAS,HB,623,rateio_por_capacidade,215.63228534624307,17
2024-02-28,quarta-feira,2,TREB. MINAS,HB,NAO_INFORMADO,sem_base_para_rateio,19.0,2
2024-02-28,quarta-feira,2,TREB. MINAS,IFCO,6416,explícito,779.0,42
2024-02-28,quarta-feira,2,TREB. MINAS,IFCO,6424,explícito,17.0,3
2024-02-29,quinta-feira,3,PH CASCAVEL,IFCO,6424,explícito,1120.0,4
2024-02-29,quinta-feira,3,PH CORUMBA (PF),IFCO,6416,explícito,170.0,5
2024-02-29,quinta-feira,3,PH SUL (PF),HB,623,explícito,1260.0,1
2024-02-29,quinta-feira,3,PH SUL (PF),IFCO,6416,explícito,140.0,8
2024-02-29,quinta-feira,3,PH SUL (PF),IFCO,6424,explícito,3639.0,7
2024-02-29,quinta-feira,3,PH SUL (PF),IFCO,NAO_INFORMADO,explícito,3.0,1
2024-02-29,quinta-feira,3,PH UBAJARA,IFCO,6416,explícito,111.0,15
2024-02-29,quinta-feira,3,PH UBAJARA,IFCO,6424,explícito,27.0,3
2024-02-29,quinta-feira,3,TREB. MINAS,HB,618,rateio_por_capacidade,312.2515290896588,24
2024-02-29,quinta-feira,3,TREB. MINAS,HB,623,rateio_por_capacidade,178.7484709103412,30
2024-02-29,quinta-feira,3,TREB. MINAS,HB,NAO_INFORMADO,sem_base_para_rateio,99.0,6
2024-02-29,quinta-feira,3,TREB. MINAS,IFCO,6416,explícito,418.0,26
2024-02-29,quinta-feira,3,TREB. MINAS,IFCO,6424,explícito,37.0,3
2024-03-01,sexta-feira,4,PH SUL (PF),HB,623,explícito,1930.0,2
2024-03-01,sexta-feira,4,PH SUL (PF),IFCO,6416,explícito,1052.0,12
2024-03-01,sexta-feira,4,PH SUL (PF),IFCO,6424,explícito,880.0,2
2024-03-01,sexta-feira,4,PH SUL (PF),IFCO,NAO_INFORMADO,explícito,2.0,1
2024-03-01,sexta-feira,4,PH UBAJARA,IFCO,6416,explícito,210.0,21
2024-03-01,sexta-feira,4,PH UBAJARA,IFCO,6424,explícito,61.0,3
2024-03-01,sexta-feira,4,TREB. CEAGESP,IFCO,6424,explícito,160.0,3
2024-03-01,sexta-feira,4,TREB. MINAS,IFCO,6416,explícito,412.0,23
2024-03-02,sábado,5,PH SUL (PF),HB,623,explícito,670.0,1
2024-03-02,sábado,5,PH SUL (PF),IFCO,6416,explícito,667.0,12
2024-03-02,sábado,5,PH SUL (PF),IFCO,6424,explícito,241.0,2
2024-03-02,sábado,5,PH SUL (PF),IFCO,NAO_INFORMADO,explícito,1.0,1
2024-03-02,sábado,5,PH UBAJARA,IFCO,6416,explícito,1792.0,101
2024-03-02,sábado,5,PH UBAJARA,IFCO,6424,explícito,516.0,30
2024-03-02,sábado,5,TREB. MINAS,HB,618,rateio_por_capacidade,7.3439042384064654,1
2024-03-02,sábado,5,TREB. MINAS,HB,623,rateio_por_capacidade,0.8379139434117143,1
2024-03-02,sábado,5,TREB. MINAS,HB,NAO_INFORMADO,sem_base_para_rateio,45.0,2
2024-03-02,sábado,5,TREB. MINAS,IFCO,6416,explícito,1158.0,69
2024-03-02,sábado,5,TREB. MINAS,IFCO,6424,explícito,144.0,12
2024-03-04,segunda-feira,0,PH CASCAVEL,IFCO,6424,explícito,1120.0,2
2024-03-04,segunda-feira,0,PH SUL (PF),HB,623,explícito,670.0,2
2024-03-04,segunda-feira,0,PH SUL (PF),IFCO,6416,explícito,756.0,10
2024-03-04,segunda-feira,0,PH SUL (PF),IFCO,6424,explícito,802.0,8
2024-03-04,segunda-feira,0,PH SUL (PF),IFCO,NAO_INFORMADO,explícito,2.0,1
2024-03-04,segunda-feira,0,PH UBAJARA,IFCO,6416,explícito,146.0,7
2024-03-04,segunda-feira,0,PH UBAJARA,IFCO,6424,explícito,134.0,6
2024-03-04,segunda-feira,0,TREB. MINAS,HB,618,rateio_por_capacidade,179.4825271070632,12
2024-03-04,segunda-feira,0,TREB. MINAS,HB,623,rateio_por_capacidade,99.51747289293682,16
2024-03-04,segunda-feira,0,TREB. MINAS,HB,NAO_INFORMADO,sem_base_para_rateio,9.0,2
2024-03-04,segunda-feira,0,TREB. MINAS,IFCO,6416,explícito,583.0,26
2024-03-04,segunda-feira,0,TREB. MINAS,IFCO,6424,explícito,169.0,10
2024-03-05,terça-feira,1,PH CASCAVEL,IFCO,6424,explícito,320.0,1
2024-03-05,terça-feira,1,PH SUL (PF),HB,623,explícito,1260.0,1
2024-03-05,terça-feira,1,PH SUL (PF),IFCO,6416,explícito,858.0,9
2024-03-05,terça-feira,1,PH SUL (PF),IFCO,6424,explícito,2.0,1
2024-03-05,terça-feira,1,PH SUL (PF),IFCO,NAO_INFORMADO,explícito,4.0,1
2024-03-05,terça-feira,1,PH UBAJARA,IFCO,6416,explícito,357.0,26
2024-03-05,terça-feira,1,PH UBAJARA,IFCO,6424,explícito,180.0,14
2024-03-05,terça-feira,1,TREB. MINAS,HB,618,rateio_por_capacidade,36.26258865519184,2
2024-03-05,terça-feira,1,TREB. MINAS,HB,623,rateio_por_capacidade,103.73741134480817,6
2024-03-05,terça-feira,1,TREB. MINAS,HB,NAO_INFORMADO,sem_base_para_rateio,45.0,2
2024-03-05,terça-feira,1,TREB. MINAS,IFCO,6416,explícito,651.0,19
2024-03-05,terça-feira,1,TREB. MINAS,IFCO,6424,explícito,143.0,4
2024-03-06,quarta-feira,2,PH CASCAVEL,IFCO,6424,explícito,640.0,1
2024-03-06,quarta-feira,2,PH CORUMBA (PF),IFCO,6416,explícito,21.0,4
2024-03-06,quarta-feira,2,PH CORUMBA (PF),IFCO,6424,explícito,1.0,1
2024-03-06,quarta-feira,2,PH SUL (PF),HB,623,explícito,670.0,2
2024-03-06,quarta-feira,2,PH SUL (PF),IFCO,6416,explícito,1050.0,11
2024-03-06,quarta-feira,2,PH SUL (PF),IFCO,6424,explícito,1120.0,6
2024-03-06,quarta-feira,2,PH UBAJARA,IFCO,6416,explícito,57.0,18
2024-03-06,quarta-feira,2,PH UBAJARA,IFCO,6424,explícito,70.0,6
2024-03-06,quarta-feira,2,TREB. MINAS,IFCO,6416,explícito,1098.0,56
2024-03-06,quarta-feira,2,TREB. MINAS,IFCO,6424,explícito,60.0,7
2024-03-06,quarta-feira,2,TREB. MINAS,IFCO,NAO_INFORMADO,explícito,7.0,1
2024-03-07,quinta-feira,3,PH CASCAVEL,IFCO,6424,explícito,558.0,1
2024-03-07,quinta-feira,3,PH SUL (PF),IFCO,6416,explícito,168.0,8
2024-03-07,quinta-feira,3,PH SUL (PF),IFCO,6424,explícito,1440.0,4
2024-03-07,quinta-feira,3,PH SUL (PF),IFCO,NAO_INFORMADO,explícito,2.0,1
2024-03-07,quinta-feira,3,PH UBAJARA,IFCO,6416,explícito,15.0,10
2024-03-07,quinta-feira,3,PH UBAJARA,IFCO,6424,explícito,2.0,1
2024-03-07,quinta-feira,3,TREB. MINAS,HB,618,rateio_por_capacidade,734.8027970580798,18
2024-03-07,quinta-feira,3,TREB. MINAS,HB,623,rateio_por_capacidade,191.19720294192018,22
2024-03-07,quinta-feira,3,TREB. MINAS,HB,NAO_INFORMADO,sem_base_para_rateio,75.0,5
2024-03-07,quinta-feira,3,TREB. MINAS,IFCO,6416,explícito,503.0,26
2024-03-07,quinta-feira,3,TREB. MINAS,IFCO,6424,explícito,53.0,3
2024-03-08,sexta-feira,4,PH SUL (PF),IFCO,6416,explícito,985.0,10
2024-03-08,sexta-feira,4,PH SUL (PF),IFCO,6424,explícito,880.0,2
2024-03-08,sexta-feira,4,PH SUL (PF),IFCO,NAO_INFORMADO,explícito,4.0,2
2024-03-08,sexta-feira,4,PH UBAJARA,IFCO,6416,explícito,562.266666666667,24
2024-03-08,sexta-feira,4,PH UBAJARA,IFCO,6424,explícito,44.0,3
2024-03-08,sexta-feira,4,TREB. MINAS,IFCO,6416,explícito,1177.111111111111,21
2024-03-09,sábado,5,PH SUL (PF),HB,623,explícito,670.0,2
2024-03-09,sábado,5,PH SUL (PF),IFCO,6416,explícito,620.0,13
2024-03-09,sábado,5,PH SUL (PF),IFCO,6424,explícito,1038.0,2
2024-03-09,sábado,5,PH SUL (PF),IFCO,NAO_INFORMADO,explícito,1.0,1
2024-03-09,sábado,5,PH UBAJARA,IFCO,6416,explícito,1099.0,84
2024-03-09,sábado,5,PH UBAJARA,IFCO,6424,explícito,497.0,22
2024-03-09,sábado,5,TREB. MINAS,HB,618,rateio_por_capacidade,97.68970732807742,4
2024-03-09,sábado,5,TREB. MINAS,HB,623,rateio_por_capacidade,102.3102926719226,7
2024-03-09,sábado,5,TREB. MINAS,HB,NAO_INFORMADO,sem_base_para_rateio,45.0,3
2024-03-09,sábado,5,TREB. MINAS,IFCO,6416,explícito,1260.0,73
2024-03-09,sábado,5,TREB. MINAS,IFCO,6424,explícito,239.0,12
2024-03-11,segunda-feira,0,PH SUL (PF),IFCO,6416,explícito,575.0,8
2024-03-11,segunda-feira,0,PH SUL (PF),IFCO,6424,explícito,3.0,1
2024-03-11,segunda-feira,0,PH SUL (PF),IFCO,NAO_INFORMADO,explícito,1.0,1
2024-03-11,segunda-feira,0,PH UBAJARA,IFCO,6416,explícito,234.0,27
2024-03-11,segunda-feira,0,PH UBAJARA,IFCO,6424,explícito,197.0,10
2024-03-11,segunda-feira,0,TREB. MINAS,IFCO,6416,explícito,340.0,12
2024-03-11,segunda-feira,0,TREBESCHI DF,IFCO,6424,explícito,2.0,1
2024-03-12,terça-feira,1,PH SUL (PF),HB,623,explícito,580.0,2
2024-03-12,terça-feira,1,PH SUL (PF),IFCO,6416,explícito,813.0,10
2024-03-12,terça-feira,1,PH SUL (PF),IFCO,6424,explícito,162.0,2
2024-03-12,terça-feira,1,PH UBAJARA,IFCO,6416,explícito,844.0,42
2024-03-12,terça-feira,1,PH UBAJARA,IFCO,6424,explícito,51.0,2
2024-03-12,terça-feira,1,TREB. MINAS,HB,618,rateio_por_capacidade,44.1753447677839,7
2024-03-12,terça-feira,1,TREB. MINAS,HB,623,rateio_por_capacidade,47.8246552322161,9
2024-03-12,terça-feira,1,TREB. MINAS,HB,NAO_INFORMADO,sem_base_para_rateio,75.0,4
2024-03-12,terça-feira,1,TREB. MINAS,IFCO,6416,explícito,416.0,23
2024-03-12,terça-feira,1,TREB. MINAS,IFCO,6424,explícito,170.0,9
2024-03-13,quarta-feira,2,PH CASCAVEL,IFCO,6424,explícito,634.0,1
2024-03-13,quarta-feira,2,PH CORUMBA (PF),IFCO,6416,explícito,211.0,7
2024-03-13,quarta-feira,2,PH CORUMBA (PF),IFCO,6424,explícito,1.0,1
2024-03-13,quarta-feira,2,PH SUL (PF),IFCO,6416,explícito,675.0,9
2024-03-13,quarta-feira,2,PH SUL (PF),IFCO,6424,explícito,680.0,4
2024-03-13,quarta-feira,2,PH SUL (PF),IFCO,NAO_INFORMADO,explícito,6.0,1
2024-03-13,quarta-feira,2,PH UBAJARA,IFCO,6416,explícito,567.0,68
2024-03-13,quarta-feira,2,PH UBAJARA,IFCO,6424,explícito,115.0,23
2024-03-13,quarta-feira,2,TREB. MINAS,HB,618,rateio_por_capacidade,69.96036901609969,9
2024-03-13,quarta-feira,2,TREB. MINAS,HB,623,rateio_por_capacidade,125.03963098390031,14
2024-03-13,quarta-feira,2,TREB. MINAS,HB,NAO_INFORMADO,sem_base_para_rateio,16.0,2
2024-03-13,quarta-feira,2,TREB. MINAS,IFCO,6416,explícito,846.0,56
2024-03-13,quarta-feira,2,TREB. MINAS,IFCO,6424,explícito,107.0,10
2024-03-14,quinta-feira,3,PH SUL (PF),HB,623,explícito,670.0,2
2024-03-14,quinta-feira,3,PH SUL (PF),IFCO,6416,explícito,173.0,9
2024-03-14,quinta-feira,3,PH SUL (PF),IFCO,6424,explícito,641.0,2
2024-03-14,quinta-feira,3,PH SUL (PF),IFCO,NAO_INFORMADO,explícito,7.0,1
2024-03-14,quinta-feira,3,PH UBAJARA,IFCO,6416,explícito,149.0,15
2024-03-14,quinta-feira,3,PH UBAJARA,IFCO,6424,explícito,109.0,3
2024-03-14,quinta-feira,3,TREB. MINAS,HB,618,rateio_por_capacidade,296.4168467828127,19
2024-03-14,quinta-feira,3,TREB. MINAS,HB,623,rateio_por_capacidade,96.5831532171873,21
2024-03-14,quinta-feira,3,TREB. MINAS,HB,NAO_INFORMADO,sem_base_para_rateio,59.0,5
2024-03-14,quinta-feira,3,TREB. MINAS,IFCO,6416,explícito,356.0,32
2024-03-14,quinta-feira,3,TREB. MINAS,IFCO,6424,explícito,43.0,4
2024-03-15,sexta-feira,4,PH CASCAVEL,IFCO,6424,explícito,614.0,1
2024-03-15,sexta-feira,4,PH SUL (PF),HB,623,explícito,614.0,2
2024-03-15,sexta-feira,4,PH SUL (PF),IFCO,6416,explícito,839.0,8
2024-03-15,sexta-feira,4,PH SUL (PF),IFCO,6424,explícito,1.0,1
2024-03-15,sexta-feira,4,PH SUL (PF),IFCO,NAO_INFORMADO,explícito,1.0,1
2024-03-15,sexta-feira,4,PH UBAJARA,IFCO,6416,explícito,284.0,20
2024-03-15,sexta-feira,4,PH UBAJARA,IFCO,6424,explícito,50.0,4
2024-03-15,sexta-feira,4,TREB. MINAS,IFCO,6416,explícito,355.0,19
2024-03-15,sexta-feira,4,TREBESCHI DF,IFCO,6416,explícito,1.66666666666667,1
2024-03-16,sábado,5,PH CASCAVEL,IFCO,6424,explícito,640.0,3
2024-03-16,sábado,5,PH SUL (PF),HB,623,explícito,602.0,2
2024-03-16,sábado,5,PH SUL (PF),IFCO,6416,explícito,524.0,14
2024-03-16,sábado,5,PH UBAJARA,IFCO,6416,explícito,388.0,47
2024-03-16,sábado,5,PH UBAJARA,IFCO,6424,explícito,294.0,31
2024-03-16,sábado,5,TREB. MINAS,HB,618,rateio_por_capacidade,349.1984465057701,3
2024-03-16,sábado,5,TREB. MINAS,HB,623,rateio_por_capacidade,30.801553494229907,3
2024-03-16,sábado,5,TREB. MINAS,HB,NAO_INFORMADO,sem_base_para_rateio,35.0,1
2024-03-16,sábado,5,TREB. MINAS,IFCO,6416,explícito,1007.0,52
2024-03-16,sábado,5,TREB. MINAS,IFCO,6424,explícito,218.0,6
2024-03-18,segunda-feira,0,PH SUL (PF),IFCO,6416,explícito,698.0,9
2024-03-18,segunda-feira,0,PH SUL (PF),IFCO,6424,explícito,161.0,4
2024-03-18,segunda-feira,0,PH SUL (PF),IFCO,NAO_INFORMADO,explícito,2.0,1
2024-03-18,segunda-feira,0,PH UBAJARA,IFCO,6416,explícito,402.0,15
2024-03-18,segunda-feira,0,PH UBAJARA,IFCO,6424,explícito,0.0,1
2024-03-18,segunda-feira,0,TREB. MINAS,IFCO,6416,explícito,370.6,27
2024-03-18,segunda-feira,0,TREB. MINAS,IFCO,6424,explícito,42.0,6
2024-03-18,segunda-feira,0,TREBESCHI DF,IFCO,6424,explícito,1.0,1
2024-03-19,terça-feira,1,PH CASCAVEL,IFCO,6424,explícito,560.0,1
2024-03-19,terça-feira,1,PH SUL (PF),IFCO,6416,explícito,799.0,12
2024-03-19,terça-feira,1,PH SUL (PF),IFCO,6424,explícito,240.0,1
2024-03-19,terça-feira,1,PH SUL (PF),IFCO,NAO_INFORMADO,explícito,3.0,1
2024-03-19,terça-feira,1,PH UBAJARA,IFCO,6416,explícito,438.0,34
2024-03-19,terça-feira,1,PH UBAJARA,IFCO,6424,explícito,71.0,9
2024-03-19,terça-feira,1,TREB. MINAS,HB,618,rateio_por_capacidade,114.45529758738577,2
2024-03-19,terça-feira,1,TREB. MINAS,HB,623,rateio_por_capacidade,5.544702412614218,2
2024-03-19,terça-feira,1,TREB. MINAS,HB,NAO_INFORMADO,sem_base_para_rateio,20.0,1
2024-03-19,terça-feira,1,TREB. MINAS,IFCO,6416,explícito,471.0,18
2024-03-19,terça-feira,1,TREB. MINAS,IFCO,6424,explícito,266.0,5
2024-03-19,terça-feira,1,TREBESCHI DF,IFCO,6416,explícito,1.333333333333334,2
2024-03-20,quarta-feira,2,PH CASCAVEL,IFCO,6424,explícito,1158.0,2
2024-03-20,quarta-feira,2,PH CORUMBA (PF),IFCO,6416,explícito,258.0,7
2024-03-20,quarta-feira,2,PH CORUMBA (PF),IFCO,6424,explícito,37.0,4
2024-03-20,quarta-feira,2,PH SUL (PF),HB,623,explícito,670.0,1
2024-03-20,quarta-feira,2,PH SUL (PF),IFCO,6416,explícito,597.0,9
2024-03-20,quarta-feira,2,PH SUL (PF),IFCO,6424,explícito,1882.0,6
2024-03-20,quarta-feira,2,PH SUL (PF),IFCO,NAO_INFORMADO,explícito,2.0,1
2024-03-20,quarta-feira,2,PH UBAJARA,IFCO,6416,explícito,270.0,23
2024-03-20,quarta-feira,2,PH UBAJARA,IFCO,6424,explícito,46.0,3
2024-03-20,quarta-feira,2,TREB. MINAS,HB,618,rateio_por_capacidade,89.00690855869625,11
2024-03-20,quarta-feira,2,TREB. MINAS,HB,623,rateio_por_capacidade,194.99309144130376,16
2024-03-20,quarta-feira,2,TREB. MINAS,HB,NAO_INFORMADO,sem_base_para_rateio,19.0,2
2024-03-20,quarta-feira,2,TREB. MINAS,IFCO,6416,explícito,838.0,56
2024-03-20,quarta-feira,2,TREB. MINAS,IFCO,6424,explícito,45.0,7
2024-03-20,quarta-feira,2,TREBESCHI DF,IFCO,6416,explícito,1.0,1
2024-03-21,quinta-feira,3,PH SUL (PF),HB,623,explícito,670.0,1
2024-03-21,quinta-feira,3,PH SUL (PF),IFCO,6416,explícito,123.0,7
2024-03-21,quinta-feira,3,PH SUL (PF),IFCO,6424,explícito,2.0,1
2024-03-21,quinta-feira,3,PH SUL (PF),IFCO,NAO_INFORMADO,explícito,4.0,1
2024-03-21,quinta-feira,3,PH UBAJARA,IFCO,6416,explícito,72.0,16
2024-03-21,quinta-feira,3,PH UBAJARA,IFCO,6424,explícito,7.0,4
2024-03-21,quinta-feira,3,TREB. MINAS,HB,618,rateio_por_capacidade,101.90406189937394,4
2024-03-21,quinta-feira,3,TREB. MINAS,HB,623,rateio_por_capacidade,13.095938100626055,5
2024-03-21,quinta-feira,3,TREB. MINAS,HB,NAO_INFORMADO,sem_base_para_rateio,35.0,3
2024-03-21,quinta-feira,3,TREB. MINAS,IFCO,6416,explícito,542.0,28
2024-03-21,quinta-feira,3,TREB. MINAS,IFCO,6424,explícito,110.0,3
2024-03-22,sexta-feira,4,PH CASCAVEL,IFCO,6424,explícito,1520.0,3
2024-03-22,sexta-feira,4,PH SUL (PF),IFCO,6416,explícito,1038.0,10
2024-03-22,sexta-feira,4,PH SUL (PF),IFCO,6424,explícito,1281.0,3
2024-03-22,sexta-feira,4,PH SUL (PF),IFCO,NAO_INFORMADO,explícito,7.0,2
2024-03-22,sexta-feira,4,PH UBAJARA,IFCO,6416,explícito,442.0,16
2024-03-22,sexta-feira,4,PH UBAJARA,IFCO,6424,explícito,143.0,5
2024-03-22,sexta-feira,4,TREB. MINAS,HB,618,rateio_por_capacidade,473.62256367878143,12
2024-03-22,sexta-feira,4,TREB. MINAS,HB,623,rateio_por_capacidade,123.37743632121854,16
2024-03-22,sexta-feira,4,TREB. MINAS,HB,NAO_INFORMADO,sem_base_para_rateio,36.0,2
2024-03-22,sexta-feira,4,TREB. MINAS,IFCO,6416,explícito,273.0,18
2024-03-23,sábado,5,PH CASCAVEL,IFCO,6424,explícito,640.0,6
2024-03-23,sábado,5,PH SUL (PF),HB,623,explícito,670.0,1
2024-03-23,sábado,5,PH SUL (PF),IFCO,6416,explícito,615.0,12
2024-03-23,sábado,5,PH SUL (PF),IFCO,6424,explícito,2496.0,5
2024-03-23,sábado,5,PH SUL (PF),IFCO,NAO_INFORMADO,explícito,2.0,1
2024-03-23,sábado,5,PH UBAJARA,IFCO,6416,explícito,939.0,64
2024-03-23,sábado,5,PH UBAJARA,IFCO,6424,explícito,379.0,32
2024-03-23,sábado,5,TREB. MINAS,HB,618,rateio_por_capacidade,600.8774395725337,4
2024-03-23,sábado,5,TREB. MINAS,HB,623,rateio_por_capacidade,54.12256042746627,4
2024-03-23,sábado,5,TREB. MINAS,HB,NAO_INFORMADO,sem_base_para_rateio,23.0,2
2024-03-23,sábado,5,TREB. MINAS,IFCO,6416,explícito,1511.5,63
2024-03-23,sábado,5,TREB. MINAS,IFCO,6424,explícito,231.0,6
2024-03-25,segunda-feira,0,PH SUL (PF),HB,623,explícito,645.0,2
2024-03-25,segunda-feira,0,PH SUL (PF),IFCO,6416,explícito,663.0,5
2024-03-25,segunda-feira,0,PH UBAJARA,IFCO,6416,explícito,440.0,56
2024-03-25,segunda-feira,0,PH UBAJARA,IFCO,6424,explícito,21.0,7
2024-03-25,segunda-feira,0,TREB. MINAS,IFCO,6416,explícito,742.0,38
2024-03-25,segunda-feira,0,TREB. MINAS,IFCO,6424,explícito,70.0,10
2024-03-25,segunda-feira,0,TREB. MINAS,IFCO,NAO_INFORMADO,explícito,7.0,1
2024-03-25,segunda-feira,0,TREBESCHI DF,IFCO,6416,explícito,2.76666666666667,1
2024-03-25,segunda-feira,0,TREBESCHI DF,IFCO,6424,explícito,3.0,1
2024-03-26,terça-feira,1,PH CORUMBA (PF),IFCO,6416,explícito,103.0,7
2024-03-26,terça-feira,1,PH CORUMBA (PF),IFCO,6424,explícito,1.0,1
2024-03-26,terça-feira,1,PH SUL (PF),IFCO,6416,explícito,878.0,9
2024-03-26,terça-feira,1,PH SUL (PF),IFCO,NAO_INFORMADO,explícito,3.0,1
2024-03-26,terça-feira,1,PH UBAJARA,IFCO,6416,explícito,948.0,39
2024-03-26,terça-feira,1,PH UBAJARA,IFCO,6424,explícito,104.0,6
2024-03-26,terça-feira,1,TREB. MINAS,HB,618,rateio_por_capacidade,180.72446883490593,12
2024-03-26,terça-feira,1,TREB. MINAS,HB,623,rateio_por_capacidade,19.27553116509407,12
2024-03-26,terça-feira,1,TREB. MINAS,HB,NAO_INFORMADO,sem_base_para_rateio,40.0,3
2024-03-26,terça-feira,1,TREB. MINAS,IFCO,6416,explícito,1440.0,55
2024-03-26,terça-feira,1,TREB. MINAS,IFCO,6424,explícito,761.0,12
2024-03-26,terça-feira,1,TREB. MINAS,IFCO,NAO_INFORMADO,explícito,3.0,1
2024-03-27,quarta-feira,2,PH CORUMBA (PF),IFCO,6416,explícito,115.0,5
2024-03-27,quarta-feira,2,PH SUL (PF),HB,623,explícito,670.0,2
2024-03-27,quarta-feira,2,PH SUL (PF),IFCO,6416,explícito,73.0,4
2024-03-27,quarta-feira,2,PH SUL (PF),IFCO,6424,explícito,160.0,1
2024-03-27,quarta-feira,2,PH SUL (PF),IFCO,NAO_INFORMADO,explícito,3.0,1
2024-03-27,quarta-feira,2,PH UBAJARA,IFCO,6416,explícito,163.0,31
2024-03-27,quarta-feira,2,PH UBAJARA,IFCO,6424,explícito,52.0,8
2024-03-27,quarta-feira,2,TREB. MINAS,HB,623,rateio_por_capacidade,69.0,4
2024-03-27,quarta-feira,2,TREB. MINAS,HB,NAO_INFORMADO,sem_base_para_rateio,8.0,1
2024-03-27,quarta-feira,2,TREB. MINAS,IFCO,6416,explícito,809.0,57
2024-03-27,quarta-feira,2,TREB. MINAS,IFCO,6424,explícito,11.0,6
2024-03-27,quarta-feira,2,TREB. MINAS,IFCO,NAO_INFORMADO,explícito,9.0,1
2024-03-27,quarta-feira,2,TREBESCHI DF,IFCO,6416,explícito,0.333333333333333,1
2024-03-27,quarta-feira,2,TREBESCHI DF,IFCO,NAO_INFORMADO,explícito,1.0,1
2024-03-28,quinta-feira,3,PH CASCAVEL,IFCO,6424,explícito,616.0,1
2024-03-28,quinta-feira,3,PH SUL (PF),IFCO,6416,explícito,73.0,4
2024-03-28,quinta-feira,3,PH SUL (PF),IFCO,NAO_INFORMADO,explícito,3.0,1
2024-03-28,quinta-feira,3,PH UBAJARA,IFCO,6416,explícito,29.0,4
2024-03-28,quinta-feira,3,PH UBAJARA,IFCO,6424,explícito,3.0,1
2024-03-28,quinta-feira,3,TREB. MINAS,HB,618,rateio_por_capacidade,609.3396770291984,27
2024-03-28,quinta-feira,3,TREB. MINAS,HB,623,rateio_por_capacidade,338.6603229708016,35
2024-03-28,quinta-feira,3,TREB. MINAS,HB,NAO_INFORMADO,sem_base_para_rateio,116.0,7
2024-03-28,quinta-feira,3,TREB. MINAS,IFCO,6416,explícito,428.0,28
2024-03-28,quinta-feira,3,TREB. MINAS,IFCO,6424,explícito,689.0,6
2024-03-30,sábado,5,PH UBAJARA,IFCO,6416,explícito,869.0,85
2024-03-30,sábado,5,PH UBAJARA,IFCO,6424,explícito,629.0,43
2024-03-30,sábado,5,TREB. MINAS,HB,618,rateio_por_capacidade,473.20181317461913,17
2024-03-30,sábado,5,TREB. MINAS,HB,623,explícito,400.0,1
2024-03-30,sábado,5,TREB. MINAS,HB,623,rateio_por_capacidade,46.79818682538089,16
2024-03-30,sábado,5,TREB. MINAS,HB,NAO_INFORMADO,sem_base_para_rateio,23.0,2
2024-03-30,sábado,5,TREB. MINAS,IFCO,6416,explícito,934.0,38
2024-03-30,sábado,5,TREB. MINAS,IFCO,6424,explícito,82.0,4
2024-03-30,sábado,5,TREB. MINAS,IFCO,NAO_INFORMADO,explícito,4.0,1
2024-04-01,segunda-feira,0,PH SUL (PF),IFCO,6424,explícito,48.0,1
2024-04-01,segunda-feira,0,TREB. MINAS,IFCO,6416,explícito,985.0,23
2024-04-01,segunda-feira,0,TREB. MINAS,IFCO,6424,explícito,24.09090909090909,5
2024-04-01,segunda-feira,0,TREB. MINAS,IFCO,NAO_INFORMADO,explícito,12.0,1
2024-04-02,terça-feira,1,PH UBAJARA,IFCO,6416,explícito,1103.0,33
2024-04-02,terça-feira,1,PH UBAJARA,IFCO,6424,explícito,93.0,13
2024-04-02,terça-feira,1,TREB. MINAS,HB,618,rateio_por_capacidade,97.48728352161785,8
2024-04-02,terça-feira,1,TREB. MINAS,HB,623,rateio_por_capacidade,93.51271647838215,13
2024-04-02,terça-feira,1,TREB. MINAS,HB,NAO_INFORMADO,sem_base_para_rateio,30.0,2
2024-04-02,terça-feira,1,TREB. MINAS,IFCO,6416,explícito,1095.0,32
2024-04-02,terça-feira,1,TREB. MINAS,IFCO,6424,explícito,461.0,7
2024-04-02,terça-feira,1,TREB. MINAS,IFCO,NAO_INFORMADO,explícito,5.0,1
2024-04-02,terça-feira,1,TREBESCHI DF,IFCO,NAO_INFORMADO,explícito,1.5,1
2024-04-03,quarta-feira,2,PH CORUMBA (PF),IFCO,6416,explícito,145.0,5
2024-04-03,quarta-feira,2,PH CORUMBA (PF),IFCO,6424,explícito,1.0,1
2024-04-03,quarta-feira,2,PH UBAJARA,IFCO,6416,explícito,302.0,27
2024-04-03,quarta-feira,2,PH UBAJARA,IFCO,6424,explícito,72.0,6
2024-04-03,quarta-feira,2,TREB. MINAS,IFCO,6416,explícito,1891.0,71
2024-04-03,quarta-feira,2,TREB. MINAS,IFCO,6424,explícito,941.0,15
2024-04-03,quarta-feira,2,TREB. MINAS,IFCO,NAO_INFORMADO,explícito,13.0,1
2024-04-04,quinta-feira,3,PH UBAJARA,IFCO,6416,explícito,3.0,1
2024-04-04,quinta-feira,3,TREB. MINAS,HB,618,rateio_por_capacidade,372.1404668034408,20
2024-04-04,quinta-feira,3,TREB. MINAS,HB,623,explícito,1191.0,3
2024-04-04,quinta-feira,3,TREB. MINAS,HB,623,rateio_por_capacidade,356.1452474822735,34
2024-04-04,quinta-feira,3,TREB. MINAS,HB,NAO_INFORMADO,sem_base_para_rateio,38.0,4
2024-04-04,quinta-feira,3,TREB. MINAS,IFCO,6416,explícito,576.0,33
2024-04-04,quinta-feira,3,TREB. MINAS,IFCO,6424,explícito,101.0,8
2024-04-04,quinta-feira,3,TREB. MINAS,IFCO,NAO_INFORMADO,explícito,9.0,1
2024-04-05,sexta-feira,4,PH UBAJARA,IFCO,6416,explícito,252.0,17
2024-04-05,sexta-feira,4,PH UBAJARA,IFCO,6424,explícito,108.0,4
2024-04-05,sexta-feira,4,TREB. MINAS,HB,618,rateio_por_capacidade,79.63434759453172,11
2024-04-05,sexta-feira,4,TREB. MINAS,HB,623,rateio_por_capacidade,120.36565240546828,16
2024-04-05,sexta-feira,4,TREB. MINAS,HB,NAO_INFORMADO,sem_base_para_rateio,18.0,2
2024-04-05,sexta-feira,4,TREB. MINAS,IFCO,6416,explícito,1772.0,32
2024-04-05,sexta-feira,4,TREB. MINAS,IFCO,6424,explícito,421.0,3
2024-04-05,sexta-feira,4,TREB. MINAS,IFCO,NAO_INFORMADO,explícito,12.0,2
2024-04-05,sexta-feira,4,TREBESCHI DF,IFCO,NAO_INFORMADO,explícito,2.0,1
2024-04-06,sábado,5,PH SUL (PF),IFCO,6424,explícito,466.0,2
2024-04-06,sábado,5,PH UBAJARA,IFCO,6416,explícito,431.0,46
2024-04-06,sábado,5,PH UBAJARA,IFCO,6424,explícito,222.0,11
2024-04-06,sábado,5,TREB. MINAS,HB,618,rateio_por_capacidade,164.6558990797803,15
2024-04-06,sábado,5,TREB. MINAS,HB,623,explícito,670.0,1
2024-04-06,sábado,5,TREB. MINAS,HB,623,rateio_por_capacidade,125.34410092021969,20
2024-04-06,sábado,5,TREB. MINAS,HB,NAO_INFORMADO,sem_base_para_rateio,40.0,5
2024-04-06,sábado,5,TREB. MINAS,IFCO,6416,explícito,1936.0,70
2024-04-06,sábado,5,TREB. MINAS,IFCO,6424,explícito,342.0,7
2024-04-06,sábado,5,TREB. MINAS,IFCO,NAO_INFORMADO,explícito,3.0,1
2024-04-08,segunda-feira,0,PH UBAJARA,IFCO,6416,explícito,316.0,14
2024-04-08,segunda-feira,0,PH UBAJARA,IFCO,6424,explícito,1.0,1
2024-04-08,segunda-feira,0,TREB. MINAS,IFCO,6416,explícito,911.0,33
2024-04-08,segunda-feira,0,TREB. MINAS,IFCO,6424,explícito,33.0,7
2024-04-08,segunda-feira,0,TREB. MINAS,IFCO,NAO_INFORMADO,explícito,10.0,1
2024-04-09,terça-feira,1,PH SUL (PF),HB,623,explícito,690.0,1
2024-04-09,terça-feira,1,PH UBAJARA,IFCO,6416,explícito,300.0,23
2024-04-09,terça-feira,1,PH UBAJARA,IFCO,6424,explícito,97.0,7
2024-04-09,terça-feira,1,TREB. MINAS,HB,618,rateio_por_capacidade,139.87629935034465,5
2024-04-09,terça-feira,1,TREB. MINAS,HB,623,rateio_por_capacidade,10.12370064965535,5
2024-04-09,terça-feira,1,TREB. MINAS,HB,NAO_INFORMADO,sem_base_para_rateio,47.0,3
2024-04-09,terça-feira,1,TREB. MINAS,IFCO,6416,explícito,1554.2254545454546,43
2024-04-09,terça-feira,1,TREB. MINAS,IFCO,6424,explícito,1250.05,7
2024-04-09,terça-feira,1,TREB. MINAS,IFCO,NAO_INFORMADO,explícito,5.2,2
2024-04-10,quarta-feira,2,PH CASCAVEL,IFCO,6424,explícito,1760.0,5
2024-04-10,quarta-feira,2,PH CORUMBA (PF),IFCO,6416,explícito,118.0,7
2024-04-10,quarta-feira,2,PH CORUMBA (PF),IFCO,6424,explícito,1.0,1
2024-04-10,quarta-feira,2,PH UBAJARA,IFCO,6416,explícito,220.0,14
2024-04-10,quarta-feira,2,PH UBAJARA,IFCO,6424,explícito,49.0,2
2024-04-10,quarta-feira,2,TREB. MINAS,HB,618,rateio_por_capacidade,73.4360584134174,11
2024-04-10,quarta-feira,2,TREB. MINAS,HB,623,explícito,670.0,1
2024-04-10,quarta-feira,2,TREB. MINAS,HB,623,rateio_por_capacidade,125.5639415865826,16
2024-04-10,quarta-feira,2,TREB. MINAS,HB,NAO_INFORMADO,sem_base_para_rateio,14.0,2
2024-04-10,quarta-feira,2,TREB. MINAS,IFCO,6416,explícito,1496.0,65
2024-04-10,quarta-feira,2,TREB. MINAS,IFCO,6424,explícito,953.0,7
2024-04-10,quarta-feira,2,TREB. MINAS,IFCO,NAO_INFORMADO,explícito,10.0,1
2024-04-11,quinta-feira,3,PH CASCAVEL,IFCO,6424,explícito,800.0,1
2024-04-11,quinta-feira,3,PH UBAJARA,IFCO,6416,explícito,155.0,32
2024-04-11,quinta-feira,3,PH UBAJARA,IFCO,6424,explícito,41.0,7
2024-04-11,quinta-feira,3,TREB. MINAS,HB,618,rateio_por_capacidade,406.62449988696727,23
2024-04-11,quinta-feira,3,TREB. MINAS,HB,623,explícito,633.0,4
2024-04-11,quinta-feira,3,TREB. MINAS,HB,623,rateio_por_capacidade,128.70883344636604,29
2024-04-11,quinta-feira,3,TREB. MINAS,HB,NAO_INFORMADO,sem_base_para_rateio,80.0,5
2024-04-11,quinta-feira,3,TREB. MINAS,IFCO,6416,explícito,600.0,32
2024-04-11,quinta-feira,3,TREB. MINAS,IFCO,6424,explícito,1174.0,5
2024-04-12,sexta-feira,4,PH CASCAVEL,IFCO,6424,explícito,1280.0,4
2024-04-12,sexta-feira,4,PH UBAJARA,IFCO,6416,explícito,322.0,16
2024-04-12,sexta-feira,4,TREB. MINAS,HB,623,explícito,600.0,2
2024-04-12,sexta-feira,4,TREB. MINAS,IFCO,6416,explícito,1192.0,30
2024-04-12,sexta-feira,4,TREB. MINAS,IFCO,6424,explícito,443.0,3
2024-04-13,sábado,5,PH CORUMBA (PF),HB,623,explícito,450.0,1
2024-04-13,sábado,5,PH CORUMBA (PF),IFCO,6424,explícito,70.0,4
2024-04-13,sábado,5,PH UBAJARA,IFCO,6416,explícito,994.0,102
2024-04-13,sábado,5,PH UBAJARA,IFCO,6424,explícito,233.0,32
2024-04-13,sábado,5,TREB. MINAS,HB,618,rateio_por_capacidade,155.48596136395597,14
2024-04-13,sábado,5,TREB. MINAS,HB,623,rateio_por_capacidade,164.51403863604403,18
2024-04-13,sábado,5,TREB. MINAS,HB,NAO_INFORMADO,sem_base_para_rateio,64.0,5
2024-04-13,sábado,5,TREB. MINAS,IFCO,6416,explícito,1854.0,82
2024-04-13,sábado,5,TREB. MINAS,IFCO,6424,explícito,381.0,12
2024-04-13,sábado,5,TREB. MINAS,IFCO,NAO_INFORMADO,explícito,2.0,1
2024-04-15,segunda-feira,0,PH CASCAVEL,IFCO,6424,explícito,1820.0,3
2024-04-15,segunda-feira,0,PH UBAJARA,IFCO,6416,explícito,785.0,13
2024-04-15,segunda-feira,0,PH UBAJARA,IFCO,6424,explícito,147.0,10
2024-04-15,segunda-feira,0,TREB. MINAS,IFCO,6416,explícito,1133.0,38
2024-04-15,segunda-feira,0,TREB. MINAS,IFCO,6424,explícito,707.0,9
2024-04-15,segunda-feira,0,TREB. MINAS,IFCO,NAO_INFORMADO,explícito,4.0,1
2024-04-16,terça-feira,1,PH UBAJARA,HB,623,rateio_por_capacidade,5.0,1
2024-04-16,terça-feira,1,PH UBAJARA,IFCO,6416,explícito,366.0,29
2024-04-16,terça-feira,1,PH UBAJARA,IFCO,6424,explícito,124.0,13
2024-04-16,terça-feira,1,TREB. MINAS,HB,618,rateio_por_capacidade,72.38510990096488,9
2024-04-16,terça-feira,1,TREB. MINAS,HB,623,rateio_por_capacidade,91.79670828085331,14
2024-04-16,terça-feira,1,TREB. MINAS,HB,NAO_INFORMADO,sem_base_para_rateio,4.0,1
2024-04-16,terça-feira,1,TREB. MINAS,IFCO,6416,explícito,1273.0,39
2024-04-16,terça-feira,1,TREB. MINAS,IFCO,6424,explícito,148.0,5
2024-04-16,terça-feira,1,TREB. MINAS,IFCO,NAO_INFORMADO,explícito,4.0,1
2024-04-17,quarta-feira,2,PH CASCAVEL,IFCO,6424,explícito,1120.0,1
2024-04-17,quarta-feira,2,PH CORUMBA (PF),IFCO,6416,explícito,203.0,9
2024-04-17,quarta-feira,2,PH CORUMBA (PF),IFCO,6424,explícito,245.0,7
2024-04-17,quarta-feira,2,PH UBAJARA,IFCO,6424,explícito,43.0,2
2024-04-17,quarta-feira,2,TREB. MINAS,HB,618,rateio_por_capacidade,20.860019528647104,3
2024-04-17,quarta-feira,2,TREB. MINAS,HB,623,rateio_por_capacidade,160.13998047135289,8
2024-04-17,quarta-feira,2,TREB. MINAS,HB,NAO_INFORMADO,sem_base_para_rateio,9.0,2
2024-04-17,quarta-feira,2,TREB. MINAS,IFCO,6416,explícito,1376.0,66
2024-04-17,quarta-feira,2,TREB. MINAS,IFCO,6424,explícito,478.0,9
2024-04-17,quarta-feira,2,TREB. MINAS,IFCO,NAO_INFORMADO,explícito,7.0,1
2024-04-18,quinta-feira,3,PH CASCAVEL,IFCO,6424,explícito,1120.0,1
2024-04-18,quinta-feira,3,PH UBAJARA,IFCO,6416,explícito,60.0,19
2024-04-18,quinta-feira,3,PH UBAJARA,IFCO,6424,explícito,8.0,3
2024-04-18,quinta-feira,3,TREB. MINAS,HB,618,rateio_por_capacidade,363.19685298067503,28
2024-04-18,quinta-feira,3,TREB. MINAS,HB,623,rateio_por_capacidade,166.80314701932497,36
2024-04-18,quinta-feira,3,TREB. MINAS,HB,NAO_INFORMADO,sem_base_para_rateio,14.0,3
2024-04-18,quinta-feira,3,TREB. MINAS,IFCO,6416,explícito,395.0,32
2024-04-18,quinta-feira,3,TREB. MINAS,IFCO,6424,explícito,52.0,4
2024-04-18,quinta-feira,3,TREB. MINAS,IFCO,NAO_INFORMADO,explícito,6.0,1
2024-04-19,sexta-feira,4,PH CASCAVEL,IFCO,6424,explícito,640.0,4
2024-04-19,sexta-feira,4,PH UBAJARA,IFCO,6416,explícito,475.0,41
2024-04-19,sexta-feira,4,PH UBAJARA,IFCO,6424,explícito,117.0,14
2024-04-19,sexta-feira,4,TREB. MINAS,IFCO,6416,explícito,1508.0,66
2024-04-19,sexta-feira,4,TREB. MINAS,IFCO,6424,explícito,156.0,23
2024-04-19,sexta-feira,4,TREB. MINAS,IFCO,NAO_INFORMADO,explícito,7.0,1
2024-04-20,sábado,5,PH CORUMBA (PF),IFCO,6424,explícito,820.0,3
2024-04-20,sábado,5,PH UBAJARA,IFCO,6416,explícito,252.0,44
2024-04-20,sábado,5,PH UBAJARA,IFCO,6424,explícito,80.0,14
2024-04-20,sábado,5,TREB. MINAS,HB,618,rateio_por_capacidade,46.745118724442364,3
2024-04-20,sábado,5,TREB. MINAS,HB,623,explícito,1260.0,1
2024-04-20,sábado,5,TREB. MINAS,HB,623,rateio_por_capacidade,3.2548812755576355,3
2024-04-20,sábado,5,TREB. MINAS,HB,NAO_INFORMADO,sem_base_para_rateio,2.0,1
2024-04-20,sábado,5,TREB. MINAS,IFCO,6416,explícito,1379.0,48
2024-04-20,sábado,5,TREB. MINAS,IFCO,6424,explícito,396.0,6
2024-04-20,sábado,5,TREB. MINAS,IFCO,NAO_INFORMADO,explícito,1.0,1
2024-04-22,segunda-feira,0,PH CASCAVEL,IFCO,6424,explícito,1120.0,2
2024-04-22,segunda-feira,0,PH UBAJARA,IFCO,6416,explícito,368.0,14
2024-04-22,segunda-feira,0,TREB. MINAS,HB,623,explícito,1230.0,1
2024-04-22,segunda-feira,0,TREB. MINAS,IFCO,6416,explícito,890.0,29
2024-04-22,segunda-feira,0,TREB. MINAS,IFCO,6424,explícito,39.0,7
2024-04-22,segunda-feira,0,TREB. MINAS,IFCO,NAO_INFORMADO,explícito,13.0,1
2024-04-23,terça-feira,1,PH CASCAVEL,IFCO,6424,explícito,1280.0,2
2024-04-23,terça-feira,1,PH CORUMBA (PF),HB,623,explícito,670.0,2
2024-04-23,terça-feira,1,PH CORUMBA (PF),IFCO,6424,explícito,640.0,1
2024-04-23,terça-feira,1,PH UBAJARA,IFCO,6416,explícito,481.0,10
2024-04-23,terça-feira,1,PH UBAJARA,IFCO,6424,explícito,10.0,4
2024-04-23,terça-feira,1,TREB. MINAS,HB,618,rateio_por_capacidade,59.7165917020772,10
2024-04-23,terça-feira,1,TREB. MINAS,HB,623,rateio_por_capacidade,74.2834082979228,14
2024-04-23,terça-feira,1,TREB. MINAS,HB,NAO_INFORMADO,sem_base_para_rateio,37.0,4
2024-04-23,terça-feira,1,TREB. MINAS,IFCO,6416,explícito,1596.7333333333331,37
2024-04-23,terça-feira,1,TREB. MINAS,IFCO,6424,explícito,135.0,6
2024-04-23,terça-feira,1,TREB. MINAS,IFCO,NAO_INFORMADO,explícito,5.0,1
2024-04-24,quarta-feira,2,PH CORUMBA (PF),IFCO,6416,explícito,162.0,7
2024-04-24,quarta-feira,2,PH CORUMBA (PF),IFCO,6424,explícito,766.0,3
2024-04-24,quarta-feira,2,PH UBAJARA,IFCO,6416,explícito,384.0,15
2024-04-24,quarta-feira,2,PH UBAJARA,IFCO,6424,explícito,484.4651162790698,13
2024-04-24,quarta-feira,2,TREB. MINAS,IFCO,6416,explícito,1289.0,53
2024-04-24,quarta-feira,2,TREB. MINAS,IFCO,6424,explícito,103.0,11
2024-04-24,quarta-feira,2,TREB. MINAS,IFCO,NAO_INFORMADO,explícito,5.0,1
2024-04-25,quinta-feira,3,PH CORUMBA (PF),HB,623,explícito,670.0,2
2024-04-25,quinta-feira,3,PH CORUMBA (PF),IFCO,6424,explícito,500.0,2
2024-04-25,quinta-feira,3,PH UBAJARA,IFCO,6416,explícito,64.0,12
2024-04-25,quinta-feira,3,PH UBAJARA,IFCO,6424,explícito,13.0,3
2024-04-25,quinta-feira,3,TREB. MINAS,HB,618,rateio_por_capacidade,268.5328698312719,17
2024-04-25,quinta-feira,3,TREB. MINAS,HB,623,rateio_por_capacidade,121.46713016872809,23
2024-04-25,quinta-feira,3,TREB. MINAS,HB,NAO_INFORMADO,sem_base_para_rateio,39.0,5
2024-04-25,quinta-feira,3,TREB. MINAS,IFCO,6416,explícito,530.0,34
2024-04-25,quinta-feira,3,TREB. MINAS,IFCO,6424,explícito,249.0,5
2024-04-26,sexta-feira,4,PH UBAJARA,IFCO,6416,explícito,148.0,15
2024-04-26,sexta-feira,4,PH UBAJARA,IFCO,6424,explícito,22.0,1
2024-04-26,sexta-feira,4,TREB. MINAS,IFCO,6416,explícito,1283.0,31
2024-04-26,sexta-feira,4,TREB. MINAS,IFCO,6424,explícito,1.0,1
2024-04-26,sexta-feira,4,TREB. MINAS,IFCO,NAO_INFORMADO,explícito,3.0,1
2024-04-27,sábado,5,PH CORUMBA (PF),IFCO,6424,explícito,280.0,2
2024-04-27,sábado,5,PH UBAJARA,IFCO,6416,explícito,749.0,83
2024-04-27,sábado,5,PH UBAJARA,IFCO,6424,explícito,332.0,35
2024-04-27,sábado,5,TREB. MINAS,HB,618,rateio_por_capacidade,185.78455596285903,17
2024-04-27,sábado,5,TREB. MINAS,HB,623,explícito,690.0,2
2024-04-27,sábado,5,TREB. MINAS,HB,623,rateio_por_capacidade,62.21544403714097,19
2024-04-27,sábado,5,TREB. MINAS,HB,NAO_INFORMADO,sem_base_para_rateio,14.0,3
2024-04-27,sábado,5,TREB. MINAS,IFCO,6416,explícito,1102.0,40
2024-04-27,sábado,5,TREB. MINAS,IFCO,6424,explícito,728.0,5
2024-04-27,sábado,5,TREB. MINAS,IFCO,NAO_INFORMADO,explícito,2.0,1
2024-04-29,segunda-feira,0,PH CASCAVEL,IFCO,6424,explícito,640.0,5
2024-04-29,segunda-feira,0,PH UBAJARA,IFCO,6416,explícito,605.0,20
2024-04-29,segunda-feira,0,TREB. MINAS,HB,618,rateio_por_capacidade,28.266148940615725,6
2024-04-29,segunda-feira,0,TREB. MINAS,HB,623,rateio_por_capacidade,267.7338510593843,13
2024-04-29,segunda-feira,0,TREB. MINAS,HB,NAO_INFORMADO,sem_base_para_rateio,1.82456140350877,1
2024-04-29,segunda-feira,0,TREB. MINAS,IFCO,6416,explícito,718.0,36
2024-04-29,segunda-feira,0,TREB. MINAS,IFCO,6424,explícito,739.0,9
2024-04-29,segunda-feira,0,TREB. MINAS,IFCO,NAO_INFORMADO,explícito,8.0,1
2024-04-30,terça-feira,1,PH CASCAVEL,IFCO,6424,explícito,640.0,2
2024-04-30,terça-feira,1,PH CORUMBA (PF),HB,623,explícito,670.0,2
2024-04-30,terça-feira,1,PH CORUMBA (PF),IFCO,6424,explícito,640.0,1
2024-04-30,terça-feira,1,PH UBAJARA,IFCO,6416,explícito,334.0,26
2024-04-30,terça-feira,1,PH UBAJARA,IFCO,6424,explícito,99.0,7
2024-04-30,terça-feira,1,TREB. MINAS,HB,618,rateio_por_capacidade,151.3849225674491,1
2024-04-30,terça-feira,1,TREB. MINAS,HB,623,rateio_por_capacidade,15.615077432550889,1
2024-04-30,terça-feira,1,TREB. MINAS,IFCO,6416,explícito,1345.0,52
2024-04-30,terça-feira,1,TREB. MINAS,IFCO,6424,explícito,1241.0,9
2024-04-30,terça-feira,1,TREB. MINAS,IFCO,NAO_INFORMADO,explícito,3.0,2
2024-05-02,quinta-feira,3,PH CASCAVEL,IFCO,6424,explícito,520.0,1
2024-05-02,quinta-feira,3,PH CORUMBA (PF),HB,618,rateio_por_capacidade,2.8613824396846446,1
2024-05-02,quinta-feira,3,PH CORUMBA (PF),HB,623,explícito,1310.0,3
2024-05-02,quinta-feira,3,PH CORUMBA (PF),HB,623,rateio_por_capacidade,46.13861756031535,5
2024-05-02,quinta-feira,3,PH CORUMBA (PF),IFCO,6416,explícito,107.0,4
2024-05-02,quinta-feira,3,PH CORUMBA (PF),IFCO,6424,explícito,895.0,7
2024-05-02,quinta-feira,3,PH UBAJARA,IFCO,6416,explícito,238.0,29
2024-05-02,quinta-feira,3,PH UBAJARA,IFCO,6424,explícito,58.0,6
2024-05-02,quinta-feira,3,TREB. MINAS,HB,618,rateio_por_capacidade,405.5001003188289,22
2024-05-02,quinta-feira,3,TREB. MINAS,HB,623,rateio_por_capacidade,185.4998996811711,29
2024-05-02,quinta-feira,3,TREB. MINAS,HB,NAO_INFORMADO,sem_base_para_rateio,52.0,4
2024-05-02,quinta-feira,3,TREB. MINAS,IFCO,6416,explícito,1116.0,60
2024-05-02,quinta-feira,3,TREB. MINAS,IFCO,6424,explícito,78.0,10
2024-05-02,quinta-feira,3,TREB. MINAS,IFCO,NAO_INFORMADO,explícito,9.0,1
2024-05-03,sexta-feira,4,PH UBAJARA,IFCO,6416,explícito,366.0,26
2024-05-03,sexta-feira,4,PH UBAJARA,IFCO,6424,explícito,23.0,2
2024-05-03,sexta-feira,4,TREB. MINAS,IFCO,6416,explícito,1097.0,17
2024-05-03,sexta-feira,4,TREB. MINAS,IFCO,NAO_INFORMADO,explícito,1.0,1
2024-05-04,sábado,5,PH CORUMBA (PF),IFCO,6424,explícito,1280.0,2
2024-05-04,sábado,5,PH UBAJARA,IFCO,6416,explícito,113.0,14
2024-05-04,sábado,5,PH UBAJARA,IFCO,6424,explícito,152.0,6
2024-05-04,sábado,5,TREB. MINAS,HB,618,rateio_por_capacidade,318.93045771100515,5
2024-05-04,sábado,5,TREB. MINAS,HB,623,rateio_por_capacidade,33.06954228899484,6
2024-05-04,sábado,5,TREB. MINAS,HB,NAO_INFORMADO,sem_base_para_rateio,72.0,2
2024-05-04,sábado,5,TREB. MINAS,IFCO,6416,explícito,1593.1599999999999,63
2024-05-04,sábado,5,TREB. MINAS,IFCO,6424,explícito,1788.0,24
2024-05-04,sábado,5,TREB. MINAS,IFCO,NAO_INFORMADO,explícito,3.0,1
2024-05-06,segunda-feira,0,PH CORUMBA (PF),HB,623,explícito,608.0,2
2024-05-06,segunda-feira,0,PH CORUMBA (PF),IFCO,6424,explícito,165.0,2
2024-05-06,segunda-feira,0,PH UBAJARA,IFCO,6424,explícito,280.0,1
2024-05-06,segunda-feira,0,TREB. MINAS,IFCO,6416,explícito,1078.0,38
2024-05-06,segunda-feira,0,TREB. MINAS,IFCO,6424,explícito,25.0,6
2024-05-06,segunda-feira,0,TREB. MINAS,IFCO,NAO_INFORMADO,explícito,7.0,1
2024-05-07,terça-feira,1,PH CASCAVEL,IFCO,6424,explícito,280.0,1
2024-05-07,terça-feira,1,PH UBAJARA,IFCO,6416,explícito,801.0,67
2024-05-07,terça-feira,1,PH UBAJARA,IFCO,6424,explícito,487.0,22
2024-05-07,terça-feira,1,TREB. MINAS,HB,618,rateio_por_capacidade,398.8315242311581,9
2024-05-07,terça-feira,1,TREB. MINAS,HB,623,rateio_por_capacidade,258.1684757688419,15
2024-05-07,terça-feira,1,TREB. MINAS,HB,NAO_INFORMADO,sem_base_para_rateio,24.0,4
2024-05-07,terça-feira,1,TREB. MINAS,IFCO,6416,explícito,1367.0,32
2024-05-07,terça-feira,1,TREB. MINAS,IFCO,6424,explícito,132.0,5
2024-05-08,quarta-feira,2,PH CASCAVEL,IFCO,6424,explícito,640.0,2
2024-05-08,quarta-feira,2,PH CORUMBA (PF),HB,618,rateio_por_capacidade,2.8613824396846446,1
2024-05-08,quarta-feira,2,PH CORUMBA (PF),HB,623,explícito,580.0,2
2024-05-08,quarta-feira,2,PH CORUMBA (PF),HB,623,rateio_por_capacidade,68.13861756031535,6
2024-05-08,quarta-feira,2,PH CORUMBA (PF),IFCO,6416,explícito,198.0,7
2024-05-08,quarta-feira,2,PH CORUMBA (PF),IFCO,6424,explícito,271.0,4
2024-05-08,quarta-feira,2,PH UBAJARA,IFCO,6416,explícito,16.0,1
2024-05-08,quarta-feira,2,PH UBAJARA,IFCO,6424,explícito,67.0,1
2024-05-08,quarta-feira,2,TREB. MINAS,HB,618,rateio_por_capacidade,63.84677270480697,9
2024-05-08,quarta-feira,2,TREB. MINAS,HB,623,rateio_por_capacidade,31.153227295193027,9
2024-05-08,quarta-feira,2,TREB. MINAS,HB,NAO_INFORMADO,sem_base_para_rateio,19.0,2
2024-05-08,quarta-feira,2,TREB. MINAS,IFCO,6416,explícito,1417.0,60
2024-05-08,quarta-feira,2,TREB. MINAS,IFCO,6424,explícito,414.0,17
2024-05-08,quarta-feira,2,TREB. MINAS,IFCO,NAO_INFORMADO,explícito,3.0,1
2024-05-09,quinta-feira,3,PH CASCAVEL,IFCO,6424,explícito,400.0,1
2024-05-09,quinta-feira,3,PH CORUMBA (PF),HB,623,explícito,670.0,1
2024-05-09,quinta-feira,3,PH CORUMBA (PF),IFCO,6424,explícito,790.0,2
2024-05-09,quinta-feira,3,PH UBAJARA,IFCO,6416,explícito,51.0,25
2024-05-09,quinta-feira,3,PH UBAJARA,IFCO,6424,explícito,58.0,5
2024-05-09,quinta-feira,3,TREB. MINAS,HB,618,rateio_por_capacidade,555.3286463724883,18
2024-05-09,quinta-feira,3,TREB. MINAS,HB,623,explícito,90.0,1
2024-05-09,quinta-feira,3,TREB. MINAS,HB,623,rateio_por_capacidade,178.67135362751173,27
2024-05-09,quinta-feira,3,TREB. MINAS,HB,NAO_INFORMADO,sem_base_para_rateio,61.0,5
2024-05-09,quinta-feira,3,TREB. MINAS,IFCO,6416,explícito,469.0,29
2024-05-09,quinta-feira,3,TREB. MINAS,IFCO,6424,explícito,62.0,4
2024-05-09,quinta-feira,3,TREB. MINAS,IFCO,NAO_INFORMADO,explícito,5.0,1
2024-05-10,sexta-feira,4,PH UBAJARA,IFCO,6416,explícito,49.0,1
2024-05-10,sexta-feira,4,TREB. MINAS,IFCO,6416,explícito,1834.6097583702847,66
2024-05-10,sexta-feira,4,TREB. MINAS,IFCO,6424,explícito,1115.4257965498155,27
2024-05-11,sábado,5,PH CASCAVEL,IFCO,6424,explícito,960.0,2
2024-05-11,sábado,5,PH CORUMBA (PF),IFCO,6424,explícito,811.0,2
2024-05-11,sábado,5,PH UBAJARA,IFCO,6416,explícito,363.0,19
2024-05-11,sábado,5,PH UBAJARA,IFCO,6424,explícito,100.0,11
2024-05-11,sábado,5,TREB. MINAS,HB,618,rateio_por_capacidade,259.6661031531193,4
2024-05-11,sábado,5,TREB. MINAS,HB,623,rateio_por_capacidade,22.33389684688068,4
2024-05-11,sábado,5,TREB. MINAS,HB,NAO_INFORMADO,sem_base_para_rateio,25.0,1
2024-05-11,sábado,5,TREB. MINAS,IFCO,6416,explícito,1583.8273088023088,157
2024-05-11,sábado,5,TREB. MINAS,IFCO,6424,explícito,868.10526417229,63
2024-05-13,segunda-feira,0,PH CASCAVEL,IFCO,6424,explícito,780.0,2
2024-05-13,segunda-feira,0,PH CORUMBA (PF),HB,623,explícito,670.0,2
2024-05-13,segunda-feira,0,PH CORUMBA (PF),IFCO,6424,explícito,121.0,2
2024-05-13,segunda-feira,0,PH UBAJARA,IFCO,6416,explícito,492.0,23
2024-05-13,segunda-feira,0,PH UBAJARA,IFCO,6424,explícito,2.0,2
2024-05-13,segunda-feira,0,TREB. MINAS,HB,618,rateio_por_capacidade,5.506627895071575,4
2024-05-13,segunda-feira,0,TREB. MINAS,HB,623,rateio_por_capacidade,1.4933721049284252,5
2024-05-13,segunda-feira,0,TREB. MINAS,HB,NAO_INFORMADO,sem_base_para_rateio,1.0,1
2024-05-13,segunda-feira,0,TREB. MINAS,IFCO,6416,explícito,900.0,36
2024-05-13,segunda-feira,0,TREB. MINAS,IFCO,6424,explícito,37.0,9
2024-05-13,segunda-feira,0,TREB. MINAS,IFCO,NAO_INFORMADO,explícito,11.0,1
2024-05-14,terça-feira,1,PH CASCAVEL,IFCO,6424,explícito,720.0,2
2024-05-14,terça-feira,1,TREB. MINAS,HB,618,rateio_por_capacidade,82.21760727069041,11
2024-05-14,terça-feira,1,TREB. MINAS,HB,623,rateio_por_capacidade,120.78239272930959,17
2024-05-14,terça-feira,1,TREB. MINAS,HB,NAO_INFORMADO,sem_base_para_rateio,12.0,2
2024-05-14,terça-feira,1,TREB. MINAS,IFCO,6416,explícito,1574.0,80
2024-05-14,terça-feira,1,TREB. MINAS,IFCO,6424,explícito,267.19070512820514,18
2024-05-14,terça-feira,1,TREB. MINAS,IFCO,NAO_INFORMADO,explícito,4.0,1
2024-05-15,quarta-feira,2,PH CORUMBA (PF),IFCO,6416,explícito,232.0,6
2024-05-15,quarta-feira,2,PH CORUMBA (PF),IFCO,6424,explícito,380.0,7
2024-05-15,quarta-feira,2,PH UBAJARA,IFCO,6416,explícito,622.0,31
2024-05-15,quarta-feira,2,PH UBAJARA,IFCO,6424,explícito,93.0,6
2024-05-15,quarta-feira,2,TREB. MINAS,HB,618,rateio_por_capacidade,26.87468228958435,3
2024-05-15,quarta-feira,2,TREB. MINAS,HB,623,explícito,640.0,1
2024-05-15,quarta-feira,2,TREB. MINAS,HB,623,rateio_por_capacidade,7.125317710415651,3
2024-05-15,quarta-feira,2,TREB. MINAS,HB,NAO_INFORMADO,sem_base_para_rateio,4.0,1
2024-05-15,quarta-feira,2,TREB. MINAS,IFCO,6416,explícito,1254.0,50
2024-05-15,quarta-feira,2,TREB. MINAS,IFCO,6424,explícito,31.0,7
2024-05-15,quarta-feira,2,TREB. MINAS,IFCO,NAO_INFORMADO,explícito,1.0,1
2024-05-16,quinta-feira,3,PH CORUMBA (PF),HB,623,explícito,670.0,2
2024-05-16,quinta-feira,3,PH UBAJARA,IFCO,6416,explícito,25.0,11
2024-05-16,quinta-feira,3,PH UBAJARA,IFCO,6424,explícito,7.0,2
2024-05-16,quinta-feira,3,TREB. MINAS,HB,618,rateio_por_capacidade,431.9292726663538,28
2024-05-16,quinta-feira,3,TREB. MINAS,HB,623,rateio_por_capacidade,141.07072733364618,34
2024-05-16,quinta-feira,3,TREB. MINAS,HB,NAO_INFORMADO,sem_base_para_rateio,95.0,7
2024-05-16,quinta-feira,3,TREB. MINAS,IFCO,6416,explícito,548.0,34
2024-05-16,quinta-feira,3,TREB. MINAS,IFCO,6424,explícito,46.0,4
2024-05-16,quinta-feira,3,TREB. MINAS,IFCO,NAO_INFORMADO,explícito,2.0,1
2024-05-17,sexta-feira,4,TREB. MINAS,IFCO,6416,explícito,1140.0,31
2024-05-17,sexta-feira,4,TREB. MINAS,IFCO,6424,explícito,1.0,1
2024-05-17,sexta-feira,4,TREB. MINAS,IFCO,NAO_INFORMADO,explícito,3.0,1
2024-05-18,sábado,5,PH CORUMBA (PF),HB,623,explícito,690.0,1
2024-05-18,sábado,5,PH CORUMBA (PF),IFCO,6424,explícito,840.0,2
2024-05-18,sábado,5,PH UBAJARA,IFCO,6416,explícito,813.0,75
2024-05-18,sábado,5,PH UBAJARA,IFCO,6424,explícito,344.0,31
2024-05-18,sábado,5,TREB. MINAS,HB,618,rateio_por_capacidade,35.903531832209396,1
2024-05-18,sábado,5,TREB. MINAS,HB,623,rateio_por_capacidade,4.096468167790604,1
2024-05-18,sábado,5,TREB. MINAS,HB,NAO_INFORMADO,sem_base_para_rateio,5.0,1
2024-05-18,sábado,5,TREB. MINAS,IFCO,6416,explícito,1496.0,64
2024-05-18,sábado,5,TREB. MINAS,IFCO,6424,explícito,133.0,7
2024-05-18,sábado,5,TREB. MINAS,IFCO,NAO_INFORMADO,explícito,2.0,1
2024-05-20,segunda-feira,0,PH CASCAVEL,IFCO,6424,explícito,1990.0,3
2024-05-20,segunda-feira,0,TREB. MINAS,HB,618,rateio_por_capacidade,39.14545263286496,7
2024-05-20,segunda-feira,0,TREB. MINAS,HB,623,explícito,670.0,2
2024-05-20,segunda-feira,0,TREB. MINAS,HB,623,rateio_por_capacidade,259.85454736713507,15
2024-05-20,segunda-feira,0,TREB. MINAS,HB,NAO_INFORMADO,sem_base_para_rateio,10.0,1
2024-05-20,segunda-feira,0,TREB. MINAS,IFCO,6416,explícito,1192.0,35
2024-05-20,segunda-feira,0,TREB. MINAS,IFCO,6424,explícito,249.0,9
2024-05-20,segunda-feira,0,TREB. MINAS,IFCO,NAO_INFORMADO,explícito,7.0,1
2024-05-21,terça-feira,1,PH UBAJARA,IFCO,6416,explícito,442.0,37
2024-05-21,terça-feira,1,PH UBAJARA,IFCO,6424,explícito,44.0,8
2024-05-21,terça-feira,1,TREB. MINAS,HB,618,rateio_por_capacidade,93.23852355925189,8
2024-05-21,terça-feira,1,TREB. MINAS,HB,623,rateio_por_capacidade,26.76147644074812,11
2024-05-21,terça-feira,1,TREB. MINAS,HB,NAO_INFORMADO,sem_base_para_rateio,26.0,2
2024-05-21,terça-feira,1,TREB. MINAS,IFCO,6416,explícito,1221.0,36
2024-05-21,terça-feira,1,TREB. MINAS,IFCO,6424,explícito,170.0,8
2024-05-21,terça-feira,1,TREB. MINAS,IFCO,NAO_INFORMADO,explícito,4.0,1
2024-05-22,quarta-feira,2,PH CORUMBA (PF),IFCO,6416,explícito,180.0,8
2024-05-22,quarta-feira,2,PH CORUMBA (PF),IFCO,6424,explícito,281.0,7
2024-05-22,quarta-feira,2,PH UBAJARA,IFCO,6416,explícito,305.0,15
2024-05-22,quarta-feira,2,PH UBAJARA,IFCO,6424,explícito,104.0,5
2024-05-22,quarta-feira,2,TREB. MINAS,HB,618,rateio_por_capacidade,219.35442744233472,9
2024-05-22,quarta-feira,2,TREB. MINAS,HB,623,explícito,635.0,2
2024-05-22,quarta-feira,2,TREB. MINAS,HB,623,rateio_por_capacidade,105.64557255766529,14
2024-05-22,quarta-feira,2,TREB. MINAS,HB,NAO_INFORMADO,sem_base_para_rateio,20.0,2
2024-05-22,quarta-feira,2,TREB. MINAS,IFCO,6416,explícito,933.0,44
2024-05-22,quarta-feira,2,TREB. MINAS,IFCO,6424,explícito,907.0,9
2024-05-22,quarta-feira,2,TREB. MINAS,IFCO,NAO_INFORMADO,explícito,4.0,1
2024-05-23,quinta-feira,3,PH CORUMBA (PF),IFCO,6424,explícito,1278.0,2
2024-05-23,quinta-feira,3,PH UBAJARA,IFCO,6416,explícito,41.0,4
2024-05-23,quinta-feira,3,PH UBAJARA,IFCO,6424,explícito,7.0,2
2024-05-23,quinta-feira,3,TREB. MINAS,HB,618,rateio_por_capacidade,365.1764276970926,19
2024-05-23,quinta-feira,3,TREB. MINAS,HB,623,rateio_por_capacidade,400.82357230290734,29
2024-05-23,quinta-feira,3,TREB. MINAS,HB,NAO_INFORMADO,sem_base_para_rateio,55.0,7
2024-05-23,quinta-feira,3,TREB. MINAS,IFCO,6416,explícito,739.0,34
2024-05-23,quinta-feira,3,TREB. MINAS,IFCO,6424,explícito,30.0,4
2024-05-23,quinta-feira,3,TREB. MINAS,IFCO,NAO_INFORMADO,explícito,5.0,1
2024-05-24,sexta-feira,4,PH CASCAVEL,IFCO,6424,explícito,1000.0,1
2024-05-24,sexta-feira,4,PH CORUMBA (PF),IFCO,6424,explícito,636.0,2
2024-05-24,sexta-feira,4,PH UBAJARA,IFCO,6416,explícito,173.0,12
2024-05-24,sexta-feira,4,PH UBAJARA,IFCO,6424,explícito,11.0,4
2024-05-24,sexta-feira,4,TREB. MINAS,IFCO,6416,explícito,1210.0,37
2024-05-24,sexta-feira,4,TREB. MINAS,IFCO,6424,explícito,225.0,11
2024-05-24,sexta-feira,4,TREB. MINAS,IFCO,NAO_INFORMADO,explícito,3.0,2
2024-05-25,sábado,5,PH CORUMBA (PF),HB,623,explícito,604.0,2
2024-05-25,sábado,5,PH CORUMBA (PF),IFCO,6424,explícito,640.0,1
2024-05-25,sábado,5,PH UBAJARA,IFCO,6416,explícito,281.0,7
2024-05-25,sábado,5,PH UBAJARA,IFCO,6424,explícito,80.0,2
2024-05-25,sábado,5,TREB. MINAS,HB,618,rateio_por_capacidade,127.91059544298543,4
2024-05-25,sábado,5,TREB. MINAS,HB,623,explícito,440.0,2
2024-05-25,sábado,5,TREB. MINAS,HB,623,rateio_por_capacidade,12.089404557014584,4
2024-05-25,sábado,5,TREB. MINAS,HB,NAO_INFORMADO,sem_base_para_rateio,35.0,1
2024-05-25,sábado,5,TREB. MINAS,IFCO,6416,explícito,1975.4,93
2024-05-25,sábado,5,TREB. MINAS,IFCO,6424,explícito,803.0,17
2024-05-25,sábado,5,TREB. MINAS,IFCO,NAO_INFORMADO,explícito,1.0,1
2024-05-27,segunda-feira,0,PH CASCAVEL,IFCO,6424,explícito,1840.0,6
2024-05-27,segunda-feira,0,PH UBAJARA,IFCO,6416,explícito,382.0,9
2024-05-27,segunda-feira,0,TREB. MINAS,HB,618,rateio_por_capacidade,5.853774812438838,5
2024-05-27,segunda-feira,0,TREB. MINAS,HB,623,explícito,670.0,2
2024-05-27,segunda-feira,0,TREB. MINAS,HB,623,rateio_por_capacidade,5.146225187561162,5
2024-05-27,segunda-feira,0,TREB. MINAS,HB,NAO_INFORMADO,sem_base_para_rateio,2.0,1
2024-05-27,segunda-feira,0,TREB. MINAS,IFCO,6416,explícito,759.0,31
2024-05-27,segunda-feira,0,TREB. MINAS,IFCO,6424,explícito,1.0,1
2024-05-27,segunda-feira,0,TREB. MINAS,IFCO,NAO_INFORMADO,explícito,5.0,1
2024-05-28,terça-feira,1,PH CASCAVEL,IFCO,6424,explícito,800.0,1
2024-05-28,terça-feira,1,PH CORUMBA (PF),IFCO,6424,explícito,631.0,2
2024-05-28,terça-feira,1,PH UBAJARA,IFCO,6416,explícito,420.0,16
2024-05-28,terça-feira,1,PH UBAJARA,IFCO,6424,explícito,46.0,5
2024-05-28,terça-feira,1,TREB. MINAS,IFCO,6416,explícito,1193.0,27
2024-05-28,terça-feira,1,TREB. MINAS,IFCO,6424,explícito,959.0,8
2024-05-29,quarta-feira,2,PH CASCAVEL,IFCO,6424,explícito,1040.0,1
2024-05-29,quarta-feira,2,PH CORUMBA (PF),IFCO,6416,explícito,90.0,3
2024-05-29,quarta-feira,2,PH CORUMBA (PF),IFCO,6424,explícito,158.0,3
2024-05-29,quarta-feira,2,PH UBAJARA,IFCO,6416,explícito,334.0,13
2024-05-29,quarta-feira,2,PH UBAJARA,IFCO,6424,explícito,237.0,4
2024-05-29,quarta-feira,2,TREB. MINAS,HB,618,rateio_por_capacidade,92.90032352054972,14
2024-05-29,quarta-feira,2,TREB. MINAS,HB,623,rateio_por_capacidade,116.09967647945028,19
2024-05-29,quarta-feira,2,TREB. MINAS,HB,NAO_INFORMADO,sem_base_para_rateio,150.0,3
2024-05-29,quarta-feira,2,TREB. MINAS,IFCO,6416,explícito,1236.0,58
2024-05-29,quarta-feira,2,TREB. MINAS,IFCO,6424,explícito,167.0,16
2024-05-29,quarta-feira,2,TREB. MINAS,IFCO,NAO_INFORMADO,explícito,5.0,1
2024-05-30,quinta-feira,3,TREBESCHI DF,IFCO,6416,explícito,20.0,1
2024-05-31,sexta-feira,4,PH CASCAVEL,IFCO,6424,explícito,1120.0,5
2024-05-31,sexta-feira,4,PH UBAJARA,IFCO,6416,explícito,534.0,46
2024-05-31,sexta-feira,4,PH UBAJARA,IFCO,6424,explícito,36.0,5
2024-05-31,sexta-feira,4,TREB. MINAS,HB,618,rateio_por_capacidade,139.9785355870598,12
2024-05-31,sexta-feira,4,TREB. MINAS,HB,623,rateio_por_capacidade,36.02146441294018,14
2024-05-31,sexta-feira,4,TREB. MINAS,HB,NAO_INFORMADO,sem_base_para_rateio,27.0,3
2024-05-31,sexta-feira,4,TREB. MINAS,IFCO,6416,explícito,1620.0,37
2024-05-31,sexta-feira,4,TREB. MINAS,IFCO,6424,explícito,222.0,7
2024-05-31,sexta-feira,4,TREB. MINAS,IFCO,NAO_INFORMADO,explícito,6.0,2
2024-06-01,sábado,5,PH CORUMBA (PF),IFCO,6424,explícito,1745.0,6
2024-06-01,sábado,5,PH UBAJARA,IFCO,6416,explícito,1103.0,76
2024-06-01,sábado,5,PH UBAJARA,IFCO,6424,explícito,285.0,22
2024-06-01,sábado,5,TREB. MINAS,HB,618,rateio_por_capacidade,224.13089337759206,7
2024-06-01,sábado,5,TREB. MINAS,HB,623,rateio_por_capacidade,25.86910662240796,8
2024-06-01,sábado,5,TREB. MINAS,HB,NAO_INFORMADO,sem_base_para_rateio,44.0,2
2024-06-01,sábado,5,TREB. MINAS,IFCO,6416,explícito,1157.0,50
2024-06-01,sábado,5,TREB. MINAS,IFCO,6424,explícito,1027.0,8
2024-06-01,sábado,5,TREB. MINAS,IFCO,NAO_INFORMADO,explícito,3.0,1
2024-06-03,segunda-feira,0,PH CASCAVEL,IFCO,6424,explícito,1040.0,1
2024-06-03,segunda-feira,0,PH UBAJARA,IFCO,6416,explícito,540.0,18
2024-06-03,segunda-feira,0,TREB. MINAS,HB,618,rateio_por_capacidade,37.863127576298794,8
2024-06-03,segunda-feira,0,TREB. MINAS,HB,623,rateio_por_capacidade,8.13687242370121,9
2024-06-03,segunda-feira,0,TREB. MINAS,HB,NAO_INFORMADO,sem_base_para_rateio,1.0,1
2024-06-03,segunda-feira,0,TREB. MINAS,IFCO,6416,explícito,1201.0,41
2024-06-03,segunda-feira,0,TREB. MINAS,IFCO,6424,explícito,993.0,14
2024-06-03,segunda-feira,0,TREB. MINAS,IFCO,NAO_INFORMADO,explícito,5.0,1
2024-06-04,terça-feira,1,PH CASCAVEL,IFCO,6424,explícito,800.0,1
2024-06-04,terça-feira,1,PH CORUMBA (PF),IFCO,6424,explícito,745.0,2
2024-06-04,terça-feira,1,PH UBAJARA,IFCO,6416,explícito,362.3333333333333,26
2024-06-04,terça-feira,1,PH UBAJARA,IFCO,6424,explícito,103.82394156231365,13
2024-06-04,terça-feira,1,TREB. MINAS,HB,618,rateio_por_capacidade,223.03757214752372,10
2024-06-04,terça-feira,1,TREB. MINAS,HB,623,explícito,489.0,2
2024-06-04,terça-feira,1,TREB. MINAS,HB,623,rateio_por_capacidade,169.9624278524763,12
2024-06-04,terça-feira,1,TREB. MINAS,HB,NAO_INFORMADO,sem_base_para_rateio,20.0,3
2024-06-04,terça-feira,1,TREB. MINAS,IFCO,6416,explícito,1864.0,38
2024-06-04,terça-feira,1,TREB. MINAS,IFCO,6424,explícito,577.0,10
2024-06-04,terça-feira,1,TREB. MINAS,IFCO,NAO_INFORMADO,explícito,2.0,1
2024-06-05,quarta-feira,2,PH CASCAVEL,IFCO,6424,explícito,560.0,1
2024-06-05,quarta-feira,2,PH CORUMBA (PF),IFCO,6416,explícito,192.0,6
2024-06-05,quarta-feira,2,PH CORUMBA (PF),IFCO,6424,explícito,1381.0,9
2024-06-05,quarta-feira,2,PH UBAJARA,IFCO,6416,explícito,369.0,48
2024-06-05,quarta-feira,2,PH UBAJARA,IFCO,6424,explícito,398.0,20
2024-06-05,quarta-feira,2,TREB. CEAGESP,IFCO,6424,explícito,45.0,1
2024-06-05,quarta-feira,2,TREB. MINAS,HB,618,rateio_por_capacidade,39.757671657391285,9
2024-06-05,quarta-feira,2,TREB. MINAS,HB,623,rateio_por_capacidade,89.24232834260872,15
2024-06-05,quarta-feira,2,TREB. MINAS,HB,NAO_INFORMADO,sem_base_para_rateio,17.0,2
2024-06-05,quarta-feira,2,TREB. MINAS,IFCO,6416,explícito,1536.6666666666667,70
2024-06-05,quarta-feira,2,TREB. MINAS,IFCO,6424,explícito,215.0,9
2024-06-05,quarta-feira,2,TREB. MINAS,IFCO,NAO_INFORMADO,explícito,3.0,1
2024-06-06,quinta-feira,3,PH CORUMBA (PF),IFCO,6424,explícito,640.0,2
2024-06-06,quinta-feira,3,PH UBAJARA,IFCO,6416,explícito,462.0,7
2024-06-06,quinta-feira,3,PH UBAJARA,IFCO,6424,explícito,33.0,2
2024-06-06,quinta-feira,3,TREB. MINAS,HB,618,rateio_por_capacidade,526.3725107156138,27
2024-06-06,quinta-feira,3,TREB. MINAS,HB,623,explícito,574.0,4
2024-06-06,quinta-feira,3,TREB. MINAS,HB,623,rateio_por_capacidade,475.62748928438623,35
2024-06-06,quinta-feira,3,TREB. MINAS,HB,NAO_INFORMADO,sem_base_para_rateio,33.0,7
2024-06-06,quinta-feira,3,TREB. MINAS,IFCO,6416,explícito,583.0,22
2024-06-06,quinta-feira,3,TREB. MINAS,IFCO,6424,explícito,814.0,6
2024-06-06,quinta-feira,3,TREB. MINAS,IFCO,NAO_INFORMADO,explícito,2.0,1
2024-06-07,sexta-feira,4,PH CASCAVEL,IFCO,6424,explícito,640.0,2
2024-06-07,sexta-feira,4,PH UBAJARA,IFCO,6416,explícito,105.0,7
2024-06-07,sexta-feira,4,PH UBAJARA,IFCO,6424,explícito,401.0,9
2024-06-07,sexta-feira,4,TREB. MINAS,HB,623,rateio_por_capacidade,200.0,1
2024-06-07,sexta-feira,4,TREB. MINAS,IFCO,6416,explícito,1441.0,31
2024-06-07,sexta-feira,4,TREB. MINAS,IFCO,6424,explícito,840.0,2
2024-06-07,sexta-feira,4,TREB. MINAS,IFCO,NAO_INFORMADO,explícito,3.0,2
2024-06-08,sábado,5,PH CASCAVEL,IFCO,6424,explícito,1910.0,5
2024-06-08,sábado,5,PH CORUMBA (PF),HB,623,explícito,1313.0,3
2024-06-08,sábado,5,PH CORUMBA (PF),IFCO,6424,explícito,820.0,3
2024-06-08,sábado,5,PH UBAJARA,IFCO,6416,explícito,818.75,69
2024-06-08,sábado,5,PH UBAJARA,IFCO,6424,explícito,412.0,28
2024-06-08,sábado,5,TREB. MINAS,HB,618,rateio_por_capacidade,122.37656451803386,4
2024-06-08,sábado,5,TREB. MINAS,HB,623,rateio_por_capacidade,12.623435481966148,4
2024-06-08,sábado,5,TREB. MINAS,HB,NAO_INFORMADO,sem_base_para_rateio,40.0,1
2024-06-08,sábado,5,TREB. MINAS,IFCO,6416,explícito,1919.0,69
2024-06-08,sábado,5,TREB. MINAS,IFCO,6424,explícito,1073.0,13
2024-06-08,sábado,5,TREB. MINAS,IFCO,NAO_INFORMADO,explícito,1.0,1
2024-06-08,sábado,5,TREBESCHI DF,IFCO,6416,explícito,55.5555555555556,1
2024-06-10,segunda-feira,0,PH CASCAVEL,IFCO,6424,explícito,640.0,1
2024-06-10,segunda-feira,0,TREB. MINAS,HB,618,rateio_por_capacidade,4.660341274055332,5
2024-06-10,segunda-feira,0,TREB. MINAS,HB,623,rateio_por_capacidade,5.339658725944668,7
2024-06-10,segunda-feira,0,TREB. MINAS,HB,NAO_INFORMADO,sem_base_para_rateio,1.0,1
2024-06-10,segunda-feira,0,TREB. MINAS,IFCO,6416,explícito,1020.0,36
2024-06-10,segunda-feira,0,TREB. MINAS,IFCO,6424,explícito,830.0,11
2024-06-10,segunda-feira,0,TREB. MINAS,IFCO,NAO_INFORMADO,explícito,6.0,1
2024-06-11,terça-feira,1,PH CORUMBA (PF),HB,618,rateio_por_capacidade,3.8151765862461926,1
2024-06-11,terça-feira,1,PH CORUMBA (PF),HB,623,explícito,540.0,2
2024-06-11,terça-feira,1,PH CORUMBA (PF),HB,623,rateio_por_capacidade,35.184823413753804,5
2024-06-11,terça-feira,1,PH CORUMBA (PF),IFCO,6424,explícito,640.0,2
2024-06-11,terça-feira,1,PH UBAJARA,IFCO,6416,explícito,306.0,37
2024-06-11,terça-feira,1,PH UBAJARA,IFCO,6424,explícito,51.0,14
2024-06-11,terça-feira,1,TREB. MINAS,HB,618,rateio_por_capacidade,19.075882931230964,2
2024-06-11,terça-feira,1,TREB. MINAS,HB,623,rateio_por_capacidade,0.9241170687690364,2
2024-06-11,terça-feira,1,TREB. MINAS,HB,NAO_INFORMADO,sem_base_para_rateio,18.0,2
2024-06-11,terça-feira,1,TREB. MINAS,IFCO,6416,explícito,1395.0,32
2024-06-11,terça-feira,1,TREB. MINAS,IFCO,6424,explícito,2371.0,11
2024-06-11,terça-feira,1,TREB. MINAS,IFCO,NAO_INFORMADO,explícito,3.0,1
2024-06-12,quarta-feira,2,PH ALHO/CEBOLA,IFCO,6424,explícito,560.0,1
2024-06-12,quarta-feira,2,PH CASCAVEL,IFCO,6424,explícito,1280.0,2
2024-06-12,quarta-feira,2,PH CORUMBA (PF),IFCO,6416,explícito,122.0,3
2024-06-12,quarta-feira,2,PH CORUMBA (PF),IFCO,6424,explícito,342.0,5
2024-06-12,quarta-feira,2,PH UBAJARA,IFCO,6416,explícito,282.0,20
2024-06-12,quarta-feira,2,PH UBAJARA,IFCO,6424,explícito,118.0,8
2024-06-12,quarta-feira,2,TREB. MINAS,HB,618,rateio_por_capacidade,232.28913765635517,16
2024-06-12,quarta-feira,2,TREB. MINAS,HB,623,explícito,640.0,1
2024-06-12,quarta-feira,2,TREB. MINAS,HB,623,rateio_por_capacidade,263.7108623436448,26
2024-06-12,quarta-feira,2,TREB. MINAS,HB,NAO_INFORMADO,sem_base_para_rateio,21.0,5
2024-06-12,quarta-feira,2,TREB. MINAS,IFCO,6416,explícito,1176.0,53
2024-06-12,quarta-feira,2,TREB. MINAS,IFCO,6424,explícito,184.0,10
2024-06-12,quarta-feira,2,TREB. MINAS,IFCO,NAO_INFORMADO,explícito,3.0,1
2024-06-13,quinta-feira,3,PH ALHO/CEBOLA,IFCO,6424,explícito,640.0,1
2024-06-13,quinta-feira,3,PH CORUMBA (PF),HB,623,explícito,690.0,2
2024-06-13,quinta-feira,3,PH CORUMBA (PF),IFCO,6424,explícito,640.0,1
2024-06-13,quinta-feira,3,PH UBAJARA,IFCO,6416,explícito,220.0,17
2024-06-13,quinta-feira,3,PH UBAJARA,IFCO,6424,explícito,1.0,1
2024-06-13,quinta-feira,3,TREB. MINAS,HB,618,rateio_por_capacidade,499.8972489255053,28
2024-06-13,quinta-feira,3,TREB. MINAS,HB,623,explícito,22.0,2
2024-06-13,quinta-feira,3,TREB. MINAS,HB,623,rateio_por_capacidade,209.10275107449468,36
2024-06-13,quinta-feira,3,TREB. MINAS,HB,NAO_INFORMADO,sem_base_para_rateio,71.0,5
2024-06-13,quinta-feira,3,TREB. MINAS,IFCO,6416,explícito,696.0,23
2024-06-13,quinta-feira,3,TREB. MINAS,IFCO,6424,explícito,1486.0,9
2024-06-13,quinta-feira,3,TREB. MINAS,IFCO,NAO_INFORMADO,explícito,3.0,1
2024-06-14,sexta-feira,4,PH ALHO/CEBOLA,IFCO,6424,explícito,1200.0,1
2024-06-14,sexta-feira,4,PH CORUMBA (PF),IFCO,6424,explícito,640.0,1
2024-06-14,sexta-feira,4,PH UBAJARA,IFCO,6416,explícito,754.0,22
2024-06-14,sexta-feira,4,PH UBAJARA,IFCO,6424,explícito,84.0,3
2024-06-14,sexta-feira,4,TREB. MINAS,IFCO,6416,explícito,1219.0,30
2024-06-14,sexta-feira,4,TREB. MINAS,IFCO,6424,explícito,120.0,1
2024-06-14,sexta-feira,4,TREB. MINAS,IFCO,NAO_INFORMADO,explícito,3.0,2
2024-06-15,sábado,5,PH CORUMBA (PF),HB,623,explícito,640.0,1
2024-06-15,sábado,5,PH CORUMBA (PF),IFCO,6416,explícito,1.0,1
2024-06-15,sábado,5,PH CORUMBA (PF),IFCO,6424,explícito,449.0,3
2024-06-15,sábado,5,PH UBAJARA,IFCO,6416,explícito,1002.0,121
2024-06-15,sábado,5,PH UBAJARA,IFCO,6424,explícito,411.0,39
2024-06-15,sábado,5,TREB. MINAS,HB,618,rateio_por_capacidade,75.40527805295685,4
2024-06-15,sábado,5,TREB. MINAS,HB,623,rateio_por_capacidade,446.5947219470432,8
2024-06-15,sábado,5,TREB. MINAS,HB,NAO_INFORMADO,sem_base_para_rateio,40.0,1
2024-06-15,sábado,5,TREB. MINAS,IFCO,6416,explícito,2417.111111111111,80
2024-06-15,sábado,5,TREB. MINAS,IFCO,6424,explícito,727.0,24
2024-06-15,sábado,5,TREB. MINAS,IFCO,NAO_INFORMADO,explícito,2.0,1
2024-06-17,segunda-feira,0,PH CORUMBA (PF),HB,623,explícito,640.0,2
2024-06-17,segunda-feira,0,PH CORUMBA (PF),IFCO,6424,explícito,120.0,2
2024-06-17,segunda-feira,0,PH UBAJARA,IFCO,6416,explícito,305.0,16
2024-06-17,segunda-feira,0,TREB. MINAS,HB,618,rateio_por_capacidade,3.903417692052054,4
2024-06-17,segunda-feira,0,TREB. MINAS,HB,623,explícito,670.0,2
2024-06-17,segunda-feira,0,TREB. MINAS,HB,623,rateio_por_capacidade,9.096582307947946,6
2024-06-17,segunda-feira,0,TREB. MINAS,HB,NAO_INFORMADO,sem_base_para_rateio,1.0,1
2024-06-17,segunda-feira,0,TREB. MINAS,IFCO,6416,explícito,1128.0,32
2024-06-17,segunda-feira,0,TREB. MINAS,IFCO,6424,explícito,18.0,4
2024-06-17,segunda-feira,0,TREB. MINAS,IFCO,NAO_INFORMADO,explícito,4.0,1
2024-06-18,terça-feira,1,PH CASCAVEL,IFCO,6424,explícito,1040.0,1
2024-06-18,terça-feira,1,PH CORUMBA (PF),IFCO,6416,explícito,100.0,2
2024-06-18,terça-feira,1,PH CORUMBA (PF),IFCO,6424,explícito,890.0,3
2024-06-18,terça-feira,1,TREB. MINAS,HB,618,rateio_por_capacidade,362.8203081738128,6
2024-06-18,terça-feira,1,TREB. MINAS,HB,623,rateio_por_capacidade,40.17969182618723,7
2024-06-18,terça-feira,1,TREB. MINAS,HB,NAO_INFORMADO,sem_base_para_rateio,6.0,2
2024-06-18,terça-feira,1,TREB. MINAS,IFCO,6416,explícito,1551.0,35
2024-06-18,terça-feira,1,TREB. MINAS,IFCO,6424,explícito,1751.0,10
2024-06-18,terça-feira,1,TREB. MINAS,IFCO,NAO_INFORMADO,explícito,2.0,1
2024-06-19,quarta-feira,2,PH CORUMBA (PF),HB,623,explícito,1340.0,2
2024-06-19,quarta-feira,2,PH CORUMBA (PF),IFCO,6416,explícito,114.0,5
2024-06-19,quarta-feira,2,PH CORUMBA (PF),IFCO,6424,explícito,57.0,3
2024-06-19,quarta-feira,2,PH UBAJARA,IFCO,6416,explícito,369.0,38
2024-06-19,quarta-feira,2,PH UBAJARA,IFCO,6424,explícito,226.0,18
2024-06-19,quarta-feira,2,TREB. MINAS,HB,623,explícito,670.0,1
2024-06-19,quarta-feira,2,TREB. MINAS,IFCO,6416,explícito,1522.0,60
2024-06-19,quarta-feira,2,TREB. MINAS,IFCO,6424,explícito,1785.0,13
2024-06-19,quarta-feira,2,TREB. MINAS,IFCO,NAO_INFORMADO,explícito,5.0,1
2024-06-20,quinta-feira,3,PH CASCAVEL,IFCO,6424,explícito,676.0,1
2024-06-20,quinta-feira,3,PH CORUMBA (PF),IFCO,6424,explícito,1405.0,4
2024-06-20,quinta-feira,3,PH UBAJARA,IFCO,6416,explícito,434.0,25
2024-06-20,quinta-feira,3,PH UBAJARA,IFCO,6424,explícito,67.0,4
2024-06-20,quinta-feira,3,TREB. MINAS,HB,618,rateio_por_capacidade,496.91182282203357,19
2024-06-20,quinta-feira,3,TREB. MINAS,HB,623,explícito,673.0,2
2024-06-20,quinta-feira,3,TREB. MINAS,HB,623,rateio_por_capacidade,398.08817717796643,27
2024-06-20,quinta-feira,3,TREB. MINAS,HB,NAO_INFORMADO,sem_base_para_rateio,137.0,5
2024-06-20,quinta-feira,3,TREB. MINAS,IFCO,6416,explícito,575.0,22
2024-06-20,quinta-feira,3,TREB. MINAS,IFCO,6424,explícito,298.0,6
2024-06-20,quinta-feira,3,TREB. MINAS,IFCO,NAO_INFORMADO,explícito,4.0,1
2024-06-21,sexta-feira,4,PH CASCAVEL,IFCO,6424,explícito,622.0,1
2024-06-21,sexta-feira,4,PH CORUMBA (PF),IFCO,6424,explícito,960.0,2
2024-06-21,sexta-feira,4,PH UBAJARA,IFCO,6416,explícito,501.0,19
2024-06-21,sexta-feira,4,PH UBAJARA,IFCO,6424,explícito,33.0,4
2024-06-21,sexta-feira,4,TREB. MINAS,HB,618,rateio_por_capacidade,197.93763448410283,6
2024-06-21,sexta-feira,4,TREB. MINAS,HB,623,explícito,80.0,1
2024-06-21,sexta-feira,4,TREB. MINAS,HB,623,rateio_por_capacidade,160.06236551589717,8
2024-06-21,sexta-feira,4,TREB. MINAS,HB,NAO_INFORMADO,sem_base_para_rateio,40.0,2
2024-06-21,sexta-feira,4,TREB. MINAS,IFCO,6416,explícito,1274.0,31
2024-06-21,sexta-feira,4,TREB. MINAS,IFCO,6424,explícito,1.0,1
2024-06-21,sexta-feira,4,TREB. MINAS,IFCO,NAO_INFORMADO,explícito,3.0,2
2024-06-22,sábado,5,PH CORUMBA (PF),HB,623,explícito,1140.0,4
2024-06-22,sábado,5,PH CORUMBA (PF),IFCO,6424,explícito,640.0,1
2024-06-22,sábado,5,PH UBAJARA,IFCO,6416,explícito,723.952380952381,110
2024-06-22,sábado,5,PH UBAJARA,IFCO,6424,explícito,144.0,34
2024-06-22,sábado,5,TREB. MINAS,HB,618,rateio_por_capacidade,253.70309838177013,6
2024-06-22,sábado,5,TREB. MINAS,HB,623,explícito,1270.0,3
2024-06-22,sábado,5,TREB. MINAS,HB,623,rateio_por_capacidade,292.29690161822987,12
2024-06-22,sábado,5,TREB. MINAS,HB,NAO_INFORMADO,sem_base_para_rateio,59.0,3
2024-06-22,sábado,5,TREB. MINAS,IFCO,6416,explícito,2150.0,71
2024-06-22,sábado,5,TREB. MINAS,IFCO,6424,explícito,1604.0,22
2024-06-22,sábado,5,TREB. MINAS,IFCO,NAO_INFORMADO,explícito,1.0,1
2024-06-24,segunda-feira,0,PH UBAJARA,IFCO,6416,explícito,400.0,23
2024-06-24,segunda-feira,0,TREB. MINAS,HB,618,rateio_por_capacidade,1.953794146561548,2
2024-06-24,segunda-feira,0,TREB. MINAS,HB,623,rateio_por_capacidade,101.04620585343845,3
2024-06-24,segunda-feira,0,TREB. MINAS,IFCO,6416,explícito,1144.0,32
2024-06-24,segunda-feira,0,TREB. MINAS,IFCO,6424,explícito,797.0,10
2024-06-24,segunda-feira,0,TREB. MINAS,IFCO,NAO_INFORMADO,explícito,6.0,1
2024-06-25,terça-feira,1,PH CORUMBA (PF),HB,623,explícito,670.0,1
2024-06-25,terça-feira,1,PH CORUMBA (PF),IFCO,6424,explícito,640.0,1
2024-06-25,terça-feira,1,TREB. MINAS,HB,618,rateio_por_capacidade,17.951765916104698,1
2024-06-25,terça-feira,1,TREB. MINAS,HB,623,rateio_por_capacidade,2.048234083895302,1
2024-06-25,terça-feira,1,TREB. MINAS,HB,NAO_INFORMADO,sem_base_para_rateio,15.0,1
2024-06-25,terça-feira,1,TREB. MINAS,IFCO,6416,explícito,1595.0,42
2024-06-25,terça-feira,1,TREB. MINAS,IFCO,6424,explícito,1451.0,9
2024-06-25,terça-feira,1,TREB. MINAS,IFCO,NAO_INFORMADO,explícito,2.0,1
2024-06-26,quarta-feira,2,PH CORUMBA (PF),IFCO,6416,explícito,189.0,6
2024-06-26,quarta-feira,2,PH CORUMBA (PF),IFCO,6424,explícito,114.0,4
2024-06-26,quarta-feira,2,PH UBAJARA,IFCO,6416,explícito,532.0,57
2024-06-26,quarta-feira,2,PH UBAJARA,IFCO,6424,explícito,216.0,19
2024-06-26,quarta-feira,2,TREB. MINAS,HB,618,rateio_por_capacidade,527.7675638483494,14
2024-06-26,quarta-feira,2,TREB. MINAS,HB,623,explícito,810.0,3
2024-06-26,quarta-feira,2,TREB. MINAS,HB,623,rateio_por_capacidade,286.2324361516507,21
2024-06-26,quarta-feira,2,TREB. MINAS,HB,NAO_INFORMADO,sem_base_para_rateio,28.0,3
2024-06-26,quarta-feira,2,TREB. MINAS,IFCO,6416,explícito,1452.0,58
2024-06-26,quarta-feira,2,TREB. MINAS,IFCO,6424,explícito,131.0,6
2024-06-26,quarta-feira,2,TREB. MINAS,IFCO,NAO_INFORMADO,explícito,3.0,1
2024-06-27,quinta-feira,3,PH CORUMBA (PF),IFCO,6424,explícito,1120.0,1
2024-06-27,quinta-feira,3,PH UBAJARA,IFCO,6416,explícito,3.0,1
2024-06-27,quinta-feira,3,PH UBAJARA,IFCO,6424,explícito,1.0,1
2024-06-27,quinta-feira,3,TREB. MINAS,HB,618,rateio_por_capacidade,549.7212041886885,30
2024-06-27,quinta-feira,3,TREB. MINAS,HB,623,explícito,25.0,2
2024-06-27,quinta-feira,3,TREB. MINAS,HB,623,rateio_por_capacidade,275.27879581131157,36
2024-06-27,quinta-feira,3,TREB. MINAS,HB,NAO_INFORMADO,sem_base_para_rateio,73.0,5
2024-06-27,quinta-feira,3,TREB. MINAS,IFCO,6416,explícito,918.0,23
2024-06-27,quinta-feira,3,TREB. MINAS,IFCO,6424,explícito,2325.0,12
2024-06-27,quinta-feira,3,TREB. MINAS,IFCO,NAO_INFORMADO,explícito,3.0,1
2024-06-28,sexta-feira,4,PH UBAJARA,IFCO,6416,explícito,25.0,1
2024-06-28,sexta-feira,4,TREB. MINAS,HB,618,rateio_por_capacidade,81.5846888088049,1
2024-06-28,sexta-feira,4,TREB. MINAS,HB,623,explícito,270.0,2
2024-06-28,sexta-feira,4,TREB. MINAS,HB,623,rateio_por_capacidade,8.41531119119509,1
2024-06-28,sexta-feira,4,TREB. MINAS,IFCO,6416,explícito,1059.0,29
2024-06-28,sexta-feira,4,TREB. MINAS,IFCO,6424,explícito,1279.0,4
2024-06-28,sexta-feira,4,TREB. MINAS,IFCO,NAO_INFORMADO,explícito,3.0,2
2024-06-29,sábado,5,PH CORUMBA (PF),HB,623,explícito,690.0,1
2024-06-29,sábado,5,PH UBAJARA,IFCO,6416,explícito,894.0,73
2024-06-29,sábado,5,PH UBAJARA,IFCO,6424,explícito,413.0,36
2024-06-29,sábado,5,TREB. MINAS,HB,618,rateio_por_capacidade,293.7186902891754,6
2024-06-29,sábado,5,TREB. MINAS,HB,623,explícito,1795.0,2
2024-06-29,sábado,5,TREB. MINAS,HB,623,rateio_por_capacidade,668.2813097108245,7
2024-06-29,sábado,5,TREB. MINAS,HB,NAO_INFORMADO,sem_base_para_rateio,40.0,1
2024-06-29,sábado,5,TREB. MINAS,IFCO,6416,explícito,1015.0,31
2024-06-29,sábado,5,TREB. MINAS,IFCO,6424,explícito,662.0,14
2024-06-29,sábado,5,TREB. MINAS,IFCO,NAO_INFORMADO,explícito,2.0,1
2024-07-01,segunda-feira,0,PH CORUMBA (PF),IFCO,6424,explícito,1234.0,3
2024-07-01,segunda-feira,0,PH UBAJARA,IFCO,6416,explícito,511.0,34
2024-07-01,segunda-feira,0,PH UBAJARA,IFCO,6424,explícito,91.0,4
2024-07-01,segunda-feira,0,TREB. MINAS,HB,618,rateio_por_capacidade,1.9034176920520536,3
2024-07-01,segunda-feira,0,TREB. MINAS,HB,623,explícito,670.0,1
2024-07-01,segunda-feira,0,TREB. MINAS,HB,623,rateio_por_capacidade,4.096582307947946,6
2024-07-01,segunda-feira,0,TREB. MINAS,HB,NAO_INFORMADO,sem_base_para_rateio,1.0,1
2024-07-01,segunda-feira,0,TREB. MINAS,IFCO,6416,explícito,1179.3333333333333,42
2024-07-01,segunda-feira,0,TREB. MINAS,IFCO,6424,explícito,242.0,9
2024-07-01,segunda-feira,0,TREB. MINAS,IFCO,NAO_INFORMADO,explícito,6.0,1
2024-07-02,terça-feira,1,PH CORUMBA (PF),HB,623,explícito,670.0,1
2024-07-02,terça-feira,1,PH CORUMBA (PF),IFCO,6424,explícito,1120.0,2
2024-07-02,terça-feira,1,PH UBAJARA,IFCO,6416,explícito,133.0,22
2024-07-02,terça-feira,1,PH UBAJARA,IFCO,6424,explícito,28.0,7
2024-07-02,terça-feira,1,TREB. MINAS,HB,618,rateio_por_capacidade,77.29465114686258,7
2024-07-02,terça-feira,1,TREB. MINAS,HB,623,rateio_por_capacidade,15.70534885313743,7
2024-07-02,terça-feira,1,TREB. MINAS,IFCO,6416,explícito,1498.4,39
2024-07-02,terça-feira,1,TREB. MINAS,IFCO,6424,explícito,766.0,13
2024-07-02,terça-feira,1,TREB. MINAS,IFCO,NAO_INFORMADO,explícito,1.0,1
2024-07-03,quarta-feira,2,PH CORUMBA (PF),HB,623,explícito,690.0,2
2024-07-03,quarta-feira,2,PH CORUMBA (PF),IFCO,6416,explícito,162.0,6
2024-07-03,quarta-feira,2,PH CORUMBA (PF),IFCO,6424,explícito,656.0,4
2024-07-03,quarta-feira,2,PH UBAJARA,IFCO,6416,explícito,485.0,27
2024-07-03,quarta-feira,2,PH UBAJARA,IFCO,6424,explícito,82.0,7
2024-07-03,quarta-feira,2,TREB. MINAS,HB,623,explícito,1260.0,2
2024-07-03,quarta-feira,2,TREB. MINAS,IFCO,6416,explícito,1702.0,74
2024-07-03,quarta-feira,2,TREB. MINAS,IFCO,6424,explícito,401.0,9
2024-07-03,quarta-feira,2,TREB. MINAS,IFCO,NAO_INFORMADO,explícito,2.0,1
2024-07-04,quinta-feira,3,PH CORUMBA (PF),HB,623,explícito,670.0,1
2024-07-04,quinta-feira,3,PH UBAJARA,IFCO,6416,explícito,151.0,22
2024-07-04,quinta-feira,3,PH UBAJARA,IFCO,6424,explícito,11.0,2
2024-07-04,quinta-feira,3,TREB. MINAS,HB,618,rateio_por_capacidade,1162.2306821410903,36
2024-07-04,quinta-feira,3,TREB. MINAS,HB,623,explícito,1620.0,4
2024-07-04,quinta-feira,3,TREB. MINAS,HB,623,rateio_por_capacidade,249.7693178589097,46
2024-07-04,quinta-feira,3,TREB. MINAS,HB,NAO_INFORMADO,sem_base_para_rateio,331.0,9
2024-07-04,quinta-feira,3,TREB. MINAS,IFCO,6416,explícito,161.0,14
2024-07-04,quinta-feira,3,TREB. MINAS,IFCO,6424,explícito,107.0,5
2024-07-05,sexta-feira,4,PH CORUMBA (PF),IFCO,6424,explícito,640.0,1
2024-07-05,sexta-feira,4,PH UBAJARA,IFCO,6416,explícito,471.0,15
2024-07-05,sexta-feira,4,PH UBAJARA,IFCO,6424,explícito,210.0,5
2024-07-05,sexta-feira,4,TREB. MINAS,HB,618,rateio_por_capacidade,405.5157680830066,6
2024-07-05,sexta-feira,4,TREB. MINAS,HB,623,explícito,225.0,2
2024-07-05,sexta-feira,4,TREB. MINAS,HB,623,rateio_por_capacidade,89.48423191699342,7
2024-07-05,sexta-feira,4,TREB. MINAS,HB,NAO_INFORMADO,sem_base_para_rateio,90.0,1
2024-07-05,sexta-feira,4,TREB. MINAS,IFCO,6416,explícito,1086.0,29
2024-07-05,sexta-feira,4,TREB. MINAS,IFCO,6424,explícito,760.0,2
2024-07-05,sexta-feira,4,TREB. MINAS,IFCO,NAO_INFORMADO,explícito,4.0,1
2024-07-06,sábado,5,PH CORUMBA (PF),HB,623,explícito,690.0,1
2024-07-06,sábado,5,PH CORUMBA (PF),IFCO,6424,explícito,916.0,4
2024-07-06,sábado,5,PH UBAJARA,IFCO,6416,explícito,662.0,91
2024-07-06,sábado,5,PH UBAJARA,IFCO,6424,explícito,509.0,43
2024-07-06,sábado,5,TREB. MINAS,HB,618,rateio_por_capacidade,634.0588800557487,8
2024-07-06,sábado,5,TREB. MINAS,HB,623,explícito,2560.0,3
2024-07-06,sábado,5,TREB. MINAS,HB,623,rateio_por_capacidade,75.94111994425137,8
2024-07-06,sábado,5,TREB. MINAS,HB,NAO_INFORMADO,sem_base_para_rateio,43.0,2
2024-07-06,sábado,5,TREB. MINAS,IFCO,6416,explícito,754.0,37
2024-07-06,sábado,5,TREB. MINAS,IFCO,6424,explícito,803.0,11
2024-07-06,sábado,5,TREB. MINAS,IFCO,NAO_INFORMADO,explícito,1.0,1
2024-07-08,segunda-feira,0,PH UBAJARA,IFCO,6416,explícito,366.0,25
2024-07-08,segunda-feira,0,PH UBAJARA,IFCO,6424,explícito,27.0,4
2024-07-08,segunda-feira,0,TREB. MINAS,HB,618,rateio_por_capacidade,1.0,1
2024-07-08,segunda-feira,0,TREB. MINAS,HB,623,rateio_por_capacidade,1.0,1
2024-07-08,segunda-feira,0,TREB. MINAS,IFCO,6416,explícito,429.0,30
2024-07-08,segunda-feira,0,TREB. MINAS,IFCO,6424,explícito,770.0,8
2024-07-08,segunda-feira,0,TREB. MINAS,IFCO,NAO_INFORMADO,explícito,5.0,1
2024-07-09,terça-feira,1,PH CORUMBA (PF),HB,623,explícito,1330.0,3
2024-07-09,terça-feira,1,PH CORUMBA (PF),IFCO,6424,explícito,400.0,2
2024-07-09,terça-feira,1,PH UBAJARA,IFCO,6416,explícito,583.0,19
2024-07-09,terça-feira,1,PH UBAJARA,IFCO,6424,explícito,11.0,4
2024-07-09,terça-feira,1,TREB. MINAS,HB,618,rateio_por_capacidade,194.28592767515818,13
2024-07-09,terça-feira,1,TREB. MINAS,HB,623,rateio_por_capacidade,767.7140723248418,19
2024-07-09,terça-feira,1,TREB. MINAS,HB,NAO_INFORMADO,sem_base_para_rateio,21.0,2
2024-07-09,terça-feira,1,TREB. MINAS,IFCO,6416,explícito,1235.0,36
2024-07-09,terça-feira,1,TREB. MINAS,IFCO,6424,explícito,516.0,18
2024-07-09,terça-feira,1,TREB. MINAS,IFCO,NAO_INFORMADO,explícito,1.0,1
2024-07-10,quarta-feira,2,PH CORUMBA (PF),HB,623,explícito,945.0,1
2024-07-10,quarta-feira,2,PH CORUMBA (PF),IFCO,6416,explícito,157.0,6
2024-07-10,quarta-feira,2,PH CORUMBA (PF),IFCO,6424,explícito,15.0,3
2024-07-10,quarta-feira,2,PH UBAJARA,IFCO,6416,explícito,226.0,18
2024-07-10,quarta-feira,2,PH UBAJARA,IFCO,6424,explícito,29.0,2
2024-07-10,quarta-feira,2,TREB. MINAS,HB,618,rateio_por_capacidade,86.71281724816052,7
2024-07-10,quarta-feira,2,TREB. MINAS,HB,623,explícito,670.0,1
2024-07-10,quarta-feira,2,TREB. MINAS,HB,623,rateio_por_capacidade,73.2871827518395,12
2024-07-10,quarta-feira,2,TREB. MINAS,HB,NAO_INFORMADO,sem_base_para_rateio,429.0,2
2024-07-10,quarta-feira,2,TREB. MINAS,IFCO,6416,explícito,1569.0,73
2024-07-10,quarta-feira,2,TREB. MINAS,IFCO,6424,explícito,1323.0,12
2024-07-10,quarta-feira,2,TREB. MINAS,IFCO,NAO_INFORMADO,explícito,4.0,1
2024-07-11,quinta-feira,3,PH CORUMBA (PF),HB,623,explícito,1340.0,3
2024-07-11,quinta-feira,3,PH CORUMBA (PF),IFCO,6424,explícito,1520.0,3
2024-07-11,quinta-feira,3,PH UBAJARA,IFCO,6416,explícito,215.0,33
2024-07-11,quinta-feira,3,PH UBAJARA,IFCO,6424,explícito,355.0,19
2024-07-11,quinta-feira,3,TREB. MINAS,HB,618,rateio_por_capacidade,603.7701222309632,26
2024-07-11,quinta-feira,3,TREB. MINAS,HB,623,explícito,1401.0,5
2024-07-11,quinta-feira,3,TREB. MINAS,HB,623,rateio_por_capacidade,239.2298777690368,32
2024-07-11,quinta-feira,3,TREB. MINAS,HB,NAO_INFORMADO,sem_base_para_rateio,36.0,3
2024-07-11,quinta-feira,3,TREB. MINAS,IFCO,6416,explícito,498.0,31
2024-07-11,quinta-feira,3,TREB. MINAS,IFCO,6424,explícito,254.0,16
2024-07-11,quinta-feira,3,TREB. MINAS,IFCO,NAO_INFORMADO,explícito,3.0,1
2024-07-12,sexta-feira,4,PH CORUMBA (PF),IFCO,6424,explícito,800.0,1
2024-07-12,sexta-feira,4,PH UBAJARA,IFCO,6416,explícito,307.0,3
2024-07-12,sexta-feira,4,TREB. MINAS,IFCO,6416,explícito,1257.0,35
2024-07-12,sexta-feira,4,TREB. MINAS,IFCO,6424,explícito,240.0,2
2024-07-12,sexta-feira,4,TREB. MINAS,IFCO,NAO_INFORMADO,explícito,3.0,2
2024-07-13,sábado,5,PH CORUMBA (PF),IFCO,6424,explícito,1085.0,1
2024-07-13,sábado,5,PH UBAJARA,IFCO,6416,explícito,1373.0,134
2024-07-13,sábado,5,PH UBAJARA,IFCO,6424,explícito,390.0,41
2024-07-13,sábado,5,TREB. MINAS,HB,618,rateio_por_capacidade,156.93491532672203,10
2024-07-13,sábado,5,TREB. MINAS,HB,623,explícito,1875.0,3
2024-07-13,sábado,5,TREB. MINAS,HB,623,rateio_por_capacidade,70.06508467327797,12
2024-07-13,sábado,5,TREB. MINAS,HB,NAO_INFORMADO,sem_base_para_rateio,15.0,1
2024-07-13,sábado,5,TREB. MINAS,IFCO,6416,explícito,2362.0,53
2024-07-13,sábado,5,TREB. MINAS,IFCO,6424,explícito,809.0,16
2024-07-13,sábado,5,TREB. MINAS,IFCO,NAO_INFORMADO,explícito,1.0,1
2024-07-15,segunda-feira,0,PH CORUMBA (PF),HB,623,explícito,690.0,2
2024-07-15,segunda-feira,0,PH UBAJARA,IFCO,6416,explícito,399.0,23
2024-07-15,segunda-feira,0,PH UBAJARA,IFCO,6424,explícito,25.0,2
2024-07-15,segunda-feira,0,TREB. MINAS,HB,623,explícito,670.0,1
2024-07-15,segunda-feira,0,TREB. MINAS,IFCO,6416,explícito,781.0,21
2024-07-15,segunda-feira,0,TREB. MINAS,IFCO,6424,explícito,782.0,4
2024-07-15,segunda-feira,0,TREB. MINAS,IFCO,NAO_INFORMADO,explícito,4.0,1
2024-07-16,terça-feira,1,PH CORUMBA (PF),HB,623,explícito,690.0,2
2024-07-16,terça-feira,1,PH CORUMBA (PF),IFCO,6424,explícito,145.0,1
2024-07-16,terça-feira,1,PH UBAJARA,IFCO,6416,explícito,206.28571428571428,56
2024-07-16,terça-feira,1,PH UBAJARA,IFCO,6424,explícito,74.0,24
2024-07-16,terça-feira,1,TREB. MINAS,HB,618,rateio_por_capacidade,242.3172500786287,11
2024-07-16,terça-feira,1,TREB. MINAS,HB,623,rateio_por_capacidade,38.68274992137132,10
2024-07-16,terça-feira,1,TREB. MINAS,HB,NAO_INFORMADO,sem_base_para_rateio,27.0,2
2024-07-16,terça-feira,1,TREB. MINAS,IFCO,6416,explícito,2033.0,34
2024-07-16,terça-feira,1,TREB. MINAS,IFCO,6424,explícito,927.0,9
2024-07-16,terça-feira,1,TREB. MINAS,IFCO,NAO_INFORMADO,explícito,2.0,1
2024-07-17,quarta-feira,2,PH CORUMBA (PF),IFCO,6416,explícito,99.0,6
2024-07-17,quarta-feira,2,PH CORUMBA (PF),IFCO,6424,explícito,1125.0,4
2024-07-17,quarta-feira,2,PH UBAJARA,IFCO,6416,explícito,148.0,17
2024-07-17,quarta-feira,2,PH UBAJARA,IFCO,6424,explícito,128.0,4
2024-07-17,quarta-feira,2,TREB. MINAS,HB,618,rateio_por_capacidade,2.903417692052054,4
2024-07-17,quarta-feira,2,TREB. MINAS,HB,623,explícito,1260.0,1
2024-07-17,quarta-feira,2,TREB. MINAS,HB,623,rateio_por_capacidade,3.0965823079479464,5
2024-07-17,quarta-feira,2,TREB. MINAS,IFCO,6416,explícito,909.0,40
2024-07-17,quarta-feira,2,TREB. MINAS,IFCO,6424,explícito,1447.0,14
2024-07-18,quinta-feira,3,PH CORUMBA (PF),HB,623,explícito,670.0,1
2024-07-18,quinta-feira,3,PH CORUMBA (PF),IFCO,6424,explícito,1120.0,1
2024-07-18,quinta-feira,3,PH UBAJARA,IFCO,6416,explícito,52.0,12
2024-07-18,quinta-feira,3,PH UBAJARA,IFCO,6424,explícito,27.0,6
2024-07-18,quinta-feira,3,TREB. MINAS,HB,618,rateio_por_capacidade,614.0229892168693,19
2024-07-18,quinta-feira,3,TREB. MINAS,HB,623,explícito,720.0,1
2024-07-18,quinta-feira,3,TREB. MINAS,HB,623,rateio_por_capacidade,394.9770107831307,22
2024-07-18,quinta-feira,3,TREB. MINAS,HB,NAO_INFORMADO,sem_base_para_rateio,65.0,4
2024-07-18,quinta-feira,3,TREB. MINAS,IFCO,6416,explícito,780.0,28
2024-07-18,quinta-feira,3,TREB. MINAS,IFCO,6424,explícito,70.0,6
2024-07-18,quinta-feira,3,TREB. MINAS,IFCO,NAO_INFORMADO,explícito,8.0,1
2024-07-18,quinta-feira,3,TREBESCHI DF,IFCO,6424,explícito,32.0,8
2024-07-19,sexta-feira,4,PH CORUMBA (PF),IFCO,6424,explícito,2240.0,2
2024-07-19,sexta-feira,4,PH UBAJARA,IFCO,6416,explícito,65.0,24
2024-07-19,sexta-feira,4,PH UBAJARA,IFCO,6424,explícito,27.0,9
2024-07-19,sexta-feira,4,TREB. MINAS,HB,623,explícito,200.0,1
2024-07-19,sexta-feira,4,TREB. MINAS,IFCO,6416,explícito,2041.0,38
2024-07-19,sexta-feira,4,TREB. MINAS,IFCO,6424,explícito,2401.0,6
2024-07-19,sexta-feira,4,TREBESCHI DF,IFCO,6424,explícito,17.0,2
2024-07-20,sábado,5,PH CORUMBA (PF),HB,623,explícito,690.0,1
2024-07-20,sábado,5,PH CORUMBA (PF),IFCO,6424,explícito,2400.0,4
2024-07-20,sábado,5,PH UBAJARA,IFCO,6416,explícito,1150.0,111
2024-07-20,sábado,5,PH UBAJARA,IFCO,6424,explícito,550.0,39
2024-07-20,sábado,5,TREB. MINAS,HB,618,rateio_por_capacidade,276.2888316249867,19
2024-07-20,sábado,5,TREB. MINAS,HB,623,explícito,1340.0,2
2024-07-20,sábado,5,TREB. MINAS,HB,623,rateio_por_capacidade,106.71116837501332,23
2024-07-20,sábado,5,TREB. MINAS,HB,NAO_INFORMADO,sem_base_para_rateio,27.0,3
2024-07-20,sábado,5,TREB. MINAS,IFCO,6416,explícito,1500.0,54
2024-07-20,sábado,5,TREB. MINAS,IFCO,6424,explícito,144.0,10
2024-07-20,sábado,5,TREB. MINAS,IFCO,NAO_INFORMADO,explícito,1.0,1
2024-07-22,segunda-feira,0,PH UBAJARA,IFCO,6416,explícito,396.0,32
2024-07-22,segunda-feira,0,PH UBAJARA,IFCO,6424,explícito,130.0,9
2024-07-22,segunda-feira,0,TREB. MINAS,HB,618,rateio_por_capacidade,487.99317160541676,14
2024-07-22,segunda-feira,0,TREB. MINAS,HB,623,rateio_por_capacidade,248.00682839458327,21
2024-07-22,segunda-feira,0,TREB. MINAS,HB,NAO_INFORMADO,sem_base_para_rateio,93.0,3
2024-07-22,segunda-feira,0,TREB. MINAS,IFCO,6416,explícito,1441.0,41
2024-07-22,segunda-feira,0,TREB. MINAS,IFCO,6424,explícito,645.0,8
2024-07-22,segunda-feira,0,TREB. MINAS,IFCO,NAO_INFORMADO,explícito,5.0,1
2024-07-22,segunda-feira,0,TREBESCHI DF,IFCO,6424,explícito,13.0,3
2024-07-23,terça-feira,1,PH CORUMBA (PF),IFCO,6424,explícito,150.0,1
2024-07-23,terça-feira,1,PH UBAJARA,IFCO,6416,explícito,208.0,7
2024-07-23,terça-feira,1,PH UBAJARA,IFCO,6424,explícito,6.0,2
2024-07-23,terça-feira,1,TREB. MINAS,HB,618,rateio_por_capacidade,381.7888075053186,13
2024-07-23,terça-feira,1,TREB. MINAS,HB,623,rateio_por_capacidade,71.21119249468144,13
2024-07-23,terça-feira,1,TREB. MINAS,HB,NAO_INFORMADO,sem_base_para_rateio,20.0,1
2024-07-23,terça-feira,1,TREB. MINAS,IFCO,6416,explícito,2225.0,45
2024-07-23,terça-feira,1,TREB. MINAS,IFCO,6424,explícito,1102.0,16
2024-07-23,terça-feira,1,TREB. MINAS,IFCO,NAO_INFORMADO,explícito,3.0,1
2024-07-24,quarta-feira,2,PH CORUMBA (PF),HB,623,explícito,1316.0,2
2024-07-24,quarta-feira,2,PH CORUMBA (PF),IFCO,6416,explícito,82.0,5
2024-07-24,quarta-feira,2,PH CORUMBA (PF),IFCO,6424,explícito,2.0,1
2024-07-24,quarta-feira,2,PH SUL (PF),IFCO,6424,explícito,374.0,5
2024-07-24,quarta-feira,2,PH UBAJARA,IFCO,6416,explícito,331.0,50
2024-07-24,quarta-feira,2,PH UBAJARA,IFCO,6424,explícito,130.98076923076923,15
2024-07-24,quarta-feira,2,TREB. MINAS,HB,618,rateio_por_capacidade,185.20855555230978,5
2024-07-24,quarta-feira,2,TREB. MINAS,HB,623,explícito,670.0,2
2024-07-24,quarta-feira,2,TREB. MINAS,HB,623,rateio_por_capacidade,21.791444447690218,5
2024-07-24,quarta-feira,2,TREB. MINAS,HB,NAO_INFORMADO,sem_base_para_rateio,1.0,1
2024-07-24,quarta-feira,2,TREB. MINAS,IFCO,6416,explícito,1214.0,55
2024-07-24,quarta-feira,2,TREB. MINAS,IFCO,6424,explícito,142.0,6
2024-07-24,quarta-feira,2,TREB. MINAS,IFCO,NAO_INFORMADO,explícito,5.0,1
2024-07-24,quarta-feira,2,TREBESCHI DF,IFCO,6424,explícito,31.0,3
2024-07-25,quinta-feira,3,PH CORUMBA (PF),HB,623,explícito,1590.0,3
2024-07-25,quinta-feira,3,PH SUL (PF),IFCO,6424,explícito,64.0,3
2024-07-25,quinta-feira,3,TREB. MINAS,HB,618,rateio_por_capacidade,288.99351402650393,14
2024-07-25,quinta-feira,3,TREB. MINAS,HB,623,explícito,313.0,3
2024-07-25,quinta-feira,3,TREB. MINAS,HB,623,rateio_por_capacidade,554.0064859734961,21
2024-07-25,quinta-feira,3,TREB. MINAS,HB,NAO_INFORMADO,sem_base_para_rateio,34.0,5
2024-07-25,quinta-feira,3,TREB. MINAS,IFCO,6416,explícito,483.0,25
2024-07-25,quinta-feira,3,TREB. MINAS,IFCO,6424,explícito,368.0,8
2024-07-25,quinta-feira,3,TREB. MINAS,IFCO,NAO_INFORMADO,explícito,2.0,1
2024-07-25,quinta-feira,3,TREBESCHI DF,IFCO,6424,explícito,45.0,6
2024-07-26,sexta-feira,4,PH CORUMBA (PF),IFCO,6424,explícito,640.0,1
2024-07-26,sexta-feira,4,PH SUL (PF),IFCO,6424,explícito,91.0,3
2024-07-26,sexta-feira,4,TREB. MINAS,IFCO,6416,explícito,1611.0,45
2024-07-26,sexta-feira,4,TREB. MINAS,IFCO,6424,explícito,66.0,4
2024-07-26,sexta-feira,4,TREB. MINAS,IFCO,NAO_INFORMADO,explícito,3.0,1
2024-07-27,sábado,5,PH CORUMBA (PF),HB,623,explícito,670.0,1
2024-07-27,sábado,5,PH SUL (PF),IFCO,6424,explícito,17.0,1
2024-07-27,sábado,5,PH UBAJARA,IFCO,6416,explícito,695.0,103
2024-07-27,sábado,5,PH UBAJARA,IFCO,6424,explícito,447.0,30
2024-07-27,sábado,5,TREB. MINAS,HB,618,explícito,305.0,9
2024-07-27,sábado,5,TREB. MINAS,HB,618,rateio_por_capacidade,104.59961846721487,9
2024-07-27,sábado,5,TREB. MINAS,HB,623,rateio_por_capacidade,749.4003815327851,21
2024-07-27,sábado,5,TREB. MINAS,HB,NAO_INFORMADO,sem_base_para_rateio,43.0,5
2024-07-27,sábado,5,TREB. MINAS,IFCO,6416,explícito,1412.0,40
2024-07-27,sábado,5,TREB. MINAS,IFCO,6424,explícito,263.0,11
2024-07-29,segunda-feira,0,PH UBAJARA,IFCO,6416,explícito,484.0,41
2024-07-29,segunda-feira,0,PH UBAJARA,IFCO,6424,explícito,35.0,8
2024-07-29,segunda-feira,0,TREB. MINAS,HB,618,explícito,6.0,4
2024-07-29,segunda-feira,0,TREB. MINAS,IFCO,6416,explícito,1158.0,42
2024-07-29,segunda-feira,0,TREB. MINAS,IFCO,6424,explícito,163.0,11
2024-07-29,segunda-feira,0,TREB. MINAS,IFCO,NAO_INFORMADO,explícito,5.0,1
2024-07-30,terça-feira,1,PH CORUMBA (PF),HB,623,explícito,1290.0,3
2024-07-30,terça-feira,1,PH SUL (PF),IFCO,6424,explícito,50.0,2
2024-07-30,terça-feira,1,PH UBAJARA,IFCO,6416,explícito,858.0,98
2024-07-30,terça-feira,1,PH UBAJARA,IFCO,6424,explícito,250.0,34
2024-07-30,terça-feira,1,TREB. MINAS,HB,618,explícito,187.0,9
2024-07-30,terça-feira,1,TREB. MINAS,HB,618,rateio_por_capacidade,132.02943661938863,13
2024-07-30,terça-feira,1,TREB. MINAS,HB,623,explícito,743.0,5
2024-07-30,terça-feira,1,TREB. MINAS,HB,623,rateio_por_capacidade,17.97056338061138,13
2024-07-30,terça-feira,1,TREB. MINAS,HB,NAO_INFORMADO,sem_base_para_rateio,25.0,1
2024-07-30,terça-feira,1,TREB. MINAS,IFCO,6416,explícito,1565.0,29
2024-07-30,terça-feira,1,TREB. MINAS,IFCO,6424,explícito,1241.0,6
2024-07-30,terça-feira,1,TREB. MINAS,IFCO,NAO_INFORMADO,explícito,4.0,1
2024-07-31,quarta-feira,2,PH CORUMBA (PF),IFCO,6416,explícito,132.0,11
2024-07-31,quarta-feira,2,PH CORUMBA (PF),IFCO,6424,explícito,1.0,1
2024-07-31,quarta-feira,2,PH UBAJARA,IFCO,6416,explícito,632.0,29
2024-07-31,quarta-feira,2,PH UBAJARA,IFCO,6424,explícito,299.0,8
2024-07-31,quarta-feira,2,TREB. MINAS,HB,618,explícito,7.0,5
2024-07-31,quarta-feira,2,TREB. MINAS,HB,618,rateio_por_capacidade,3.9854806832135337,6
2024-07-31,quarta-feira,2,TREB. MINAS,HB,623,explícito,672.0,2
2024-07-31,quarta-feira,2,TREB. MINAS,HB,623,rateio_por_capacidade,165.01451931678648,9
2024-07-31,quarta-feira,2,TREB. MINAS,HB,NAO_INFORMADO,sem_base_para_rateio,2.0,2
2024-07-31,quarta-feira,2,TREB. MINAS,IFCO,6416,explícito,1024.5,45
2024-07-31,quarta-feira,2,TREB. MINAS,IFCO,6424,explícito,805.0,7
2024-07-31,quarta-feira,2,TREB. MINAS,IFCO,NAO_INFORMADO,explícito,2.0,1
2024-08-01,quinta-feira,3,PH CORUMBA (PF),IFCO,6424,explícito,1760.0,3
2024-08-01,quinta-feira,3,PH UBAJARA,IFCO,6416,explícito,209.0,29
2024-08-01,quinta-feira,3,PH UBAJARA,IFCO,6424,explícito,59.0,5
2024-08-01,quinta-feira,3,TREB. MINAS,HB,618,explícito,247.0,9
2024-08-01,quinta-feira,3,TREB. MINAS,HB,618,rateio_por_capacidade,489.4355453154533,27
2024-08-01,quinta-feira,3,TREB. MINAS,HB,623,explícito,1398.0,6
2024-08-01,quinta-feira,3,TREB. MINAS,HB,623,rateio_por_capacidade,234.56445468454672,31
2024-08-01,quinta-feira,3,TREB. MINAS,HB,NAO_INFORMADO,sem_base_para_rateio,48.0,4
2024-08-01,quinta-feira,3,TREB. MINAS,IFCO,6416,explícito,371.0,16
2024-08-01,quinta-feira,3,TREB. MINAS,IFCO,6424,explícito,401.0,3
2024-08-01,quinta-feira,3,TREB. MINAS,IFCO,NAO_INFORMADO,explícito,4.0,1
2024-08-02,sexta-feira,4,PH CORUMBA (PF),HB,623,explícito,690.0,1
2024-08-02,sexta-feira,4,PH UBAJARA,IFCO,6416,explícito,914.0,67
2024-08-02,sexta-feira,4,PH UBAJARA,IFCO,6424,explícito,36.0,7
2024-08-02,sexta-feira,4,TREB. MINAS,HB,623,explícito,400.0,1
2024-08-02,sexta-feira,4,TREB. MINAS,HB,623,rateio_por_capacidade,300.0,2
2024-08-02,sexta-feira,4,TREB. MINAS,HB,NAO_INFORMADO,sem_base_para_rateio,2.0,1
2024-08-02,sexta-feira,4,TREB. MINAS,IFCO,6416,explícito,1143.0,36
2024-08-02,sexta-feira,4,TREB. MINAS,IFCO,6424,explícito,121.0,2
2024-08-02,sexta-feira,4,TREB. MINAS,IFCO,NAO_INFORMADO,explícito,4.0,1
2024-08-02,sexta-feira,4,TREBESCHI DF,HB,618,explícito,2.0,1
2024-08-03,sábado,5,PH CORUMBA (PF),HB,623,explícito,1340.0,2
2024-08-03,sábado,5,PH CORUMBA (PF),IFCO,6424,explícito,865.0,3
2024-08-03,sábado,5,PH UBAJARA,IFCO,6416,explícito,618.0,67
2024-08-03,sábado,5,PH UBAJARA,IFCO,6424,explícito,299.0,18
2024-08-03,sábado,5,TREB. MINAS,HB,618,explícito,535.0,9
2024-08-03,sábado,5,TREB. MINAS,HB,618,rateio_por_capacidade,562.9990106252883,21
2024-08-03,sábado,5,TREB. MINAS,HB,623,explícito,53.0,3
2024-08-03,sábado,5,TREB. MINAS,HB,623,rateio_por_capacidade,589.0009893747117,28
2024-08-03,sábado,5,TREB. MINAS,HB,NAO_INFORMADO,sem_base_para_rateio,733.0,5
2024-08-03,sábado,5,TREB. MINAS,IFCO,6416,explícito,2114.0,87
2024-08-03,sábado,5,TREB. MINAS,IFCO,6424,explícito,2451.0,41
2024-08-03,sábado,5,TREB. MINAS,IFCO,NAO_INFORMADO,explícito,2.0,1
2024-08-05,segunda-feira,0,PH CORUMBA (PF),HB,623,explícito,1380.0,4
2024-08-05,segunda-feira,0,PH UBAJARA,IFCO,6416,explícito,405.0,41
2024-08-05,segunda-feira,0,PH UBAJARA,IFCO,6424,explícito,51.0,8
2024-08-05,segunda-feira,0,TREB. MINAS,HB,618,explícito,9.0,5
2024-08-05,segunda-feira,0,TREB. MINAS,HB,618,rateio_por_capacidade,99.65069886236732,8
2024-08-05,segunda-feira,0,TREB. MINAS,HB,623,explícito,1.0,1
2024-08-05,segunda-feira,0,TREB. MINAS,HB,623,rateio_por_capacidade,423.3493011376327,10
2024-08-05,segunda-feira,0,TREB. MINAS,IFCO,6416,explícito,1205.4,35
2024-08-05,segunda-feira,0,TREB. MINAS,IFCO,6424,explícito,1976.0,10
2024-08-05,segunda-feira,0,TREB. MINAS,IFCO,NAO_INFORMADO,explícito,3.0,1
2024-08-06,terça-feira,1,PH CORUMBA (PF),HB,623,explícito,690.0,2
2024-08-06,terça-feira,1,PH CORUMBA (PF),IFCO,6424,explícito,640.0,1
2024-08-06,terça-feira,1,PH SUL (PF),IFCO,6424,explícito,8.0,1
2024-08-06,terça-feira,1,PH UBAJARA,IFCO,6416,explícito,164.0,20
2024-08-06,terça-feira,1,PH UBAJARA,IFCO,6424,explícito,13.0,3
2024-08-06,terça-feira,1,TREB. MINAS,HB,618,explícito,192.0,9
2024-08-06,terça-feira,1,TREB. MINAS,HB,618,rateio_por_capacidade,55.119284641650545,8
2024-08-06,terça-feira,1,TREB. MINAS,HB,623,explícito,82.0,4
2024-08-06,terça-feira,1,TREB. MINAS,HB,623,rateio_por_capacidade,14.880715358349455,8
2024-08-06,terça-feira,1,TREB. MINAS,HB,NAO_INFORMADO,sem_base_para_rateio,20.0,1
2024-08-06,terça-feira,1,TREB. MINAS,IFCO,6416,explícito,2190.0,42
2024-08-06,terça-feira,1,TREB. MINAS,IFCO,6424,explícito,530.0,16
2024-08-06,terça-feira,1,TREB. MINAS,IFCO,NAO_INFORMADO,explícito,3.0,1
2024-08-07,quarta-feira,2,PH CORUMBA (PF),HB,618,explícito,199.0,9
2024-08-07,quarta-feira,2,PH CORUMBA (PF),HB,623,explícito,671.0,2
2024-08-07,quarta-feira,2,PH CORUMBA (PF),IFCO,6416,explícito,40.0,1
2024-08-07,quarta-feira,2,PH CORUMBA (PF),IFCO,6424,explícito,1140.0,3
2024-08-07,quarta-feira,2,PH SUL (PF),IFCO,6424,explícito,5.0,1
2024-08-07,quarta-feira,2,PH UBAJARA,IFCO,6416,explícito,194.1904761904762,21
2024-08-07,quarta-feira,2,PH UBAJARA,IFCO,6424,explícito,66.0,5
2024-08-07,quarta-feira,2,TREB. MINAS,HB,618,explícito,656.0,36
2024-08-07,quarta-feira,2,TREB. MINAS,HB,618,rateio_por_capacidade,3.702764884733566,2
2024-08-07,quarta-feira,2,TREB. MINAS,HB,623,explícito,791.0,3
2024-08-07,quarta-feira,2,TREB. MINAS,HB,623,rateio_por_capacidade,169.29723511526643,6
2024-08-07,quarta-feira,2,TREB. MINAS,HB,NAO_INFORMADO,sem_base_para_rateio,2.0,1
2024-08-07,quarta-feira,2,TREB. MINAS,IFCO,6416,explícito,616.0,16
2024-08-07,quarta-feira,2,TREB. MINAS,IFCO,6424,explícito,189.0,10
2024-08-08,quinta-feira,3,PH CORUMBA (PF),HB,623,explícito,690.0,2
2024-08-08,quinta-feira,3,PH CORUMBA (PF),IFCO,6424,explícito,4640.0,5
2024-08-08,quinta-feira,3,PH SUL (PF),IFCO,6424,explícito,195.0,3
2024-08-08,quinta-feira,3,TREB. MINAS,HB,618,explícito,601.0,25
2024-08-08,quinta-feira,3,TREB. MINAS,HB,618,rateio_por_capacidade,103.79323910664404,3
2024-08-08,quinta-feira,3,TREB. MINAS,HB,623,explícito,1538.0,10
2024-08-08,quinta-feira,3,TREB. MINAS,HB,623,rateio_por_capacidade,36.20676089335596,5
2024-08-08,quinta-feira,3,TREB. MINAS,HB,NAO_INFORMADO,sem_base_para_rateio,130.0,1
2024-08-08,quinta-feira,3,TREB. MINAS,IFCO,6416,explícito,67.0,7
2024-08-08,quinta-feira,3,TREB. MINAS,IFCO,6424,explícito,1127.0,6
2024-08-09,sexta-feira,4,PH CORUMBA (PF),IFCO,6424,explícito,1120.0,2
2024-08-09,sexta-feira,4,PH SUL (PF),IFCO,6424,explícito,90.0,5
2024-08-09,sexta-feira,4,PH UBAJARA,IFCO,6416,explícito,617.0,48
2024-08-09,sexta-feira,4,PH UBAJARA,IFCO,6424,explícito,356.0,23
2024-08-09,sexta-feira,4,TREB. MINAS,HB,618,explícito,548.0,30
2024-08-09,sexta-feira,4,TREB. MINAS,HB,618,rateio_por_capacidade,297.1102897988614,12
2024-08-09,sexta-feira,4,TREB. MINAS,HB,623,explícito,761.0,3
2024-08-09,sexta-feira,4,TREB. MINAS,HB,623,rateio_por_capacidade,702.8897102011385,16
2024-08-09,sexta-feira,4,TREB. MINAS,HB,NAO_INFORMADO,sem_base_para_rateio,21.0,2
2024-08-09,sexta-feira,4,TREB. MINAS,IFCO,6416,explícito,1661.0,18
2024-08-09,sexta-feira,4,TREB. MINAS,IFCO,6424,explícito,231.0,4
2024-08-10,sábado,5,PH CORUMBA (PF),HB,623,explícito,690.0,1
2024-08-10,sábado,5,PH CORUMBA (PF),IFCO,6424,explícito,1110.0,3
2024-08-10,sábado,5,PH UBAJARA,IFCO,6416,explícito,1102.0,139
2024-08-10,sábado,5,PH UBAJARA,IFCO,6424,explícito,261.0,23
2024-08-10,sábado,5,TREB. MINAS,HB,618,explícito,1394.0,35
2024-08-10,sábado,5,TREB. MINAS,HB,618,rateio_por_capacidade,66.25085278318785,6
2024-08-10,sábado,5,TREB. MINAS,HB,623,explícito,2117.0,9
2024-08-10,sábado,5,TREB. MINAS,HB,623,rateio_por_capacidade,51.749147216812155,10
2024-08-10,sábado,5,TREB. MINAS,HB,NAO_INFORMADO,sem_base_para_rateio,55.0,4
2024-08-10,sábado,5,TREB. MINAS,IFCO,6416,explícito,1240.0,25
2024-08-10,sábado,5,TREB. MINAS,IFCO,6424,explícito,1338.0,15
2024-08-12,segunda-feira,0,PH CORUMBA (PF),HB,623,explícito,670.0,1
2024-08-12,segunda-feira,0,PH CORUMBA (PF),IFCO,6424,explícito,320.0,1
2024-08-12,segunda-feira,0,PH SUL (PF),IFCO,6424,explícito,315.0,9
2024-08-12,segunda-feira,0,PH UBAJARA,IFCO,6416,explícito,476.0,34
2024-08-12,segunda-feira,0,PH UBAJARA,IFCO,6424,explícito,118.0,14
2024-08-12,segunda-feira,0,TREB. MINAS,HB,618,explícito,434.0,20
2024-08-12,segunda-feira,0,TREB. MINAS,HB,618,rateio_por_capacidade,0.8593352861980438,1
2024-08-12,segunda-feira,0,TREB. MINAS,HB,623,explícito,790.0,2
2024-08-12,segunda-feira,0,TREB. MINAS,HB,623,rateio_por_capacidade,0.14066471380195628,1
2024-08-12,segunda-feira,0,TREB. MINAS,IFCO,6416,explícito,663.0,23
2024-08-12,segunda-feira,0,TREB. MINAS,IFCO,6424,explícito,120.0,26
2024-08-13,terça-feira,1,PH CORUMBA (PF),HB,623,explícito,670.0,1
2024-08-13,terça-feira,1,PH SUL (PF),IFCO,6424,explícito,227.0,4
2024-08-13,terça-feira,1,PH UBAJARA,IFCO,6416,explícito,409.0,23
2024-08-13,terça-feira,1,PH UBAJARA,IFCO,6424,explícito,25.0,3
2024-08-13,terça-feira,1,TREB. MINAS,HB,618,explícito,454.0,24
2024-08-13,terça-feira,1,TREB. MINAS,HB,618,rateio_por_capacidade,145.59357473950428,13
2024-08-13,terça-feira,1,TREB. MINAS,HB,623,explícito,228.0,7
2024-08-13,terça-feira,1,TREB. MINAS,HB,623,rateio_por_capacidade,17.406425260495723,13
2024-08-13,terça-feira,1,TREB. MINAS,HB,NAO_INFORMADO,sem_base_para_rateio,10.0,1
2024-08-13,terça-feira,1,TREB. MINAS,IFCO,6416,explícito,854.0,8
2024-08-13,terça-feira,1,TREB. MINAS,IFCO,6424,explícito,80.0,2
2024-08-14,quarta-feira,2,PH CORUMBA (PF),HB,618,explícito,165.0,9
2024-08-14,quarta-feira,2,PH CORUMBA (PF),HB,623,explícito,673.0,2
2024-08-14,quarta-feira,2,PH CORUMBA (PF),IFCO,6424,explícito,1280.0,3
2024-08-14,quarta-feira,2,PH SUL (PF),IFCO,6424,explícito,175.0,4
2024-08-14,quarta-feira,2,PH UBAJARA,IFCO,6416,explícito,382.0,28
2024-08-14,quarta-feira,2,PH UBAJARA,IFCO,6424,explícito,86.0,10
2024-08-14,quarta-feira,2,TREB. MINAS,HB,618,explícito,747.0,49
2024-08-14,quarta-feira,2,TREB. MINAS,HB,618,rateio_por_capacidade,276.5866162637496,18
2024-08-14,quarta-feira,2,TREB. MINAS,HB,623,explícito,121.0,2
2024-08-14,quarta-feira,2,TREB. MINAS,HB,623,rateio_por_capacidade,274.41338373625047,25
2024-08-14,quarta-feira,2,TREB. MINAS,HB,NAO_INFORMADO,sem_base_para_rateio,20.0,3
2024-08-14,quarta-feira,2,TREB. MINAS,IFCO,6416,explícito,504.0,5
2024-08-14,quarta-feira,2,TREB. MINAS,IFCO,6424,explícito,1760.0,4
2024-08-15,quinta-feira,3,PH CORUMBA (PF),HB,623,explícito,690.0,2
2024-08-15,quinta-feira,3,PH CORUMBA (PF),IFCO,6424,explícito,736.0,2
2024-08-15,quinta-feira,3,PH UBAJARA,IFCO,6416,explícito,38.0,6
2024-08-15,quinta-feira,3,PH UBAJARA,IFCO,6424,explícito,2.0,2
2024-08-15,quinta-feira,3,TREB. MINAS,HB,618,explícito,469.0,25
2024-08-15,quinta-feira,3,TREB. MINAS,HB,618,rateio_por_capacidade,399.91855575672776,20
2024-08-15,quinta-feira,3,TREB. MINAS,HB,623,explícito,178.0,4
2024-08-15,quinta-feira,3,TREB. MINAS,HB,623,rateio_por_capacidade,485.08144424327224,25
2024-08-15,quinta-feira,3,TREB. MINAS,HB,NAO_INFORMADO,sem_base_para_rateio,123.0,3
2024-08-15,quinta-feira,3,TREB. MINAS,IFCO,6424,explícito,267.0,1
2024-08-16,sexta-feira,4,PH CORUMBA (PF),HB,623,explícito,640.0,1
2024-08-16,sexta-feira,4,PH SUL (PF),HB,623,explícito,110.0,3
2024-08-16,sexta-feira,4,PH SUL (PF),IFCO,6424,explícito,68.0,3
2024-08-16,sexta-feira,4,PH UBAJARA,IFCO,6416,explícito,56.0,12
2024-08-16,sexta-feira,4,PH UBAJARA,IFCO,6424,explícito,2.0,1
2024-08-16,sexta-feira,4,TREB. MINAS,HB,618,explícito,487.0,33
2024-08-16,sexta-feira,4,TREB. MINAS,HB,618,rateio_por_capacidade,95.13329078029322,7
2024-08-16,sexta-feira,4,TREB. MINAS,HB,623,explícito,133.0,7
2024-08-16,sexta-feira,4,TREB. MINAS,HB,623,rateio_por_capacidade,9.86670921970678,6
2024-08-16,sexta-feira,4,TREB. MINAS,HB,NAO_INFORMADO,sem_base_para_rateio,4.0,1
2024-08-16,sexta-feira,4,TREB. MINAS,IFCO,6416,explícito,1726.0,9
2024-08-17,sábado,5,PH CORUMBA (PF),IFCO,6424,explícito,810.0,2
2024-08-17,sábado,5,PH UBAJARA,IFCO,6416,explícito,1170.0,92
2024-08-17,sábado,5,PH UBAJARA,IFCO,6424,explícito,277.0,30
2024-08-17,sábado,5,TREB. MINAS,HB,618,explícito,1732.0,45
2024-08-17,sábado,5,TREB. MINAS,HB,618,rateio_por_capacidade,651.4917588143801,22
2024-08-17,sábado,5,TREB. MINAS,HB,623,explícito,1304.0,12
2024-08-17,sábado,5,TREB. MINAS,HB,623,rateio_por_capacidade,321.50824118561997,28
2024-08-17,sábado,5,TREB. MINAS,HB,NAO_INFORMADO,sem_base_para_rateio,59.0,4
2024-08-17,sábado,5,TREB. MINAS,IFCO,6416,explícito,522.0,16
2024-08-17,sábado,5,TREB. MINAS,IFCO,6424,explícito,1038.0,11
2024-08-19,segunda-feira,0,PH CORUMBA (PF),HB,623,explícito,1360.0,3
2024-08-19,segunda-feira,0,PH SUL (PF),HB,623,explícito,36.0,4
2024-08-19,segunda-feira,0,PH SUL (PF),IFCO,6424,explícito,32.0,1
2024-08-19,segunda-feira,0,PH UBAJARA,IFCO,6416,explícito,306.0,29
2024-08-19,segunda-feira,0,PH UBAJARA,IFCO,6424,explícito,3.0,1
2024-08-19,segunda-feira,0,TREB. CEAGESP,IFCO,6416,explícito,30.0,2
2024-08-19,segunda-feira,0,TREB. MINAS,HB,618,explícito,426.0,31
2024-08-19,segunda-feira,0,TREB. MINAS,HB,618,rateio_por_capacidade,0.8593352861980438,1
2024-08-19,segunda-feira,0,TREB. MINAS,HB,623,explícito,122.0,3
2024-08-19,segunda-feira,0,TREB. MINAS,HB,623,rateio_por_capacidade,0.14066471380195628,1
2024-08-19,segunda-feira,0,TREB. MINAS,IFCO,6416,explícito,1029.0,22
2024-08-19,segunda-feira,0,TREB. MINAS,IFCO,6424,explícito,969.0,12
2024-08-20,terça-feira,1,PH CORUMBA (PF),HB,623,explícito,1360.0,3
2024-08-20,terça-feira,1,PH CORUMBA (PF),IFCO,6424,explícito,640.0,1
2024-08-20,terça-feira,1,PH UBAJARA,IFCO,6416,explícito,710.0,43
2024-08-20,terça-feira,1,PH UBAJARA,IFCO,6424,explícito,92.0,10
2024-08-20,terça-feira,1,TREB. MINAS,HB,618,explícito,444.0,25
2024-08-20,terça-feira,1,TREB. MINAS,HB,618,rateio_por_capacidade,39.31339191927465,7
2024-08-20,terça-feira,1,TREB. MINAS,HB,623,explícito,248.0,7
2024-08-20,terça-feira,1,TREB. MINAS,HB,623,rateio_por_capacidade,684.6866080807254,8
2024-08-20,terça-feira,1,TREB. MINAS,IFCO,6416,explícito,845.0,8
2024-08-20,terça-feira,1,TREB. MINAS,IFCO,6424,explícito,200.0,2
2024-08-21,quarta-feira,2,PH CORUMBA (PF),HB,618,explícito,70.0,4
2024-08-21,quarta-feira,2,PH CORUMBA (PF),IFCO,6416,explícito,40.0,1
2024-08-21,quarta-feira,2,PH CORUMBA (PF),IFCO,6424,explícito,1127.0,3
2024-08-21,quarta-feira,2,PH SUL (PF),HB,623,explícito,10.0,1
2024-08-21,quarta-feira,2,PH UBAJARA,IFCO,6416,explícito,604.0,25
2024-08-21,quarta-feira,2,PH UBAJARA,IFCO,6424,explícito,45.0,4
2024-08-21,quarta-feira,2,TREB. CEAGESP,IFCO,6416,explícito,3.0,1
2024-08-21,quarta-feira,2,TREB. MINAS,HB,618,explícito,514.0,36
2024-08-21,quarta-feira,2,TREB. MINAS,HB,618,rateio_por_capacidade,106.5851807775377,8
2024-08-21,quarta-feira,2,TREB. MINAS,HB,623,explícito,755.0,4
2024-08-21,quarta-feira,2,TREB. MINAS,HB,623,rateio_por_capacidade,15.414819222462311,9
2024-08-21,quarta-feira,2,TREB. MINAS,HB,NAO_INFORMADO,sem_base_para_rateio,102.0,2
2024-08-21,quarta-feira,2,TREB. MINAS,IFCO,6416,explícito,674.0,16
2024-08-21,quarta-feira,2,TREB. MINAS,IFCO,6424,explícito,1188.0,10
2024-08-21,quarta-feira,2,TREBESCHI DF,HB,618,explícito,20.0,1
2024-08-21,quarta-feira,2,TREBESCHI DF,IFCO,6424,explícito,130.0,5
2024-08-22,quinta-feira,3,PH CORUMBA (PF),HB,623,explícito,950.0,1
2024-08-22,quinta-feira,3,PH CORUMBA (PF),IFCO,6424,explícito,2240.0,2
2024-08-22,quinta-feira,3,PH SUL (PF),HB,623,explícito,16.0,2
2024-08-22,quinta-feira,3,PH UBAJARA,IFCO,6416,explícito,411.14285714285717,25
2024-08-22,quinta-feira,3,PH UBAJARA,IFCO,6424,explícito,176.0,12
2024-08-22,quinta-feira,3,TREB. MINAS,HB,618,explícito,486.0,26
2024-08-22,quinta-feira,3,TREB. MINAS,HB,618,rateio_por_capacidade,438.4645666099291,24
2024-08-22,quinta-feira,3,TREB. MINAS,HB,623,explícito,1108.0,8
2024-08-22,quinta-feira,3,TREB. MINAS,HB,623,rateio_por_capacidade,456.5354333900709,28
2024-08-22,quinta-feira,3,TREB. MINAS,HB,NAO_INFORMADO,sem_base_para_rateio,46.0,3
2024-08-22,quinta-feira,3,TREB. MINAS,IFCO,6424,explícito,2400.0,3
2024-08-23,sexta-feira,4,PH CORUMBA (PF),IFCO,6424,explícito,1760.0,2
2024-08-23,sexta-feira,4,PH UBAJARA,IFCO,6416,explícito,10.0,1
2024-08-23,sexta-feira,4,TREB. CEAGESP,IFCO,6416,explícito,6.0,1
2024-08-23,sexta-feira,4,TREB. MINAS,HB,618,explícito,464.0,29
2024-08-23,sexta-feira,4,TREB. MINAS,HB,618,rateio_por_capacidade,85.74240176945929,5
2024-08-23,sexta-feira,4,TREB. MINAS,HB,623,explícito,121.0,2
2024-08-23,sexta-feira,4,TREB. MINAS,HB,623,rateio_por_capacidade,9.257598230540706,4
2024-08-23,sexta-feira,4,TREB. MINAS,IFCO,6416,explícito,1234.0,8
2024-08-23,sexta-feira,4,TREB. MINAS,IFCO,6424,explícito,160.0,1
2024-08-24,sábado,5,PH CORUMBA (PF),HB,623,explícito,1360.0,2
2024-08-24,sábado,5,PH CORUMBA (PF),IFCO,6424,explícito,1320.0,3
2024-08-24,sábado,5,PH UBAJARA,HB,618,explícito,227.0,35
2024-08-24,sábado,5,PH UBAJARA,HB,618,rateio_por_capacidade,34.76403806174374,7
2024-08-24,sábado,5,PH UBAJARA,HB,623,explícito,11.0,4
2024-08-24,sábado,5,PH UBAJARA,HB,623,rateio_por_capacidade,4.235961938256261,6
2024-08-24,sábado,5,PH UBAJARA,HB,NAO_INFORMADO,sem_base_para_rateio,5.0,1
2024-08-24,sábado,5,PH UBAJARA,IFCO,6416,explícito,974.0,162
2024-08-24,sábado,5,PH UBAJARA,IFCO,6424,explícito,497.0,51
2024-08-24,sábado,5,TREB. MINAS,HB,618,explícito,853.0,33
2024-08-24,sábado,5,TREB. MINAS,HB,618,rateio_por_capacidade,360.46779146796507,4
2024-08-24,sábado,5,TREB. MINAS,HB,623,explícito,1964.0,7
2024-08-24,sábado,5,TREB. MINAS,HB,623,rateio_por_capacidade,182.5322085320349,5
2024-08-24,sábado,5,TREB. MINAS,HB,NAO_INFORMADO,sem_base_para_rateio,15.0,3
2024-08-24,sábado,5,TREB. MINAS,IFCO,6416,explícito,509.0,10
2024-08-24,sábado,5,TREB. MINAS,IFCO,6424,explícito,928.0,8
2024-08-26,segunda-feira,0,PH CORUMBA (PF),HB,623,explícito,1360.0,3
2024-08-26,segunda-feira,0,PH CORUMBA (PF),IFCO,6424,explícito,600.0,1
2024-08-26,segunda-feira,0,PH UBAJARA,IFCO,6416,explícito,231.0,11
2024-08-26,segunda-feira,0,PH UBAJARA,IFCO,6424,explícito,190.0,10
2024-08-26,segunda-feira,0,TREB. MINAS,HB,618,explícito,374.0,20
2024-08-26,segunda-feira,0,TREB. MINAS,HB,618,rateio_por_capacidade,0.8593352861980438,1
2024-08-26,segunda-feira,0,TREB. MINAS,HB,623,explícito,401.0,2
2024-08-26,segunda-feira,0,TREB. MINAS,HB,623,rateio_por_capacidade,0.14066471380195628,1
2024-08-26,segunda-feira,0,TREB. MINAS,IFCO,6416,explícito,560.0,14
2024-08-26,segunda-feira,0,TREB. MINAS,IFCO,6424,explícito,680.0,5
2024-08-27,terça-feira,1,PH SUL (PF),HB,623,explícito,4.0,1
2024-08-27,terça-feira,1,PH UBAJARA,IFCO,6416,explícito,835.0,62
2024-08-27,terça-feira,1,PH UBAJARA,IFCO,6424,explícito,34.0,10
2024-08-27,terça-feira,1,TREB. MINAS,HB,618,explícito,485.0,25
2024-08-27,terça-feira,1,TREB. MINAS,HB,618,rateio_por_capacidade,214.13882215117215,23
2024-08-27,terça-feira,1,TREB. MINAS,HB,623,explícito,822.0,5
2024-08-27,terça-feira,1,TREB. MINAS,HB,623,rateio_por_capacidade,70.86117784882786,26
2024-08-27,terça-feira,1,TREB. MINAS,HB,NAO_INFORMADO,sem_base_para_rateio,35.0,2
2024-08-27,terça-feira,1,TREB. MINAS,IFCO,6416,explícito,943.0,13
2024-08-27,terça-feira,1,TREB. MINAS,IFCO,6424,explícito,415.0,6
2024-08-28,quarta-feira,2,PH CORUMBA (PF),HB,618,explícito,190.0,6
2024-08-28,quarta-feira,2,PH CORUMBA (PF),HB,623,explícito,1312.0,4
2024-08-28,quarta-feira,2,PH CORUMBA (PF),IFCO,6424,explícito,2980.0,5
2024-08-28,quarta-feira,2,PH SUL (PF),HB,623,explícito,9.0,2
2024-08-28,quarta-feira,2,PH UBAJARA,IFCO,6416,explícito,334.0,27
2024-08-28,quarta-feira,2,PH UBAJARA,IFCO,6424,explícito,112.0,14
2024-08-28,quarta-feira,2,TREB. MINAS,HB,618,explícito,938.0,41
2024-08-28,quarta-feira,2,TREB. MINAS,HB,618,rateio_por_capacidade,9.371329967376688,5
2024-08-28,quarta-feira,2,TREB. MINAS,HB,623,explícito,1382.0,4
2024-08-28,quarta-feira,2,TREB. MINAS,HB,623,rateio_por_capacidade,2.6286700326233117,6
2024-08-28,quarta-feira,2,TREB. MINAS,HB,NAO_INFORMADO,sem_base_para_rateio,2.0,1
2024-08-28,quarta-feira,2,TREB. MINAS,IFCO,6416,explícito,602.1428571428571,9
2024-08-28,quarta-feira,2,TREB. MINAS,IFCO,6424,explícito,842.0,3
2024-08-29,quinta-feira,3,PH CORUMBA (PF),HB,623,explícito,690.0,2
2024-08-29,quinta-feira,3,PH CORUMBA (PF),IFCO,6424,explícito,2880.0,3
2024-08-29,quinta-feira,3,PH UBAJARA,IFCO,6416,explícito,109.0,20
2024-08-29,quinta-feira,3,PH UBAJARA,IFCO,6424,explícito,12.0,2
2024-08-29,quinta-feira,3,TREB. MINAS,HB,618,explícito,502.0,24
2024-08-29,quinta-feira,3,TREB. MINAS,HB,618,rateio_por_capacidade,183.73959872781242,15
2024-08-29,quinta-feira,3,TREB. MINAS,HB,623,explícito,1576.0,11
2024-08-29,quinta-feira,3,TREB. MINAS,HB,623,rateio_por_capacidade,452.2604012721876,21
2024-08-29,quinta-feira,3,TREB. MINAS,HB,NAO_INFORMADO,sem_base_para_rateio,114.0,3
2024-08-29,quinta-feira,3,TREB. MINAS,IFCO,6416,explícito,75.19047619047619,10
2024-08-29,quinta-feira,3,TREB. MINAS,IFCO,6424,explícito,2433.0,7
2024-08-30,sexta-feira,4,PH UBAJARA,IFCO,6416,explícito,118.0,24
2024-08-30,sexta-feira,4,TREB. MINAS,HB,618,explícito,424.0,27
2024-08-30,sexta-feira,4,TREB. MINAS,HB,618,rateio_por_capacidade,43.651396803856585,5
2024-08-30,sexta-feira,4,TREB. MINAS,HB,623,explícito,91.0,4
2024-08-30,sexta-feira,4,TREB. MINAS,HB,623,rateio_por_capacidade,101.34860319614342,5
2024-08-30,sexta-feira,4,TREB. MINAS,HB,NAO_INFORMADO,sem_base_para_rateio,10.0,1
2024-08-30,sexta-feira,4,TREB. MINAS,IFCO,6416,explícito,641.0,5
2024-08-30,sexta-feira,4,TREB. MINAS,IFCO,6424,explícito,1760.0,2
2024-08-31,sábado,5,PH CORUMBA (PF),HB,623,explícito,2030.0,4
2024-08-31,sábado,5,PH CORUMBA (PF),IFCO,6424,explícito,1120.0,1
2024-08-31,sábado,5,PH UBAJARA,HB,618,explícito,153.0,21
2024-08-31,sábado,5,PH UBAJARA,IFCO,6416,explícito,848.0,102
2024-08-31,sábado,5,PH UBAJARA,IFCO,6424,explícito,328.0,39
2024-08-31,sábado,5,TREB. MINAS,HB,618,explícito,1458.0,32
2024-08-31,sábado,5,TREB. MINAS,HB,618,rateio_por_capacidade,23.611644580020283,6
2024-08-31,sábado,5,TREB. MINAS,HB,623,explícito,1476.0,6
2024-08-31,sábado,5,TREB. MINAS,HB,623,rateio_por_capacidade,544.3883554199797,9
2024-08-31,sábado,5,TREB. MINAS,HB,NAO_INFORMADO,sem_base_para_rateio,61.0,2
2024-08-31,sábado,5,TREB. MINAS,IFCO,6416,explícito,497.0,9
2024-08-31,sábado,5,TREB. MINAS,IFCO,6424,explícito,2043.0,10
2024-09-02,segunda-feira,0,PH CORUMBA (PF),HB,623,explícito,670.0,1
2024-09-02,segunda-feira,0,PH CORUMBA (PF),IFCO,6424,explícito,1120.0,1
2024-09-02,segunda-feira,0,PH UBAJARA,IFCO,6416,explícito,499.0,34
2024-09-02,segunda-feira,0,PH UBAJARA,IFCO,6424,explícito,2.0,1
2024-09-02,segunda-feira,0,TREB. MINAS,HB,618,explícito,409.0,14
2024-09-02,segunda-feira,0,TREB. MINAS,HB,618,rateio_por_capacidade,229.9404363844193,8
2024-09-02,segunda-feira,0,TREB. MINAS,HB,623,explícito,121.0,2
2024-09-02,segunda-feira,0,TREB. MINAS,HB,623,rateio_por_capacidade,733.0595636155807,13
2024-09-02,segunda-feira,0,TREB. MINAS,HB,NAO_INFORMADO,sem_base_para_rateio,30.0,1
2024-09-02,segunda-feira,0,TREB. MINAS,IFCO,6416,explícito,595.0,6
2024-09-02,segunda-feira,0,TREB. MINAS,IFCO,6424,explícito,636.0,1
2024-09-03,terça-feira,1,PH CORUMBA (PF),HB,623,explícito,1925.0,4
2024-09-03,terça-feira,1,PH UBAJARA,IFCO,6416,explícito,297.0,42
2024-09-03,terça-feira,1,PH UBAJARA,IFCO,6424,explícito,40.0,8
2024-09-03,terça-feira,1,TREB. MINAS,HB,618,explícito,855.0,25
2024-09-03,terça-feira,1,TREB. MINAS,HB,618,rateio_por_capacidade,51.879466412867195,8
2024-09-03,terça-feira,1,TREB. MINAS,HB,623,explícito,1348.0,9
2024-09-03,terça-feira,1,TREB. MINAS,HB,623,rateio_por_capacidade,7.120533587132808,7
2024-09-03,terça-feira,1,TREB. MINAS,HB,NAO_INFORMADO,sem_base_para_rateio,30.0,1
2024-09-03,terça-feira,1,TREB. MINAS,IFCO,6416,explícito,1148.0,13
2024-09-03,terça-feira,1,TREB. MINAS,IFCO,6424,explícito,2140.0,6
2024-09-04,quarta-feira,2,PH CORUMBA (PF),HB,618,explícito,8.0,2
2024-09-04,quarta-feira,2,PH CORUMBA (PF),HB,623,explícito,593.0,2
2024-09-04,quarta-feira,2,PH CORUMBA (PF),IFCO,6424,explícito,2.0,1
2024-09-04,quarta-feira,2,PH UBAJARA,IFCO,6416,explícito,274.0,21
2024-09-04,quarta-feira,2,PH UBAJARA,IFCO,6424,explícito,49.0,4
2024-09-04,quarta-feira,2,TREB. MINAS,HB,618,explícito,779.0,27
2024-09-04,quarta-feira,2,TREB. MINAS,HB,618,rateio_por_capacidade,1.851382442366783,2
2024-09-04,quarta-feira,2,TREB. MINAS,HB,623,explícito,1461.0,5
2024-09-04,quarta-feira,2,TREB. MINAS,HB,623,rateio_por_capacidade,0.14861755763321693,2
2024-09-04,quarta-feira,2,TREB. MINAS,HB,NAO_INFORMADO,sem_base_para_rateio,1.0,1
2024-09-04,quarta-feira,2,TREB. MINAS,IFCO,6416,explícito,629.0,8
2024-09-04,quarta-feira,2,TREB. MINAS,IFCO,6424,explícito,115.0,4
2024-09-05,quinta-feira,3,PH CORUMBA (PF),IFCO,6424,explícito,575.0,1
2024-09-05,quinta-feira,3,PH UBAJARA,IFCO,6416,explícito,400.0,40
2024-09-05,quinta-feira,3,PH UBAJARA,IFCO,6424,explícito,32.0,6
2024-09-05,quinta-feira,3,TREB. MINAS,HB,618,explícito,791.0,24
2024-09-05,quinta-feira,3,TREB. MINAS,HB,618,rateio_por_capacidade,1103.9259560502996,49
2024-09-05,quinta-feira,3,TREB. MINAS,HB,623,explícito,106.0,3
2024-09-05,quinta-feira,3,TREB. MINAS,HB,623,rateio_por_capacidade,684.0740439497004,61
2024-09-05,quinta-feira,3,TREB. MINAS,HB,NAO_INFORMADO,sem_base_para_rateio,103.0,7
2024-09-05,quinta-feira,3,TREB. MINAS,IFCO,6416,explícito,35.0,10
2024-09-05,quinta-feira,3,TREB. MINAS,IFCO,6424,explícito,646.0,4
2024-09-06,sexta-feira,4,PH CORUMBA (PF),HB,623,explícito,645.0,1
2024-09-06,sexta-feira,4,PH CORUMBA (PF),IFCO,6424,explícito,1120.0,1
2024-09-06,sexta-feira,4,PH UBAJARA,HB,618,explícito,134.0,27
2024-09-06,sexta-feira,4,PH UBAJARA,HB,618,rateio_por_capacidade,41.422183427932964,7
2024-09-06,sexta-feira,4,PH UBAJARA,HB,623,explícito,7.0,4
2024-09-06,sexta-feira,4,PH UBAJARA,HB,623,rateio_por_capacidade,3.577816572067038,6
2024-09-06,sexta-feira,4,PH UBAJARA,IFCO,6416,explícito,1201.0,98
2024-09-06,sexta-feira,4,PH UBAJARA,IFCO,6424,explícito,345.0,38
2024-09-06,sexta-feira,4,TREB. MINAS,HB,618,explícito,444.0,26
2024-09-06,sexta-feira,4,TREB. MINAS,HB,623,explícito,181.0,3
2024-09-06,sexta-feira,4,TREB. MINAS,HB,623,rateio_por_capacidade,90.0,1
2024-09-06,sexta-feira,4,TREB. MINAS,IFCO,6416,explícito,1449.0,6
2024-09-06,sexta-feira,4,TREB. MINAS,IFCO,6424,explícito,160.0,1
2024-09-07,sábado,5,PH UBAJARA,IFCO,6416,explícito,200.0,1
2024-09-07,sábado,5,TREB. MINAS,HB,618,explícito,1392.0,51
2024-09-07,sábado,5,TREB. MINAS,HB,618,rateio_por_capacidade,125.98348989290315,8
2024-09-07,sábado,5,TREB. MINAS,HB,623,explícito,50.0,5
2024-09-07,sábado,5,TREB. MINAS,HB,623,rateio_por_capacidade,12.016510107096861,10
2024-09-07,sábado,5,TREB. MINAS,HB,NAO_INFORMADO,sem_base_para_rateio,52.0,3
2024-09-07,sábado,5,TREB. MINAS,IFCO,6416,explícito,884.0,10
2024-09-07,sábado,5,TREB. MINAS,IFCO,6424,explícito,2150.0,6
2024-09-09,segunda-feira,0,PH CORUMBA (PF),IFCO,6424,explícito,640.0,1
2024-09-09,segunda-feira,0,PH UBAJARA,IFCO,6416,explícito,540.0,36
2024-09-09,segunda-feira,0,PH UBAJARA,IFCO,6424,explícito,13.0,5
2024-09-09,segunda-feira,0,TREB. MINAS,HB,618,explícito,255.0,14
2024-09-09,segunda-feira,0,TREB. MINAS,HB,NAO_INFORMADO,sem_base_para_rateio,45.0,1
2024-09-09,segunda-feira,0,TREB. MINAS,IFCO,6416,explícito,615.0,15
2024-09-09,segunda-feira,0,TREB. MINAS,IFCO,6424,explícito,36.0,8
2024-09-10,terça-feira,1,PH ALHO/CEBOLA,IFCO,6424,explícito,120.0,1
2024-09-10,terça-feira,1,PH CORUMBA (PF),HB,618,rateio_por_capacidade,16.156589324494227,1
2024-09-10,terça-feira,1,PH CORUMBA (PF),HB,623,explícito,1335.0,4
2024-09-10,terça-feira,1,PH CORUMBA (PF),HB,623,rateio_por_capacidade,1.843410675505772,1
2024-09-10,terça-feira,1,PH UBAJARA,IFCO,6416,explícito,315.0,41
2024-09-10,terça-feira,1,PH UBAJARA,IFCO,6424,explícito,39.0,15
2024-09-10,terça-feira,1,TREB. MINAS,HB,618,explícito,813.0,25
2024-09-10,terça-feira,1,TREB. MINAS,HB,618,rateio_por_capacidade,497.54205377147156,13
2024-09-10,terça-feira,1,TREB. MINAS,HB,623,explícito,310.0,7
2024-09-10,terça-feira,1,TREB. MINAS,HB,623,rateio_por_capacidade,651.4579462285285,17
2024-09-10,terça-feira,1,TREB. MINAS,HB,NAO_INFORMADO,sem_base_para_rateio,120.0,2
2024-09-10,terça-feira,1,TREB. MINAS,IFCO,6416,explícito,988.0,106
2024-09-10,terça-feira,1,TREB. MINAS,IFCO,6424,explícito,960.0,4
2024-09-11,quarta-feira,2,PH CORUMBA (PF),HB,618,explícito,16.0,4
2024-09-11,quarta-feira,2,PH CORUMBA (PF),HB,623,explícito,1.0,1
2024-09-11,quarta-feira,2,PH CORUMBA (PF),IFCO,6416,explícito,20.0,1
2024-09-11,quarta-feira,2,PH CORUMBA (PF),IFCO,6424,explícito,1280.0,5
2024-09-11,quarta-feira,2,PH SUL (PF),IFCO,6424,explícito,164.0,2
2024-09-11,quarta-feira,2,PH UBAJARA,IFCO,6416,explícito,151.0,26
2024-09-11,quarta-feira,2,PH UBAJARA,IFCO,6424,explícito,36.0,8
2024-09-11,quarta-feira,2,TREB. MINAS,HB,618,explícito,365.0,22
2024-09-11,quarta-feira,2,TREB. MINAS,HB,618,rateio_por_capacidade,216.99885510812032,17
2024-09-11,quarta-feira,2,TREB. MINAS,HB,623,explícito,791.0,4
2024-09-11,quarta-feira,2,TREB. MINAS,HB,623,rateio_por_capacidade,251.00114489187968,25
2024-09-11,quarta-feira,2,TREB. MINAS,HB,NAO_INFORMADO,sem_base_para_rateio,128.0,4
2024-09-11,quarta-feira,2,TREB. MINAS,IFCO,6416,explícito,553.0,10
2024-09-11,quarta-feira,2,TREB. MINAS,IFCO,6424,explícito,795.0,5
2024-09-12,quinta-feira,3,PH CORUMBA (PF),HB,623,explícito,950.0,2
2024-09-12,quinta-feira,3,PH CORUMBA (PF),IFCO,6424,explícito,1760.0,2
2024-09-12,quinta-feira,3,PH SUL (PF),IFCO,6424,explícito,232.0,3
2024-09-12,quinta-feira,3,PH UBAJARA,IFCO,6416,explícito,24.0,9
2024-09-12,quinta-feira,3,PH UBAJARA,IFCO,6424,explícito,120.0,1
2024-09-12,quinta-feira,3,TREB. MINAS,HB,618,explícito,643.0,22
2024-09-12,quinta-feira,3,TREB. MINAS,HB,618,rateio_por_capacidade,166.860005395546,13
2024-09-12,quinta-feira,3,TREB. MINAS,HB,623,explícito,1148.0,9
2024-09-12,quinta-feira,3,TREB. MINAS,HB,623,rateio_por_capacidade,457.139994604454,19
2024-09-12,quinta-feira,3,TREB. MINAS,HB,NAO_INFORMADO,sem_base_para_rateio,69.0,3
2024-09-12,quinta-feira,3,TREB. MINAS,IFCO,6416,explícito,59.0,9
2024-09-12,quinta-feira,3,TREB. MINAS,IFCO,6424,explícito,1128.0,5
2024-09-12,quinta-feira,3,TREBESCHI DF,IFCO,6424,explícito,60.0,1
2024-09-13,sexta-feira,4,PH SUL (PF),IFCO,6424,explícito,54.0,5
2024-09-13,sexta-feira,4,TREB. MINAS,HB,618,explícito,464.0,27
2024-09-13,sexta-feira,4,TREB. MINAS,HB,623,explícito,901.0,5
2024-09-13,sexta-feira,4,TREB. MINAS,IFCO,6416,explícito,607.0,5
2024-09-13,sexta-feira,4,TREB. MINAS,IFCO,6424,explícito,640.0,1
2024-09-14,sábado,5,PH ALHO/CEBOLA,IFCO,6424,explícito,720.0,1
2024-09-14,sábado,5,PH CORUMBA (PF),HB,618,explícito,10.0,1
2024-09-14,sábado,5,PH CORUMBA (PF),IFCO,6424,explícito,2912.0,5
2024-09-14,sábado,5,PH UBAJARA,HB,618,explícito,115.0,26
2024-09-14,sábado,5,PH UBAJARA,HB,618,rateio_por_capacidade,28.928400662269333,7
2024-09-14,sábado,5,PH UBAJARA,HB,623,explícito,6.0,3
2024-09-14,sábado,5,PH UBAJARA,HB,623,rateio_por_capacidade,3.0715993377306687,6
2024-09-14,sábado,5,PH UBAJARA,HB,NAO_INFORMADO,sem_base_para_rateio,0.0,1
2024-09-14,sábado,5,PH UBAJARA,IFCO,6416,explícito,908.0,77
2024-09-14,sábado,5,PH UBAJARA,IFCO,6424,explícito,714.0,39
2024-09-14,sábado,5,TREB. MINAS,HB,618,explícito,1805.0,56
2024-09-14,sábado,5,TREB. MINAS,HB,618,rateio_por_capacidade,30.728192251874585,5
2024-09-14,sábado,5,TREB. MINAS,HB,623,explícito,1461.0,9
2024-09-14,sábado,5,TREB. MINAS,HB,623,rateio_por_capacidade,97.27180774812541,7
2024-09-14,sábado,5,TREB. MINAS,HB,NAO_INFORMADO,sem_base_para_rateio,46.0,3
2024-09-14,sábado,5,TREB. MINAS,IFCO,6416,explícito,511.0,17
2024-09-14,sábado,5,TREB. MINAS,IFCO,6424,explícito,2812.0,18
2024-09-16,segunda-feira,0,PH CORUMBA (PF),HB,623,explícito,1380.0,4
2024-09-16,segunda-feira,0,PH CORUMBA (PF),IFCO,6424,explícito,800.0,1
2024-09-16,segunda-feira,0,PH SUL (PF),IFCO,6424,explícito,32.0,2
2024-09-16,segunda-feira,0,PH UBAJARA,IFCO,6416,explícito,338.0,30
2024-09-16,segunda-feira,0,PH UBAJARA,IFCO,6424,explícito,4.0,1
2024-09-16,segunda-feira,0,TREB. MINAS,HB,618,explícito,354.0,16
2024-09-16,segunda-feira,0,TREB. MINAS,HB,623,explícito,121.0,2
2024-09-16,segunda-feira,0,TREB. MINAS,IFCO,6416,explícito,600.0,5
2024-09-16,segunda-feira,0,TREB. MINAS,IFCO,6424,explícito,1120.0,2
2024-09-17,terça-feira,1,PH CORUMBA (PF),HB,623,explícito,360.0,1
2024-09-17,terça-feira,1,PH CORUMBA (PF),IFCO,6424,explícito,2240.0,2
2024-09-17,terça-feira,1,PH SUL (PF),IFCO,6424,explícito,40.0,1
2024-09-17,terça-feira,1,PH UBAJARA,IFCO,6416,explícito,284.0,46
2024-09-17,terça-feira,1,PH UBAJARA,IFCO,6424,explícito,40.0,11
2024-09-17,terça-feira,1,TREB. MINAS,HB,618,explícito,577.0,25
2024-09-17,terça-feira,1,TREB. MINAS,HB,618,rateio_por_capacidade,160.14895651672967,11
2024-09-17,terça-feira,1,TREB. MINAS,HB,623,explícito,1450.0,5
2024-09-17,terça-feira,1,TREB. MINAS,HB,623,rateio_por_capacidade,28.851043483270335,11
2024-09-17,terça-feira,1,TREB. MINAS,HB,NAO_INFORMADO,sem_base_para_rateio,65.0,2
2024-09-17,terça-feira,1,TREB. MINAS,IFCO,6416,explícito,927.0,11
2024-09-17,terça-feira,1,TREB. MINAS,IFCO,6424,explícito,2320.0,4
2024-09-17,terça-feira,1,TREBESCHI DF,IFCO,6424,explícito,83.0,1
2024-09-18,quarta-feira,2,PH CORUMBA (PF),HB,618,explícito,28.0,3
2024-09-18,quarta-feira,2,PH CORUMBA (PF),IFCO,6424,explícito,1120.0,2
2024-09-18,quarta-feira,2,PH SUL (PF),IFCO,6424,explícito,43.0,2
2024-09-18,quarta-feira,2,PH UBAJARA,IFCO,6416,explícito,429.0,19
2024-09-18,quarta-feira,2,PH UBAJARA,IFCO,6424,explícito,108.0,7
2024-09-18,quarta-feira,2,TREB. MINAS,HB,618,explícito,584.0,27
2024-09-18,quarta-feira,2,TREB. MINAS,HB,618,rateio_por_capacidade,65.62119809284383,12
2024-09-18,quarta-feira,2,TREB. MINAS,HB,623,explícito,256.0,3
2024-09-18,quarta-feira,2,TREB. MINAS,HB,623,rateio_por_capacidade,362.3788019071562,19
2024-09-18,quarta-feira,2,TREB. MINAS,HB,NAO_INFORMADO,sem_base_para_rateio,3.0,3
2024-09-18,quarta-feira,2,TREB. MINAS,IFCO,6416,explícito,811.0,102
2024-09-18,quarta-feira,2,TREB. MINAS,IFCO,6424,explícito,985.0,3
2024-09-19,quinta-feira,3,PH CORUMBA (PF),HB,623,explícito,360.0,1
2024-09-19,quinta-feira,3,PH CORUMBA (PF),IFCO,6424,explícito,1760.0,4
2024-09-19,quinta-feira,3,PH UBAJARA,IFCO,6416,explícito,37.0,10
2024-09-19,quinta-feira,3,PH UBAJARA,IFCO,6424,explícito,13.0,2
2024-09-19,quinta-feira,3,TREB. MINAS,HB,618,explícito,604.0,32
2024-09-19,quinta-feira,3,TREB. MINAS,HB,618,rateio_por_capacidade,422.51867277399145,26
2024-09-19,quinta-feira,3,TREB. MINAS,HB,623,explícito,715.0,8
2024-09-19,quinta-feira,3,TREB. MINAS,HB,623,rateio_por_capacidade,563.4813272260086,32
2024-09-19,quinta-feira,3,TREB. MINAS,HB,NAO_INFORMADO,sem_base_para_rateio,40.0,4
2024-09-19,quinta-feira,3,TREB. MINAS,IFCO,6416,explícito,28.0,8
2024-09-19,quinta-feira,3,TREB. MINAS,IFCO,6424,explícito,2259.0,6
2024-09-20,sexta-feira,4,PH CORUMBA (PF),HB,623,explícito,670.0,1
2024-09-20,sexta-feira,4,PH CORUMBA (PF),IFCO,6424,explícito,1120.0,2
2024-09-20,sexta-feira,4,PH SUL (PF),HB,623,explícito,24.0,3
2024-09-20,sexta-feira,4,TREB. MINAS,HB,618,explícito,468.0,27
2024-09-20,sexta-feira,4,TREB. MINAS,HB,618,rateio_por_capacidade,61.69754572938842,5
2024-09-20,sexta-feira,4,TREB. MINAS,HB,623,explícito,301.0,4
2024-09-20,sexta-feira,4,TREB. MINAS,HB,623,rateio_por_capacidade,108.30245427061158,5
2024-09-20,sexta-feira,4,TREB. MINAS,HB,NAO_INFORMADO,sem_base_para_rateio,10.0,1
2024-09-20,sexta-feira,4,TREB. MINAS,IFCO,6416,explícito,686.0,6
2024-09-20,sexta-feira,4,TREB. MINAS,IFCO,6424,explícito,1280.0,2
2024-09-20,sexta-feira,4,TREBESCHI DF,IFCO,6416,explícito,0.0666666666666667,1
2024-09-21,sábado,5,PH CORUMBA (PF),HB,623,explícito,996.0,2
2024-09-21,sábado,5,PH CORUMBA (PF),IFCO,6416,explícito,150.0,1
2024-09-21,sábado,5,PH CORUMBA (PF),IFCO,6424,explícito,1760.0,2
2024-09-21,sábado,5,PH SUL (PF),HB,623,explícito,63.0,3
2024-09-21,sábado,5,PH UBAJARA,HB,618,explícito,122.0,19
2024-09-21,sábado,5,PH UBAJARA,HB,618,rateio_por_capacidade,38.514595134809866,8
2024-09-21,sábado,5,PH UBAJARA,HB,623,explícito,3.0,3
2024-09-21,sábado,5,PH UBAJARA,HB,623,rateio_por_capacidade,3.485404865190134,8
2024-09-21,sábado,5,PH UBAJARA,IFCO,6416,explícito,1378.0,61
2024-09-21,sábado,5,PH UBAJARA,IFCO,6424,explícito,1247.0,33
2024-09-21,sábado,5,TREB. MINAS,HB,618,explícito,1417.0,42
2024-09-21,sábado,5,TREB. MINAS,HB,618,rateio_por_capacidade,419.118688326445,23
2024-09-21,sábado,5,TREB. MINAS,HB,623,explícito,445.0,6
2024-09-21,sábado,5,TREB. MINAS,HB,623,rateio_por_capacidade,234.88131167355502,29
2024-09-21,sábado,5,TREB. MINAS,HB,NAO_INFORMADO,sem_base_para_rateio,49.0,5
2024-09-21,sábado,5,TREB. MINAS,IFCO,6416,explícito,561.0,9
2024-09-21,sábado,5,TREB. MINAS,IFCO,6424,explícito,2359.0,9
2024-09-23,segunda-feira,0,PH CORUMBA (PF),HB,623,explícito,1050.0,3
2024-09-23,segunda-feira,0,PH SUL (PF),HB,623,explícito,61.0,4
2024-09-23,segunda-feira,0,PH SUL (PF),IFCO,6424,explícito,40.0,3
2024-09-23,segunda-feira,0,PH UBAJARA,IFCO,6416,explícito,500.0,22
2024-09-23,segunda-feira,0,PH UBAJARA,IFCO,6424,explícito,1.0,1
2024-09-23,segunda-feira,0,TREB. MINAS,HB,618,explícito,434.0,17
2024-09-23,segunda-feira,0,TREB. MINAS,HB,618,rateio_por_capacidade,39.68174394338082,1
2024-09-23,segunda-feira,0,TREB. MINAS,HB,623,explícito,200.0,1
2024-09-23,segunda-feira,0,TREB. MINAS,HB,623,rateio_por_capacidade,5.318256056619182,1
2024-09-23,segunda-feira,0,TREB. MINAS,IFCO,6416,explícito,624.0,15
2024-09-23,segunda-feira,0,TREB. MINAS,IFCO,6424,explícito,1462.0,6
2024-09-23,segunda-feira,0,TREBESCHI DF,IFCO,6416,explícito,3.033333333333333,3
2024-09-24,terça-feira,1,PH ALHO/CEBOLA,IFCO,6424,explícito,640.0,1
2024-09-24,terça-feira,1,PH CORUMBA (PF),HB,623,explícito,360.0,1
2024-09-24,terça-feira,1,PH CORUMBA (PF),IFCO,6424,explícito,1760.0,3
2024-09-24,terça-feira,1,PH SUL (PF),IFCO,6424,explícito,22.0,2
2024-09-24,terça-feira,1,PH UBAJARA,IFCO,6416,explícito,76.0,20
2024-09-24,terça-feira,1,PH UBAJARA,IFCO,6424,explícito,22.0,5
2024-09-24,terça-feira,1,TREB. MINAS,HB,618,explícito,445.0,25
2024-09-24,terça-feira,1,TREB. MINAS,HB,618,rateio_por_capacidade,82.33379585483466,11
2024-09-24,terça-feira,1,TREB. MINAS,HB,623,explícito,786.0,5
2024-09-24,terça-feira,1,TREB. MINAS,HB,623,rateio_por_capacidade,63.66620414516534,12
2024-09-24,terça-feira,1,TREB. MINAS,HB,NAO_INFORMADO,sem_base_para_rateio,10.0,1
2024-09-24,terça-feira,1,TREB. MINAS,IFCO,6416,explícito,982.0,105
2024-09-24,terça-feira,1,TREB. MINAS,IFCO,6424,explícito,1316.0,7
2024-09-24,terça-feira,1,TREBESCHI DF,IFCO,6416,explícito,0.1,1
2024-09-25,quarta-feira,2,PH CORUMBA (PF),HB,618,explícito,149.0,8
2024-09-25,quarta-feira,2,PH CORUMBA (PF),HB,623,explícito,1.0,1
2024-09-25,quarta-feira,2,PH CORUMBA (PF),IFCO,6424,explícito,1760.0,3
2024-09-25,quarta-feira,2,PH SUL (PF),HB,623,explícito,150.0,1
2024-09-25,quarta-feira,2,PH SUL (PF),IFCO,6424,explícito,326.0,3
2024-09-25,quarta-feira,2,PH UBAJARA,IFCO,6416,explícito,335.0,27
2024-09-25,quarta-feira,2,PH UBAJARA,IFCO,6424,explícito,59.0,6
2024-09-25,quarta-feira,2,TREB. MINAS,HB,618,explícito,573.0,30
2024-09-25,quarta-feira,2,TREB. MINAS,HB,618,rateio_por_capacidade,158.11293973943054,13
2024-09-25,quarta-feira,2,TREB. MINAS,HB,623,explícito,891.0,5
2024-09-25,quarta-feira,2,TREB. MINAS,HB,623,rateio_por_capacidade,697.8870602605695,22
2024-09-25,quarta-feira,2,TREB. MINAS,HB,NAO_INFORMADO,sem_base_para_rateio,4.0,2
2024-09-25,quarta-feira,2,TREB. MINAS,IFCO,6416,explícito,455.0,6
2024-09-25,quarta-feira,2,TREB. MINAS,IFCO,6424,explícito,1832.0,4
2024-09-25,quarta-feira,2,TREBESCHI DF,IFCO,6416,explícito,5.9,1
2024-09-26,quinta-feira,3,PH CORUMBA (PF),HB,623,explícito,670.0,1
2024-09-26,quinta-feira,3,PH CORUMBA (PF),IFCO,6424,explícito,2880.0,4
2024-09-26,quinta-feira,3,PH SUL (PF),IFCO,6424,explícito,106.0,6
2024-09-26,quinta-feira,3,PH UBAJARA,IFCO,6416,explícito,38.0,6
2024-09-26,quinta-feira,3,PH UBAJARA,IFCO,6424,explícito,1.0,1
2024-09-26,quinta-feira,3,TREB. MINAS,HB,618,explícito,569.0,25
2024-09-26,quinta-feira,3,TREB. MINAS,HB,618,rateio_por_capacidade,67.73359956868674,10
2024-09-26,quinta-feira,3,TREB. MINAS,HB,623,explícito,182.0,6
2024-09-26,quinta-feira,3,TREB. MINAS,HB,623,rateio_por_capacidade,634.0378290027419,15
2024-09-26,quinta-feira,3,TREB. MINAS,HB,NAO_INFORMADO,sem_base_para_rateio,34.0,3
2024-09-26,quinta-feira,3,TREB. MINAS,IFCO,6416,explícito,663.0,14
2024-09-26,quinta-feira,3,TREB. MINAS,IFCO,6424,explícito,1781.0,6
2024-09-27,sexta-feira,4,PH CORUMBA (PF),HB,623,explícito,670.0,1
2024-09-27,sexta-feira,4,PH CORUMBA (PF),IFCO,6424,explícito,1760.0,3
2024-09-27,sexta-feira,4,PH SUL (PF),HB,623,explícito,12.0,1
2024-09-27,sexta-feira,4,PH SUL (PF),IFCO,6424,explícito,23.0,2
2024-09-27,sexta-feira,4,PH UBAJARA,IFCO,6416,explícito,591.4761904761905,39
2024-09-27,sexta-feira,4,PH UBAJARA,IFCO,6424,explícito,415.06666666666666,26
2024-09-27,sexta-feira,4,TREB. MINAS,HB,618,explícito,444.0,28
2024-09-27,sexta-feira,4,TREB. MINAS,HB,618,rateio_por_capacidade,8.593352861980438,1
2024-09-27,sexta-feira,4,TREB. MINAS,HB,623,explícito,122.0,3
2024-09-27,sexta-feira,4,TREB. MINAS,HB,623,rateio_por_capacidade,81.40664713801957,2
2024-09-27,sexta-feira,4,TREB. MINAS,IFCO,6416,explícito,655.0,5
2024-09-27,sexta-feira,4,TREB. MINAS,IFCO,6424,explícito,800.0,2
2024-09-27,sexta-feira,4,TREBESCHI DF,IFCO,6416,explícito,11.033333333333333,5
2024-09-28,sábado,5,PH CORUMBA (PF),IFCO,6424,explícito,1822.0,3
2024-09-28,sábado,5,PH SUL (PF),IFCO,6424,explícito,131.0,4
2024-09-28,sábado,5,PH UBAJARA,HB,618,explícito,124.0,18
2024-09-28,sábado,5,PH UBAJARA,HB,623,explícito,1.0,1
2024-09-28,sábado,5,PH UBAJARA,IFCO,6416,explícito,1017.0,80
2024-09-28,sábado,5,PH UBAJARA,IFCO,6424,explícito,1672.0,46
2024-09-28,sábado,5,TREB. MINAS,HB,618,explícito,1417.0,50
2024-09-28,sábado,5,TREB. MINAS,HB,618,rateio_por_capacidade,148.78964388693458,18
2024-09-28,sábado,5,TREB. MINAS,HB,623,explícito,1784.0,9
2024-09-28,sábado,5,TREB. MINAS,HB,623,rateio_por_capacidade,174.21035611306542,21
2024-09-28,sábado,5,TREB. MINAS,HB,NAO_INFORMADO,sem_base_para_rateio,83.0,4
2024-09-28,sábado,5,TREB. MINAS,IFCO,6416,explícito,565.0,13
2024-09-28,sábado,5,TREB. MINAS,IFCO,6424,explícito,1114.0,12
2024-09-30,segunda-feira,0,PH CORUMBA (PF),HB,623,explícito,1340.0,2
2024-09-30,segunda-feira,0,PH CORUMBA (PF),IFCO,6424,explícito,1280.0,2
2024-09-30,segunda-feira,0,PH SUL (PF),IFCO,6424,explícito,234.0,8
2024-09-30,segunda-feira,0,PH UBAJARA,IFCO,6416,explícito,390.0,29
2024-09-30,segunda-feira,0,PH UBAJARA,IFCO,6424,explícito,235.0,25
2024-09-30,segunda-feira,0,TREB. MINAS,HB,618,explícito,662.0,26
2024-09-30,segunda-feira,0,TREB. MINAS,HB,618,rateio_por_capacidade,88.18165320751294,1
2024-09-30,segunda-feira,0,TREB. MINAS,HB,623,explícito,941.0,4
2024-09-30,segunda-feira,0,TREB. MINAS,HB,623,rateio_por_capacidade,511.8183467924871,2
2024-09-30,segunda-feira,0,TREB. MINAS,IFCO,6416,explícito,514.0,15
2024-09-30,segunda-feira,0,TREB. MINAS,IFCO,6424,explícito,4.1,3
2024-09-30,segunda-feira,0,TREBESCHI DF,IFCO,6416,explícito,0.166666666666667,1
2024-10-01,terça-feira,1,PH CORUMBA (PF),HB,623,explícito,1360.0,3
2024-10-01,terça-feira,1,PH CORUMBA (PF),IFCO,6424,explícito,1120.0,1
2024-10-01,terça-feira,1,PH SUL (PF),IFCO,6424,explícito,37.0,2
2024-10-01,terça-feira,1,PH UBAJARA,IFCO,6416,explícito,616.0,28
2024-10-01,terça-feira,1,PH UBAJARA,IFCO,6424,explícito,16.0,4
2024-10-01,terça-feira,1,TREB. MINAS,HB,618,explícito,497.0,23
2024-10-01,terça-feira,1,TREB. MINAS,HB,618,rateio_por_capacidade,36.454570458385554,9
2024-10-01,terça-feira,1,TREB. MINAS,HB,623,explícito,255.0,5
2024-10-01,terça-feira,1,TREB. MINAS,HB,623,rateio_por_capacidade,7.545429541614452,9
2024-10-01,terça-feira,1,TREB. MINAS,IFCO,6416,explícito,1242.0,146
2024-10-01,terça-feira,1,TREB. MINAS,IFCO,6424,explícito,2827.0,14
2024-10-02,quarta-feira,2,PH ALHO/CEBOLA,HB,623,explícito,300.0,1
2024-10-02,quarta-feira,2,PH CORUMBA (PF),HB,618,explícito,130.0,6
2024-10-02,quarta-feira,2,PH CORUMBA (PF),IFCO,6424,explícito,1120.0,1
2024-10-02,quarta-feira,2,PH SUL (PF),IFCO,6424,explícito,29.0,2
2024-10-02,quarta-feira,2,PH UBAJARA,IFCO,6416,explícito,485.0,19
2024-10-02,quarta-feira,2,PH UBAJARA,IFCO,6424,explícito,93.0,4
2024-10-02,quarta-feira,2,TREB. MINAS,HB,618,explícito,943.0,29
2024-10-02,quarta-feira,2,TREB. MINAS,HB,618,rateio_por_capacidade,65.70599607460593,16
2024-10-02,quarta-feira,2,TREB. MINAS,HB,623,explícito,121.0,2
2024-10-02,quarta-feira,2,TREB. MINAS,HB,623,rateio_por_capacidade,44.29400392539407,22
2024-10-02,quarta-feira,2,TREB. MINAS,HB,NAO_INFORMADO,sem_base_para_rateio,9.0,3
2024-10-02,quarta-feira,2,TREB. MINAS,IFCO,6416,explícito,556.0,6
2024-10-02,quarta-feira,2,TREB. MINAS,IFCO,6424,explícito,2315.0,3
2024-10-03,quinta-feira,3,PH CORUMBA (PF),HB,623,explícito,630.0,1
2024-10-03,quinta-feira,3,PH CORUMBA (PF),IFCO,6424,explícito,1440.0,2
2024-10-03,quinta-feira,3,PH SUL (PF),IFCO,6424,explícito,106.0,7
2024-10-03,quinta-feira,3,PH UBAJARA,IFCO,6416,explícito,75.0,17
2024-10-03,quinta-feira,3,PH UBAJARA,IFCO,6424,explícito,19.0,5
2024-10-03,quinta-feira,3,TREB. MINAS,HB,618,explícito,744.0,25
2024-10-03,quinta-feira,3,TREB. MINAS,HB,618,rateio_por_capacidade,89.50946654992273,13
2024-10-03,quinta-feira,3,TREB. MINAS,HB,623,explícito,224.0,9
2024-10-03,quinta-feira,3,TREB. MINAS,HB,623,rateio_por_capacidade,613.4905334500772,19
2024-10-03,quinta-feira,3,TREB. MINAS,HB,NAO_INFORMADO,sem_base_para_rateio,154.0,3
2024-10-03,quinta-feira,3,TREB. MINAS,IFCO,6416,explícito,38.0,9
2024-10-03,quinta-feira,3,TREB. MINAS,IFCO,6424,explícito,793.0,4
2024-10-04,sexta-feira,4,PH CORUMBA (PF),HB,623,explícito,670.0,1
2024-10-04,sexta-feira,4,PH CORUMBA (PF),IFCO,6424,explícito,640.0,1
2024-10-04,sexta-feira,4,PH UBAJARA,IFCO,6416,explícito,8.0,2
2024-10-04,sexta-feira,4,PH UBAJARA,IFCO,6424,explícito,1.0,1
2024-10-04,sexta-feira,4,TREB. MINAS,HB,618,explícito,441.0,28
2024-10-04,sexta-feira,4,TREB. MINAS,HB,618,rateio_por_capacidade,1.8905376296356964,3
2024-10-04,sexta-feira,4,TREB. MINAS,HB,623,explícito,120.0,1
2024-10-04,sexta-feira,4,TREB. MINAS,HB,623,rateio_por_capacidade,0.3094623703643038,3
2024-10-04,sexta-feira,4,TREB. MINAS,IFCO,6416,explícito,729.0,6
2024-10-05,sábado,5,PH CORUMBA (PF),IFCO,6424,explícito,1280.0,2
2024-10-05,sábado,5,PH UBAJARA,HB,618,explícito,69.0,14
2024-10-05,sábado,5,PH UBAJARA,HB,623,explícito,1.0,1
2024-10-05,sábado,5,PH UBAJARA,IFCO,6416,explícito,1306.0,69
2024-10-05,sábado,5,PH UBAJARA,IFCO,6424,explícito,276.0,25
2024-10-05,sábado,5,TREB. MINAS,HB,618,explícito,1097.0,38
2024-10-05,sábado,5,TREB. MINAS,HB,618,rateio_por_capacidade,60.93448178446866,17
2024-10-05,sábado,5,TREB. MINAS,HB,623,explícito,587.0,6
2024-10-05,sábado,5,TREB. MINAS,HB,623,rateio_por_capacidade,122.06551821553134,26
2024-10-05,sábado,5,TREB. MINAS,HB,NAO_INFORMADO,sem_base_para_rateio,74.0,4
2024-10-05,sábado,5,TREB. MINAS,IFCO,6416,explícito,588.0,13
2024-10-05,sábado,5,TREB. MINAS,IFCO,6424,explícito,1898.0,11
2024-10-07,segunda-feira,0,PH CORUMBA (PF),HB,623,explícito,690.0,2
2024-10-07,segunda-feira,0,PH SUL (PF),IFCO,6424,explícito,68.0,3
2024-10-07,segunda-feira,0,PH UBAJARA,IFCO,6416,explícito,328.0,33
2024-10-07,segunda-feira,0,PH UBAJARA,IFCO,6424,explícito,4.0,1
2024-10-07,segunda-feira,0,TREB. MINAS,HB,618,explícito,376.0,17
2024-10-07,segunda-feira,0,TREB. MINAS,HB,618,rateio_por_capacidade,11.171358720574569,1
2024-10-07,segunda-feira,0,TREB. MINAS,HB,623,explícito,791.0,3
2024-10-07,segunda-feira,0,TREB. MINAS,HB,623,rateio_por_capacidade,301.8286412794254,2
2024-10-07,segunda-feira,0,TREB. MINAS,IFCO,6416,explícito,475.0,5
2024-10-07,segunda-feira,0,TREB. MINAS,IFCO,6424,explícito,1410.0,3
2024-10-07,segunda-feira,0,TREBESCHI DF,HB,618,explícito,0.3125,1
2024-10-08,terça-feira,1,PH CORUMBA (PF),HB,623,explícito,670.0,1
2024-10-08,terça-feira,1,PH SUL (PF),IFCO,6424,explícito,21.0,2
2024-10-08,terça-feira,1,PH UBAJARA,IFCO,6416,explícito,736.1111111111111,26
2024-10-08,terça-feira,1,PH UBAJARA,IFCO,6424,explícito,27.0,8
2024-10-08,terça-feira,1,TREB. MINAS,HB,618,explícito,411.0,27
2024-10-08,terça-feira,1,TREB. MINAS,HB,618,rateio_por_capacidade,99.56220217142874,13
2024-10-08,terça-feira,1,TREB. MINAS,HB,623,explícito,133.0,4
2024-10-08,terça-feira,1,TREB. MINAS,HB,623,rateio_por_capacidade,17.437797828571274,13
2024-10-08,terça-feira,1,TREB. MINAS,HB,NAO_INFORMADO,sem_base_para_rateio,15.0,2
2024-10-08,terça-feira,1,TREB. MINAS,IFCO,6416,explícito,1248.0,141
2024-10-08,terça-feira,1,TREB. MINAS,IFCO,6424,explícito,1160.0,5
2024-10-09,quarta-feira,2,PH CORUMBA (PF),HB,618,explícito,140.0,5
2024-10-09,quarta-feira,2,PH CORUMBA (PF),HB,623,explícito,670.0,1
2024-10-09,quarta-feira,2,PH CORUMBA (PF),IFCO,6424,explícito,250.0,2
2024-10-09,quarta-feira,2,PH UBAJARA,IFCO,6416,explícito,340.0,21
2024-10-09,quarta-feira,2,PH UBAJARA,IFCO,6424,explícito,45.0,4
2024-10-09,quarta-feira,2,TREB. MINAS,HB,618,explícito,435.0,21
2024-10-09,quarta-feira,2,TREB. MINAS,HB,618,rateio_por_capacidade,6.332343382873219,4
2024-10-09,quarta-feira,2,TREB. MINAS,HB,623,explícito,121.0,2
2024-10-09,quarta-feira,2,TREB. MINAS,HB,623,rateio_por_capacidade,4.667656617126781,7
2024-10-09,quarta-feira,2,TREB. MINAS,HB,NAO_INFORMADO,sem_base_para_rateio,2.0,2
2024-10-09,quarta-feira,2,TREB. MINAS,IFCO,6416,explícito,316.0,4
2024-10-09,quarta-feira,2,TREB. MINAS,IFCO,6424,explícito,640.0,1
2024-10-10,quinta-feira,3,PH CORUMBA (PF),HB,623,explícito,80.0,1
2024-10-10,quinta-feira,3,PH CORUMBA (PF),IFCO,6424,explícito,1120.0,1
2024-10-10,quinta-feira,3,PH UBAJARA,IFCO,6416,explícito,36.0,11
2024-10-10,quinta-feira,3,PH UBAJARA,IFCO,6424,explícito,5.0,2
2024-10-10,quinta-feira,3,TREB. MINAS,HB,618,explícito,646.0,25
2024-10-10,quinta-feira,3,TREB. MINAS,HB,618,rateio_por_capacidade,257.2634053396993,21
2024-10-10,quinta-feira,3,TREB. MINAS,HB,623,explícito,271.0,6
2024-10-10,quinta-feira,3,TREB. MINAS,HB,623,rateio_por_capacidade,298.7365946603007,24
2024-10-10,quinta-feira,3,TREB. MINAS,HB,NAO_INFORMADO,sem_base_para_rateio,83.0,3
2024-10-10,quinta-feira,3,TREB. MINAS,IFCO,6416,explícito,45.0,8
2024-10-10,quinta-feira,3,TREB. MINAS,IFCO,6424,explícito,2133.0,8
2024-10-11,sexta-feira,4,PH SUL (PF),IFCO,6424,explícito,39.0,2
2024-10-11,sexta-feira,4,TREB. MINAS,HB,618,explícito,476.0,31
2024-10-11,sexta-feira,4,TREB. MINAS,HB,618,rateio_por_capacidade,57.90960849778591,5
2024-10-11,sexta-feira,4,TREB. MINAS,HB,623,explícito,167.0,4
2024-10-11,sexta-feira,4,TREB. MINAS,HB,623,rateio_por_capacidade,109.09039150221409,5
2024-10-11,sexta-feira,4,TREB. MINAS,HB,NAO_INFORMADO,sem_base_para_rateio,20.0,1
2024-10-11,sexta-feira,4,TREB. MINAS,IFCO,6416,explícito,482.0,5
2024-10-11,sexta-feira,4,TREB. MINAS,IFCO,6424,explícito,1120.0,1
2024-10-11,sexta-feira,4,TREBESCHI DF,IFCO,6424,explícito,30.0,5
2024-10-12,sábado,5,PH CORUMBA (PF),HB,623,explícito,1300.0,2
2024-10-12,sábado,5,PH CORUMBA (PF),IFCO,6416,explícito,28.0,1
2024-10-12,sábado,5,PH CORUMBA (PF),IFCO,6424,explícito,49.0,2
2024-10-12,sábado,5,PH UBAJARA,HB,618,explícito,83.0,18
2024-10-12,sábado,5,PH UBAJARA,HB,618,rateio_por_capacidade,36.13471253986925,6
2024-10-12,sábado,5,PH UBAJARA,HB,623,explícito,5.0,4
2024-10-12,sábado,5,PH UBAJARA,HB,623,rateio_por_capacidade,3.865287460130753,6
2024-10-12,sábado,5,PH UBAJARA,IFCO,6416,explícito,1112.0,84
2024-10-12,sábado,5,PH UBAJARA,IFCO,6424,explícito,704.0,33
2024-10-12,sábado,5,TREB. MINAS,HB,618,explícito,1201.0,42
2024-10-12,sábado,5,TREB. MINAS,HB,618,rateio_por_capacidade,140.92045431064673,20
2024-10-12,sábado,5,TREB. MINAS,HB,623,explícito,1611.0,8
2024-10-12,sábado,5,TREB. MINAS,HB,623,rateio_por_capacidade,83.07954568935328,26
2024-10-12,sábado,5,TREB. MINAS,HB,NAO_INFORMADO,sem_base_para_rateio,43.0,4
2024-10-12,sábado,5,TREB. MINAS,IFCO,6416,explícito,483.0,14
2024-10-12,sábado,5,TREB. MINAS,IFCO,6424,explícito,2846.0,9
2024-10-14,segunda-feira,0,PH CORUMBA (PF),HB,623,explícito,690.0,1
2024-10-14,segunda-feira,0,PH SUL (PF),IFCO,6424,explícito,40.0,5
2024-10-14,segunda-feira,0,PH UBAJARA,IFCO,6416,explícito,396.0,35
2024-10-14,segunda-feira,0,PH UBAJARA,IFCO,6424,explícito,59.0,12
2024-10-14,segunda-feira,0,TREB. MINAS,HB,618,explícito,380.0,18
2024-10-14,segunda-feira,0,TREB. MINAS,HB,618,rateio_por_capacidade,61.230048397431425,7
2024-10-14,segunda-feira,0,TREB. MINAS,HB,623,explícito,1063.0,5
2024-10-14,segunda-feira,0,TREB. MINAS,HB,623,rateio_por_capacidade,367.7699516025686,12
2024-10-14,segunda-feira,0,TREB. MINAS,HB,NAO_INFORMADO,sem_base_para_rateio,10.0,1
2024-10-14,segunda-feira,0,TREB. MINAS,IFCO,6416,explícito,519.0,10
2024-10-14,segunda-feira,0,TREB. MINAS,IFCO,6424,explícito,2830.0,11
2024-10-14,segunda-feira,0,TREBESCHI DF,HB,623,explícito,32.0,5
2024-10-14,segunda-feira,0,TREBESCHI DF,IFCO,6424,explícito,12.0,3
2024-10-15,terça-feira,1,PH CORUMBA (PF),HB,623,explícito,670.0,1
2024-10-15,terça-feira,1,PH CORUMBA (PF),IFCO,6424,explícito,640.0,2
2024-10-15,terça-feira,1,PH SUL (PF),IFCO,6424,explícito,5.0,2
2024-10-15,terça-feira,1,PH UBAJARA,IFCO,6416,explícito,389.7224982746722,29
2024-10-15,terça-feira,1,PH UBAJARA,IFCO,6424,explícito,203.95833333333331,18
2024-10-15,terça-feira,1,TREB. MINAS,HB,618,explícito,409.0,27
2024-10-15,terça-feira,1,TREB. MINAS,HB,618,rateio_por_capacidade,6.87468228958435,1
2024-10-15,terça-feira,1,TREB. MINAS,HB,623,explícito,198.0,6
2024-10-15,terça-feira,1,TREB. MINAS,HB,623,rateio_por_capacidade,1.1253177104156502,1
2024-10-15,terça-feira,1,TREB. MINAS,HB,NAO_INFORMADO,sem_base_para_rateio,35.0,2
2024-10-15,terça-feira,1,TREB. MINAS,IFCO,6416,explícito,915.0,108
2024-10-15,terça-feira,1,TREB. MINAS,IFCO,6424,explícito,721.0,5
2024-10-15,terça-feira,1,TREBESCHI DF,HB,623,explícito,1.0,1
2024-10-15,terça-feira,1,TREBESCHI DF,IFCO,6424,explícito,41.0,5
2024-10-16,quarta-feira,2,PH CORUMBA (PF),HB,618,explícito,195.0,8
2024-10-16,quarta-feira,2,PH CORUMBA (PF),HB,623,explícito,670.0,2
2024-10-16,quarta-feira,2,PH SUL (PF),IFCO,6424,explícito,16.0,2
2024-10-16,quarta-feira,2,PH UBAJARA,IFCO,6416,explícito,347.0,17
2024-10-16,quarta-feira,2,PH UBAJARA,IFCO,6424,explícito,54.0,4
2024-10-16,quarta-feira,2,TREB. MINAS,HB,618,explícito,413.0,27
2024-10-16,quarta-feira,2,TREB. MINAS,HB,618,rateio_por_capacidade,7.007394159555046,3
2024-10-16,quarta-feira,2,TREB. MINAS,HB,623,explícito,791.0,3
2024-10-16,quarta-feira,2,TREB. MINAS,HB,623,rateio_por_capacidade,14.992605840444956,5
2024-10-16,quarta-feira,2,TREB. MINAS,HB,NAO_INFORMADO,sem_base_para_rateio,1.0,1
2024-10-16,quarta-feira,2,TREB. MINAS,IFCO,6416,explícito,445.0,5
2024-10-16,quarta-feira,2,TREB. MINAS,IFCO,6424,explícito,2240.0,3
2024-10-16,quarta-feira,2,TREBESCHI DF,IFCO,6424,explícito,6.0,3
2024-10-17,quinta-feira,3,PH CASCAVEL,IFCO,6424,explícito,515.0,2
2024-10-17,quinta-feira,3,PH CORUMBA (PF),HB,623,explícito,360.0,1
2024-10-17,quinta-feira,3,PH CORUMBA (PF),IFCO,6424,explícito,1120.0,1
2024-10-17,quinta-feira,3,PH UBAJARA,IFCO,6416,explícito,216.05555555555554,19
2024-10-17,quinta-feira,3,PH UBAJARA,IFCO,6424,explícito,11.0,2
2024-10-17,quinta-feira,3,TREB. MINAS,HB,618,explícito,694.0,30
2024-10-17,quinta-feira,3,TREB. MINAS,HB,618,rateio_por_capacidade,473.23589062108766,38
2024-10-17,quinta-feira,3,TREB. MINAS,HB,623,explícito,1038.0,13
2024-10-17,quinta-feira,3,TREB. MINAS,HB,623,rateio_por_capacidade,295.7641093789124,45
2024-10-17,quinta-feira,3,TREB. MINAS,HB,NAO_INFORMADO,sem_base_para_rateio,120.0,4
2024-10-17,quinta-feira,3,TREB. MINAS,IFCO,6416,explícito,27.0,8
2024-10-17,quinta-feira,3,TREB. MINAS,IFCO,6424,explícito,941.0,7
2024-10-17,quinta-feira,3,TREBESCHI DF,HB,623,explícito,20.0,2
2024-10-17,quinta-feira,3,TREBESCHI DF,IFCO,6424,explícito,4.0,3
2024-10-18,sexta-feira,4,PH CORUMBA (PF),IFCO,6424,explícito,636.0,1
2024-10-18,sexta-feira,4,PH SUL (PF),IFCO,6424,explícito,2.0,1
2024-10-18,sexta-feira,4,TREB. MINAS,HB,618,explícito,393.0,27
2024-10-18,sexta-feira,4,TREB. MINAS,HB,618,rateio_por_capacidade,7.734017575782394,2
2024-10-18,sexta-feira,4,TREB. MINAS,HB,623,explícito,1.0,1
2024-10-18,sexta-feira,4,TREB. MINAS,HB,623,rateio_por_capacidade,1.2659824242176065,2
2024-10-18,sexta-feira,4,TREB. MINAS,IFCO,6416,explícito,695.0,5
2024-10-18,sexta-feira,4,TREB. MINAS,IFCO,6424,explícito,640.0,1
2024-10-18,sexta-feira,4,TREBESCHI DF,IFCO,6424,explícito,14.0,5
2024-10-19,sábado,5,PH CORUMBA (PF),HB,623,explícito,690.0,1
2024-10-19,sábado,5,PH CORUMBA (PF),IFCO,6424,explícito,1116.0,1
2024-10-19,sábado,5,PH UBAJARA,HB,618,explícito,144.0,33
2024-10-19,sábado,5,PH UBAJARA,HB,618,rateio_por_capacidade,26.581937896176406,7
2024-10-19,sábado,5,PH UBAJARA,HB,623,explícito,25.0,5
2024-10-19,sábado,5,PH UBAJARA,HB,623,rateio_por_capacidade,2.418062103823594,6
2024-10-19,sábado,5,PH UBAJARA,IFCO,6416,explícito,852.1111111111111,74
2024-10-19,sábado,5,PH UBAJARA,IFCO,6424,explícito,493.0,31
2024-10-19,sábado,5,TREB. MINAS,HB,618,explícito,963.0,42
2024-10-19,sábado,5,TREB. MINAS,HB,618,rateio_por_capacidade,179.7766193270081,12
2024-10-19,sábado,5,TREB. MINAS,HB,623,explícito,1228.0,14
2024-10-19,sábado,5,TREB. MINAS,HB,623,rateio_por_capacidade,174.2233806729919,15
2024-10-19,sábado,5,TREB. MINAS,HB,NAO_INFORMADO,sem_base_para_rateio,107.0,4
2024-10-19,sábado,5,TREB. MINAS,IFCO,6416,explícito,619.0,97
2024-10-19,sábado,5,TREB. MINAS,IFCO,6424,explícito,1218.0,10
2024-10-21,segunda-feira,0,PH CASCAVEL,IFCO,6424,explícito,800.0,2
2024-10-21,segunda-feira,0,PH CORUMBA (PF),HB,623,explícito,670.0,1
2024-10-21,segunda-feira,0,PH CORUMBA (PF),IFCO,6424,explícito,640.0,1
2024-10-21,segunda-feira,0,PH SUL (PF),IFCO,6424,explícito,79.0,3
2024-10-21,segunda-feira,0,PH UBAJARA,IFCO,6416,explícito,1383.0,22
2024-10-21,segunda-feira,0,PH UBAJARA,IFCO,6424,explícito,320.0,16
2024-10-21,segunda-feira,0,TREB. MINAS,HB,618,explícito,397.0,16
2024-10-21,segunda-feira,0,TREB. MINAS,HB,618,rateio_por_capacidade,9.452688148178481,1
2024-10-21,segunda-feira,0,TREB. MINAS,HB,623,explícito,122.0,2
2024-10-21,segunda-feira,0,TREB. MINAS,HB,623,rateio_por_capacidade,1.547311851821519,1
2024-10-21,segunda-feira,0,TREB. MINAS,IFCO,6416,explícito,438.0,8
2024-10-21,segunda-feira,0,TREB. MINAS,IFCO,6424,explícito,1856.0,6
2024-10-21,segunda-feira,0,TREBESCHI DF,HB,623,explícito,4.0,1
2024-10-21,segunda-feira,0,TREBESCHI DF,IFCO,6424,explícito,18.0,3
2024-10-22,terça-feira,1,PH ALHO/CEBOLA,HB,623,explícito,600.0,1
2024-10-22,terça-feira,1,PH CASCAVEL,IFCO,6424,explícito,720.0,4
2024-10-22,terça-feira,1,PH CORUMBA (PF),HB,623,explícito,690.0,2
2024-10-22,terça-feira,1,PH SUL (PF),IFCO,6424,explícito,430.0,7
2024-10-22,terça-feira,1,PH UBAJARA,HB,618,explícito,605.0,23
2024-10-22,terça-feira,1,PH UBAJARA,HB,623,explícito,4.0,1
2024-10-22,terça-feira,1,PH UBAJARA,IFCO,6416,explícito,715.0,39
2024-10-22,terça-feira,1,PH UBAJARA,IFCO,6424,explícito,194.0,12
2024-10-22,terça-feira,1,TREB. MINAS,HB,618,explícito,472.0,25
2024-10-22,terça-feira,1,TREB. MINAS,HB,618,rateio_por_capacidade,196.62710090821784,32
2024-10-22,terça-feira,1,TREB. MINAS,HB,623,explícito,1648.0,10
2024-10-22,terça-feira,1,TREB. MINAS,HB,623,rateio_por_capacidade,186.3728990917822,39
2024-10-22,terça-feira,1,TREB. MINAS,HB,NAO_INFORMADO,sem_base_para_rateio,65.0,4
2024-10-22,terça-feira,1,TREB. MINAS,IFCO,6416,explícito,936.0,141
2024-10-22,terça-feira,1,TREB. MINAS,IFCO,6424,explícito,309.0,6
2024-10-22,terça-feira,1,TREBESCHI DF,HB,623,explícito,17.0,3
2024-10-22,terça-feira,1,TREBESCHI DF,IFCO,6424,explícito,3.0,1
2024-10-23,quarta-feira,2,PH CASCAVEL,IFCO,6424,explícito,880.0,1
2024-10-23,quarta-feira,2,PH CORUMBA (PF),HB,623,explícito,80.0,2
2024-10-23,quarta-feira,2,PH CORUMBA (PF),IFCO,6424,explícito,153.0,2
2024-10-23,quarta-feira,2,PH SUL (PF),IFCO,6424,explícito,120.0,2
2024-10-23,quarta-feira,2,PH UBAJARA,IFCO,6416,explícito,667.0,58
2024-10-23,quarta-feira,2,PH UBAJARA,IFCO,6424,explícito,228.0,20
2024-10-23,quarta-feira,2,TREB. MINAS,HB,618,explícito,802.0,35
2024-10-23,quarta-feira,2,TREB. MINAS,HB,618,rateio_por_capacidade,11.843794674995614,5
2024-10-23,quarta-feira,2,TREB. MINAS,HB,623,explícito,171.0,3
2024-10-23,quarta-feira,2,TREB. MINAS,HB,623,rateio_por_capacidade,109.15620532500438,10
2024-10-23,quarta-feira,2,TREB. MINAS,HB,NAO_INFORMADO,sem_base_para_rateio,2.0,1
2024-10-23,quarta-feira,2,TREB. MINAS,IFCO,6416,explícito,878.0,30
2024-10-23,quarta-feira,2,TREB. MINAS,IFCO,6424,explícito,1644.3333333333335,16
2024-10-24,quinta-feira,3,PH CORUMBA (PF),IFCO,6424,explícito,640.0,1
2024-10-24,quinta-feira,3,PH SUL (PF),IFCO,6424,explícito,105.0,4
2024-10-24,quinta-feira,3,PH UBAJARA,HB,618,explícito,83.0,3
2024-10-24,quinta-feira,3,PH UBAJARA,HB,623,explícito,70.0,2
2024-10-24,quinta-feira,3,PH UBAJARA,IFCO,6416,explícito,645.0,30
2024-10-24,quinta-feira,3,PH UBAJARA,IFCO,6424,explícito,170.0,7
2024-10-24,quinta-feira,3,TREB. MINAS,HB,618,explícito,432.0,24
2024-10-24,quinta-feira,3,TREB. MINAS,HB,618,rateio_por_capacidade,225.19894158203095,20
2024-10-24,quinta-feira,3,TREB. MINAS,HB,623,explícito,491.0,8
2024-10-24,quinta-feira,3,TREB. MINAS,HB,623,rateio_por_capacidade,229.80105841796907,24
2024-10-24,quinta-feira,3,TREB. MINAS,HB,NAO_INFORMADO,sem_base_para_rateio,44.0,3
2024-10-25,sexta-feira,4,PH CORUMBA (PF),IFCO,6424,explícito,1280.0,3
2024-10-25,sexta-feira,4,PH SUL (PF),IFCO,6424,explícito,35.0,2
2024-10-25,sexta-feira,4,PH UBAJARA,HB,618,explícito,22.0,5
2024-10-25,sexta-feira,4,TREB. MINAS,HB,618,explícito,394.0,17
2024-10-25,sexta-feira,4,TREB. MINAS,HB,618,rateio_por_capacidade,0.8593352861980438,1
2024-10-25,sexta-feira,4,TREB. MINAS,HB,623,explícito,601.0,2
2024-10-25,sexta-feira,4,TREB. MINAS,HB,623,rateio_por_capacidade,0.14066471380195628,1
2024-10-25,sexta-feira,4,TREBESCHI DF,IFCO,6424,explícito,48.0,4
2024-10-26,sábado,5,PH CASCAVEL,IFCO,6424,explícito,636.0,1
2024-10-26,sábado,5,PH CORUMBA (PF),HB,623,explícito,60.0,1
2024-10-26,sábado,5,PH CORUMBA (PF),IFCO,6424,explícito,1200.0,2
2024-10-26,sábado,5,PH UBAJARA,HB,618,explícito,146.0,28
2024-10-26,sábado,5,PH UBAJARA,HB,618,rateio_por_capacidade,17.168294638107866,4
2024-10-26,sábado,5,PH UBAJARA,HB,623,explícito,32.0,6
2024-10-26,sábado,5,PH UBAJARA,HB,623,rateio_por_capacidade,7.831705361892133,5
2024-10-26,sábado,5,PH UBAJARA,IFCO,6416,explícito,1148.0,102
2024-10-26,sábado,5,PH UBAJARA,IFCO,6424,explícito,845.0,45
2024-10-26,sábado,5,TREB. MINAS,HB,618,explícito,943.0,38
2024-10-26,sábado,5,TREB. MINAS,HB,618,rateio_por_capacidade,80.23060566418928,6
2024-10-26,sábado,5,TREB. MINAS,HB,623,explícito,917.0,8
2024-10-26,sábado,5,TREB. MINAS,HB,623,rateio_por_capacidade,16.769394335810734,9
2024-10-26,sábado,5,TREB. MINAS,HB,NAO_INFORMADO,sem_base_para_rateio,1.0,1
2024-10-26,sábado,5,TREB. MINAS,IFCO,6416,explícito,717.0,84
2024-10-26,sábado,5,TREB. MINAS,IFCO,6424,explícito,2084.0,13
2024-10-28,segunda-feira,0,PH CASCAVEL,IFCO,6424,explícito,720.0,2
2024-10-28,segunda-feira,0,PH CORUMBA (PF),HB,623,explícito,690.0,2
2024-10-28,segunda-feira,0,PH SUL (PF),IFCO,6424,explícito,406.0,9
2024-10-28,segunda-feira,0,PH UBAJARA,HB,618,explícito,370.0,27
2024-10-28,segunda-feira,0,PH UBAJARA,HB,623,explícito,70.0,3
2024-10-28,segunda-feira,0,PH UBAJARA,IFCO,6416,explícito,345.0,12
2024-10-28,segunda-feira,0,PH UBAJARA,IFCO,6424,explícito,375.0,10
2024-10-28,segunda-feira,0,TREB. MINAS,HB,618,explícito,454.0,17
2024-10-28,segunda-feira,0,TREB. MINAS,HB,618,rateio_por_capacidade,5.156011717188263,1
2024-10-28,segunda-feira,0,TREB. MINAS,HB,623,explícito,672.0,2
2024-10-28,segunda-feira,0,TREB. MINAS,HB,623,rateio_por_capacidade,0.8439882828117377,1
2024-10-28,segunda-feira,0,TREB. MINAS,IFCO,6416,explícito,419.0,16
2024-10-28,segunda-feira,0,TREB. MINAS,IFCO,6424,explícito,307.0,4
2024-10-29,terça-feira,1,PH CASCAVEL,IFCO,6424,explícito,480.0,2
2024-10-29,terça-feira,1,PH SUL (PF),IFCO,6424,explícito,10.0,1
2024-10-29,terça-feira,1,PH UBAJARA,IFCO,6416,explícito,346.0,49
2024-10-29,terça-feira,1,PH UBAJARA,IFCO,6424,explícito,271.0,21
2024-10-29,terça-feira,1,TREB. MINAS,HB,618,explícito,643.0,27
2024-10-29,terça-feira,1,TREB. MINAS,HB,618,rateio_por_capacidade,328.2737721335104,17
2024-10-29,terça-feira,1,TREB. MINAS,HB,623,explícito,555.0,9
2024-10-29,terça-feira,1,TREB. MINAS,HB,623,rateio_por_capacidade,564.7262278664896,19
2024-10-29,terça-feira,1,TREB. MINAS,HB,NAO_INFORMADO,sem_base_para_rateio,70.0,1
2024-10-29,terça-feira,1,TREB. MINAS,IFCO,6416,explícito,920.0,138
2024-10-29,terça-feira,1,TREB. MINAS,IFCO,6424,explícito,80.0,2
2024-10-30,quarta-feira,2,PH CORUMBA (PF),HB,623,explícito,120.0,2
2024-10-30,quarta-feira,2,PH CORUMBA (PF),IFCO,6416,explícito,592.0,5
2024-10-30,quarta-feira,2,PH CORUMBA (PF),IFCO,6424,explícito,640.0,1
2024-10-30,quarta-feira,2,PH SUL (PF),IFCO,6424,explícito,28.0,3
2024-10-30,quarta-feira,2,PH UBAJARA,IFCO,6416,explícito,430.0,21
2024-10-30,quarta-feira,2,PH UBAJARA,IFCO,6424,explícito,48.0,8
2024-10-30,quarta-feira,2,TREB. MINAS,HB,618,explícito,687.0,36
2024-10-30,quarta-feira,2,TREB. MINAS,HB,618,rateio_por_capacidade,122.99509011425923,20
2024-10-30,quarta-feira,2,TREB. MINAS,HB,623,explícito,121.0,2
2024-10-30,quarta-feira,2,TREB. MINAS,HB,623,rateio_por_capacidade,51.00490988574079,25
2024-10-30,quarta-feira,2,TREB. MINAS,HB,NAO_INFORMADO,sem_base_para_rateio,10.0,3
2024-10-30,quarta-feira,2,TREB. MINAS,IFCO,6416,explícito,4.0,1
2024-10-30,quarta-feira,2,TREB. MINAS,IFCO,6424,explícito,372.0,2
2024-10-30,quarta-feira,2,TREBESCHI DF,IFCO,6424,explícito,5.0,1
2024-10-31,quinta-feira,3,PH CORUMBA (PF),IFCO,6424,explícito,1604.0,4
2024-10-31,quinta-feira,3,PH UBAJARA,IFCO,6416,explícito,188.0,24
2024-10-31,quinta-feira,3,PH UBAJARA,IFCO,6424,explícito,25.0,3
2024-10-31,quinta-feira,3,TREB. MINAS,HB,618,explícito,677.0,29
2024-10-31,quinta-feira,3,TREB. MINAS,HB,618,rateio_por_capacidade,430.5319523607037,27
2024-10-31,quinta-feira,3,TREB. MINAS,HB,623,explícito,757.0,10
2024-10-31,quinta-feira,3,TREB. MINAS,HB,623,rateio_por_capacidade,305.4680476392963,33
2024-10-31,quinta-feira,3,TREB. MINAS,HB,NAO_INFORMADO,sem_base_para_rateio,130.0,3
2024-10-31,quinta-feira,3,TREB. MINAS,IFCO,6416,explícito,26.0,8
2024-10-31,quinta-feira,3,TREB. MINAS,IFCO,6424,explícito,1129.0,4
2024-11-01,sexta-feira,4,PH CORUMBA (PF),IFCO,6416,explícito,760.0,5
2024-11-01,sexta-feira,4,PH CORUMBA (PF),IFCO,6424,explícito,967.0,1
2024-11-01,sexta-feira,4,PH SUL (PF),IFCO,6424,explícito,110.0,2
2024-11-01,sexta-feira,4,PH UBAJARA,HB,618,explícito,59.0,11
2024-11-01,sexta-feira,4,PH UBAJARA,HB,623,explícito,20.0,1
2024-11-01,sexta-feira,4,PH UBAJARA,IFCO,6416,explícito,1385.0,29
2024-11-01,sexta-feira,4,PH UBAJARA,IFCO,6424,explícito,168.0,4
2024-11-01,sexta-feira,4,TREB. MINAS,HB,618,explícito,487.0,28
2024-11-01,sexta-feira,4,TREB. MINAS,HB,618,rateio_por_capacidade,2.5780058585941314,1
2024-11-01,sexta-feira,4,TREB. MINAS,HB,623,explícito,1.0,1
2024-11-01,sexta-feira,4,TREB. MINAS,HB,623,rateio_por_capacidade,0.42199414140586883,1
2024-11-01,sexta-feira,4,TREB. MINAS,IFCO,6416,explícito,80.0,2
2024-11-01,sexta-feira,4,TREB. MINAS,IFCO,6424,explícito,880.0,1
2024-11-01,sexta-feira,4,TREBESCHI DF,HB,623,explícito,60.0,10
2024-11-02,sábado,5,PH CASCAVEL,IFCO,6424,explícito,640.0,1
2024-11-02,sábado,5,PH CORUMBA (PF),HB,623,explícito,120.0,2
2024-11-02,sábado,5,PH CORUMBA (PF),IFCO,6424,explícito,850.0,2
2024-11-02,sábado,5,PH UBAJARA,HB,618,explícito,74.0,18
2024-11-02,sábado,5,PH UBAJARA,HB,618,rateio_por_capacidade,20.925839683473782,6
2024-11-02,sábado,5,PH UBAJARA,HB,623,explícito,6.0,5
2024-11-02,sábado,5,PH UBAJARA,HB,623,rateio_por_capacidade,3.0741603165262164,5
2024-11-02,sábado,5,PH UBAJARA,HB,NAO_INFORMADO,sem_base_para_rateio,8.0,1
2024-11-02,sábado,5,PH UBAJARA,IFCO,6416,explícito,898.2222222222222,90
2024-11-02,sábado,5,PH UBAJARA,IFCO,6424,explícito,741.0,27
2024-11-02,sábado,5,TREB. MINAS,HB,618,explícito,1113.0,49
2024-11-02,sábado,5,TREB. MINAS,HB,618,rateio_por_capacidade,205.67509431456185,13
2024-11-02,sábado,5,TREB. MINAS,HB,623,explícito,981.0,11
2024-11-02,sábado,5,TREB. MINAS,HB,623,rateio_por_capacidade,139.32490568543818,18
2024-11-02,sábado,5,TREB. MINAS,HB,NAO_INFORMADO,sem_base_para_rateio,63.0,3
2024-11-02,sábado,5,TREB. MINAS,IFCO,6416,explícito,588.0,11
2024-11-02,sábado,5,TREB. MINAS,IFCO,6424,explícito,2309.0,10
2024-11-04,segunda-feira,0,PH ALHO/CEBOLA,IFCO,6424,explícito,638.0,1
2024-11-04,segunda-feira,0,PH CASCAVEL,HB,623,explícito,670.0,1
2024-11-04,segunda-feira,0,PH CORUMBA (PF),HB,623,explícito,690.0,2
2024-11-04,segunda-feira,0,PH CORUMBA (PF),IFCO,6424,explícito,2247.0,5
2024-11-04,segunda-feira,0,PH SUL (PF),IFCO,6424,explícito,55.0,3
2024-11-04,segunda-feira,0,PH UBAJARA,HB,618,explícito,347.0,20
2024-11-04,segunda-feira,0,PH UBAJARA,HB,623,explícito,30.0,2
2024-11-04,segunda-feira,0,PH UBAJARA,IFCO,6416,explícito,185.0,20
2024-11-04,segunda-feira,0,PH UBAJARA,IFCO,6424,explícito,10.0,6
2024-11-04,segunda-feira,0,TREB. MINAS,HB,618,explícito,506.0,16
2024-11-04,segunda-feira,0,TREB. MINAS,HB,618,rateio_por_capacidade,2.5780058585941314,1
2024-11-04,segunda-feira,0,TREB. MINAS,HB,623,explícito,1037.0,2
2024-11-04,segunda-feira,0,TREB. MINAS,HB,623,rateio_por_capacidade,0.42199414140586883,1
2024-11-04,segunda-feira,0,TREB. MINAS,IFCO,6416,explícito,426.0,16
2024-11-04,segunda-feira,0,TREB. MINAS,IFCO,6424,explícito,32.0,5
2024-11-05,terça-feira,1,F. TAQUARIVAI,IFCO,6424,explícito,240.0,1
2024-11-05,terça-feira,1,PH CASCAVEL,HB,623,explícito,670.0,2
2024-11-05,terça-feira,1,PH CORUMBA (PF),IFCO,6416,explícito,733.0,7
2024-11-05,terça-feira,1,PH CORUMBA (PF),IFCO,6424,explícito,1120.0,3
2024-11-05,terça-feira,1,PH UBAJARA,IFCO,6416,explícito,1101.0,43
2024-11-05,terça-feira,1,PH UBAJARA,IFCO,6424,explícito,403.0,27
2024-11-05,terça-feira,1,TREB. MINAS,HB,618,explícito,543.7333333333333,39
2024-11-05,terça-feira,1,TREB. MINAS,HB,618,rateio_por_capacidade,65.24554163514857,12
2024-11-05,terça-feira,1,TREB. MINAS,HB,623,explícito,754.0,14
2024-11-05,terça-feira,1,TREB. MINAS,HB,623,rateio_por_capacidade,14.204458364851437,12
2024-11-05,terça-feira,1,TREB. MINAS,IFCO,6416,explícito,144.0,108
2024-11-05,terça-feira,1,TREB. MINAS,IFCO,6424,explícito,80.0,2
2024-11-05,terça-feira,1,TREBESCHI DF,IFCO,6416,explícito,125.25,2
2024-11-06,quarta-feira,2,PH CASCAVEL,HB,623,explícito,640.0,1
2024-11-06,quarta-feira,2,PH CORUMBA (PF),HB,623,explícito,1260.0,2
2024-11-06,quarta-feira,2,PH CORUMBA (PF),IFCO,6416,explícito,592.0,6
2024-11-06,quarta-feira,2,PH CORUMBA (PF),IFCO,6424,explícito,640.0,1
2024-11-06,quarta-feira,2,PH SUL (PF),IFCO,6424,explícito,40.0,1
2024-11-06,quarta-feira,2,PH UBAJARA,IFCO,6416,explícito,287.0,43
2024-11-06,quarta-feira,2,PH UBAJARA,IFCO,6424,explícito,61.0,6
2024-11-06,quarta-feira,2,TREB. MINAS,HB,618,explícito,1158.0,32
2024-11-06,quarta-feira,2,TREB. MINAS,HB,618,rateio_por_capacidade,181.5000620706908,10
2024-11-06,quarta-feira,2,TREB. MINAS,HB,623,explícito,1.0,1
2024-11-06,quarta-feira,2,TREB. MINAS,HB,623,rateio_por_capacidade,82.49993792930918,17
2024-11-06,quarta-feira,2,TREB. MINAS,HB,NAO_INFORMADO,sem_base_para_rateio,6.0,2
2024-11-06,quarta-feira,2,TREB. MINAS,IFCO,6416,explícito,22.0,2
2024-11-06,quarta-feira,2,TREB. MINAS,IFCO,6424,explícito,29.0,1
2024-11-06,quarta-feira,2,TREBESCHI DF,HB,623,explícito,60.0,2
2024-11-07,quinta-feira,3,F. TAQUARIVAI,IFCO,6424,explícito,240.0,1
2024-11-07,quinta-feira,3,PH CORUMBA (PF),HB,623,explícito,1170.0,2
2024-11-07,quinta-feira,3,PH SUL (PF),IFCO,6424,explícito,41.0,3
2024-11-07,quinta-feira,3,PH UBAJARA,HB,618,explícito,500.0,2
2024-11-07,quinta-feira,3,PH UBAJARA,IFCO,6416,explícito,155.08333333333331,14
2024-11-07,quinta-feira,3,PH UBAJARA,IFCO,6424,explícito,80.68589743589745,11
2024-11-07,quinta-feira,3,TREB. MINAS,HB,618,explícito,563.0,27
2024-11-07,quinta-feira,3,TREB. MINAS,HB,618,rateio_por_capacidade,203.85485544684894,23
2024-11-07,quinta-feira,3,TREB. MINAS,HB,623,explícito,1096.0,11
2024-11-07,quinta-feira,3,TREB. MINAS,HB,623,rateio_por_capacidade,634.145144553151,29
2024-11-07,quinta-feira,3,TREB. MINAS,HB,NAO_INFORMADO,sem_base_para_rateio,106.0,3
2024-11-07,quinta-feira,3,TREB. MINAS,IFCO,6416,explícito,70.0,31
2024-11-07,quinta-feira,3,TREB. MINAS,IFCO,6424,explícito,18.0,10
2024-11-07,quinta-feira,3,TREBESCHI DF,HB,623,explícito,42.0,1
2024-11-07,quinta-feira,3,TREBESCHI DF,IFCO,6416,explícito,5.0,1
2024-11-08,sexta-feira,4,F. TAQUARIVAI,HB,623,explícito,600.0,1
2024-11-08,sexta-feira,4,F. TAQUARIVAI,IFCO,6424,explícito,640.0,2
2024-11-08,sexta-feira,4,PH CASCAVEL,IFCO,6424,explícito,2190.0,3
2024-11-08,sexta-feira,4,PH SUL (PF),IFCO,6424,explícito,37.0,5
2024-11-08,sexta-feira,4,PH UBAJARA,IFCO,6416,explícito,5.0,1
2024-11-08,sexta-feira,4,PH UBAJARA,IFCO,6424,explícito,105.0,1
2024-11-08,sexta-feira,4,TREB. MINAS,HB,618,explícito,497.0,31
2024-11-08,sexta-feira,4,TREB. MINAS,HB,618,rateio_por_capacidade,85.67900640068623,4
2024-11-08,sexta-feira,4,TREB. MINAS,HB,623,explícito,91.0,2
2024-11-08,sexta-feira,4,TREB. MINAS,HB,623,rateio_por_capacidade,79.32099359931377,6
2024-11-08,sexta-feira,4,TREB. MINAS,HB,NAO_INFORMADO,sem_base_para_rateio,20.0,1
2024-11-08,sexta-feira,4,TREB. MINAS,IFCO,6424,explícito,155.0,2
2024-11-08,sexta-feira,4,TREBESCHI DF,IFCO,6416,explícito,15.0,1
2024-11-09,sábado,5,F. TAQUARIVAI,HB,623,explícito,716.0,2
2024-11-09,sábado,5,F. TAQUARIVAI,IFCO,6424,explícito,120.0,1
2024-11-09,sábado,5,PH CASCAVEL,HB,623,explícito,640.0,1
2024-11-09,sábado,5,PH CASCAVEL,IFCO,6424,explícito,1000.0,2
2024-11-09,sábado,5,PH CORUMBA (PF),HB,623,explícito,60.0,2
2024-11-09,sábado,5,PH CORUMBA (PF),IFCO,6424,explícito,520.0,2
2024-11-09,sábado,5,PH UBAJARA,HB,618,explícito,86.0,21
2024-11-09,sábado,5,PH UBAJARA,IFCO,6416,explícito,745.0,83
2024-11-09,sábado,5,PH UBAJARA,IFCO,6424,explícito,687.0,43
2024-11-09,sábado,5,TREB. MINAS,HB,618,explícito,960.0,47
2024-11-09,sábado,5,TREB. MINAS,HB,618,rateio_por_capacidade,181.80278422116794,29
2024-11-09,sábado,5,TREB. MINAS,HB,623,explícito,758.0,9
2024-11-09,sábado,5,TREB. MINAS,HB,623,rateio_por_capacidade,120.19721577883206,37
2024-11-09,sábado,5,TREB. MINAS,HB,NAO_INFORMADO,sem_base_para_rateio,77.0,6
2024-11-09,sábado,5,TREB. MINAS,IFCO,6416,explícito,596.0,10
2024-11-09,sábado,5,TREB. MINAS,IFCO,6424,explícito,162.0,7
2024-11-11,segunda-feira,0,F. TAQUARIVAI,HB,623,explícito,670.0,1
2024-11-11,segunda-feira,0,F. TAQUARIVAI,IFCO,6424,explícito,640.0,2
2024-11-11,segunda-feira,0,PH ALHO/CEBOLA,IFCO,6424,explícito,640.0,1
2024-11-11,segunda-feira,0,PH CASCAVEL,IFCO,6424,explícito,640.0,1
2024-11-11,segunda-feira,0,PH CORUMBA (PF),HB,623,explícito,690.0,2
2024-11-11,segunda-feira,0,PH SUL (PF),IFCO,6424,explícito,103.0,5
2024-11-11,segunda-feira,0,PH UBAJARA,HB,618,explícito,160.0,9
2024-11-11,segunda-feira,0,PH UBAJARA,HB,623,explícito,4.0,1
2024-11-11,segunda-feira,0,TREB. MINAS,HB,618,explícito,357.0,14
2024-11-11,segunda-feira,0,TREB. MINAS,HB,618,rateio_por_capacidade,38.925847831222974,3
2024-11-11,segunda-feira,0,TREB. MINAS,HB,623,explícito,671.0,2
2024-11-11,segunda-feira,0,TREB. MINAS,HB,623,rateio_por_capacidade,3.0741521687770303,3
2024-11-11,segunda-feira,0,TREB. MINAS,IFCO,6416,explícito,510.0,12
2024-11-11,segunda-feira,0,TREB. MINAS,IFCO,6424,explícito,10.0,4
2024-11-11,segunda-feira,0,TREBESCHI DF,IFCO,6416,explícito,5.0,1
2024-11-12,terça-feira,1,F. TAQUARIVAI,HB,623,explícito,900.0,2
2024-11-12,terça-feira,1,PH CASCAVEL,IFCO,6424,explícito,240.0,1
2024-11-12,terça-feira,1,PH CORUMBA (PF),IFCO,6416,explícito,789.0,6
2024-11-12,terça-feira,1,PH CORUMBA (PF),IFCO,6424,explícito,500.0,1
2024-11-12,terça-feira,1,PH SUL (PF),IFCO,6424,explícito,26.0,2
2024-11-12,terça-feira,1,PH UBAJARA,IFCO,6416,explícito,195.0,27
2024-11-12,terça-feira,1,PH UBAJARA,IFCO,6424,explícito,42.0,8
2024-11-12,terça-feira,1,TREB. MINAS,HB,618,explícito,511.0,26
2024-11-12,terça-feira,1,TREB. MINAS,HB,618,rateio_por_capacidade,66.96659946662265,10
2024-11-12,terça-feira,1,TREB. MINAS,HB,623,explícito,90.0,7
2024-11-12,terça-feira,1,TREB. MINAS,HB,623,rateio_por_capacidade,15.033400533377348,10
2024-11-12,terça-feira,1,TREB. MINAS,HB,NAO_INFORMADO,sem_base_para_rateio,50.0,1
2024-11-12,terça-feira,1,TREB. MINAS,IFCO,6416,explícito,244.0,132
2024-11-12,terça-feira,1,TREB. MINAS,IFCO,6424,explícito,80.0,2
2024-11-12,terça-feira,1,TREBESCHI DF,IFCO,6416,explícito,3751.25,3
2024-11-13,quarta-feira,2,F. TAQUARIVAI,IFCO,6424,explícito,340.0,1
2024-11-13,quarta-feira,2,PH CORUMBA (PF),HB,623,explícito,33.0,2
2024-11-13,quarta-feira,2,PH CORUMBA (PF),IFCO,6424,explícito,250.0,2
2024-11-13,quarta-feira,2,PH SUL (PF),IFCO,6424,explícito,20.0,1
2024-11-13,quarta-feira,2,PH UBAJARA,IFCO,6416,explícito,381.0,24
2024-11-13,quarta-feira,2,PH UBAJARA,IFCO,6424,explícito,59.0,5
2024-11-13,quarta-feira,2,TREB. MINAS,HB,618,explícito,1054.0,46
2024-11-13,quarta-feira,2,TREB. MINAS,HB,618,rateio_por_capacidade,216.93566666500269,12
2024-11-13,quarta-feira,2,TREB. MINAS,HB,623,explícito,671.0,2
2024-11-13,quarta-feira,2,TREB. MINAS,HB,623,rateio_por_capacidade,28.064333334997322,14
2024-11-13,quarta-feira,2,TREB. MINAS,HB,NAO_INFORMADO,sem_base_para_rateio,82.0,2
2024-11-13,quarta-feira,2,TREB. MINAS,IFCO,6416,explícito,68.0,13
2024-11-13,quarta-feira,2,TREB. MINAS,IFCO,6424,explícito,45.0,9
2024-11-13,quarta-feira,2,TREBESCHI DF,IFCO,6416,explícito,0.9375,1
2024-11-14,quinta-feira,3,F. TAQUARIVAI,IFCO,6424,explícito,604.0,2
2024-11-14,quinta-feira,3,PH CORUMBA (PF),IFCO,6416,explícito,804.0,6
2024-11-14,quinta-feira,3,PH UBAJARA,IFCO,6416,explícito,443.0,14
2024-11-14,quinta-feira,3,PH UBAJARA,IFCO,6424,explícito,49.0,3
2024-11-14,quinta-feira,3,TREB. MINAS,HB,618,explícito,572.0,26
2024-11-14,quinta-feira,3,TREB. MINAS,HB,618,rateio_por_capacidade,266.5440713847391,20
2024-11-14,quinta-feira,3,TREB. MINAS,HB,623,explícito,169.0,10
2024-11-14,quinta-feira,3,TREB. MINAS,HB,623,rateio_por_capacidade,189.45592861526092,26
2024-11-14,quinta-feira,3,TREB. MINAS,HB,NAO_INFORMADO,sem_base_para_rateio,24.0,2
2024-11-14,quinta-feira,3,TREB. MINAS,IFCO,6416,explícito,200.0,2
2024-11-14,quinta-feira,3,TREB. MINAS,IFCO,6424,explícito,654.0,4
2024-11-14,quinta-feira,3,TREBESCHI DF,IFCO,6416,explícito,2.25,1
2024-11-15,sexta-feira,4,PH CASCAVEL,HB,623,explícito,340.0,1
2024-11-15,sexta-feira,4,PH CASCAVEL,IFCO,6424,explícito,940.0,2
2024-11-15,sexta-feira,4,TREB. MINAS,HB,618,explícito,504.0,28
2024-11-15,sexta-feira,4,TREB. MINAS,HB,618,rateio_por_capacidade,6.87468228958435,2
2024-11-15,sexta-feira,4,TREB. MINAS,HB,623,explícito,1.0,1
2024-11-15,sexta-feira,4,TREB. MINAS,HB,623,rateio_por_capacidade,1.1253177104156502,2
2024-11-16,sábado,5,F. TAQUARIVAI,HB,623,explícito,1025.0,2
2024-11-16,sábado,5,PH CASCAVEL,IFCO,6424,explícito,1760.0,3
2024-11-16,sábado,5,PH CORUMBA (PF),HB,623,explícito,708.0,3
2024-11-16,sábado,5,PH CORUMBA (PF),IFCO,6424,explícito,940.0,3
2024-11-16,sábado,5,PH UBAJARA,HB,618,explícito,4.0,2
2024-11-16,sábado,5,PH UBAJARA,HB,618,rateio_por_capacidade,19.670255296080107,6
2024-11-16,sábado,5,PH UBAJARA,HB,623,explícito,6.0,6
2024-11-16,sábado,5,PH UBAJARA,HB,623,rateio_por_capacidade,2.329744703919892,6
2024-11-16,sábado,5,PH UBAJARA,IFCO,6416,explícito,2083.0,122
2024-11-16,sábado,5,PH UBAJARA,IFCO,6424,explícito,1565.0,55
2024-11-16,sábado,5,TREB. MINAS,HB,618,explícito,824.8,39
2024-11-16,sábado,5,TREB. MINAS,HB,618,rateio_por_capacidade,721.4690636252699,41
2024-11-16,sábado,5,TREB. MINAS,HB,623,explícito,175.0,8
2024-11-16,sábado,5,TREB. MINAS,HB,623,rateio_por_capacidade,536.5309363747302,59
2024-11-16,sábado,5,TREB. MINAS,HB,NAO_INFORMADO,sem_base_para_rateio,54.0,9
2024-11-16,sábado,5,TREB. MINAS,IFCO,6416,explícito,568.0,73
2024-11-16,sábado,5,TREB. MINAS,IFCO,6424,explícito,133.0,21
2024-11-18,segunda-feira,0,F. TAQUARIVAI,HB,623,explícito,1340.0,2
2024-11-18,segunda-feira,0,F. TAQUARIVAI,IFCO,6424,explícito,640.0,2
2024-11-18,segunda-feira,0,PH CASCAVEL,IFCO,6424,explícito,2080.0,5
2024-11-18,segunda-feira,0,PH CORUMBA (PF),IFCO,6424,explícito,640.0,2
2024-11-18,segunda-feira,0,PH SUL (PF),IFCO,6424,explícito,79.0,3
2024-11-18,segunda-feira,0,PH UBAJARA,HB,618,explícito,263.0,14
2024-11-18,segunda-feira,0,PH UBAJARA,HB,623,explícito,2.0,1
2024-11-18,segunda-feira,0,TREB. MINAS,HB,618,explícito,470.8,18
2024-11-18,segunda-feira,0,TREB. MINAS,HB,618,rateio_por_capacidade,175.92991002775358,6
2024-11-18,segunda-feira,0,TREB. MINAS,HB,623,explícito,1.0,1
2024-11-18,segunda-feira,0,TREB. MINAS,HB,623,rateio_por_capacidade,32.07008997224646,8
2024-11-18,segunda-feira,0,TREB. MINAS,HB,NAO_INFORMADO,sem_base_para_rateio,8.0,2
2024-11-18,segunda-feira,0,TREBESCHI DF,IFCO,6416,explícito,0.2,1
2024-11-19,terça-feira,1,F. TAQUARIVAI,HB,623,explícito,900.0,3
2024-11-19,terça-feira,1,F. TAQUARIVAI,IFCO,6424,explícito,720.0,3
2024-11-19,terça-feira,1,PH CASCAVEL,IFCO,6424,explícito,1120.0,2
2024-11-19,terça-feira,1,PH SUL (PF),IFCO,6424,explícito,25.0,1
2024-11-19,terça-feira,1,PH UBAJARA,HB,623,explícito,21.0,2
2024-11-19,terça-feira,1,PH UBAJARA,IFCO,6416,explícito,241.0,21
2024-11-19,terça-feira,1,PH UBAJARA,IFCO,6424,explícito,292.0,34
2024-11-19,terça-feira,1,TREB. MINAS,HB,618,explícito,557.0,27
2024-11-19,terça-feira,1,TREB. MINAS,HB,618,rateio_por_capacidade,64.96059098560377,14
2024-11-19,terça-feira,1,TREB. MINAS,HB,623,explícito,108.0,7
2024-11-19,terça-feira,1,TREB. MINAS,HB,623,rateio_por_capacidade,15.039409014396231,15
2024-11-19,terça-feira,1,TREB. MINAS,HB,NAO_INFORMADO,sem_base_para_rateio,8.0,2
2024-11-19,terça-feira,1,TREB. MINAS,IFCO,6416,explícito,348.0,145
2024-11-19,terça-feira,1,TREB. MINAS,IFCO,6424,explícito,80.0,2
2024-11-19,terça-feira,1,TREBESCHI DF,IFCO,6424,explícito,23.0,7
2024-11-20,quarta-feira,2,F. TAQUARIVAI,HB,623,explícito,1311.0,2
2024-11-20,quarta-feira,2,F. TAQUARIVAI,IFCO,6416,explícito,450.0,4
2024-11-20,quarta-feira,2,PH CASCAVEL,IFCO,6424,explícito,1120.0,1
2024-11-20,quarta-feira,2,PH CORUMBA (PF),HB,623,explícito,50.0,1
2024-11-20,quarta-feira,2,PH CORUMBA (PF),IFCO,6424,explícito,300.0,1
2024-11-20,quarta-feira,2,PH UBAJARA,HB,618,explícito,79.0,14
2024-11-20,quarta-feira,2,PH UBAJARA,IFCO,6416,explícito,225.064182194617,30
2024-11-20,quarta-feira,2,PH UBAJARA,IFCO,6424,explícito,100.45256410256411,10
2024-11-20,quarta-feira,2,TREB. MINAS,HB,618,explícito,644.0,39
2024-11-20,quarta-feira,2,TREB. MINAS,HB,618,rateio_por_capacidade,40.75014468179985,6
2024-11-20,quarta-feira,2,TREB. MINAS,HB,623,explícito,2.0,2
2024-11-20,quarta-feira,2,TREB. MINAS,HB,623,rateio_por_capacidade,15.24985531820014,9
2024-11-20,quarta-feira,2,TREB. MINAS,HB,NAO_INFORMADO,sem_base_para_rateio,2.0,1
2024-11-20,quarta-feira,2,TREB. MINAS,IFCO,6416,explícito,25.0,4
2024-11-20,quarta-feira,2,TREB. MINAS,IFCO,6424,explícito,69.0,3
2024-11-20,quarta-feira,2,TREBESCHI DF,HB,618,explícito,0.25,1
2024-11-20,quarta-feira,2,TREBESCHI DF,IFCO,6424,explícito,15.0,4
2024-11-21,quinta-feira,3,F. TAQUARIVAI,IFCO,6424,explícito,1280.0,4
2024-11-21,quinta-feira,3,PH CASCAVEL,IFCO,6424,explícito,320.0,1
2024-11-21,quinta-feira,3,PH CORUMBA (PF),HB,623,explícito,670.0,1
2024-11-21,quinta-feira,3,PH CORUMBA (PF),IFCO,6424,explícito,120.0,1
2024-11-21,quinta-feira,3,PH SUL (PF),IFCO,6424,explícito,24.0,1
2024-11-21,quinta-feira,3,PH UBAJARA,IFCO,6416,explícito,22.0,12
2024-11-21,quinta-feira,3,PH UBAJARA,IFCO,6424,explícito,5.0,2
2024-11-21,quinta-feira,3,TREB. MINAS,HB,618,explícito,900.0,30
2024-11-21,quinta-feira,3,TREB. MINAS,HB,618,rateio_por_capacidade,294.50009416757064,25
2024-11-21,quinta-feira,3,TREB. MINAS,HB,623,explícito,222.0,11
2024-11-21,quinta-feira,3,TREB. MINAS,HB,623,rateio_por_capacidade,215.4999058324294,31
2024-11-21,quinta-feira,3,TREB. MINAS,HB,NAO_INFORMADO,sem_base_para_rateio,37.0,3
2024-11-21,quinta-feira,3,TREB. MINAS,IFCO,6416,explícito,116.0,11
2024-11-21,quinta-feira,3,TREB. MINAS,IFCO,6424,explícito,624.0,5
2024-11-21,quinta-feira,3,TREBESCHI DF,IFCO,6424,explícito,64.0,7
2024-11-22,sexta-feira,4,F. TAQUARIVAI,HB,623,explícito,500.0,1
2024-11-22,sexta-feira,4,F. TAQUARIVAI,IFCO,6416,explícito,628.0,6
2024-11-22,sexta-feira,4,F. TAQUARIVAI,IFCO,6424,explícito,1120.0,2
2024-11-22,sexta-feira,4,PH CASCAVEL,HB,623,explícito,1710.0,2
2024-11-22,sexta-feira,4,PH CASCAVEL,IFCO,6424,explícito,1560.0,3
2024-11-22,sexta-feira,4,PH UBAJARA,IFCO,6416,explícito,280.0,1
2024-11-22,sexta-feira,4,TREB. MINAS,HB,618,explícito,573.0,31
2024-11-22,sexta-feira,4,TREB. MINAS,HB,618,rateio_por_capacidade,48.67597025737887,5
2024-11-22,sexta-feira,4,TREB. MINAS,HB,623,explícito,2.0,2
2024-11-22,sexta-feira,4,TREB. MINAS,HB,623,rateio_por_capacidade,67.32402974262114,6
2024-11-22,sexta-feira,4,TREB. MINAS,IFCO,6416,explícito,10.0,1
2024-11-23,sábado,5,F. TAQUARIVAI,HB,623,explícito,980.0,5
2024-11-23,sábado,5,F. TAQUARIVAI,IFCO,6416,explícito,658.0,4
2024-11-23,sábado,5,F. TAQUARIVAI,IFCO,6424,explícito,1280.0,2
2024-11-23,sábado,5,PH CASCAVEL,IFCO,6424,explícito,1120.0,2
2024-11-23,sábado,5,PH CORUMBA (PF),HB,623,explícito,100.0,2
2024-11-23,sábado,5,PH CORUMBA (PF),IFCO,6424,explícito,1360.0,3
2024-11-23,sábado,5,PH UBAJARA,HB,618,explícito,88.0,14
2024-11-23,sábado,5,PH UBAJARA,IFCO,6416,explícito,2041.0,113
2024-11-23,sábado,5,PH UBAJARA,IFCO,6424,explícito,1576.0,84
2024-11-23,sábado,5,TREB. MINAS,HB,618,explícito,1254.0,53
2024-11-23,sábado,5,TREB. MINAS,HB,618,rateio_por_capacidade,546.7181058790678,19
2024-11-23,sábado,5,TREB. MINAS,HB,623,explícito,210.0,12
2024-11-23,sábado,5,TREB. MINAS,HB,623,rateio_por_capacidade,539.2818941209322,27
2024-11-23,sábado,5,TREB. MINAS,HB,NAO_INFORMADO,sem_base_para_rateio,102.0,5
2024-11-23,sábado,5,TREB. MINAS,IFCO,6416,explícito,541.0,77
2024-11-23,sábado,5,TREB. MINAS,IFCO,6424,explícito,154.0,8
2024-11-25,segunda-feira,0,F. TAQUARIVAI,HB,623,explícito,1230.0,3
2024-11-25,segunda-feira,0,F. TAQUARIVAI,IFCO,6416,explícito,248.0,3
2024-11-25,segunda-feira,0,F. TAQUARIVAI,IFCO,6424,explícito,1120.0,1
2024-11-25,segunda-feira,0,PH CASCAVEL,IFCO,6424,explícito,640.0,2
2024-11-25,segunda-feira,0,PH SUL (PF),IFCO,6424,explícito,52.0,2
2024-11-25,segunda-feira,0,PH UBAJARA,HB,618,explícito,319.0,22
2024-11-25,segunda-feira,0,PH UBAJARA,HB,618,rateio_por_capacidade,6.87468228958435,1
2024-11-25,segunda-feira,0,PH UBAJARA,HB,623,explícito,3.0,1
2024-11-25,segunda-feira,0,PH UBAJARA,HB,623,rateio_por_capacidade,1.1253177104156502,1
2024-11-25,segunda-feira,0,PH UBAJARA,IFCO,6416,explícito,24.0,4
2024-11-25,segunda-feira,0,PH UBAJARA,IFCO,6424,explícito,1.0,1
2024-11-25,segunda-feira,0,TREB. MINAS,HB,618,explícito,511.0,16
2024-11-25,segunda-feira,0,TREB. MINAS,HB,618,rateio_por_capacidade,3.437341144792175,1
2024-11-25,segunda-feira,0,TREB. MINAS,HB,623,explícito,1.0,1
2024-11-25,segunda-feira,0,TREB. MINAS,HB,623,rateio_por_capacidade,0.5626588552078251,1
2024-11-25,segunda-feira,0,TREB. MINAS,IFCO,6424,explícito,10.0,1
2024-11-25,segunda-feira,0,TREBESCHI DF,IFCO,6424,explícito,15.0,2
2024-11-26,terça-feira,1,F. TAQUARIVAI,IFCO,6416,explícito,531.0,5
2024-11-26,terça-feira,1,F. TAQUARIVAI,IFCO,6424,explícito,1120.0,1
2024-11-26,terça-feira,1,PH CASCAVEL,IFCO,6424,explícito,1520.0,2
2024-11-26,terça-feira,1,PH UBAJARA,IFCO,6416,explícito,810.0,74
2024-11-26,terça-feira,1,PH UBAJARA,IFCO,6424,explícito,207.0,27
2024-11-26,terça-feira,1,TREB. MINAS,HB,618,explícito,457.0,26
2024-11-26,terça-feira,1,TREB. MINAS,HB,618,rateio_por_capacidade,167.80753941374178,22
2024-11-26,terça-feira,1,TREB. MINAS,HB,623,explícito,70.0,7
2024-11-26,terça-feira,1,TREB. MINAS,HB,623,rateio_por_capacidade,93.19246058625824,25
2024-11-26,terça-feira,1,TREB. MINAS,HB,NAO_INFORMADO,sem_base_para_rateio,52.0,3
2024-11-26,terça-feira,1,TREB. MINAS,IFCO,6416,explícito,276.0,127
2024-11-26,terça-feira,1,TREB. MINAS,IFCO,6424,explícito,40.0,1
2024-11-26,terça-feira,1,TREBESCHI DF,HB,623,explícito,37.0,5
2024-11-26,terça-feira,1,TREBESCHI DF,IFCO,6416,explícito,0.1,1
2024-11-26,terça-feira,1,TREBESCHI DF,IFCO,6424,explícito,4.0,2
2024-11-27,quarta-feira,2,F. TAQUARIVAI,HB,623,explícito,990.0,3
2024-11-27,quarta-feira,2,F. TAQUARIVAI,IFCO,6416,explícito,402.0,5
2024-11-27,quarta-feira,2,F. TAQUARIVAI,IFCO,6424,explícito,1520.0,2
2024-11-27,quarta-feira,2,PH CORUMBA (PF),HB,623,explícito,780.0,5
2024-11-27,quarta-feira,2,PH CORUMBA (PF),IFCO,6424,explícito,1077.0,2
2024-11-27,quarta-feira,2,PH UBAJARA,IFCO,6416,explícito,182.0,3
2024-11-27,quarta-feira,2,PH UBAJARA,IFCO,6424,explícito,2.0,2
2024-11-27,quarta-feira,2,TREB. MINAS,HB,618,explícito,781.0,36
2024-11-27,quarta-feira,2,TREB. MINAS,HB,618,rateio_por_capacidade,5.5150433490425845,5
2024-11-27,quarta-feira,2,TREB. MINAS,HB,623,explícito,2.0,2
2024-11-27,quarta-feira,2,TREB. MINAS,HB,623,rateio_por_capacidade,19.484956650957415,7
2024-11-27,quarta-feira,2,TREB. MINAS,HB,NAO_INFORMADO,sem_base_para_rateio,2.0,2
2024-11-27,quarta-feira,2,TREB. MINAS,IFCO,6416,explícito,80.0,13
2024-11-27,quarta-feira,2,TREB. MINAS,IFCO,6424,explícito,88.0,8
2024-11-27,quarta-feira,2,TREBESCHI DF,HB,623,explícito,1.0,1
2024-11-27,quarta-feira,2,TREBESCHI DF,IFCO,6424,explícito,4.0,1
2024-11-28,quinta-feira,3,F. TAQUARIVAI,IFCO,6424,explícito,3860.0,4
2024-11-28,quinta-feira,3,PH CASCAVEL,IFCO,6424,explícito,1120.0,1
2024-11-28,quinta-feira,3,PH CORUMBA (PF),HB,623,explícito,670.0,1
2024-11-28,quinta-feira,3,PH CORUMBA (PF),IFCO,6424,explícito,300.0,2
2024-11-28,quinta-feira,3,PH SUL (PF),IFCO,6424,explícito,15.0,1
2024-11-28,quinta-feira,3,PH UBAJARA,HB,618,explícito,570.0,9
2024-11-28,quinta-feira,3,PH UBAJARA,HB,618,rateio_por_capacidade,4.296676430990219,1
2024-11-28,quinta-feira,3,PH UBAJARA,HB,623,rateio_por_capacidade,0.7033235690097814,1
2024-11-28,quinta-feira,3,PH UBAJARA,IFCO,6416,explícito,48.0,14
2024-11-28,quinta-feira,3,PH UBAJARA,IFCO,6424,explícito,16.0,5
2024-11-28,quinta-feira,3,TREB. CEAGESP,HB,623,explícito,120.0,1
2024-11-28,quinta-feira,3,TREB. MINAS,HB,618,explícito,675.0,27
2024-11-28,quinta-feira,3,TREB. MINAS,HB,618,rateio_por_capacidade,332.23331173170084,24
2024-11-28,quinta-feira,3,TREB. MINAS,HB,623,explícito,170.0,9
2024-11-28,quinta-feira,3,TREB. MINAS,HB,623,rateio_por_capacidade,201.7666882682992,28
2024-11-28,quinta-feira,3,TREB. MINAS,HB,NAO_INFORMADO,sem_base_para_rateio,141.0,4
2024-11-28,quinta-feira,3,TREBESCHI DF,HB,618,explícito,1.0,1
2024-11-29,sexta-feira,4,F. TAQUARIVAI,HB,623,explícito,620.0,2
2024-11-29,sexta-feira,4,F. TAQUARIVAI,IFCO,6416,explícito,677.0,5
2024-11-29,sexta-feira,4,PH CASCAVEL,HB,623,explícito,1260.0,1
2024-11-29,sexta-feira,4,PH CASCAVEL,IFCO,6424,explícito,1520.0,3
2024-11-29,sexta-feira,4,PH SUL (PF),IFCO,6424,explícito,1.0,1
2024-11-29,sexta-feira,4,PH UBAJARA,HB,618,explícito,1.0,1
2024-11-29,sexta-feira,4,PH UBAJARA,HB,618,rateio_por_capacidade,10.510149271918644,6
2024-11-29,sexta-feira,4,PH UBAJARA,HB,623,explícito,3.0,3
2024-11-29,sexta-feira,4,PH UBAJARA,HB,623,rateio_por_capacidade,1.489850728081356,6
2024-11-29,sexta-feira,4,PH UBAJARA,HB,NAO_INFORMADO,sem_base_para_rateio,3.0,1
2024-11-29,sexta-feira,4,PH UBAJARA,IFCO,6416,explícito,122.0,2
2024-11-29,sexta-feira,4,PH UBAJARA,IFCO,6424,explícito,41.0,2
2024-11-29,sexta-feira,4,TREB. MINAS,HB,618,explícito,588.0,32
2024-11-29,sexta-feira,4,TREB. MINAS,HB,618,rateio_por_capacidade,0.8593352861980438,1
2024-11-29,sexta-feira,4,TREB. MINAS,HB,623,explícito,1.0,1
2024-11-29,sexta-feira,4,TREB. MINAS,HB,623,rateio_por_capacidade,0.14066471380195628,1
2024-11-29,sexta-feira,4,TREB. MINAS,IFCO,6424,explícito,800.0,2
2024-11-29,sexta-feira,4,TREBESCHI DF,HB,623,explícito,27.0,2
2024-11-30,sábado,5,F. TAQUARIVAI,HB,623,explícito,2120.0,4
2024-11-30,sábado,5,F. TAQUARIVAI,IFCO,6416,explícito,842.0,5
2024-11-30,sábado,5,PH CASCAVEL,HB,623,explícito,1120.0,1
2024-11-30,sábado,5,PH CASCAVEL,IFCO,6424,explícito,1120.0,2
2024-11-30,sábado,5,PH CORUMBA (PF),HB,623,explícito,68.0,2
2024-11-30,sábado,5,PH UBAJARA,HB,618,explícito,89.0,15
2024-11-30,sábado,5,PH UBAJARA,IFCO,6416,explícito,1021.0,80
2024-11-30,sábado,5,PH UBAJARA,IFCO,6424,explícito,1138.0,40
2024-11-30,sábado,5,TREB. MINAS,HB,618,explícito,661.0,50
2024-11-30,sábado,5,TREB. MINAS,HB,618,rateio_por_capacidade,651.9750544939155,24
2024-11-30,sábado,5,TREB. MINAS,HB,623,explícito,174.0,12
2024-11-30,sábado,5,TREB. MINAS,HB,623,rateio_por_capacidade,235.02494550608463,39
2024-11-30,sábado,5,TREB. MINAS,HB,NAO_INFORMADO,sem_base_para_rateio,48.0,7
2024-11-30,sábado,5,TREB. MINAS,IFCO,6416,explícito,578.0,49
2024-11-30,sábado,5,TREB. MINAS,IFCO,6424,explícito,137.0,21
2024-12-02,segunda-feira,0,F. TAQUARIVAI,HB,623,explícito,1760.0,2
2024-12-02,segunda-feira,0,F. TAQUARIVAI,IFCO,6416,explícito,428.0,4
2024-12-02,segunda-feira,0,PH CASCAVEL,IFCO,6424,explícito,2000.0,4
2024-12-02,segunda-feira,0,PH SUL (PF),IFCO,6424,explícito,42.0,5
2024-12-02,segunda-feira,0,PH UBAJARA,IFCO,6416,explícito,88.0,3
2024-12-02,segunda-feira,0,PH UBAJARA,IFCO,6424,explícito,127.0,8
2024-12-02,segunda-feira,0,TREB. MINAS,HB,618,explícito,602.0,19
2024-12-02,segunda-feira,0,TREB. MINAS,HB,618,rateio_por_capacidade,6.015347003386307,1
2024-12-02,segunda-feira,0,TREB. MINAS,HB,623,explícito,2.0,1
2024-12-02,segunda-feira,0,TREB. MINAS,HB,623,rateio_por_capacidade,0.9846529966136939,1
2024-12-02,segunda-feira,0,TREB. MINAS,HB,NAO_INFORMADO,sem_base_para_rateio,40.0,1
2024-12-02,segunda-feira,0,TREBESCHI DF,HB,623,explícito,2.0,2
2024-12-02,segunda-feira,0,TREBESCHI DF,IFCO,6424,explícito,100.0,6
2024-12-03,terça-feira,1,F. TAQUARIVAI,HB,623,explícito,1050.0,3
2024-12-03,terça-feira,1,F. TAQUARIVAI,IFCO,6416,explícito,631.0,5
2024-12-03,terça-feira,1,F. TAQUARIVAI,IFCO,6424,explícito,1940.0,4
2024-12-03,terça-feira,1,PH CASCAVEL,IFCO,6424,explícito,2240.0,5
2024-12-03,terça-feira,1,PH CORUMBA (PF),IFCO,6424,explícito,1120.0,3
2024-12-03,terça-feira,1,PH SUL (PF),IFCO,6424,explícito,13.0,1
2024-12-03,terça-feira,1,PH UBAJARA,HB,618,explícito,181.0,11
2024-12-03,terça-feira,1,PH UBAJARA,HB,623,explícito,2.0,1
2024-12-03,terça-feira,1,PH UBAJARA,IFCO,6416,explícito,799.0,64
2024-12-03,terça-feira,1,PH UBAJARA,IFCO,6424,explícito,105.0,12
2024-12-03,terça-feira,1,TREB. MINAS,HB,618,explícito,312.0,14
2024-12-03,terça-feira,1,TREB. MINAS,HB,618,rateio_por_capacidade,79.02637757973984,22
2024-12-03,terça-feira,1,TREB. MINAS,HB,623,explícito,1.0,1
2024-12-03,terça-feira,1,TREB. MINAS,HB,623,rateio_por_capacidade,29.973622420260163,26
2024-12-03,terça-feira,1,TREB. MINAS,HB,NAO_INFORMADO,sem_base_para_rateio,5.0,1
2024-12-03,terça-feira,1,TREB. MINAS,IFCO,6416,explícito,232.0,118
2024-12-03,terça-feira,1,TREB. MINAS,IFCO,6424,explícito,80.0,2
2024-12-03,terça-feira,1,TREBESCHI DF,HB,618,rateio_por_capacidade,0.9537941465615482,1
2024-12-03,terça-feira,1,TREBESCHI DF,HB,623,explícito,3.0,1
2024-12-03,terça-feira,1,TREBESCHI DF,HB,623,rateio_por_capacidade,0.04620585343845182,1
2024-12-03,terça-feira,1,TREBESCHI DF,IFCO,6416,explícito,1.9,1
2024-12-04,quarta-feira,2,F. TAQUARIVAI,HB,623,explícito,120.0,1
2024-12-04,quarta-feira,2,F. TAQUARIVAI,IFCO,6416,explícito,408.0,4
2024-12-04,quarta-feira,2,F. TAQUARIVAI,IFCO,6424,explícito,2240.0,4
2024-12-04,quarta-feira,2,PH CASCAVEL,IFCO,6424,explícito,1920.0,2
2024-12-04,quarta-feira,2,PH CORUMBA (PF),HB,623,explícito,742.0,3
2024-12-04,quarta-feira,2,PH CORUMBA (PF),IFCO,6424,explícito,200.0,1
2024-12-04,quarta-feira,2,PH SUL (PF),IFCO,6424,explícito,10.0,1
2024-12-04,quarta-feira,2,PH UBAJARA,IFCO,6416,explícito,193.59047619047618,24
2024-12-04,quarta-feira,2,PH UBAJARA,IFCO,6424,explícito,86.03333333333333,10
2024-12-04,quarta-feira,2,TREB. MINAS,HB,618,explícito,968.0,46
2024-12-04,quarta-feira,2,TREB. MINAS,HB,618,rateio_por_capacidade,9.292429535821336,5
2024-12-04,quarta-feira,2,TREB. MINAS,HB,623,explícito,2.0,2
2024-12-04,quarta-feira,2,TREB. MINAS,HB,623,rateio_por_capacidade,13.707570464178666,8
2024-12-04,quarta-feira,2,TREB. MINAS,HB,NAO_INFORMADO,sem_base_para_rateio,1.0,1
2024-12-04,quarta-feira,2,TREB. MINAS,IFCO,6416,explícito,530.0,17
2024-12-04,quarta-feira,2,TREB. MINAS,IFCO,6424,explícito,367.0,9
2024-12-04,quarta-feira,2,TREBESCHI DF,HB,623,explícito,24.0,3
2024-12-05,quinta-feira,3,F. TAQUARIVAI,IFCO,6424,explícito,4100.0,6
2024-12-05,quinta-feira,3,PH CASCAVEL,IFCO,6424,explícito,636.0,2
2024-12-05,quinta-feira,3,PH SUL (PF),IFCO,6424,explícito,1.0,1
2024-12-05,quinta-feira,3,TREB. MINAS,HB,618,explícito,372.0,21
2024-12-05,quinta-feira,3,TREB. MINAS,HB,618,rateio_por_capacidade,219.37403452780293,24
2024-12-05,quinta-feira,3,TREB. MINAS,HB,623,explícito,267.0,12
2024-12-05,quinta-feira,3,TREB. MINAS,HB,623,rateio_por_capacidade,312.6259654721971,30
2024-12-05,quinta-feira,3,TREB. MINAS,HB,NAO_INFORMADO,sem_base_para_rateio,65.0,4
2024-12-05,quinta-feira,3,TREB. MINAS,IFCO,6416,explícito,57.0,9
2024-12-05,quinta-feira,3,TREB. MINAS,IFCO,6424,explícito,23.0,4
2024-12-05,quinta-feira,3,TREBESCHI DF,HB,623,explícito,5.0,1
2024-12-06,sexta-feira,4,F. TAQUARIVAI,HB,623,explícito,790.0,2
2024-12-06,sexta-feira,4,F. TAQUARIVAI,IFCO,6416,explícito,681.0,4
2024-12-06,sexta-feira,4,F. TAQUARIVAI,IFCO,6424,explícito,4000.0,4
2024-12-06,sexta-feira,4,PH CASCAVEL,IFCO,6424,explícito,1840.0,2
2024-12-06,sexta-feira,4,PH CORUMBA (PF),IFCO,6424,explícito,640.0,1
2024-12-06,sexta-feira,4,PH UBAJARA,IFCO,6416,explícito,135.0,13
2024-12-06,sexta-feira,4,PH UBAJARA,IFCO,6424,explícito,77.0,4
2024-12-06,sexta-feira,4,TREB. MINAS,HB,618,explícito,489.0,29
2024-12-06,sexta-feira,4,TREB. MINAS,HB,618,rateio_por_capacidade,61.02213974226356,6
2024-12-06,sexta-feira,4,TREB. MINAS,HB,623,explícito,126.0,4
2024-12-06,sexta-feira,4,TREB. MINAS,HB,623,rateio_por_capacidade,122.97786025773644,7
2024-12-06,sexta-feira,4,TREB. MINAS,HB,NAO_INFORMADO,sem_base_para_rateio,30.0,2
2024-12-06,sexta-feira,4,TREB. MINAS,IFCO,6416,explícito,80.0,1
2024-12-06,sexta-feira,4,TREB. MINAS,IFCO,6424,explícito,560.0,1
2024-12-06,sexta-feira,4,TREBESCHI DF,HB,623,explícito,18.0,3
2024-12-07,sábado,5,F. TAQUARIVAI,HB,623,explícito,2885.0,4
2024-12-07,sábado,5,F. TAQUARIVAI,IFCO,6416,explícito,672.0,5
2024-12-07,sábado,5,F. TAQUARIVAI,IFCO,6424,explícito,240.0,1
2024-12-07,sábado,5,PH CASCAVEL,IFCO,6424,explícito,2985.0,5
2024-12-07,sábado,5,PH CORUMBA (PF),HB,623,explícito,514.0,3
2024-12-07,sábado,5,PH UBAJARA,HB,618,explícito,113.0,28
2024-12-07,sábado,5,PH UBAJARA,IFCO,6416,explícito,2252.0,194
2024-12-07,sábado,5,PH UBAJARA,IFCO,6424,explícito,2201.0,102
2024-12-07,sábado,5,TREB. MINAS,HB,618,explícito,844.0,38
2024-12-07,sábado,5,TREB. MINAS,HB,618,rateio_por_capacidade,728.8821167295005,14
2024-12-07,sábado,5,TREB. MINAS,HB,623,explícito,196.0,13
2024-12-07,sábado,5,TREB. MINAS,HB,623,rateio_por_capacidade,289.11788327049953,21
2024-12-07,sábado,5,TREB. MINAS,HB,NAO_INFORMADO,sem_base_para_rateio,31.0,3
2024-12-07,sábado,5,TREB. MINAS,IFCO,6416,explícito,444.0,46
2024-12-07,sábado,5,TREB. MINAS,IFCO,6424,explícito,368.0,9
2024-12-09,segunda-feira,0,F. TAQUARIVAI,HB,623,explícito,2570.0,4
2024-12-09,segunda-feira,0,F. TAQUARIVAI,IFCO,6416,explícito,348.0,4
2024-12-09,segunda-feira,0,PH CASCAVEL,HB,623,explícito,360.0,2
2024-12-09,segunda-feira,0,PH CASCAVEL,IFCO,6424,explícito,1120.0,2
2024-12-09,segunda-feira,0,PH UBAJARA,HB,618,explícito,267.0,20
2024-12-09,segunda-feira,0,PH UBAJARA,HB,618,rateio_por_capacidade,4.296676430990219,1
2024-12-09,segunda-feira,0,PH UBAJARA,HB,623,explícito,3.0,1
2024-12-09,segunda-feira,0,PH UBAJARA,HB,623,rateio_por_capacidade,0.7033235690097814,1
2024-12-09,segunda-feira,0,PH UBAJARA,IFCO,6416,explícito,85.0,6
2024-12-09,segunda-feira,0,PH UBAJARA,IFCO,6424,explícito,11.0,5
2024-12-09,segunda-feira,0,TREB. MINAS,HB,618,explícito,474.0,19
2024-12-09,segunda-feira,0,TREB. MINAS,HB,618,rateio_por_capacidade,170.9029377480335,10
2024-12-09,segunda-feira,0,TREB. MINAS,HB,623,explícito,2.0,1
2024-12-09,segunda-feira,0,TREB. MINAS,HB,623,rateio_por_capacidade,15.097062251966507,10
2024-12-09,segunda-feira,0,TREB. MINAS,HB,NAO_INFORMADO,sem_base_para_rateio,30.0,2
2024-12-09,segunda-feira,0,TREB. MINAS,IFCO,6424,explícito,640.0,2
2024-12-09,segunda-feira,0,TREBESCHI DF,HB,623,explícito,42.0,5
2024-12-10,terça-feira,1,F. TAQUARIVAI,HB,623,explícito,120.0,1
2024-12-10,terça-feira,1,F. TAQUARIVAI,IFCO,6416,explícito,660.0,5
2024-12-10,terça-feira,1,F. TAQUARIVAI,IFCO,6424,explícito,1360.0,3
2024-12-10,terça-feira,1,PH CASCAVEL,HB,623,explícito,1260.0,1
2024-12-10,terça-feira,1,PH SUL (PF),IFCO,6424,explícito,10.0,1
2024-12-10,terça-feira,1,PH UBAJARA,IFCO,6416,explícito,373.0,35
2024-12-10,terça-feira,1,PH UBAJARA,IFCO,6424,explícito,94.0,21
2024-12-10,terça-feira,1,TREB. MINAS,HB,618,explícito,764.0,27
2024-12-10,terça-feira,1,TREB. MINAS,HB,618,rateio_por_capacidade,157.40657339475962,22
2024-12-10,terça-feira,1,TREB. MINAS,HB,623,explícito,125.0,9
2024-12-10,terça-feira,1,TREB. MINAS,HB,623,rateio_por_capacidade,81.5934266052404,29
2024-12-10,terça-feira,1,TREB. MINAS,HB,NAO_INFORMADO,sem_base_para_rateio,21.0,2
2024-12-10,terça-feira,1,TREB. MINAS,IFCO,6416,explícito,158.0,97
2024-12-10,terça-feira,1,TREB. MINAS,IFCO,6424,explícito,50.0,1
2024-12-10,terça-feira,1,TREBESCHI DF,HB,623,explícito,9.0,4
2024-12-11,quarta-feira,2,F. TAQUARIVAI,HB,623,explícito,790.0,2
2024-12-11,quarta-feira,2,F. TAQUARIVAI,IFCO,6416,explícito,375.0,3
2024-12-11,quarta-feira,2,PH CASCAVEL,IFCO,6424,explícito,1120.0,2
2024-12-11,quarta-feira,2,PH CORUMBA (PF),HB,623,explícito,60.0,2
2024-12-11,quarta-feira,2,PH CORUMBA (PF),IFCO,6424,explícito,200.0,1
2024-12-11,quarta-feira,2,PH UBAJARA,HB,623,explícito,1.0,1
2024-12-11,quarta-feira,2,PH UBAJARA,IFCO,6416,explícito,390.0,24
2024-12-11,quarta-feira,2,PH UBAJARA,IFCO,6424,explícito,47.0,10
2024-12-11,quarta-feira,2,TREB. MINAS,HB,618,explícito,690.0,46
2024-12-11,quarta-feira,2,TREB. MINAS,HB,618,rateio_por_capacidade,772.4677330469235,9
2024-12-11,quarta-feira,2,TREB. MINAS,HB,623,explícito,2.0,2
2024-12-11,quarta-feira,2,TREB. MINAS,HB,623,rateio_por_capacidade,88.5322669530765,12
2024-12-11,quarta-feira,2,TREB. MINAS,IFCO,6416,explícito,127.0,16
2024-12-11,quarta-feira,2,TREB. MINAS,IFCO,6424,explícito,677.0,10
2024-12-11,quarta-feira,2,TREBESCHI DF,HB,623,explícito,2.0,2
2024-12-12,quinta-feira,3,F. TAQUARIVAI,HB,623,explícito,2920.0,6
2024-12-12,quinta-feira,3,F. TAQUARIVAI,IFCO,6424,explícito,700.0,2
2024-12-12,quinta-feira,3,PH SUL (PF),IFCO,6424,explícito,2.0,1
2024-12-12,quinta-feira,3,PH UBAJARA,IFCO,6416,explícito,21.0,6
2024-12-12,quinta-feira,3,PH UBAJARA,IFCO,6424,explícito,13.0,6
2024-12-12,quinta-feira,3,TREB. MINAS,HB,618,explícito,563.0,27
2024-12-12,quinta-feira,3,TREB. MINAS,HB,618,rateio_por_capacidade,472.7807314934705,27
2024-12-12,quinta-feira,3,TREB. MINAS,HB,623,explícito,218.0,12
2024-12-12,quinta-feira,3,TREB. MINAS,HB,623,rateio_por_capacidade,342.2192685065295,33
2024-12-12,quinta-feira,3,TREB. MINAS,HB,NAO_INFORMADO,sem_base_para_rateio,53.0,4
2024-12-12,quinta-feira,3,TREBESCHI DF,HB,623,explícito,14.0,4
2024-12-13,sexta-feira,4,F. TAQUARIVAI,HB,623,explícito,1380.0,2
2024-12-13,sexta-feira,4,F. TAQUARIVAI,IFCO,6424,explícito,1756.0,2
2024-12-13,sexta-feira,4,PH CASCAVEL,IFCO,6424,explícito,1520.0,4
2024-12-13,sexta-feira,4,TREB. MINAS,HB,618,explícito,372.0,27
2024-12-13,sexta-feira,4,TREB. MINAS,HB,618,rateio_por_capacidade,3.437341144792175,2
2024-12-13,sexta-feira,4,TREB. MINAS,HB,623,explícito,2.0,2
2024-12-13,sexta-feira,4,TREB. MINAS,HB,623,rateio_por_capacidade,90.56265885520783,3
2024-12-13,sexta-feira,4,TREB. MINAS,IFCO,6424,explícito,160.0,1
2024-12-13,sexta-feira,4,TREBESCHI DF,HB,623,explícito,30.0,1
2024-12-14,sábado,5,F. TAQUARIVAI,HB,623,explícito,870.0,3
2024-12-14,sábado,5,F. TAQUARIVAI,IFCO,6416,explícito,647.0,5
2024-12-14,sábado,5,F. TAQUARIVAI,IFCO,6424,explícito,940.0,3
2024-12-14,sábado,5,PH UBAJARA,HB,618,explícito,1969.1788405797101,29
2024-12-14,sábado,5,PH UBAJARA,HB,623,explícito,125.0,1
2024-12-14,sábado,5,PH UBAJARA,IFCO,6416,explícito,2281.7753623188405,147
2024-12-14,sábado,5,PH UBAJARA,IFCO,6424,explícito,1547.3916666666667,88
2024-12-14,sábado,5,TREB. MINAS,HB,618,explícito,714.0,35
2024-12-14,sábado,5,TREB. MINAS,HB,618,rateio_por_capacidade,516.2247365266644,17
2024-12-14,sábado,5,TREB. MINAS,HB,623,explícito,103.0,8
2024-12-14,sábado,5,TREB. MINAS,HB,623,rateio_por_capacidade,808.7752634733357,23
2024-12-14,sábado,5,TREB. MINAS,HB,NAO_INFORMADO,sem_base_para_rateio,66.0,6
2024-12-14,sábado,5,TREB. MINAS,IFCO,6416,explícito,145.0,62
2024-12-14,sábado,5,TREB. MINAS,IFCO,6424,explícito,166.0,5
2024-12-16,segunda-feira,0,F. TAQUARIVAI,HB,623,explícito,1282.0,2
2024-12-16,segunda-feira,0,F. TAQUARIVAI,IFCO,6416,explícito,340.0,5
2024-12-16,segunda-feira,0,PH CASCAVEL,IFCO,6424,explícito,1040.0,2
2024-12-16,segunda-feira,0,PH SUL (PF),IFCO,6424,explícito,41.0,1
2024-12-16,segunda-feira,0,PH UBAJARA,HB,618,explícito,380.0,20
2024-12-16,segunda-feira,0,PH UBAJARA,HB,623,explícito,5.0,1
2024-12-16,segunda-feira,0,PH UBAJARA,IFCO,6416,explícito,732.0,34
2024-12-16,segunda-feira,0,PH UBAJARA,IFCO,6424,explícito,554.0,39
2024-12-16,segunda-feira,0,TREB. MINAS,HB,618,explícito,390.0,18
2024-12-16,segunda-feira,0,TREB. MINAS,HB,618,rateio_por_capacidade,3.437341144792175,1
2024-12-16,segunda-feira,0,TREB. MINAS,HB,623,explícito,2.0,1
2024-12-16,segunda-feira,0,TREB. MINAS,HB,623,rateio_por_capacidade,0.5626588552078251,1
2024-12-16,segunda-feira,0,TREB. MINAS,IFCO,6416,explícito,2.0,1
2024-12-16,segunda-feira,0,TREB. MINAS,IFCO,6424,explícito,14.0,5
2024-12-17,terça-feira,1,F. TAQUARIVAI,HB,623,explícito,240.0,1
2024-12-17,terça-feira,1,F. TAQUARIVAI,IFCO,6416,explícito,662.0,5
2024-12-17,terça-feira,1,F. TAQUARIVAI,IFCO,6424,explícito,240.0,1
2024-12-17,terça-feira,1,PH CASCAVEL,IFCO,6424,explícito,1120.0,2
2024-12-17,terça-feira,1,PH UBAJARA,HB,618,explícito,2.39130434782609,2
2024-12-17,terça-feira,1,PH UBAJARA,IFCO,6416,explícito,1485.0,10
2024-12-17,terça-feira,1,PH UBAJARA,IFCO,6424,explícito,302.0,2
2024-12-17,terça-feira,1,TREB. MINAS,HB,618,explícito,632.0,26
2024-12-17,terça-feira,1,TREB. MINAS,HB,618,rateio_por_capacidade,160.3492563440501,12
2024-12-17,terça-feira,1,TREB. MINAS,HB,623,explícito,88.0,7
2024-12-17,terça-feira,1,TREB. MINAS,HB,623,rateio_por_capacidade,15.650743655949894,12
2024-12-17,terça-feira,1,TREB. MINAS,IFCO,6416,explícito,551.0,164
2024-12-17,terça-feira,1,TREB. MINAS,IFCO,6424,explícito,860.0,6
2024-12-18,quarta-feira,2,F. TAQUARIVAI,HB,623,explícito,910.0,2
2024-12-18,quarta-feira,2,F. TAQUARIVAI,IFCO,6416,explícito,287.0,4
2024-12-18,quarta-feira,2,F. TAQUARIVAI,IFCO,6424,explícito,640.0,1
2024-12-18,quarta-feira,2,PH CASCAVEL,HB,623,explícito,1260.0,1
2024-12-18,quarta-feira,2,PH CASCAVEL,IFCO,6424,explícito,1760.0,4
2024-12-18,quarta-feira,2,PH CORUMBA (PF),HB,623,explícito,218.0,2
2024-12-18,quarta-feira,2,PH UBAJARA,HB,618,explícito,1.30434782608696,1
2024-12-18,quarta-feira,2,PH UBAJARA,IFCO,6416,explícito,269.0,40
2024-12-18,quarta-feira,2,PH UBAJARA,IFCO,6424,explícito,302.0,31
2024-12-18,quarta-feira,2,TREB. MINAS,HB,618,explícito,1400.0,45
2024-12-18,quarta-feira,2,TREB. MINAS,HB,618,rateio_por_capacidade,555.3710200905888,15
2024-12-18,quarta-feira,2,TREB. MINAS,HB,623,explícito,8.0,4
2024-12-18,quarta-feira,2,TREB. MINAS,HB,623,rateio_por_capacidade,248.62897990941116,25
2024-12-18,quarta-feira,2,TREB. MINAS,HB,NAO_INFORMADO,sem_base_para_rateio,67.0,4
2024-12-18,quarta-feira,2,TREB. MINAS,IFCO,6416,explícito,97.0,34
2024-12-18,quarta-feira,2,TREB. MINAS,IFCO,6424,explícito,419.0,6
2024-12-19,quinta-feira,3,F. TAQUARIVAI,HB,623,explícito,1810.0,4
2024-12-19,quinta-feira,3,PH CASCAVEL,IFCO,6424,explícito,1440.0,3
2024-12-19,quinta-feira,3,PH UBAJARA,HB,618,explícito,289.0,16
2024-12-19,quinta-feira,3,PH UBAJARA,IFCO,6416,explícito,160.18140096618356,37
2024-12-19,quinta-feira,3,PH UBAJARA,IFCO,6424,explícito,119.53333333333333,15
2024-12-19,quinta-feira,3,TREB. MINAS,HB,618,explícito,1244.0,30
2024-12-19,quinta-feira,3,TREB. MINAS,HB,618,rateio_por_capacidade,1222.1834764969542,35
2024-12-19,quinta-feira,3,TREB. MINAS,HB,623,explícito,375.0,11
2024-12-19,quinta-feira,3,TREB. MINAS,HB,623,rateio_por_capacidade,337.8165235030459,42
2024-12-19,quinta-feira,3,TREB. MINAS,HB,NAO_INFORMADO,sem_base_para_rateio,79.0,5
2024-12-19,quinta-feira,3,TREB. MINAS,IFCO,6416,explícito,220.0,3
2024-12-19,quinta-feira,3,TREB. MINAS,IFCO,6424,explícito,80.0,4
2024-12-20,sexta-feira,4,F. TAQUARIVAI,HB,623,explícito,1330.0,2
2024-12-20,sexta-feira,4,F. TAQUARIVAI,IFCO,6416,explícito,168.0,4
2024-12-20,sexta-feira,4,PH CASCAVEL,HB,623,explícito,1930.0,2
2024-12-20,sexta-feira,4,PH CASCAVEL,IFCO,6424,explícito,640.0,1
2024-12-20,sexta-feira,4,PH CORUMBA (PF),IFCO,6424,explícito,640.0,1
2024-12-20,sexta-feira,4,PH UBAJARA,HB,623,explícito,0.222222222222222,1
2024-12-20,sexta-feira,4,PH UBAJARA,IFCO,6416,explícito,743.1470588235294,19
2024-12-20,sexta-feira,4,PH UBAJARA,IFCO,6424,explícito,77.0,5
2024-12-20,sexta-feira,4,TREB. MINAS,HB,618,explícito,585.0,27
2024-12-20,sexta-feira,4,TREB. MINAS,HB,618,rateio_por_capacidade,914.590883365892,4
2024-12-20,sexta-feira,4,TREB. MINAS,HB,623,explícito,3.0,1
2024-12-20,sexta-feira,4,TREB. MINAS,HB,623,rateio_por_capacidade,414.40911663410816,5
2024-12-20,sexta-feira,4,TREB. MINAS,IFCO,6416,explícito,360.0,5
2024-12-20,sexta-feira,4,TREB. MINAS,IFCO,6424,explícito,220.0,6
2024-12-21,sábado,5,F. TAQUARIVAI,HB,623,explícito,1150.0,3
2024-12-21,sábado,5,F. TAQUARIVAI,IFCO,6424,explícito,1000.0,2
2024-12-21,sábado,5,PH CASCAVEL,IFCO,6424,explícito,1120.0,2
2024-12-21,sábado,5,PH UBAJARA,HB,618,explícito,84.0,22
2024-12-21,sábado,5,PH UBAJARA,IFCO,6416,explícito,153.0,25
2024-12-21,sábado,5,PH UBAJARA,IFCO,6424,explícito,47.0,8
2024-12-21,sábado,5,TREB. MINAS,HB,618,explícito,823.0,35
2024-12-21,sábado,5,TREB. MINAS,HB,618,rateio_por_capacidade,87.63559627579257,12
2024-12-21,sábado,5,TREB. MINAS,HB,623,explícito,143.0,7
2024-12-21,sábado,5,TREB. MINAS,HB,623,rateio_por_capacidade,87.36440372420743,20
2024-12-21,sábado,5,TREB. MINAS,HB,NAO_INFORMADO,sem_base_para_rateio,60.0,2
2024-12-21,sábado,5,TREB. MINAS,IFCO,6416,explícito,236.0,16
2024-12-21,sábado,5,TREB. MINAS,IFCO,6424,explícito,267.0,11
2024-12-23,segunda-feira,0,F. TAQUARIVAI,HB,623,explícito,1840.0,4
2024-12-23,segunda-feira,0,F. TAQUARIVAI,IFCO,6424,explícito,1280.0,2
2024-12-23,segunda-feira,0,PH CASCAVEL,IFCO,6424,explícito,1920.0,4
2024-12-23,segunda-feira,0,PH CORUMBA (PF),IFCO,6424,explícito,100.0,1
2024-12-23,segunda-feira,0,PH UBAJARA,IFCO,6416,explícito,103.0,16
2024-12-23,segunda-feira,0,PH UBAJARA,IFCO,6424,explícito,26.0,4
2024-12-23,segunda-feira,0,TREB. MINAS,HB,618,explícito,601.0,17
2024-12-23,segunda-feira,0,TREB. MINAS,HB,618,rateio_por_capacidade,3.437341144792175,1
2024-12-23,segunda-feira,0,TREB. MINAS,HB,623,explícito,2.0,1
2024-12-23,segunda-feira,0,TREB. MINAS,HB,623,rateio_por_capacidade,0.5626588552078251,1
2024-12-24,terça-feira,1,PH CASCAVEL,HB,623,explícito,1260.0,1
2024-12-24,terça-feira,1,PH CASCAVEL,IFCO,6424,explícito,640.0,1
2024-12-24,terça-feira,1,PH UBAJARA,HB,618,explícito,365.0,18
2024-12-24,terça-feira,1,PH UBAJARA,HB,623,explícito,2.0,1
2024-12-24,terça-feira,1,PH UBAJARA,IFCO,6416,explícito,267.0,24
2024-12-24,terça-feira,1,PH UBAJARA,IFCO,6424,explícito,28.0,9
2024-12-24,terça-feira,1,TREB. MINAS,HB,618,explícito,486.0,13
2024-12-24,terça-feira,1,TREB. MINAS,HB,618,rateio_por_capacidade,35.17835484062355,11
2024-12-24,terça-feira,1,TREB. MINAS,HB,623,explícito,3.0,1
2024-12-24,terça-feira,1,TREB. MINAS,HB,623,rateio_por_capacidade,9.821645159376455,11
2024-12-24,terça-feira,1,TREB. MINAS,IFCO,6416,explícito,236.0,154
2024-12-25,quarta-feira,2,TREB. MINAS,HB,618,explícito,344.0,15
2024-12-25,quarta-feira,2,TREB. MINAS,HB,623,explícito,1.0,1
2024-12-26,quinta-feira,3,F. TAQUARIVAI,HB,623,explícito,240.0,1
2024-12-26,quinta-feira,3,F. TAQUARIVAI,IFCO,6424,explícito,960.0,2
2024-12-26,quinta-feira,3,PH CASCAVEL,IFCO,6424,explícito,2158.0,4
2024-12-26,quinta-feira,3,PH CORUMBA (PF),IFCO,6424,explícito,100.0,1
2024-12-26,quinta-feira,3,PH UBAJARA,IFCO,6416,explícito,682.0,28
2024-12-26,quinta-feira,3,PH UBAJARA,IFCO,6424,explícito,426.0,19
2024-12-26,quinta-feira,3,TREB. MINAS,HB,618,explícito,747.0,31
2024-12-26,quinta-feira,3,TREB. MINAS,HB,618,rateio_por_capacidade,421.9349936857251,20
2024-12-26,quinta-feira,3,TREB. MINAS,HB,623,explícito,354.0,11
2024-12-26,quinta-feira,3,TREB. MINAS,HB,623,rateio_por_capacidade,426.0650063142749,33
2024-12-26,quinta-feira,3,TREB. MINAS,HB,NAO_INFORMADO,sem_base_para_rateio,66.0,3
2024-12-26,quinta-feira,3,TREB. MINAS,IFCO,6416,explícito,164.0,5
2024-12-26,quinta-feira,3,TREB. MINAS,IFCO,6424,explícito,256.0,5
2024-12-26,quinta-feira,3,TREBESCHI DF,IFCO,6424,explícito,33.0,2
2024-12-27,sexta-feira,4,F. TAQUARIVAI,HB,623,explícito,640.0,1
2024-12-27,sexta-feira,4,F. TAQUARIVAI,IFCO,6424,explícito,1120.0,1
2024-12-27,sexta-feira,4,PH CASCAVEL,IFCO,6424,explícito,3600.0,6
2024-12-27,sexta-feira,4,PH CORUMBA (PF),HB,623,explícito,670.0,1
2024-12-27,sexta-feira,4,PH CORUMBA (PF),IFCO,6424,explícito,640.0,1
2024-12-27,sexta-feira,4,PH UBAJARA,HB,618,explícito,189.0,7
2024-12-27,sexta-feira,4,PH UBAJARA,IFCO,6416,explícito,429.0,47
2024-12-27,sexta-feira,4,PH UBAJARA,IFCO,6424,explícito,363.0,21
2024-12-27,sexta-feira,4,TREB. MINAS,HB,618,explícito,834.0,32
2024-12-27,sexta-feira,4,TREB. MINAS,HB,618,rateio_por_capacidade,176.65552632355772,6
2024-12-27,sexta-feira,4,TREB. MINAS,HB,623,explícito,3.0,2
2024-12-27,sexta-feira,4,TREB. MINAS,HB,623,rateio_por_capacidade,45.34447367644226,9
2024-12-27,sexta-feira,4,TREB. MINAS,HB,NAO_INFORMADO,sem_base_para_rateio,8.0,1
2024-12-27,sexta-feira,4,TREBESCHI DF,IFCO,6424,explícito,66.0,6
2024-12-28,sábado,5,F. TAQUARIVAI,HB,623,explícito,640.0,2
2024-12-28,sábado,5,F. TAQUARIVAI,IFCO,6424,explícito,1086.0,2
2024-12-28,sábado,5,PH CASCAVEL,IFCO,6424,explícito,1636.0,4
2024-12-28,sábado,5,PH UBAJARA,HB,618,explícito,290.0,26
2024-12-28,sábado,5,PH UBAJARA,HB,618,rateio_por_capacidade,25.207682936386643,7
2024-12-28,sábado,5,PH UBAJARA,HB,623,explícito,8.0,4
2024-12-28,sábado,5,PH UBAJARA,HB,623,rateio_por_capacidade,2.792317063613357,6
2024-12-28,sábado,5,PH UBAJARA,HB,NAO_INFORMADO,sem_base_para_rateio,1.0,1
2024-12-28,sábado,5,PH UBAJARA,IFCO,6416,explícito,1223.0,136
2024-12-28,sábado,5,PH UBAJARA,IFCO,6424,explícito,532.3333333333333,45
2024-12-28,sábado,5,TREB. MINAS,HB,618,explícito,840.0,36
2024-12-28,sábado,5,TREB. MINAS,HB,618,rateio_por_capacidade,682.2866352787476,27
2024-12-28,sábado,5,TREB. MINAS,HB,623,explícito,99.0,6
2024-12-28,sábado,5,TREB. MINAS,HB,623,rateio_por_capacidade,447.7133647212524,37
2024-12-28,sábado,5,TREB. MINAS,HB,NAO_INFORMADO,sem_base_para_rateio,39.0,5
2024-12-28,sábado,5,TREB. MINAS,IFCO,6416,explícito,220.0,9
2024-12-28,sábado,5,TREB. MINAS,IFCO,6424,explícito,1227.090909090909,14
2024-12-30,segunda-feira,0,F. TAQUARIVAI,HB,623,explícito,240.0,1
2024-12-30,segunda-feira,0,TREB GOIANIA - GALPAO CD,IFCO,6416,explícito,0.192307692307692,1
2024-12-30,segunda-feira,0,TREB. MINAS,HB,618,explícito,422.0,15
2024-12-30,segunda-feira,0,TREB. MINAS,HB,618,rateio_por_capacidade,13.7493645791687,1
2024-12-30,segunda-feira,0,TREB. MINAS,HB,623,explícito,1.0,1
2024-12-30,segunda-feira,0,TREB. MINAS,HB,623,rateio_por_capacidade,2.2506354208313004,1
2024-12-30,segunda-feira,0,TREBESCHI DF,IFCO,6424,explícito,1.0,1
2024-12-31,terça-feira,1,F. TAQUARIVAI,HB,623,explícito,240.0,1
2024-12-31,terça-feira,1,PH CASCAVEL,IFCO,6424,explícito,1760.0,2
2024-12-31,terça-feira,1,PH UBAJARA,IFCO,6416,explícito,345.0,83
2024-12-31,terça-feira,1,PH UBAJARA,IFCO,6424,explícito,30.0,9
2024-12-31,terça-feira,1,TREB GOIANIA - GALPAO CD,IFCO,6416,explícito,0.384615384615385,1
2024-12-31,terça-feira,1,TREB. MINAS,HB,618,explícito,374.0,13
2024-12-31,terça-feira,1,TREB. MINAS,HB,623,explícito,2.0,1
2024-12-31,terça-feira,1,TREB. MINAS,IFCO,6416,explícito,204.0,144
2024-12-31,terça-feira,1,TREB. MINAS,IFCO,6424,explícito,40.0,1
2025-01-02,quinta-feira,3,F. TAQUARIVAI,HB,623,explícito,240.0,1
2025-01-02,quinta-feira,3,F. TAQUARIVAI,IFCO,6424,explícito,2000.0,3
2025-01-02,quinta-feira,3,PH CASCAVEL,IFCO,6424,explícito,2392.0,6
2025-01-02,quinta-feira,3,PH CORUMBA (PF),HB,623,explícito,60.0,2
2025-01-02,quinta-feira,3,PH CORUMBA (PF),IFCO,6424,explícito,564.0,1
2025-01-02,quinta-feira,3,PH UBAJARA,HB,618,explícito,353.0,28
2025-01-02,quinta-feira,3,PH UBAJARA,IFCO,6416,explícito,329.0,33
2025-01-02,quinta-feira,3,PH UBAJARA,IFCO,6424,explícito,62.0,8
2025-01-02,quinta-feira,3,TREB. MINAS,HB,618,explícito,933.0,53
2025-01-02,quinta-feira,3,TREB. MINAS,HB,618,rateio_por_capacidade,307.40848721930627,29
2025-01-02,quinta-feira,3,TREB. MINAS,HB,623,explícito,3.0,2
2025-01-02,quinta-feira,3,TREB. MINAS,HB,623,rateio_por_capacidade,221.59151278069373,35
2025-01-02,quinta-feira,3,TREB. MINAS,HB,NAO_INFORMADO,sem_base_para_rateio,81.0,4
2025-01-03,sexta-feira,4,F. TAQUARIVAI,HB,623,explícito,1030.0,2
2025-01-03,sexta-feira,4,F. TAQUARIVAI,IFCO,6424,explícito,1000.0,1
2025-01-03,sexta-feira,4,PH CASCAVEL,IFCO,6424,explícito,2600.0,3
2025-01-03,sexta-feira,4,PH CORUMBA (PF),IFCO,6424,explícito,640.0,2
2025-01-03,sexta-feira,4,PH UBAJARA,IFCO,6416,explícito,461.0,39
2025-01-03,sexta-feira,4,PH UBAJARA,IFCO,6424,explícito,494.0,27
2025-01-03,sexta-feira,4,TREB. MINAS,HB,618,explícito,781.0,32
2025-01-03,sexta-feira,4,TREB. MINAS,HB,618,rateio_por_capacidade,80.67259648540787,4
2025-01-03,sexta-feira,4,TREB. MINAS,HB,623,explícito,136.0,5
2025-01-03,sexta-feira,4,TREB. MINAS,HB,623,rateio_por_capacidade,124.32740351459213,4
2025-01-03,sexta-feira,4,TREB. MINAS,IFCO,6424,explícito,400.0,1
2025-01-04,sábado,5,F. TAQUARIVAI,HB,623,explícito,1650.0,3
2025-01-04,sábado,5,F. TAQUARIVAI,IFCO,6416,explícito,526.0,4
2025-01-04,sábado,5,F. TAQUARIVAI,IFCO,6424,explícito,2600.0,6
2025-01-04,sábado,5,PH UBAJARA,HB,618,explícito,79.0,22
2025-01-04,sábado,5,PH UBAJARA,IFCO,6416,explícito,1330.3333333333333,235
2025-01-04,sábado,5,PH UBAJARA,IFCO,6424,explícito,954.34375,80
2025-01-04,sábado,5,TREB. MINAS,HB,618,explícito,1055.0,43
2025-01-04,sábado,5,TREB. MINAS,HB,618,rateio_por_capacidade,337.00770340866967,15
2025-01-04,sábado,5,TREB. MINAS,HB,623,explícito,238.0,9
2025-01-04,sábado,5,TREB. MINAS,HB,623,rateio_por_capacidade,143.99229659133027,18
2025-01-04,sábado,5,TREB. MINAS,HB,NAO_INFORMADO,sem_base_para_rateio,24.0,3
2025-01-04,sábado,5,TREB. MINAS,IFCO,6416,explícito,249.0,116
2025-01-04,sábado,5,TREB. MINAS,IFCO,6424,explícito,1020.0,10
2025-01-06,segunda-feira,0,F. TAQUARIVAI,HB,623,explícito,1660.0,3
2025-01-06,segunda-feira,0,F. TAQUARIVAI,IFCO,6416,explícito,468.0,4
2025-01-06,segunda-feira,0,PH CASCAVEL,IFCO,6424,explícito,1120.0,2
2025-01-06,segunda-feira,0,PH CORUMBA (PF),IFCO,6424,explícito,200.0,2
2025-01-06,segunda-feira,0,PH UBAJARA,HB,618,explícito,329.0,26
2025-01-06,segunda-feira,0,PH UBAJARA,HB,618,rateio_por_capacidade,3.437341144792175,1
2025-01-06,segunda-feira,0,PH UBAJARA,HB,623,explícito,3.0,1
2025-01-06,segunda-feira,0,PH UBAJARA,HB,623,rateio_por_capacidade,0.5626588552078251,1
2025-01-06,segunda-feira,0,TREB GOIANIA - GALPAO CD,IFCO,6416,explícito,0.5,1
2025-01-06,segunda-feira,0,TREB. MINAS,HB,618,explícito,620.0,18
2025-01-06,segunda-feira,0,TREB. MINAS,HB,618,rateio_por_capacidade,47.472398010889506,12
2025-01-06,segunda-feira,0,TREB. MINAS,HB,623,explícito,2.0,1
2025-01-06,segunda-feira,0,TREB. MINAS,HB,623,rateio_por_capacidade,64.5276019891105,16
2025-01-06,segunda-feira,0,TREB. MINAS,HB,NAO_INFORMADO,sem_base_para_rateio,9.0,2
2025-01-06,segunda-feira,0,TREB. MINAS,IFCO,6416,explícito,80.0,10
2025-01-06,segunda-feira,0,TREB. MINAS,IFCO,6424,explícito,55.0,9
2025-01-06,segunda-feira,0,TREBESCHI DF,IFCO,6416,explícito,2.333333333333333,2
2025-01-07,terça-feira,1,F. TAQUARIVAI,HB,623,explícito,670.0,1
2025-01-07,terça-feira,1,F. TAQUARIVAI,IFCO,6416,explícito,485.0,5
2025-01-07,terça-feira,1,PH CORUMBA (PF),HB,623,explícito,690.0,2
2025-01-07,terça-feira,1,PH SUL (PF),IFCO,6424,explícito,1120.0,1
2025-01-07,terça-feira,1,PH UBAJARA,IFCO,6416,explícito,619.0,46
2025-01-07,terça-feira,1,PH UBAJARA,IFCO,6424,explícito,212.0,24
2025-01-07,terça-feira,1,TREB. MINAS,HB,618,explícito,820.0,28
2025-01-07,terça-feira,1,TREB. MINAS,HB,618,rateio_por_capacidade,110.22441726673222,15
2025-01-07,terça-feira,1,TREB. MINAS,HB,623,explícito,145.0,8
2025-01-07,terça-feira,1,TREB. MINAS,HB,623,rateio_por_capacidade,94.77558273326778,15
2025-01-07,terça-feira,1,TREB. MINAS,HB,NAO_INFORMADO,sem_base_para_rateio,50.0,3
2025-01-07,terça-feira,1,TREB. MINAS,IFCO,6416,explícito,220.0,7
2025-01-07,terça-feira,1,TREB. MINAS,IFCO,6424,explícito,1140.0,8
2025-01-08,quarta-feira,2,F. TAQUARIVAI,IFCO,6416,explícito,370.0,4
2025-01-08,quarta-feira,2,PH CASCAVEL,IFCO,6424,explícito,1440.0,2
2025-01-08,quarta-feira,2,PH CORUMBA (PF),HB,623,explícito,60.0,2
2025-01-08,quarta-feira,2,PH CORUMBA (PF),IFCO,6424,explícito,200.0,1
2025-01-08,quarta-feira,2,PH SUL (PF),HB,618,explícito,200.0,1
2025-01-08,quarta-feira,2,PH SUL (PF),HB,623,explícito,440.0,1
2025-01-08,quarta-feira,2,PH SUL (PF),IFCO,6424,explícito,794.0,2
2025-01-08,quarta-feira,2,PH UBAJARA,IFCO,6416,explícito,188.0,12
2025-01-08,quarta-feira,2,PH UBAJARA,IFCO,6424,explícito,51.0,3
2025-01-08,quarta-feira,2,TREB. MINAS,HB,618,explícito,935.0,47
2025-01-08,quarta-feira,2,TREB. MINAS,HB,618,rateio_por_capacidade,345.4787901757539,14
2025-01-08,quarta-feira,2,TREB. MINAS,HB,623,explícito,2.0,2
2025-01-08,quarta-feira,2,TREB. MINAS,HB,623,rateio_por_capacidade,436.5212098242461,27
2025-01-08,quarta-feira,2,TREB. MINAS,HB,NAO_INFORMADO,sem_base_para_rateio,27.0,3
2025-01-08,quarta-feira,2,TREB. MINAS,IFCO,6416,explícito,433.0,150
2025-01-08,quarta-feira,2,TREB. MINAS,IFCO,6424,explícito,284.0,19
2025-01-09,quinta-feira,3,PH CASCAVEL,IFCO,6424,explícito,440.0,3
2025-01-09,quinta-feira,3,PH SUL (PF),HB,618,explícito,200.0,1
2025-01-09,quinta-feira,3,PH SUL (PF),HB,623,explícito,1110.0,2
2025-01-09,quinta-feira,3,PH SUL (PF),IFCO,6424,explícito,1280.0,2
2025-01-09,quinta-feira,3,PH UBAJARA,IFCO,6416,explícito,87.47619047619048,26
2025-01-09,quinta-feira,3,PH UBAJARA,IFCO,6424,explícito,81.58333333333334,11
2025-01-09,quinta-feira,3,TREB. MINAS,HB,618,explícito,1029.0,32
2025-01-09,quinta-feira,3,TREB. MINAS,HB,618,rateio_por_capacidade,691.4565641900083,30
2025-01-09,quinta-feira,3,TREB. MINAS,HB,623,explícito,344.0,12
2025-01-09,quinta-feira,3,TREB. MINAS,HB,623,rateio_por_capacidade,380.5434358099917,36
2025-01-09,quinta-feira,3,TREB. MINAS,HB,NAO_INFORMADO,sem_base_para_rateio,65.0,4
2025-01-10,sexta-feira,4,PH CORUMBA (PF),IFCO,6424,explícito,150.0,1
2025-01-10,sexta-feira,4,PH SUL (PF),HB,618,explícito,400.0,1
2025-01-10,sexta-feira,4,PH SUL (PF),HB,623,explícito,1580.0,3
2025-01-10,sexta-feira,4,TREB. MINAS,HB,618,explícito,533.0,32
2025-01-10,sexta-feira,4,TREB. MINAS,HB,618,rateio_por_capacidade,7.734017575782394,2
2025-01-10,sexta-feira,4,TREB. MINAS,HB,623,explícito,151.0,2
2025-01-10,sexta-feira,4,TREB. MINAS,HB,623,rateio_por_capacidade,1.2659824242176065,2
2025-01-10,sexta-feira,4,TREBESCHI DF,HB,618,explícito,20.0,1
2025-01-11,sábado,5,PH CASCAVEL,IFCO,6424,explícito,1120.0,2
2025-01-11,sábado,5,PH SUL (PF),HB,618,explícito,300.0,1
2025-01-11,sábado,5,PH SUL (PF),HB,623,explícito,1500.0,4
2025-01-11,sábado,5,PH SUL (PF),IFCO,6416,explícito,1130.0,10
2025-01-11,sábado,5,PH SUL (PF),IFCO,6424,explícito,240.0,1
2025-01-11,sábado,5,PH UBAJARA,HB,618,explícito,108.0,26
2025-01-11,sábado,5,PH UBAJARA,HB,623,explícito,1.0,1
2025-01-11,sábado,5,PH UBAJARA,IFCO,6416,explícito,825.1666666666666,79
2025-01-11,sábado,5,PH UBAJARA,IFCO,6424,explícito,926.1875,45
2025-01-11,sábado,5,TREB. MINAS,HB,618,explícito,1340.0,65
2025-01-11,sábado,5,TREB. MINAS,HB,618,rateio_por_capacidade,125.29175753591511,11
2025-01-11,sábado,5,TREB. MINAS,HB,623,explícito,244.0,10
2025-01-11,sábado,5,TREB. MINAS,HB,623,rateio_por_capacidade,66.7082424640849,19
2025-01-11,sábado,5,TREB. MINAS,HB,NAO_INFORMADO,sem_base_para_rateio,31.0,3
2025-01-11,sábado,5,TREB. MINAS,IFCO,6416,explícito,538.0,98
2025-01-11,sábado,5,TREB. MINAS,IFCO,6424,explícito,179.0,11
2025-01-13,segunda-feira,0,F. TAQUARIVAI,IFCO,6424,explícito,1120.0,1
2025-01-13,segunda-feira,0,PH CASCAVEL,IFCO,6424,explícito,1040.0,2
2025-01-13,segunda-feira,0,PH CORUMBA (PF),IFCO,6424,explícito,86.0,1
2025-01-13,segunda-feira,0,PH SUL (PF),HB,618,explícito,486.0,7
2025-01-13,segunda-feira,0,PH SUL (PF),HB,623,explícito,1420.0,2
2025-01-13,segunda-feira,0,PH SUL (PF),IFCO,6416,explícito,472.0,5
2025-01-13,segunda-feira,0,PH SUL (PF),IFCO,6424,explícito,636.0,1
2025-01-13,segunda-feira,0,PH UBAJARA,HB,618,explícito,408.0,31
2025-01-13,segunda-feira,0,PH UBAJARA,HB,623,explícito,6.0,1
2025-01-13,segunda-feira,0,PH UBAJARA,IFCO,6416,explícito,85.0,28
2025-01-13,segunda-feira,0,PH UBAJARA,IFCO,6424,explícito,15.0,14
2025-01-13,segunda-feira,0,TREB. MINAS,HB,618,explícito,266.0,10
2025-01-13,segunda-feira,0,TREB. MINAS,HB,618,rateio_por_capacidade,7.734017575782394,1
2025-01-13,segunda-feira,0,TREB. MINAS,HB,623,explícito,1.0,1
2025-01-13,segunda-feira,0,TREB. MINAS,HB,623,rateio_por_capacidade,1.2659824242176065,1
2025-01-13,segunda-feira,0,TREB. MINAS,IFCO,6416,explícito,38.0,8
2025-01-13,segunda-feira,0,TREB. MINAS,IFCO,6424,explícito,16.0,4
2025-01-13,segunda-feira,0,TREBESCHI DF,HB,618,explícito,2.5,1
2025-01-14,terça-feira,1,PH CASCAVEL,IFCO,6424,explícito,510.0,2
2025-01-14,terça-feira,1,PH SUL (PF),HB,618,explícito,160.0,7
2025-01-14,terça-feira,1,PH SUL (PF),HB,623,explícito,670.0,2
2025-01-14,terça-feira,1,PH SUL (PF),IFCO,6416,explícito,585.0,4
2025-01-14,terça-feira,1,PH SUL (PF),IFCO,6424,explícito,240.0,1
2025-01-14,terça-feira,1,PH UBAJARA,IFCO,6416,explícito,307.0,52
2025-01-14,terça-feira,1,PH UBAJARA,IFCO,6424,explícito,507.0,24
2025-01-14,terça-feira,1,TREB. MINAS,HB,618,explícito,515.0,22
2025-01-14,terça-feira,1,TREB. MINAS,HB,618,rateio_por_capacidade,64.3132919240588,12
2025-01-14,terça-feira,1,TREB. MINAS,HB,623,explícito,63.0,5
2025-01-14,terça-feira,1,TREB. MINAS,HB,623,rateio_por_capacidade,25.686708075941205,12
2025-01-14,terça-feira,1,TREB. MINAS,IFCO,6416,explícito,304.0,100
2025-01-14,terça-feira,1,TREB. MINAS,IFCO,6424,explícito,561.0,3
2025-01-15,quarta-feira,2,PH CASCAVEL,IFCO,6424,explícito,1880.0,8
2025-01-15,quarta-feira,2,PH CORUMBA (PF),HB,623,explícito,40.0,1
2025-01-15,quarta-feira,2,PH CORUMBA (PF),IFCO,6424,explícito,100.0,1
2025-01-15,quarta-feira,2,PH SUL (PF),HB,618,explícito,492.0,8
2025-01-15,quarta-feira,2,PH SUL (PF),HB,623,explícito,850.0,2
2025-01-15,quarta-feira,2,PH SUL (PF),IFCO,6416,explícito,341.0,3
2025-01-15,quarta-feira,2,PH SUL (PF),IFCO,6424,explícito,1278.0,2
2025-01-15,quarta-feira,2,PH UBAJARA,IFCO,6416,explícito,478.0,23
2025-01-15,quarta-feira,2,PH UBAJARA,IFCO,6424,explícito,274.0,9
2025-01-15,quarta-feira,2,TREB. MINAS,HB,618,explícito,574.0,32
2025-01-15,quarta-feira,2,TREB. MINAS,HB,618,rateio_por_capacidade,75.88348237396484,18
2025-01-15,quarta-feira,2,TREB. MINAS,HB,623,explícito,4.0,2
2025-01-15,quarta-feira,2,TREB. MINAS,HB,623,rateio_por_capacidade,85.13924489876243,26
2025-01-15,quarta-feira,2,TREB. MINAS,HB,NAO_INFORMADO,sem_base_para_rateio,38.0,4
2025-01-15,quarta-feira,2,TREB. MINAS,IFCO,6416,explícito,251.45929487179487,22
2025-01-15,quarta-feira,2,TREB. MINAS,IFCO,6424,explícito,25.0,1
2025-01-16,quinta-feira,3,PH SUL (PF),HB,618,explícito,409.0,7
2025-01-16,quinta-feira,3,PH SUL (PF),HB,623,explícito,1580.0,4
2025-01-16,quinta-feira,3,PH SUL (PF),IFCO,6424,explícito,1760.0,2
2025-01-16,quinta-feira,3,PH UBAJARA,HB,618,explícito,61.0,4
2025-01-16,quinta-feira,3,PH UBAJARA,IFCO,6416,explícito,44.0,17
2025-01-16,quinta-feira,3,PH UBAJARA,IFCO,6424,explícito,111.0,7
2025-01-16,quinta-feira,3,TREB. MINAS,HB,618,explícito,536.0,20
2025-01-16,quinta-feira,3,TREB. MINAS,HB,618,rateio_por_capacidade,332.7881172007966,31
2025-01-16,quinta-feira,3,TREB. MINAS,HB,623,explícito,84.0,7
2025-01-16,quinta-feira,3,TREB. MINAS,HB,623,rateio_por_capacidade,161.2118827992034,35
2025-01-16,quinta-feira,3,TREB. MINAS,HB,NAO_INFORMADO,sem_base_para_rateio,207.0,4
2025-01-16,quinta-feira,3,TREB. MINAS,IFCO,6416,explícito,104.0,12
2025-01-16,quinta-feira,3,TREB. MINAS,IFCO,6424,explícito,46.0,6
2025-01-16,quinta-feira,3,TREBESCHI DF,HB,618,explícito,3.5,2
2025-01-17,sexta-feira,4,PH CASCAVEL,IFCO,6424,explícito,1320.0,3
2025-01-17,sexta-feira,4,PH SUL (PF),HB,618,explícito,170.0,12
2025-01-17,sexta-feira,4,PH SUL (PF),IFCO,6416,explícito,679.0,4
2025-01-17,sexta-feira,4,PH SUL (PF),IFCO,6424,explícito,2080.0,4
2025-01-17,sexta-feira,4,PH UBAJARA,HB,618,explícito,9.0,2
2025-01-17,sexta-feira,4,PH UBAJARA,HB,618,rateio_por_capacidade,14.693953182803746,3
2025-01-17,sexta-feira,4,PH UBAJARA,HB,623,explícito,2.0,2
2025-01-17,sexta-feira,4,PH UBAJARA,HB,623,rateio_por_capacidade,4.306046817196256,5
2025-01-17,sexta-feira,4,PH UBAJARA,HB,NAO_INFORMADO,sem_base_para_rateio,0.0,1
2025-01-17,sexta-feira,4,PH UBAJARA,IFCO,6416,explícito,1015.0,40
2025-01-17,sexta-feira,4,PH UBAJARA,IFCO,6424,explícito,372.0,18
2025-01-17,sexta-feira,4,TREB. MINAS,HB,618,explícito,306.0,19
2025-01-17,sexta-feira,4,TREB. MINAS,HB,618,rateio_por_capacidade,5.156011717188263,2
2025-01-17,sexta-feira,4,TREB. MINAS,HB,623,explícito,1.0,1
2025-01-17,sexta-feira,4,TREB. MINAS,HB,623,rateio_por_capacidade,0.8439882828117378,2
2025-01-18,sábado,5,PH SUL (PF),HB,618,explícito,451.0,6
2025-01-18,sábado,5,PH SUL (PF),HB,623,explícito,3325.0,6
2025-01-18,sábado,5,PH SUL (PF),IFCO,6416,explícito,482.0,3
2025-01-18,sábado,5,PH SUL (PF),IFCO,6424,explícito,640.0,2
2025-01-18,sábado,5,PH UBAJARA,HB,618,explícito,93.0,19
2025-01-18,sábado,5,PH UBAJARA,IFCO,6416,explícito,360.0,49
2025-01-18,sábado,5,PH UBAJARA,IFCO,6424,explícito,645.0,32
2025-01-18,sábado,5,TREB. MINAS,HB,618,explícito,628.0,36
2025-01-18,sábado,5,TREB. MINAS,HB,618,rateio_por_capacidade,506.04243609700495,22
2025-01-18,sábado,5,TREB. MINAS,HB,623,explícito,45.0,6
2025-01-18,sábado,5,TREB. MINAS,HB,623,rateio_por_capacidade,258.95756390299516,34
2025-01-18,sábado,5,TREB. MINAS,HB,NAO_INFORMADO,sem_base_para_rateio,115.0,4
2025-01-18,sábado,5,TREB. MINAS,IFCO,6416,explícito,377.0,21
2025-01-18,sábado,5,TREB. MINAS,IFCO,6424,explícito,132.0,14
2025-01-20,segunda-feira,0,PH CASCAVEL,IFCO,6424,explícito,1438.0,3
2025-01-20,segunda-feira,0,PH SUL (PF),HB,618,explícito,325.0,7
2025-01-20,segunda-feira,0,PH SUL (PF),HB,623,explícito,440.0,2
2025-01-20,segunda-feira,0,PH SUL (PF),IFCO,6416,explícito,398.0,4
2025-01-20,segunda-feira,0,PH UBAJARA,HB,618,explícito,308.0,24
2025-01-20,segunda-feira,0,PH UBAJARA,HB,618,rateio_por_capacidade,10.312023434376526,1
2025-01-20,segunda-feira,0,PH UBAJARA,HB,623,explícito,1.0,1
2025-01-20,segunda-feira,0,PH UBAJARA,HB,623,rateio_por_capacidade,1.6879765656234753,1
2025-01-20,segunda-feira,0,PH UBAJARA,IFCO,6416,explícito,7.0,2
2025-01-20,segunda-feira,0,PH UBAJARA,IFCO,6424,explícito,5.0,5
2025-01-20,segunda-feira,0,TREB. CEAGESP,HB,623,explícito,242.0,1
2025-01-20,segunda-feira,0,TREB. MINAS,HB,618,explícito,406.0,10
2025-01-20,segunda-feira,0,TREB. MINAS,HB,618,rateio_por_capacidade,6.87468228958435,1
2025-01-20,segunda-feira,0,TREB. MINAS,HB,623,explícito,2.0,1
2025-01-20,segunda-feira,0,TREB. MINAS,HB,623,rateio_por_capacidade,1.1253177104156502,1
2025-01-20,segunda-feira,0,TREB. MINAS,IFCO,6416,explícito,193.0,29
2025-01-20,segunda-feira,0,TREB. MINAS,IFCO,6424,explícito,191.0,17
2025-01-20,segunda-feira,0,TREBESCHI DF,HB,623,explícito,40.0,1
2025-01-21,terça-feira,1,PH CASCAVEL,IFCO,6424,explícito,640.0,2
2025-01-21,terça-feira,1,PH CORUMBA (PF),HB,623,explícito,690.0,2
2025-01-21,terça-feira,1,PH CORUMBA (PF),IFCO,6424,explícito,100.0,1
2025-01-21,terça-feira,1,PH SUL (PF),HB,618,explícito,552.0,13
2025-01-21,terça-feira,1,PH SUL (PF),HB,623,explícito,2390.0,5
2025-01-21,terça-feira,1,PH SUL (PF),IFCO,6416,explícito,476.0,5
2025-01-21,terça-feira,1,PH UBAJARA,HB,618,explícito,50.0,1
2025-01-21,terça-feira,1,PH UBAJARA,IFCO,6416,explícito,142.1,19
2025-01-21,terça-feira,1,PH UBAJARA,IFCO,6424,explícito,44.0625,6
2025-01-21,terça-feira,1,TREB. MINAS,HB,618,explícito,431.0,16
2025-01-21,terça-feira,1,TREB. MINAS,HB,618,rateio_por_capacidade,71.29634063555864,19
2025-01-21,terça-feira,1,TREB. MINAS,HB,623,explícito,141.0,9
2025-01-21,terça-feira,1,TREB. MINAS,HB,623,rateio_por_capacidade,54.703659364441364,24
2025-01-21,terça-feira,1,TREB. MINAS,HB,NAO_INFORMADO,sem_base_para_rateio,22.0,4
2025-01-21,terça-feira,1,TREB. MINAS,IFCO,6416,explícito,279.0,113
2025-01-21,terça-feira,1,TREB. MINAS,IFCO,6424,explícito,1000.0,6
2025-01-22,quarta-feira,2,PH SUL (PF),HB,618,explícito,350.0,10
2025-01-22,quarta-feira,2,PH SUL (PF),HB,623,explícito,1130.0,3
2025-01-22,quarta-feira,2,PH SUL (PF),IFCO,6416,explícito,452.0,4
2025-01-22,quarta-feira,2,PH SUL (PF),IFCO,6424,explícito,640.0,1
2025-01-22,quarta-feira,2,PH UBAJARA,IFCO,6416,explícito,1355.0,50
2025-01-22,quarta-feira,2,PH UBAJARA,IFCO,6424,explícito,673.0,39
2025-01-22,quarta-feira,2,TREB GOIANIA - GALPAO CD,IFCO,6424,explícito,0.0208333333333333,1
2025-01-22,quarta-feira,2,TREB. MINAS,HB,618,explícito,659.0,28
2025-01-22,quarta-feira,2,TREB. MINAS,HB,618,rateio_por_capacidade,159.57141592569798,16
2025-01-22,quarta-feira,2,TREB. MINAS,HB,623,explícito,75.0,4
2025-01-22,quarta-feira,2,TREB. MINAS,HB,623,rateio_por_capacidade,587.4285840743021,26
2025-01-22,quarta-feira,2,TREB. MINAS,HB,NAO_INFORMADO,sem_base_para_rateio,35.0,2
2025-01-22,quarta-feira,2,TREB. MINAS,IFCO,6416,explícito,40.0,1
2025-01-22,quarta-feira,2,TREB. MINAS,IFCO,6424,explícito,40.0,1
2025-01-23,quinta-feira,3,PH CASCAVEL,IFCO,6424,explícito,600.0,5
2025-01-23,quinta-feira,3,PH CORUMBA (PF),IFCO,6424,explícito,100.0,1
2025-01-23,quinta-feira,3,PH SUL (PF),HB,618,explícito,390.0,13
2025-01-23,quinta-feira,3,PH SUL (PF),HB,623,explícito,440.0,2
2025-01-23,quinta-feira,3,PH SUL (PF),IFCO,6424,explícito,1540.0,5
2025-01-23,quinta-feira,3,PH UBAJARA,IFCO,6416,explícito,706.5333333333333,21
2025-01-23,quinta-feira,3,PH UBAJARA,IFCO,6424,explícito,49.875,11
2025-01-23,quinta-feira,3,TREB. MINAS,HB,618,explícito,468.0,16
2025-01-23,quinta-feira,3,TREB. MINAS,HB,618,rateio_por_capacidade,339.58932213876426,18
2025-01-23,quinta-feira,3,TREB. MINAS,HB,623,explícito,134.0,9
2025-01-23,quinta-feira,3,TREB. MINAS,HB,623,rateio_por_capacidade,53.41067786123574,18
2025-01-23,quinta-feira,3,TREB. MINAS,HB,NAO_INFORMADO,sem_base_para_rateio,25.0,1
2025-01-23,quinta-feira,3,TREB. MINAS,IFCO,6416,explícito,42.0,12
2025-01-23,quinta-feira,3,TREB. MINAS,IFCO,6424,explícito,22.0,6
2025-01-24,sexta-feira,4,PH CASCAVEL,IFCO,6424,explícito,800.0,1
2025-01-24,sexta-feira,4,PH SUL (PF),HB,618,explícito,403.0,15
2025-01-24,sexta-feira,4,PH SUL (PF),HB,623,explícito,2190.0,4
2025-01-24,sexta-feira,4,PH SUL (PF),IFCO,6416,explícito,620.0,4
2025-01-24,sexta-feira,4,TREB. MINAS,HB,618,explícito,392.0,21
2025-01-24,sexta-feira,4,TREB. MINAS,HB,618,rateio_por_capacidade,6.015347003386307,2
2025-01-24,sexta-feira,4,TREB. MINAS,HB,623,explícito,1.0,1
2025-01-24,sexta-feira,4,TREB. MINAS,HB,623,rateio_por_capacidade,0.984652996613694,2
2025-01-24,sexta-feira,4,TREB. MINAS,IFCO,6416,explícito,150.0,3
2025-01-24,sexta-feira,4,TREB. MINAS,IFCO,6424,explícito,1000.0,4
2025-01-25,sábado,5,PH CASCAVEL,IFCO,6424,explícito,1436.0,3
2025-01-25,sábado,5,PH SUL (PF),HB,618,explícito,669.0,12
2025-01-25,sábado,5,PH SUL (PF),HB,623,explícito,2433.0,6
2025-01-25,sábado,5,PH SUL (PF),IFCO,6416,explícito,457.0,5
2025-01-25,sábado,5,PH SUL (PF),IFCO,6424,explícito,308.0,2
2025-01-25,sábado,5,PH UBAJARA,HB,618,explícito,146.0,25
2025-01-25,sábado,5,PH UBAJARA,HB,618,rateio_por_capacidade,33.71220457315443,8
2025-01-25,sábado,5,PH UBAJARA,HB,623,explícito,47.0,8
2025-01-25,sábado,5,PH UBAJARA,HB,623,rateio_por_capacidade,5.287795426845569,9
2025-01-25,sábado,5,PH UBAJARA,IFCO,6416,explícito,734.0,79
2025-01-25,sábado,5,PH UBAJARA,IFCO,6424,explícito,367.0,28
2025-01-25,sábado,5,TREB. MINAS,HB,618,explícito,680.0,29
2025-01-25,sábado,5,TREB. MINAS,HB,618,rateio_por_capacidade,1036.3236762456343,28
2025-01-25,sábado,5,TREB. MINAS,HB,623,explícito,101.0,10
2025-01-25,sábado,5,TREB. MINAS,HB,623,rateio_por_capacidade,291.6763237543657,40
2025-01-25,sábado,5,TREB. MINAS,HB,NAO_INFORMADO,sem_base_para_rateio,40.0,4
2025-01-25,sábado,5,TREB. MINAS,IFCO,6416,explícito,1122.0,34
2025-01-25,sábado,5,TREB. MINAS,IFCO,6424,explícito,204.0,13
2025-01-27,segunda-feira,0,PH CASCAVEL,IFCO,6424,explícito,1120.0,2
2025-01-27,segunda-feira,0,PH SUL (PF),HB,618,explícito,334.0,8
2025-01-27,segunda-feira,0,PH SUL (PF),HB,623,explícito,1675.0,3
2025-01-27,segunda-feira,0,PH SUL (PF),IFCO,6416,explícito,413.0,4
2025-01-27,segunda-feira,0,PH SUL (PF),IFCO,6424,explícito,640.0,3
2025-01-27,segunda-feira,0,PH UBAJARA,HB,618,explícito,450.0,28
2025-01-27,segunda-feira,0,PH UBAJARA,HB,618,rateio_por_capacidade,3.437341144792175,1
2025-01-27,segunda-feira,0,PH UBAJARA,HB,623,explícito,2.0,1
2025-01-27,segunda-feira,0,PH UBAJARA,HB,623,rateio_por_capacidade,0.5626588552078251,1
2025-01-27,segunda-feira,0,PH UBAJARA,IFCO,6416,explícito,174.0,18
2025-01-27,segunda-feira,0,PH UBAJARA,IFCO,6424,explícito,6.0,5
2025-01-27,segunda-feira,0,TREB. MINAS,HB,618,explícito,311.0,12
2025-01-27,segunda-feira,0,TREB. MINAS,HB,618,rateio_por_capacidade,45.13094827398428,11
2025-01-27,segunda-feira,0,TREB. MINAS,HB,623,explícito,1.0,1
2025-01-27,segunda-feira,0,TREB. MINAS,HB,623,rateio_por_capacidade,50.86905172601572,15
2025-01-27,segunda-feira,0,TREB. MINAS,HB,NAO_INFORMADO,sem_base_para_rateio,44.0,3
2025-01-27,segunda-feira,0,TREB. MINAS,IFCO,6416,explícito,675.0,16
2025-01-27,segunda-feira,0,TREBESCHI DF,IFCO,6424,explícito,1.0,1
2025-01-28,terça-feira,1,PH CASCAVEL,IFCO,6424,explícito,2720.0,5
2025-01-28,terça-feira,1,PH CORUMBA (PF),IFCO,6424,explícito,300.0,3
2025-01-28,terça-feira,1,PH SUL (PF),HB,618,explícito,662.0,12
2025-01-28,terça-feira,1,PH SUL (PF),HB,623,explícito,2390.0,5
2025-01-28,terça-feira,1,PH SUL (PF),IFCO,6416,explícito,510.0,4
2025-01-28,terça-feira,1,PH SUL (PF),IFCO,6424,explícito,1000.0,2
2025-01-28,terça-feira,1,PH UBAJARA,IFCO,6416,explícito,135.0,29
2025-01-28,terça-feira,1,PH UBAJARA,IFCO,6424,explícito,85.0,14
2025-01-28,terça-feira,1,TREB. MINAS,HB,618,explícito,359.0,16
2025-01-28,terça-feira,1,TREB. MINAS,HB,618,rateio_por_capacidade,50.58919307826693,10
2025-01-28,terça-feira,1,TREB. MINAS,HB,623,explícito,125.0,8
2025-01-28,terça-feira,1,TREB. MINAS,HB,623,rateio_por_capacidade,21.410806921733073,10
2025-01-28,terça-feira,1,TREB. MINAS,HB,NAO_INFORMADO,sem_base_para_rateio,15.0,3
2025-01-28,terça-feira,1,TREB. MINAS,IFCO,6416,explícito,484.0,89
2025-01-28,terça-feira,1,TREB. MINAS,IFCO,6424,explícito,859.0,5
2025-01-29,quarta-feira,2,PH SUL (PF),HB,618,explícito,517.0,8
2025-01-29,quarta-feira,2,PH SUL (PF),HB,623,explícito,2720.0,3
2025-01-29,quarta-feira,2,PH SUL (PF),IFCO,6416,explícito,427.0,4
2025-01-29,quarta-feira,2,PH SUL (PF),IFCO,6424,explícito,1280.0,4
2025-01-29,quarta-feira,2,PH UBAJARA,HB,618,explícito,50.0,1
2025-01-29,quarta-feira,2,PH UBAJARA,IFCO,6416,explícito,872.0,26
2025-01-29,quarta-feira,2,PH UBAJARA,IFCO,6424,explícito,724.0,20
2025-01-29,quarta-feira,2,TREB. MINAS,HB,618,explícito,486.0,27
2025-01-29,quarta-feira,2,TREB. MINAS,HB,618,rateio_por_capacidade,627.3047651866813,22
2025-01-29,quarta-feira,2,TREB. MINAS,HB,623,explícito,7.0,3
2025-01-29,quarta-feira,2,TREB. MINAS,HB,623,rateio_por_capacidade,152.6952348133188,32
2025-01-29,quarta-feira,2,TREB. MINAS,HB,NAO_INFORMADO,sem_base_para_rateio,20.0,6
2025-01-29,quarta-feira,2,TREB. MINAS,IFCO,6416,explícito,46.0,4
2025-01-29,quarta-feira,2,TREB. MINAS,IFCO,6424,explícito,67.0,6
2025-01-30,quinta-feira,3,PH CASCAVEL,IFCO,6424,explícito,320.0,1
2025-01-30,quinta-feira,3,PH CORUMBA (PF),IFCO,6424,explícito,1131.0,3
2025-01-30,quinta-feira,3,PH SUL (PF),HB,618,explícito,342.0,7
2025-01-30,quinta-feira,3,PH SUL (PF),HB,623,explícito,280.0,2
2025-01-30,quinta-feira,3,PH SUL (PF),IFCO,6424,explícito,2240.0,2
2025-01-30,quinta-feira,3,PH UBAJARA,IFCO,6416,explícito,472.43333333333334,15
2025-01-30,quinta-feira,3,PH UBAJARA,IFCO,6424,explícito,11.0,5
2025-01-30,quinta-feira,3,TREB. MINAS,HB,618,explícito,469.0,18
2025-01-30,quinta-feira,3,TREB. MINAS,HB,618,rateio_por_capacidade,548.9263322549948,27
2025-01-30,quinta-feira,3,TREB. MINAS,HB,623,explícito,200.0,9
2025-01-30,quinta-feira,3,TREB. MINAS,HB,623,rateio_por_capacidade,282.07366774500514,33
2025-01-30,quinta-feira,3,TREB. MINAS,HB,NAO_INFORMADO,sem_base_para_rateio,59.0,3
2025-01-30,quinta-feira,3,TREBESCHI DF,IFCO,6424,explícito,11.0,1
2025-01-31,sexta-feira,4,PH SUL (PF),HB,618,explícito,567.0,14
2025-01-31,sexta-feira,4,PH SUL (PF),HB,623,explícito,1500.0,3
2025-01-31,sexta-feira,4,PH SUL (PF),IFCO,6416,explícito,715.0,4
2025-01-31,sexta-feira,4,PH SUL (PF),IFCO,6424,explícito,1920.0,3
2025-01-31,sexta-feira,4,TREB. MINAS,HB,618,explícito,504.0,22
2025-01-31,sexta-feira,4,TREB. MINAS,HB,618,rateio_por_capacidade,2.5780058585941314,2
2025-01-31,sexta-feira,4,TREB. MINAS,HB,623,explícito,2.0,2
2025-01-31,sexta-feira,4,TREB. MINAS,HB,623,rateio_por_capacidade,0.42199414140586883,2
2025-01-31,sexta-feira,4,TREB. MINAS,IFCO,6424,explícito,440.0,3
2025-01-31,sexta-feira,4,TREBESCHI DF,HB,618,explícito,112.0,6
2025-02-01,sábado,5,PH SUL (PF),HB,618,explícito,769.0,18
2025-02-01,sábado,5,PH SUL (PF),HB,623,explícito,3510.0,8
2025-02-01,sábado,5,PH SUL (PF),IFCO,6416,explícito,588.0,4
2025-02-01,sábado,5,PH SUL (PF),IFCO,6424,explícito,2596.0,5
2025-02-01,sábado,5,PH UBAJARA,HB,618,explícito,102.0,24
2025-02-01,sábado,5,PH UBAJARA,HB,618,rateio_por_capacidade,10.949023744888473,5
2025-02-01,sábado,5,PH UBAJARA,HB,623,explícito,7.0,4
2025-02-01,sábado,5,PH UBAJARA,HB,623,rateio_por_capacidade,2.050976255111527,5
2025-02-01,sábado,5,PH UBAJARA,IFCO,6416,explícito,1016.2666666666667,139
2025-02-01,sábado,5,PH UBAJARA,IFCO,6424,explícito,461.25,51
2025-02-01,sábado,5,TREB. MINAS,HB,618,explícito,565.0,22
2025-02-01,sábado,5,TREB. MINAS,HB,618,rateio_por_capacidade,1025.2680019605054,20
2025-02-01,sábado,5,TREB. MINAS,HB,623,explícito,105.0,8
2025-02-01,sábado,5,TREB. MINAS,HB,623,rateio_por_capacidade,257.7319980394945,32
2025-02-01,sábado,5,TREB. MINAS,HB,NAO_INFORMADO,sem_base_para_rateio,31.0,5
2025-02-01,sábado,5,TREB. MINAS,IFCO,6416,explícito,229.0,7
2025-02-01,sábado,5,TREB. MINAS,IFCO,6424,explícito,399.0,10
2025-02-03,segunda-feira,0,PH CASCAVEL,IFCO,6424,explícito,750.0,1
2025-02-03,segunda-feira,0,PH CORUMBA (PF),IFCO,6424,explícito,125.0,1
2025-02-03,segunda-feira,0,PH SUL (PF),HB,618,explícito,695.0,9
2025-02-03,segunda-feira,0,PH SUL (PF),HB,623,explícito,2150.0,3
2025-02-03,segunda-feira,0,PH SUL (PF),IFCO,6416,explícito,391.0,5
2025-02-03,segunda-feira,0,PH UBAJARA,HB,618,explícito,478.0,23
2025-02-03,segunda-feira,0,PH UBAJARA,HB,618,rateio_por_capacidade,4.296676430990219,1
2025-02-03,segunda-feira,0,PH UBAJARA,HB,623,explícito,3.0,1
2025-02-03,segunda-feira,0,PH UBAJARA,HB,623,rateio_por_capacidade,0.7033235690097814,1
2025-02-03,segunda-feira,0,PH UBAJARA,IFCO,6416,explícito,510.0,35
2025-02-03,segunda-feira,0,PH UBAJARA,IFCO,6424,explícito,535.0,27
2025-02-03,segunda-feira,0,TREB. MINAS,HB,618,explícito,550.0,14
2025-02-03,segunda-feira,0,TREB. MINAS,HB,618,rateio_por_capacidade,548.1946018230229,2
2025-02-03,segunda-feira,0,TREB. MINAS,HB,623,explícito,2.0,1
2025-02-03,segunda-feira,0,TREB. MINAS,HB,623,rateio_por_capacidade,56.80539817697705,2
2025-02-04,terça-feira,1,PH CASCAVEL,IFCO,6424,explícito,1760.0,2
2025-02-04,terça-feira,1,PH CORUMBA (PF),IFCO,6424,explícito,225.0,2
2025-02-04,terça-feira,1,PH SUL (PF),HB,618,explícito,315.0,11
2025-02-04,terça-feira,1,PH SUL (PF),HB,618,rateio_por_capacidade,5.568192624085909,1
2025-02-04,terça-feira,1,PH SUL (PF),HB,623,explícito,1740.0,3
2025-02-04,terça-feira,1,PH SUL (PF),HB,623,rateio_por_capacidade,19.43180737591409,1
2025-02-04,terça-feira,1,PH SUL (PF),IFCO,6416,explícito,564.0,5
2025-02-04,terça-feira,1,PH SUL (PF),IFCO,6424,explícito,978.0,3
2025-02-04,terça-feira,1,PH UBAJARA,IFCO,6416,explícito,198.1,30
2025-02-04,terça-feira,1,PH UBAJARA,IFCO,6424,explícito,189.09375,25
2025-02-04,terça-feira,1,TREB. CEAGESP,HB,623,explícito,3.0,1
2025-02-04,terça-feira,1,TREB. MINAS,HB,618,explícito,470.0,16
2025-02-04,terça-feira,1,TREB. MINAS,HB,618,rateio_por_capacidade,67.91220757312641,14
2025-02-04,terça-feira,1,TREB. MINAS,HB,623,explícito,158.0,9
2025-02-04,terça-feira,1,TREB. MINAS,HB,623,rateio_por_capacidade,15.087792426873596,14
2025-02-04,terça-feira,1,TREB. MINAS,HB,NAO_INFORMADO,sem_base_para_rateio,20.0,1
2025-02-04,terça-feira,1,TREB. MINAS,IFCO,6416,explícito,275.0,95
2025-02-04,terça-feira,1,TREB. MINAS,IFCO,6424,explícito,40.0,1
2025-02-05,quarta-feira,2,PH CASCAVEL,IFCO,6424,explícito,1280.0,3
2025-02-05,quarta-feira,2,PH SUL (PF),HB,618,explícito,396.0,7
2025-02-05,quarta-feira,2,PH SUL (PF),HB,623,explícito,2840.0,4
2025-02-05,quarta-feira,2,PH SUL (PF),IFCO,6416,explícito,454.0,4
2025-02-05,quarta-feira,2,PH SUL (PF),IFCO,6424,explícito,640.0,1
2025-02-05,quarta-feira,2,PH UBAJARA,IFCO,6416,explícito,345.0,23
2025-02-05,quarta-feira,2,PH UBAJARA,IFCO,6424,explícito,207.0,10
2025-02-05,quarta-feira,2,TREB. MINAS,HB,618,explícito,772.0,37
2025-02-05,quarta-feira,2,TREB. MINAS,HB,618,rateio_por_capacidade,196.14873528820746,15
2025-02-05,quarta-feira,2,TREB. MINAS,HB,623,explícito,15.0,3
2025-02-05,quarta-feira,2,TREB. MINAS,HB,623,rateio_por_capacidade,87.85126471179255,24
2025-02-05,quarta-feira,2,TREB. MINAS,HB,NAO_INFORMADO,sem_base_para_rateio,5.0,2
2025-02-05,quarta-feira,2,TREB. MINAS,IFCO,6416,explícito,155.0,11
2025-02-05,quarta-feira,2,TREB. MINAS,IFCO,6424,explícito,142.0,11
2025-02-06,quinta-feira,3,PH CASCAVEL,IFCO,6424,explícito,640.0,2
2025-02-06,quinta-feira,3,PH SUL (PF),HB,618,explícito,67.0,2
2025-02-06,quinta-feira,3,PH SUL (PF),HB,618,rateio_por_capacidade,11.136385248171818,1
2025-02-06,quinta-feira,3,PH SUL (PF),HB,623,explícito,2150.0,4
2025-02-06,quinta-feira,3,PH SUL (PF),HB,623,rateio_por_capacidade,38.86361475182818,1
2025-02-06,quinta-feira,3,PH SUL (PF),IFCO,6424,explícito,1260.0,4
2025-02-06,quinta-feira,3,PH UBAJARA,IFCO,6416,explícito,46.0,8
2025-02-06,quinta-feira,3,PH UBAJARA,IFCO,6424,explícito,25.0,4
2025-02-06,quinta-feira,3,TREB. MINAS,HB,618,explícito,748.0,23
2025-02-06,quinta-feira,3,TREB. MINAS,HB,618,rateio_por_capacidade,415.3869757718198,27
2025-02-06,quinta-feira,3,TREB. MINAS,HB,623,explícito,268.0,12
2025-02-06,quinta-feira,3,TREB. MINAS,HB,623,rateio_por_capacidade,206.61302422818025,31
2025-02-06,quinta-feira,3,TREB. MINAS,HB,NAO_INFORMADO,sem_base_para_rateio,126.0,4
2025-02-07,sexta-feira,4,PH CORUMBA (PF),IFCO,6424,explícito,100.0,1
2025-02-07,sexta-feira,4,PH SUL (PF),HB,618,explícito,609.0,9
2025-02-07,sexta-feira,4,PH SUL (PF),HB,623,explícito,240.0,1
2025-02-07,sexta-feira,4,PH SUL (PF),IFCO,6416,explícito,655.0,5
2025-02-07,sexta-feira,4,PH SUL (PF),IFCO,6424,explícito,1436.0,4
2025-02-07,sexta-feira,4,TREB. MINAS,HB,618,explícito,384.0,22
2025-02-07,sexta-feira,4,TREB. MINAS,HB,618,rateio_por_capacidade,49.891612065782134,5
2025-02-07,sexta-feira,4,TREB. MINAS,HB,623,explícito,44.0,3
2025-02-07,sexta-feira,4,TREB. MINAS,HB,623,rateio_por_capacidade,70.10838793421786,7
2025-02-07,sexta-feira,4,TREB. MINAS,HB,NAO_INFORMADO,sem_base_para_rateio,15.0,1
2025-02-07,sexta-feira,4,TREB. MINAS,IFCO,6424,explícito,960.0,4
2025-02-08,sábado,5,PH CASCAVEL,IFCO,6424,explícito,1760.0,4
2025-02-08,sábado,5,PH SUL (PF),HB,618,explícito,641.0,11
2025-02-08,sábado,5,PH SUL (PF),HB,623,explícito,2390.0,6
2025-02-08,sábado,5,PH SUL (PF),IFCO,6416,explícito,509.0,4
2025-02-08,sábado,5,PH SUL (PF),IFCO,6424,explícito,1100.0,4
2025-02-08,sábado,5,PH UBAJARA,HB,618,explícito,97.0,23
2025-02-08,sábado,5,PH UBAJARA,HB,618,rateio_por_capacidade,7.600513825308947,5
2025-02-08,sábado,5,PH UBAJARA,HB,623,explícito,33.0,5
2025-02-08,sábado,5,PH UBAJARA,HB,623,rateio_por_capacidade,1.3994861746910532,4
2025-02-08,sábado,5,PH UBAJARA,IFCO,6416,explícito,439.0,62
2025-02-08,sábado,5,PH UBAJARA,IFCO,6424,explícito,411.0,45
2025-02-08,sábado,5,TREB. MINAS,HB,618,explícito,831.0,47
2025-02-08,sábado,5,TREB. MINAS,HB,618,rateio_por_capacidade,345.62492140592525,22
2025-02-08,sábado,5,TREB. MINAS,HB,623,explícito,138.0,8
2025-02-08,sábado,5,TREB. MINAS,HB,623,rateio_por_capacidade,176.37507859407475,30
2025-02-08,sábado,5,TREB. MINAS,HB,NAO_INFORMADO,sem_base_para_rateio,112.0,6
2025-02-08,sábado,5,TREB. MINAS,IFCO,6416,explícito,691.0,47
2025-02-08,sábado,5,TREB. MINAS,IFCO,6424,explícito,1429.0,37
2025-02-10,segunda-feira,0,PH CORUMBA (PF),HB,623,explícito,160.0,2
2025-02-10,segunda-feira,0,PH CORUMBA (PF),IFCO,6424,explícito,1044.0,3
2025-02-10,segunda-feira,0,PH SUL (PF),HB,618,explícito,521.0,6
2025-02-10,segunda-feira,0,PH SUL (PF),HB,623,explícito,1130.0,4
2025-02-10,segunda-feira,0,PH SUL (PF),IFCO,6416,explícito,302.0,4
2025-02-10,segunda-feira,0,PH SUL (PF),IFCO,6424,explícito,640.0,2
2025-02-10,segunda-feira,0,PH UBAJARA,HB,618,explícito,293.0,17
2025-02-10,segunda-feira,0,PH UBAJARA,HB,623,explícito,6.0,1
2025-02-10,segunda-feira,0,PH UBAJARA,IFCO,6416,explícito,2.0,2
2025-02-10,segunda-feira,0,PH UBAJARA,IFCO,6424,explícito,2.0,2
2025-02-10,segunda-feira,0,TREB. MINAS,HB,618,explícito,408.0,12
2025-02-10,segunda-feira,0,TREB. MINAS,HB,618,rateio_por_capacidade,6.87468228958435,1
2025-02-10,segunda-feira,0,TREB. MINAS,HB,623,explícito,2.0,1
2025-02-10,segunda-feira,0,TREB. MINAS,HB,623,rateio_por_capacidade,1.1253177104156502,1
2025-02-10,segunda-feira,0,TREB. MINAS,IFCO,6424,explícito,36.0,2
2025-02-11,terça-feira,1,PH CASCAVEL,IFCO,6424,explícito,640.0,2
2025-02-11,terça-feira,1,PH SUL (PF),HB,618,explícito,583.0,11
2025-02-11,terça-feira,1,PH SUL (PF),HB,623,explícito,1576.0,3
2025-02-11,terça-feira,1,PH SUL (PF),IFCO,6416,explícito,558.0,5
2025-02-11,terça-feira,1,PH UBAJARA,HB,618,explícito,7.0,1
2025-02-11,terça-feira,1,PH UBAJARA,IFCO,6416,explícito,434.1666666666667,71
2025-02-11,terça-feira,1,PH UBAJARA,IFCO,6424,explícito,246.6875,32
2025-02-11,terça-feira,1,TREB. MINAS,HB,618,explícito,404.0,17
2025-02-11,terça-feira,1,TREB. MINAS,HB,618,rateio_por_capacidade,29.770436461679402,3
2025-02-11,terça-feira,1,TREB. MINAS,HB,623,explícito,97.0,6
2025-02-11,terça-feira,1,TREB. MINAS,HB,623,rateio_por_capacidade,2.2295635383206003,3
2025-02-11,terça-feira,1,TREB. MINAS,HB,NAO_INFORMADO,sem_base_para_rateio,70.0,1
2025-02-11,terça-feira,1,TREB. MINAS,IFCO,6416,explícito,292.0,157
2025-02-11,terça-feira,1,TREB. MINAS,IFCO,6424,explícito,200.0,2
2025-02-12,quarta-feira,2,PH CASCAVEL,IFCO,6424,explícito,1080.0,3
2025-02-12,quarta-feira,2,PH CORUMBA (PF),IFCO,6424,explícito,218.0,2
2025-02-12,quarta-feira,2,PH SUL (PF),HB,618,explícito,440.0,7
2025-02-12,quarta-feira,2,PH SUL (PF),HB,623,explícito,1010.0,4
2025-02-12,quarta-feira,2,PH SUL (PF),IFCO,6416,explícito,517.0,4
2025-02-12,quarta-feira,2,PH SUL (PF),IFCO,6424,explícito,1480.0,3
2025-02-12,quarta-feira,2,PH UBAJARA,HB,623,rateio_por_capacidade,0.333333333333333,1
2025-02-12,quarta-feira,2,PH UBAJARA,IFCO,6416,explícito,424.0,20
2025-02-12,quarta-feira,2,PH UBAJARA,IFCO,6424,explícito,133.0,5
2025-02-12,quarta-feira,2,TREB. CEAGESP,IFCO,6424,explícito,49.0,1
2025-02-12,quarta-feira,2,TREB. MINAS,HB,618,explícito,881.0,31
2025-02-12,quarta-feira,2,TREB. MINAS,HB,618,rateio_por_capacidade,226.07741746826653,7
2025-02-12,quarta-feira,2,TREB. MINAS,HB,623,explícito,8.0,3
2025-02-12,quarta-feira,2,TREB. MINAS,HB,623,rateio_por_capacidade,73.92258253173351,14
2025-02-12,quarta-feira,2,TREB. MINAS,HB,NAO_INFORMADO,sem_base_para_rateio,2.0,2
2025-02-12,quarta-feira,2,TREB. MINAS,IFCO,6416,explícito,1164.0,18
2025-02-13,quinta-feira,3,PH CASCAVEL,IFCO,6424,explícito,1118.0,1
2025-02-13,quinta-feira,3,PH SUL (PF),HB,618,explícito,600.0,13
2025-02-13,quinta-feira,3,PH SUL (PF),HB,618,rateio_por_capacidade,6.681831148903091,1
2025-02-13,quinta-feira,3,PH SUL (PF),HB,623,explícito,400.0,2
2025-02-13,quinta-feira,3,PH SUL (PF),HB,623,rateio_por_capacidade,23.318168851096907,1
2025-02-13,quinta-feira,3,PH SUL (PF),IFCO,6424,explícito,1120.0,1
2025-02-13,quinta-feira,3,PH UBAJARA,HB,618,explícito,30.0,1
2025-02-13,quinta-feira,3,PH UBAJARA,IFCO,6416,explícito,64.0,17
2025-02-13,quinta-feira,3,PH UBAJARA,IFCO,6424,explícito,31.0,5
2025-02-13,quinta-feira,3,TREB GOIANIA - GALPAO CD,IFCO,6424,explícito,250.0,1
2025-02-13,quinta-feira,3,TREB. MINAS,HB,618,explícito,443.0,17
2025-02-13,quinta-feira,3,TREB. MINAS,HB,618,rateio_por_capacidade,983.5457508008811,27
2025-02-13,quinta-feira,3,TREB. MINAS,HB,623,explícito,345.0,14
2025-02-13,quinta-feira,3,TREB. MINAS,HB,623,rateio_por_capacidade,345.4542491991189,35
2025-02-13,quinta-feira,3,TREB. MINAS,HB,NAO_INFORMADO,sem_base_para_rateio,79.0,5
2025-02-13,quinta-feira,3,TREB. MINAS,IFCO,6416,explícito,65.0,10
2025-02-13,quinta-feira,3,TREB. MINAS,IFCO,6424,explícito,95.0,7
2025-02-14,sexta-feira,4,PH CASCAVEL,IFCO,6424,explícito,630.0,1
2025-02-14,sexta-feira,4,PH SUL (PF),HB,618,explícito,616.0,12
2025-02-14,sexta-feira,4,PH SUL (PF),HB,623,explícito,2190.0,4
2025-02-14,sexta-feira,4,PH SUL (PF),IFCO,6416,explícito,733.0,5
2025-02-14,sexta-feira,4,PH SUL (PF),IFCO,6424,explícito,2680.0,5
2025-02-14,sexta-feira,4,PH UBAJARA,HB,618,explícito,20.0,1
2025-02-14,sexta-feira,4,PH UBAJARA,HB,623,explícito,34.0,1
2025-02-14,sexta-feira,4,PH UBAJARA,IFCO,6416,explícito,376.0,19
2025-02-14,sexta-feira,4,PH UBAJARA,IFCO,6424,explícito,107.0,6
2025-02-14,sexta-feira,4,TREB GOIANIA - GALPAO CD,IFCO,6424,explícito,244.0,1
2025-02-14,sexta-feira,4,TREB. MINAS,HB,618,explícito,330.0,21
2025-02-14,sexta-feira,4,TREB. MINAS,HB,618,rateio_por_capacidade,6.015347003386307,2
2025-02-14,sexta-feira,4,TREB. MINAS,HB,623,explícito,1.0,1
2025-02-14,sexta-feira,4,TREB. MINAS,HB,623,rateio_por_capacidade,0.9846529966136939,2
2025-02-14,sexta-feira,4,TREB. MINAS,IFCO,6416,explícito,10.0,1
2025-02-15,sábado,5,PH CASCAVEL,IFCO,6424,explícito,720.0,1
2025-02-15,sábado,5,PH CORUMBA (PF),HB,623,explícito,73.0,1
2025-02-15,sábado,5,PH SUL (PF),HB,618,explícito,1013.0,19
2025-02-15,sábado,5,PH SUL (PF),HB,618,rateio_por_capacidade,8.909108198537455,1
2025-02-15,sábado,5,PH SUL (PF),HB,623,explícito,4605.0,10
2025-02-15,sábado,5,PH SUL (PF),HB,623,rateio_por_capacidade,31.090891801462543,1
2025-02-15,sábado,5,PH SUL (PF),IFCO,6416,explícito,531.0,5
2025-02-15,sábado,5,PH SUL (PF),IFCO,6424,explícito,1160.0,3
2025-02-15,sábado,5,PH UBAJARA,HB,618,explícito,189.0,22
2025-02-15,sábado,5,PH UBAJARA,HB,618,rateio_por_capacidade,8.069227645462215,5
2025-02-15,sábado,5,PH UBAJARA,HB,623,explícito,34.0,4
2025-02-15,sábado,5,PH UBAJARA,HB,623,rateio_por_capacidade,0.9307723545377857,5
2025-02-15,sábado,5,PH UBAJARA,IFCO,6416,explícito,448.0,112
2025-02-15,sábado,5,PH UBAJARA,IFCO,6424,explícito,267.0,35
2025-02-15,sábado,5,TREB. MINAS,HB,618,explícito,764.0,31
2025-02-15,sábado,5,TREB. MINAS,HB,618,rateio_por_capacidade,156.86356282483942,9
2025-02-15,sábado,5,TREB. MINAS,HB,623,explícito,172.0,11
2025-02-15,sábado,5,TREB. MINAS,HB,623,rateio_por_capacidade,39.13643717516061,10
2025-02-15,sábado,5,TREB. MINAS,HB,NAO_INFORMADO,sem_base_para_rateio,16.0,2
2025-02-15,sábado,5,TREB. MINAS,IFCO,6416,explícito,500.0,78
2025-02-15,sábado,5,TREB. MINAS,IFCO,6424,explícito,599.0,21
2025-02-17,segunda-feira,0,PH CASCAVEL,IFCO,6424,explícito,880.0,2
2025-02-17,segunda-feira,0,PH CORUMBA (PF),IFCO,6424,explícito,150.0,1
2025-02-17,segunda-feira,0,PH SUL (PF),HB,618,explícito,295.0,8
2025-02-17,segunda-feira,0,PH SUL (PF),HB,623,explícito,1250.0,4
2025-02-17,segunda-feira,0,PH SUL (PF),IFCO,6416,explícito,361.0,5
2025-02-17,segunda-feira,0,PH UBAJARA,HB,618,explícito,362.0,24
2025-02-17,segunda-feira,0,PH UBAJARA,HB,623,explícito,2.0,1
2025-02-17,segunda-feira,0,TREB. MINAS,HB,618,explícito,645.0,14
2025-02-17,segunda-feira,0,TREB. MINAS,HB,618,rateio_por_capacidade,64.67020599431473,11
2025-02-17,segunda-feira,0,TREB. MINAS,HB,623,explícito,4.0,2
2025-02-17,segunda-feira,0,TREB. MINAS,HB,623,rateio_por_capacidade,82.32979400568529,18
2025-02-17,segunda-feira,0,TREB. MINAS,HB,NAO_INFORMADO,sem_base_para_rateio,12.0,2
2025-02-17,segunda-feira,0,TREBESCHI DF,IFCO,6424,explícito,218.0,14
2025-02-18,terça-feira,1,PH CASCAVEL,IFCO,6424,explícito,1760.0,2
2025-02-18,terça-feira,1,PH CORUMBA (PF),HB,623,explícito,80.0,1
2025-02-18,terça-feira,1,PH SUL (PF),HB,618,explícito,592.0,12
2025-02-18,terça-feira,1,PH SUL (PF),HB,618,rateio_por_capacidade,4.454554099268727,1
2025-02-18,terça-feira,1,PH SUL (PF),HB,623,explícito,1700.0,3
2025-02-18,terça-feira,1,PH SUL (PF),HB,623,rateio_por_capacidade,15.545445900731272,1
2025-02-18,terça-feira,1,PH SUL (PF),IFCO,6416,explícito,561.0,5
2025-02-18,terça-feira,1,PH SUL (PF),IFCO,6424,explícito,320.0,2
2025-02-18,terça-feira,1,PH UBAJARA,HB,618,explícito,9.0,1
2025-02-18,terça-feira,1,PH UBAJARA,IFCO,6416,explícito,422.0,32
2025-02-18,terça-feira,1,PH UBAJARA,IFCO,6424,explícito,412.0,36
2025-02-18,terça-feira,1,TREB. CEAGESP,IFCO,6416,explícito,1.0,1
2025-02-18,terça-feira,1,TREB. MINAS,HB,618,explícito,406.0,17
2025-02-18,terça-feira,1,TREB. MINAS,HB,618,rateio_por_capacidade,367.56794987447586,21
2025-02-18,terça-feira,1,TREB. MINAS,HB,623,explícito,165.0,12
2025-02-18,terça-feira,1,TREB. MINAS,HB,623,rateio_por_capacidade,202.43205012552417,28
2025-02-18,terça-feira,1,TREB. MINAS,HB,NAO_INFORMADO,sem_base_para_rateio,20.0,2
2025-02-18,terça-feira,1,TREB. MINAS,IFCO,6416,explícito,472.2,144
2025-02-18,terça-feira,1,TREB. MINAS,IFCO,6424,explícito,42.0,2
2025-02-19,quarta-feira,2,PH SUL (PF),HB,618,explícito,323.0,4
2025-02-19,quarta-feira,2,PH SUL (PF),HB,623,explícito,2190.0,4
2025-02-19,quarta-feira,2,PH SUL (PF),IFCO,6416,explícito,443.0,3
2025-02-19,quarta-feira,2,PH UBAJARA,IFCO,6416,explícito,256.0,25
2025-02-19,quarta-feira,2,PH UBAJARA,IFCO,6424,explícito,370.0,10
2025-02-19,quarta-feira,2,TREB. MINAS,HB,618,explícito,587.0,30
2025-02-19,quarta-feira,2,TREB. MINAS,HB,618,rateio_por_capacidade,165.84358738824434,10
2025-02-19,quarta-feira,2,TREB. MINAS,HB,623,explícito,3.0,2
2025-02-19,quarta-feira,2,TREB. MINAS,HB,623,rateio_por_capacidade,46.15641261175568,16
2025-02-19,quarta-feira,2,TREB. MINAS,HB,NAO_INFORMADO,sem_base_para_rateio,3.0,2
2025-02-19,quarta-feira,2,TREB. MINAS,IFCO,6416,explícito,93.0,13
2025-02-19,quarta-feira,2,TREB. MINAS,IFCO,6424,explícito,51.0,6
2025-02-20,quinta-feira,3,PH CASCAVEL,IFCO,6424,explícito,1916.0,6
2025-02-20,quinta-feira,3,PH SUL (PF),HB,618,explícito,448.0,7
2025-02-20,quinta-feira,3,PH SUL (PF),HB,623,explícito,1420.0,2
2025-02-20,quinta-feira,3,PH SUL (PF),IFCO,6424,explícito,1000.0,3
2025-02-20,quinta-feira,3,PH UBAJARA,HB,618,explícito,13.0,2
2025-02-20,quinta-feira,3,PH UBAJARA,HB,623,explícito,60.0,1
2025-02-20,quinta-feira,3,PH UBAJARA,IFCO,6416,explícito,86.0,21
2025-02-20,quinta-feira,3,PH UBAJARA,IFCO,6424,explícito,58.33333333333333,11
2025-02-20,quinta-feira,3,TREB GOIANIA - GALPAO CD,IFCO,6424,explícito,2.0,1
2025-02-20,quinta-feira,3,TREB. MINAS,HB,618,explícito,522.0,19
2025-02-20,quinta-feira,3,TREB. MINAS,HB,618,rateio_por_capacidade,183.85972178714738,24
2025-02-20,quinta-feira,3,TREB. MINAS,HB,623,explícito,122.0,9
2025-02-20,quinta-feira,3,TREB. MINAS,HB,623,rateio_por_capacidade,162.14027821285262,29
2025-02-20,quinta-feira,3,TREB. MINAS,HB,NAO_INFORMADO,sem_base_para_rateio,129.0,5
2025-02-20,quinta-feira,3,TREB. MINAS,IFCO,6424,explícito,720.0,3
2025-02-21,sexta-feira,4,PH CASCAVEL,IFCO,6424,explícito,1120.0,1
2025-02-21,sexta-feira,4,PH SUL (PF),HB,618,explícito,486.0,14
2025-02-21,sexta-feira,4,PH SUL (PF),HB,623,explícito,930.0,3
2025-02-21,sexta-feira,4,PH SUL (PF),IFCO,6416,explícito,594.0,4
2025-02-21,sexta-feira,4,PH SUL (PF),IFCO,6424,explícito,1760.0,3
2025-02-21,sexta-feira,4,PH UBAJARA,IFCO,6416,explícito,526.0,19
2025-02-21,sexta-feira,4,PH UBAJARA,IFCO,6424,explícito,106.0,4
2025-02-21,sexta-feira,4,TREB. MINAS,HB,618,explícito,443.0,23
2025-02-21,sexta-feira,4,TREB. MINAS,HB,618,rateio_por_capacidade,7.734017575782394,2
2025-02-21,sexta-feira,4,TREB. MINAS,HB,623,explícito,2.0,2
2025-02-21,sexta-feira,4,TREB. MINAS,HB,623,rateio_por_capacidade,1.2659824242176065,2
2025-02-21,sexta-feira,4,TREBESCHI DF,IFCO,6416,explícito,1.0,1
2025-02-22,sábado,5,PH CASCAVEL,IFCO,6424,explícito,800.0,1
2025-02-22,sábado,5,PH SUL (PF),HB,618,explícito,536.0,8
2025-02-22,sábado,5,PH SUL (PF),HB,618,rateio_por_capacidade,11.136385248171818,1
2025-02-22,sábado,5,PH SUL (PF),HB,623,explícito,2820.0,6
2025-02-22,sábado,5,PH SUL (PF),HB,623,rateio_por_capacidade,38.86361475182818,1
2025-02-22,sábado,5,PH SUL (PF),IFCO,6416,explícito,322.0,4
2025-02-22,sábado,5,PH SUL (PF),IFCO,6424,explícito,360.0,2
2025-02-22,sábado,5,PH UBAJARA,HB,618,explícito,105.0,20
2025-02-22,sábado,5,PH UBAJARA,HB,618,rateio_por_capacidade,4.580053012080732,3
2025-02-22,sábado,5,PH UBAJARA,HB,623,explícito,2.0,3
2025-02-22,sábado,5,PH UBAJARA,HB,623,rateio_por_capacidade,0.419946987919268,3
2025-02-22,sábado,5,PH UBAJARA,HB,NAO_INFORMADO,sem_base_para_rateio,10.0,1
2025-02-22,sábado,5,PH UBAJARA,IFCO,6416,explícito,159.0,31
2025-02-22,sábado,5,PH UBAJARA,IFCO,6424,explícito,69.09375,19
2025-02-22,sábado,5,TREB. MINAS,HB,618,explícito,1083.0,52
2025-02-22,sábado,5,TREB. MINAS,HB,618,rateio_por_capacidade,613.2429075327215,11
2025-02-22,sábado,5,TREB. MINAS,HB,623,explícito,67.0,6
2025-02-22,sábado,5,TREB. MINAS,HB,623,rateio_por_capacidade,177.7570924672786,17
2025-02-22,sábado,5,TREB. MINAS,HB,NAO_INFORMADO,sem_base_para_rateio,98.0,4
2025-02-22,sábado,5,TREB. MINAS,IFCO,6416,explícito,708.0,102
2025-02-22,sábado,5,TREB. MINAS,IFCO,6424,explícito,578.0,82
2025-02-24,segunda-feira,0,PH CASCAVEL,IFCO,6424,explícito,800.0,2
2025-02-24,segunda-feira,0,PH CORUMBA (PF),HB,623,explícito,145.0,2
2025-02-24,segunda-feira,0,PH CORUMBA (PF),IFCO,6424,explícito,221.0,2
2025-02-24,segunda-feira,0,PH SUL (PF),HB,618,explícito,251.0,6
2025-02-24,segunda-feira,0,PH SUL (PF),HB,623,explícito,1500.0,5
2025-02-24,segunda-feira,0,PH SUL (PF),IFCO,6416,explícito,257.0,3
2025-02-24,segunda-feira,0,PH UBAJARA,HB,618,explícito,383.0,24
2025-02-24,segunda-feira,0,PH UBAJARA,HB,623,explícito,2.0,1
2025-02-24,segunda-feira,0,PH UBAJARA,IFCO,6416,explícito,369.0,25
2025-02-24,segunda-feira,0,PH UBAJARA,IFCO,6424,explícito,586.0,44
2025-02-24,segunda-feira,0,TREB. MINAS,HB,618,explícito,256.0,10
2025-02-24,segunda-feira,0,TREB. MINAS,HB,618,rateio_por_capacidade,4.296676430990219,1
2025-02-24,segunda-feira,0,TREB. MINAS,HB,623,explícito,1.0,1
2025-02-24,segunda-feira,0,TREB. MINAS,HB,623,rateio_por_capacidade,0.7033235690097814,1
2025-02-24,segunda-feira,0,TREB. MINAS,IFCO,6416,explícito,69.0,1
2025-02-24,segunda-feira,0,TREB. MINAS,IFCO,6424,explícito,50.0,1
2025-02-25,terça-feira,1,PH CASCAVEL,IFCO,6424,explícito,1680.0,2
2025-02-25,terça-feira,1,PH CORUMBA (PF),HB,623,explícito,15.0,1
2025-02-25,terça-feira,1,PH CORUMBA (PF),IFCO,6424,explícito,27.0,1
2025-02-25,terça-feira,1,PH SUL (PF),HB,618,explícito,215.0,2
2025-02-25,terça-feira,1,PH SUL (PF),HB,623,explícito,1380.0,3
2025-02-25,terça-feira,1,PH SUL (PF),IFCO,6416,explícito,384.0,4
2025-02-25,terça-feira,1,PH SUL (PF),IFCO,6424,explícito,1280.0,2
2025-02-25,terça-feira,1,PH UBAJARA,HB,618,explícito,1.0,1
2025-02-25,terça-feira,1,PH UBAJARA,IFCO,6416,explícito,162.16666666666666,31
2025-02-25,terça-feira,1,PH UBAJARA,IFCO,6424,explícito,71.1875,12
2025-02-25,terça-feira,1,TREB. MINAS,HB,618,explícito,495.0,20
2025-02-25,terça-feira,1,TREB. MINAS,HB,618,rateio_por_capacidade,85.22417792923228,14
2025-02-25,terça-feira,1,TREB. MINAS,HB,623,explícito,116.0,7
2025-02-25,terça-feira,1,TREB. MINAS,HB,623,rateio_por_capacidade,57.775822070767724,19
2025-02-25,terça-feira,1,TREB. MINAS,HB,NAO_INFORMADO,sem_base_para_rateio,21.0,3
2025-02-25,terça-feira,1,TREB. MINAS,IFCO,6416,explícito,211.0,115
2025-02-25,terça-feira,1,TREB. MINAS,IFCO,6424,explícito,40.0,1
2025-02-26,quarta-feira,2,PH CASCAVEL,IFCO,6424,explícito,720.0,1
2025-02-26,quarta-feira,2,PH SUL (PF),HB,618,explícito,10.0,3
2025-02-26,quarta-feira,2,PH SUL (PF),HB,623,explícito,810.0,3
2025-02-26,quarta-feira,2,PH SUL (PF),IFCO,6416,explícito,367.0,6
2025-02-26,quarta-feira,2,PH UBAJARA,IFCO,6416,explícito,268.0,19
2025-02-26,quarta-feira,2,PH UBAJARA,IFCO,6424,explícito,43.0,6
2025-02-26,quarta-feira,2,TREB. MINAS,HB,618,explícito,740.0,34
2025-02-26,quarta-feira,2,TREB. MINAS,HB,618,rateio_por_capacidade,41.443038915107294,16
2025-02-26,quarta-feira,2,TREB. MINAS,HB,623,explícito,17.0,5
2025-02-26,quarta-feira,2,TREB. MINAS,HB,623,rateio_por_capacidade,42.556961084892706,22
2025-02-26,quarta-feira,2,TREB. MINAS,HB,NAO_INFORMADO,sem_base_para_rateio,3.0,2
2025-02-26,quarta-feira,2,TREB. MINAS,IFCO,6416,explícito,247.0,14
2025-02-26,quarta-feira,2,TREB. MINAS,IFCO,6424,explícito,53.0,7
2025-02-26,quarta-feira,2,TREBESCHI DF,HB,623,explícito,15.0,2
2025-02-27,quinta-feira,3,PH CORUMBA (PF),HB,623,explícito,80.0,1
2025-02-27,quinta-feira,3,PH CORUMBA (PF),IFCO,6424,explícito,150.0,1
2025-02-27,quinta-feira,3,PH SUL (PF),HB,618,explícito,322.0,5
2025-02-27,quinta-feira,3,PH SUL (PF),HB,618,rateio_por_capacidade,13.140934592842745,2
2025-02-27,quinta-feira,3,PH SUL (PF),HB,623,explícito,120.0,1
2025-02-27,quinta-feira,3,PH SUL (PF),HB,623,rateio_por_capacidade,45.859065407157246,2
2025-02-27,quinta-feira,3,PH SUL (PF),IFCO,6424,explícito,2040.0,3
2025-02-27,quinta-feira,3,PH UBAJARA,IFCO,6416,explícito,59.0,13
2025-02-27,quinta-feira,3,PH UBAJARA,IFCO,6424,explícito,24.0,5
2025-02-27,quinta-feira,3,TREB. MINAS,HB,618,explícito,609.0,25
2025-02-27,quinta-feira,3,TREB. MINAS,HB,618,rateio_por_capacidade,114.8572289298843,17
2025-02-27,quinta-feira,3,TREB. MINAS,HB,623,explícito,194.0,10
2025-02-27,quinta-feira,3,TREB. MINAS,HB,623,rateio_por_capacidade,24.142771070115703,16
2025-02-28,sexta-feira,4,PH CASCAVEL,IFCO,6424,explícito,1506.0,3
2025-02-28,sexta-feira,4,PH SUL (PF),HB,618,explícito,470.0,9
2025-02-28,sexta-feira,4,PH SUL (PF),HB,623,explícito,930.0,2
2025-02-28,sexta-feira,4,PH SUL (PF),IFCO,6416,explícito,534.0,4
2025-02-28,sexta-feira,4,PH SUL (PF),IFCO,6424,explícito,3358.0,4
2025-02-28,sexta-feira,4,PH UBAJARA,HB,618,explícito,35.0,7
2025-02-28,sexta-feira,4,PH UBAJARA,IFCO,6416,explícito,314.0,15
2025-02-28,sexta-feira,4,PH UBAJARA,IFCO,6424,explícito,69.0,5
2025-02-28,sexta-feira,4,TREB. MINAS,HB,618,explícito,353.0,22
2025-02-28,sexta-feira,4,TREB. MINAS,HB,618,rateio_por_capacidade,432.13851657551294,14
2025-02-28,sexta-feira,4,TREB. MINAS,HB,623,explícito,22.0,3
2025-02-28,sexta-feira,4,TREB. MINAS,HB,623,rateio_por_capacidade,231.861483424487,20
2025-02-28,sexta-feira,4,TREB. MINAS,HB,NAO_INFORMADO,sem_base_para_rateio,30.0,2
2025-02-28,sexta-feira,4,TREBESCHI DF,IFCO,6424,explícito,27.0,5
2025-03-01,sábado,5,PH CASCAVEL,IFCO,6424,explícito,4512.0,11
2025-03-01,sábado,5,PH SUL (PF),HB,618,explícito,530.0,6
2025-03-01,sábado,5,PH SUL (PF),HB,618,rateio_por_capacidade,5.568192624085909,1
2025-03-01,sábado,5,PH SUL (PF),HB,623,explícito,3450.0,6
2025-03-01,sábado,5,PH SUL (PF),HB,623,rateio_por_capacidade,19.43180737591409,1
2025-03-01,sábado,5,PH UBAJARA,HB,618,explícito,148.0,23
2025-03-01,sábado,5,PH UBAJARA,HB,618,rateio_por_capacidade,1.9075882931230963,1
2025-03-01,sábado,5,PH UBAJARA,HB,623,explícito,4.0,5
2025-03-01,sábado,5,PH UBAJARA,HB,623,rateio_por_capacidade,0.09241170687690364,1
2025-03-01,sábado,5,PH UBAJARA,HB,NAO_INFORMADO,sem_base_para_rateio,0.0,1
2025-03-01,sábado,5,PH UBAJARA,IFCO,6416,explícito,230.9375,36
2025-03-01,sábado,5,PH UBAJARA,IFCO,6424,explícito,1405.5,35
2025-03-01,sábado,5,TREB. CEAGESP,IFCO,6424,explícito,60.0,1
2025-03-01,sábado,5,TREB. MINAS,HB,618,explícito,810.0,47
2025-03-01,sábado,5,TREB. MINAS,HB,618,rateio_por_capacidade,174.4522243698302,14
2025-03-01,sábado,5,TREB. MINAS,HB,623,explícito,134.0,8
2025-03-01,sábado,5,TREB. MINAS,HB,623,rateio_por_capacidade,38.54777563016981,14
2025-03-01,sábado,5,TREB. MINAS,HB,NAO_INFORMADO,sem_base_para_rateio,41.0,2
2025-03-01,sábado,5,TREB. MINAS,IFCO,6416,explícito,196.0,10
2025-03-01,sábado,5,TREB. MINAS,IFCO,6424,explícito,397.0,9
2025-03-03,segunda-feira,0,PH CASCAVEL,HB,618,explícito,320.0,1
2025-03-03,segunda-feira,0,PH CASCAVEL,HB,623,explícito,600.0,2
2025-03-03,segunda-feira,0,PH CORUMBA (PF),IFCO,6424,explícito,586.0,1
2025-03-03,segunda-feira,0,PH SUL (PF),HB,618,explícito,401.0,8
2025-03-03,segunda-feira,0,PH SUL (PF),HB,623,explícito,2720.0,4
2025-03-03,segunda-feira,0,PH UBAJARA,HB,618,explícito,273.0,27
2025-03-03,segunda-feira,0,PH UBAJARA,HB,618,rateio_por_capacidade,0.0,1
2025-03-03,segunda-feira,0,PH UBAJARA,HB,623,explícito,4.0,1
2025-03-03,segunda-feira,0,PH UBAJARA,HB,623,rateio_por_capacidade,0.0,1
2025-03-03,segunda-feira,0,TREB. MINAS,HB,618,explícito,311.0,12
2025-03-03,segunda-feira,0,TREB. MINAS,HB,618,rateio_por_capacidade,1.7186705723960876,1
2025-03-03,segunda-feira,0,TREB. MINAS,HB,623,rateio_por_capacidade,0.28132942760391255,1
2025-03-03,segunda-feira,0,TREB. MINAS,IFCO,6416,explícito,119.0,109
2025-03-04,terça-feira,1,PH SUL (PF),HB,618,explícito,466.0,12
2025-03-04,terça-feira,1,PH SUL (PF),HB,623,explícito,200.0,1
2025-03-04,terça-feira,1,PH SUL (PF),IFCO,6416,explícito,332.0,4
2025-03-04,terça-feira,1,PH SUL (PF),IFCO,6424,explícito,2060.0,4
2025-03-04,terça-feira,1,PH UBAJARA,HB,618,explícito,104.0,2
2025-03-04,terça-feira,1,PH UBAJARA,IFCO,6416,explícito,506.0,48
2025-03-04,terça-feira,1,PH UBAJARA,IFCO,6424,explícito,666.0,47
2025-03-04,terça-feira,1,TREB. MINAS,HB,618,explícito,379.0,27
2025-03-04,terça-feira,1,TREB. MINAS,HB,618,rateio_por_capacidade,111.98439770314009,25
2025-03-04,terça-feira,1,TREB. MINAS,HB,623,explícito,71.0,9
2025-03-04,terça-feira,1,TREB. MINAS,HB,623,rateio_por_capacidade,479.0156022968599,36
2025-03-04,terça-feira,1,TREB. MINAS,HB,NAO_INFORMADO,sem_base_para_rateio,30.0,5
2025-03-04,terça-feira,1,TREB. MINAS,IFCO,6416,explícito,40.0,1
2025-03-05,quarta-feira,2,PH CORUMBA (PF),IFCO,6424,explícito,728.0,3
2025-03-05,quarta-feira,2,PH SUL (PF),HB,618,explícito,327.0,7
2025-03-05,quarta-feira,2,PH SUL (PF),HB,623,explícito,2450.0,5
2025-03-05,quarta-feira,2,PH SUL (PF),IFCO,6416,explícito,473.0,4
2025-03-05,quarta-feira,2,PH SUL (PF),IFCO,6424,explícito,1760.0,2
2025-03-05,quarta-feira,2,TREB. MINAS,HB,618,explícito,417.0,27
2025-03-05,quarta-feira,2,TREB. MINAS,HB,618,rateio_por_capacidade,8.008590344591074,5
2025-03-05,quarta-feira,2,TREB. MINAS,HB,623,explícito,1.0,1
2025-03-05,quarta-feira,2,TREB. MINAS,HB,623,rateio_por_capacidade,12.991409655408928,12
2025-03-05,quarta-feira,2,TREB. MINAS,HB,NAO_INFORMADO,sem_base_para_rateio,1.0,1
2025-03-05,quarta-feira,2,TREB. MINAS,IFCO,6416,explícito,828.4,24
2025-03-05,quarta-feira,2,TREB. MINAS,IFCO,6424,explícito,244.0,16
2025-03-06,quinta-feira,3,PH CORUMBA (PF),IFCO,6424,explícito,360.0,3
2025-03-06,quinta-feira,3,PH SUL (PF),HB,618,explícito,247.0,8
2025-03-06,quinta-feira,3,PH SUL (PF),HB,623,explícito,775.0,2
2025-03-06,quinta-feira,3,PH SUL (PF),IFCO,6424,explícito,2877.0,4
2025-03-06,quinta-feira,3,PH UBAJARA,IFCO,6416,explícito,732.0,21
2025-03-06,quinta-feira,3,PH UBAJARA,IFCO,6424,explícito,200.0,7
2025-03-06,quinta-feira,3,TREB. MINAS,HB,618,explícito,715.0,20
2025-03-06,quinta-feira,3,TREB. MINAS,HB,618,rateio_por_capacidade,503.7903898068696,25
2025-03-06,quinta-feira,3,TREB. MINAS,HB,623,explícito,157.0,7
2025-03-06,quinta-feira,3,TREB. MINAS,HB,623,rateio_por_capacidade,334.2096101931304,30
2025-03-06,quinta-feira,3,TREB. MINAS,HB,NAO_INFORMADO,sem_base_para_rateio,263.0,5
2025-03-06,quinta-feira,3,TREBESCHI DF,HB,618,explícito,2.83333333333333,1
2025-03-06,quinta-feira,3,TREBESCHI DF,IFCO,6416,explícito,5.33333333333332,4
2025-03-07,sexta-feira,4,PH CASCAVEL,HB,618,explícito,228.0,1
2025-03-07,sexta-feira,4,PH CASCAVEL,HB,623,explícito,320.0,1
2025-03-07,sexta-feira,4,PH CASCAVEL,IFCO,6424,explícito,700.0,1
2025-03-07,sexta-feira,4,PH SUL (PF),HB,618,explícito,454.0,12
2025-03-07,sexta-feira,4,PH SUL (PF),HB,618,rateio_por_capacidade,15.590939347440544,1
2025-03-07,sexta-feira,4,PH SUL (PF),HB,623,explícito,120.0,1
2025-03-07,sexta-feira,4,PH SUL (PF),HB,623,rateio_por_capacidade,54.409060652559454,1
2025-03-07,sexta-feira,4,PH SUL (PF),IFCO,6416,explícito,731.0,4
2025-03-07,sexta-feira,4,PH SUL (PF),IFCO,6424,explícito,2400.0,3
2025-03-07,sexta-feira,4,PH UBAJARA,IFCO,6416,explícito,92.0,32
2025-03-07,sexta-feira,4,PH UBAJARA,IFCO,6424,explícito,28.0,10
2025-03-07,sexta-feira,4,TREB. MINAS,HB,618,explícito,561.0,23
2025-03-07,sexta-feira,4,TREB. MINAS,HB,618,rateio_por_capacidade,6.874682289584351,2
2025-03-07,sexta-feira,4,TREB. MINAS,HB,623,explícito,2.0,2
2025-03-07,sexta-feira,4,TREB. MINAS,HB,623,rateio_por_capacidade,1.1253177104156502,2
2025-03-07,sexta-feira,4,TREB. MINAS,IFCO,6416,explícito,80.0,2
2025-03-07,sexta-feira,4,TREB. MINAS,IFCO,6424,explícito,400.0,3
2025-03-08,sábado,5,PH CASCAVEL,IFCO,6424,explícito,1620.0,4
2025-03-08,sábado,5,PH SUL (PF),HB,618,explícito,543.0,6
2025-03-08,sábado,5,PH SUL (PF),HB,618,rateio_por_capacidade,17.81821639707491,1
2025-03-08,sábado,5,PH SUL (PF),HB,623,explícito,2640.0,3
2025-03-08,sábado,5,PH SUL (PF),HB,623,rateio_por_capacidade,62.18178360292509,1
2025-03-08,sábado,5,PH SUL (PF),IFCO,6416,explícito,470.0,4
2025-03-08,sábado,5,PH SUL (PF),IFCO,6424,explícito,866.0,5
2025-03-08,sábado,5,PH UBAJARA,HB,618,explícito,120.0,21
2025-03-08,sábado,5,PH UBAJARA,HB,618,rateio_por_capacidade,6.368970732807741,3
2025-03-08,sábado,5,PH UBAJARA,HB,623,explícito,3.0,3
2025-03-08,sábado,5,PH UBAJARA,HB,623,rateio_por_capacidade,2.6310292671922593,4
2025-03-08,sábado,5,PH UBAJARA,HB,NAO_INFORMADO,sem_base_para_rateio,2.0,1
2025-03-08,sábado,5,PH UBAJARA,IFCO,6416,explícito,501.9,75
2025-03-08,sábado,5,PH UBAJARA,IFCO,6424,explícito,233.22083333333333,31
2025-03-08,sábado,5,TREB. MINAS,HB,618,explícito,1316.0,42
2025-03-08,sábado,5,TREB. MINAS,HB,618,rateio_por_capacidade,370.4797120442433,22
2025-03-08,sábado,5,TREB. MINAS,HB,623,explícito,96.0,7
2025-03-08,sábado,5,TREB. MINAS,HB,623,rateio_por_capacidade,838.5202879557568,29
2025-03-08,sábado,5,TREB. MINAS,HB,NAO_INFORMADO,sem_base_para_rateio,201.0,6
2025-03-08,sábado,5,TREB. MINAS,IFCO,6416,explícito,293.0,62
2025-03-08,sábado,5,TREB. MINAS,IFCO,6424,explícito,126.0,12
2025-03-10,segunda-feira,0,PH CASCAVEL,HB,618,explícito,240.0,1
2025-03-10,segunda-feira,0,PH CASCAVEL,HB,623,explícito,400.0,1
2025-03-10,segunda-feira,0,PH CORUMBA (PF),IFCO,6424,explícito,318.0,1
2025-03-10,segunda-feira,0,PH SUL (PF),HB,618,explícito,266.0,8
2025-03-10,segunda-feira,0,PH SUL (PF),HB,623,explícito,744.0,3
2025-03-10,segunda-feira,0,PH SUL (PF),IFCO,6416,explícito,550.0,4
2025-03-10,segunda-feira,0,PH SUL (PF),IFCO,6424,explícito,640.0,1
2025-03-10,segunda-feira,0,PH UBAJARA,HB,618,explícito,531.0,27
2025-03-10,segunda-feira,0,PH UBAJARA,HB,623,explícito,4.0,1
2025-03-10,segunda-feira,0,PH UBAJARA,IFCO,6416,explícito,4.0,2
2025-03-10,segunda-feira,0,PH UBAJARA,IFCO,6424,explícito,2.0,2
2025-03-10,segunda-feira,0,TREB. MINAS,HB,618,explícito,422.0,10
2025-03-10,segunda-feira,0,TREB. MINAS,HB,618,rateio_por_capacidade,5.156011717188263,1
2025-03-10,segunda-feira,0,TREB. MINAS,HB,623,explícito,1.0,1
2025-03-10,segunda-feira,0,TREB. MINAS,HB,623,rateio_por_capacidade,0.8439882828117377,1
2025-03-11,terça-feira,1,PH CASCAVEL,IFCO,6424,explícito,636.0,1
2025-03-11,terça-feira,1,PH SUL (PF),HB,618,explícito,316.0,10
2025-03-11,terça-feira,1,PH SUL (PF),HB,623,explícito,1890.0,6
2025-03-11,terça-feira,1,PH SUL (PF),IFCO,6416,explícito,386.0,3
2025-03-11,terça-feira,1,PH SUL (PF),IFCO,6424,explícito,975.0,2
2025-03-11,terça-feira,1,PH UBAJARA,HB,618,explícito,2.0,1
2025-03-11,terça-feira,1,PH UBAJARA,HB,623,explícito,84.0,1
2025-03-11,terça-feira,1,PH UBAJARA,IFCO,6416,explícito,526.8125,103
2025-03-11,terça-feira,1,PH UBAJARA,IFCO,6424,explícito,300.0,26
2025-03-11,terça-feira,1,TREB. MINAS,HB,618,explícito,378.0,15
2025-03-11,terça-feira,1,TREB. MINAS,HB,618,rateio_por_capacidade,92.41165285146408,16
2025-03-11,terça-feira,1,TREB. MINAS,HB,623,explícito,81.0,8
2025-03-11,terça-feira,1,TREB. MINAS,HB,623,rateio_por_capacidade,83.58834714853592,21
2025-03-11,terça-feira,1,TREB. MINAS,HB,NAO_INFORMADO,sem_base_para_rateio,31.0,3
2025-03-11,terça-feira,1,TREB. MINAS,IFCO,6416,explícito,192.0,129
2025-03-11,terça-feira,1,TREB. MINAS,IFCO,6424,explícito,80.0,2
2025-03-12,quarta-feira,2,PH CASCAVEL,HB,618,explícito,255.0,1
2025-03-12,quarta-feira,2,PH CASCAVEL,HB,623,explícito,320.0,1
2025-03-12,quarta-feira,2,PH SUL (PF),HB,618,explícito,200.0,7
2025-03-12,quarta-feira,2,PH SUL (PF),HB,623,explícito,120.0,1
2025-03-12,quarta-feira,2,PH SUL (PF),IFCO,6424,explícito,1112.0,2
2025-03-12,quarta-feira,2,PH UBAJARA,IFCO,6416,explícito,513.0,18
2025-03-12,quarta-feira,2,PH UBAJARA,IFCO,6424,explícito,75.0,5
2025-03-12,quarta-feira,2,TREB. MINAS,HB,618,explícito,767.0,34
2025-03-12,quarta-feira,2,TREB. MINAS,HB,618,rateio_por_capacidade,154.24889179334195,8
2025-03-12,quarta-feira,2,TREB. MINAS,HB,623,explícito,162.0,3
2025-03-12,quarta-feira,2,TREB. MINAS,HB,623,rateio_por_capacidade,17.75110820665806,13
2025-03-12,quarta-feira,2,TREB. MINAS,HB,NAO_INFORMADO,sem_base_para_rateio,1.0,1
2025-03-12,quarta-feira,2,TREB. MINAS,IFCO,6416,explícito,255.0,23
2025-03-12,quarta-feira,2,TREB. MINAS,IFCO,6424,explícito,653.0,21
2025-03-13,quinta-feira,3,PH CASCAVEL,HB,618,explícito,400.0,1
2025-03-13,quinta-feira,3,PH CASCAVEL,HB,623,explícito,400.0,2
2025-03-13,quinta-feira,3,PH CASCAVEL,IFCO,6424,explícito,640.0,2
2025-03-13,quinta-feira,3,PH CORUMBA (PF),IFCO,6424,explícito,158.0,2
2025-03-13,quinta-feira,3,PH SUL (PF),HB,618,explícito,356.0,9
2025-03-13,quinta-feira,3,PH SUL (PF),HB,623,explícito,810.0,2
2025-03-13,quinta-feira,3,PH UBAJARA,HB,618,explícito,100.0,1
2025-03-13,quinta-feira,3,PH UBAJARA,IFCO,6416,explícito,294.0,24
2025-03-13,quinta-feira,3,PH UBAJARA,IFCO,6424,explícito,134.0,11
2025-03-13,quinta-feira,3,TREB. MINAS,HB,618,explícito,487.0,20
2025-03-13,quinta-feira,3,TREB. MINAS,HB,618,rateio_por_capacidade,1031.8560836561082,23
2025-03-13,quinta-feira,3,TREB. MINAS,HB,623,explícito,243.0,12
2025-03-13,quinta-feira,3,TREB. MINAS,HB,623,rateio_por_capacidade,229.14391634389156,29
2025-03-13,quinta-feira,3,TREB. MINAS,HB,NAO_INFORMADO,sem_base_para_rateio,37.0,3
2025-03-13,quinta-feira,3,TREB. MINAS,IFCO,6424,explícito,280.0,1
2025-03-14,sexta-feira,4,PH CASCAVEL,HB,623,explícito,1260.0,2
2025-03-14,sexta-feira,4,PH SUL (PF),HB,618,explícito,145.0,9
2025-03-14,sexta-feira,4,PH SUL (PF),IFCO,6416,explícito,653.0,5
2025-03-14,sexta-feira,4,PH SUL (PF),IFCO,6424,explícito,2064.0,3
2025-03-14,sexta-feira,4,PH UBAJARA,HB,618,explícito,159.0,14
2025-03-14,sexta-feira,4,PH UBAJARA,HB,623,explícito,80.0,1
2025-03-14,sexta-feira,4,TREB. MINAS,HB,618,explícito,582.0,24
2025-03-14,sexta-feira,4,TREB. MINAS,HB,618,rateio_por_capacidade,3.437341144792175,2
2025-03-14,sexta-feira,4,TREB. MINAS,HB,623,explícito,222.0,3
2025-03-14,sexta-feira,4,TREB. MINAS,HB,623,rateio_por_capacidade,0.5626588552078251,2
2025-03-15,sábado,5,PH CASCAVEL,HB,623,explícito,690.0,2
2025-03-15,sábado,5,PH CASCAVEL,IFCO,6424,explícito,640.0,2
2025-03-15,sábado,5,PH SUL (PF),HB,618,explícito,395.0,15
2025-03-15,sábado,5,PH SUL (PF),HB,618,rateio_por_capacidade,8.909108198537455,1
2025-03-15,sábado,5,PH SUL (PF),HB,623,explícito,810.0,2
2025-03-15,sábado,5,PH SUL (PF),HB,623,rateio_por_capacidade,31.090891801462543,1
2025-03-15,sábado,5,PH SUL (PF),IFCO,6416,explícito,511.0,3
2025-03-15,sábado,5,PH UBAJARA,HB,618,explícito,207.0,31
2025-03-15,sábado,5,PH UBAJARA,HB,618,rateio_por_capacidade,8.928562931660258,5
2025-03-15,sábado,5,PH UBAJARA,HB,623,explícito,4.0,4
2025-03-15,sábado,5,PH UBAJARA,HB,623,rateio_por_capacidade,8.071437068339742,7
2025-03-15,sábado,5,PH UBAJARA,HB,NAO_INFORMADO,sem_base_para_rateio,2.0,1
2025-03-15,sábado,5,PH UBAJARA,IFCO,6416,explícito,658.8333333333334,102
2025-03-15,sábado,5,PH UBAJARA,IFCO,6424,explícito,1069.1875,68
2025-03-15,sábado,5,TREB. MINAS,HB,618,explícito,917.0,27
2025-03-15,sábado,5,TREB. MINAS,HB,618,rateio_por_capacidade,770.241702058606,16
2025-03-15,sábado,5,TREB. MINAS,HB,623,explícito,525.0,13
2025-03-15,sábado,5,TREB. MINAS,HB,623,rateio_por_capacidade,251.75829794139406,25
2025-03-15,sábado,5,TREB. MINAS,HB,NAO_INFORMADO,sem_base_para_rateio,19.0,5
2025-03-15,sábado,5,TREB. MINAS,IFCO,6416,explícito,241.1,36
2025-03-15,sábado,5,TREB. MINAS,IFCO,6424,explícito,125.0,9
2025-03-17,segunda-feira,0,PH CASCAVEL,HB,618,explícito,1.0,1
2025-03-17,segunda-feira,0,PH CASCAVEL,HB,623,explícito,1.0,1
2025-03-17,segunda-feira,0,PH CASCAVEL,IFCO,6424,explícito,1520.0,2
2025-03-17,segunda-feira,0,PH CORUMBA (PF),HB,618,explícito,400.0,1
2025-03-17,segunda-feira,0,PH CORUMBA (PF),HB,623,explícito,311.0,1
2025-03-17,segunda-feira,0,PH CORUMBA (PF),IFCO,6424,explícito,49.0,1
2025-03-17,segunda-feira,0,PH SUL (PF),HB,618,explícito,85.0,4
2025-03-17,segunda-feira,0,PH SUL (PF),IFCO,6416,explícito,537.0,4
2025-03-17,segunda-feira,0,PH UBAJARA,HB,618,explícito,324.0,25
2025-03-17,segunda-feira,0,PH UBAJARA,HB,623,explícito,11.0,1
2025-03-17,segunda-feira,0,PH UBAJARA,IFCO,6416,explícito,2.0,1
2025-03-17,segunda-feira,0,PH UBAJARA,IFCO,6424,explícito,3.0,3
2025-03-17,segunda-feira,0,TREB. MINAS,HB,618,explícito,760.0,25
2025-03-17,segunda-feira,0,TREB. MINAS,HB,618,rateio_por_capacidade,4.296676430990219,1
2025-03-17,segunda-feira,0,TREB. MINAS,HB,623,explícito,522.0,3
2025-03-17,segunda-feira,0,TREB. MINAS,HB,623,rateio_por_capacidade,0.7033235690097814,1
2025-03-18,terça-feira,1,PH CASCAVEL,HB,623,explícito,1261.0,2
2025-03-18,terça-feira,1,PH CORUMBA (PF),HB,618,explícito,400.0,1
2025-03-18,terça-feira,1,PH SUL (PF),HB,618,explícito,470.0,11
2025-03-18,terça-feira,1,PH SUL (PF),HB,623,explícito,120.0,1
2025-03-18,terça-feira,1,PH SUL (PF),IFCO,6416,explícito,566.0,4
2025-03-18,terça-feira,1,PH SUL (PF),IFCO,6424,explícito,640.0,2
2025-03-18,terça-feira,1,PH UBAJARA,HB,618,explícito,2.0,1
2025-03-18,terça-feira,1,PH UBAJARA,IFCO,6416,explícito,1024.0,42
2025-03-18,terça-feira,1,PH UBAJARA,IFCO,6424,explícito,722.0,27
2025-03-18,terça-feira,1,TREB. MINAS,HB,618,explícito,436.0,18
2025-03-18,terça-feira,1,TREB. MINAS,HB,618,rateio_por_capacidade,88.78625252230471,16
2025-03-18,terça-feira,1,TREB. MINAS,HB,623,explícito,64.0,6
2025-03-18,terça-feira,1,TREB. MINAS,HB,623,rateio_por_capacidade,38.2137474776953,19
2025-03-18,terça-feira,1,TREB. MINAS,HB,NAO_INFORMADO,sem_base_para_rateio,60.0,5
2025-03-18,terça-feira,1,TREB. MINAS,IFCO,6416,explícito,157.0,104
2025-03-18,terça-feira,1,TREB. MINAS,IFCO,6424,explícito,80.0,2
2025-03-18,terça-feira,1,TREBESCHI DF,IFCO,6424,explícito,27.0,3
2025-03-19,quarta-feira,2,PH CASCAVEL,IFCO,6424,explícito,1118.0,2
2025-03-19,quarta-feira,2,PH CORUMBA (PF),HB,623,explícito,690.0,1
2025-03-19,quarta-feira,2,PH SUL (PF),HB,618,explícito,277.0,6
2025-03-19,quarta-feira,2,PH SUL (PF),HB,623,explícito,120.0,1
2025-03-19,quarta-feira,2,PH SUL (PF),IFCO,6416,explícito,473.0,4
2025-03-19,quarta-feira,2,PH SUL (PF),IFCO,6424,explícito,255.0,1
2025-03-19,quarta-feira,2,PH UBAJARA,HB,623,rateio_por_capacidade,6.0,1
2025-03-19,quarta-feira,2,PH UBAJARA,IFCO,6416,explícito,34.0,13
2025-03-19,quarta-feira,2,PH UBAJARA,IFCO,6424,explícito,85.0,19
2025-03-19,quarta-feira,2,TREB. MINAS,HB,618,explícito,354.0,12
2025-03-19,quarta-feira,2,TREB. MINAS,HB,618,rateio_por_capacidade,13.399894863797956,3
2025-03-19,quarta-feira,2,TREB. MINAS,HB,623,explícito,2.0,1
2025-03-19,quarta-feira,2,TREB. MINAS,HB,623,rateio_por_capacidade,10.600105136202044,7
2025-03-19,quarta-feira,2,TREB. MINAS,HB,NAO_INFORMADO,sem_base_para_rateio,1.0,1
2025-03-19,quarta-feira,2,TREB. MINAS,IFCO,6416,explícito,375.0,31
2025-03-19,quarta-feira,2,TREB. MINAS,IFCO,6424,explícito,1072.0,23
2025-03-20,quinta-feira,3,PH CASCAVEL,HB,618,explícito,320.0,1
2025-03-20,quinta-feira,3,PH CASCAVEL,HB,623,explícito,320.0,1
2025-03-20,quinta-feira,3,PH CORUMBA (PF),IFCO,6424,explícito,1280.0,2
2025-03-20,quinta-feira,3,PH UBAJARA,HB,618,explícito,78.0,6
2025-03-20,quinta-feira,3,PH UBAJARA,IFCO,6416,explícito,281.0,7
2025-03-20,quinta-feira,3,PH UBAJARA,IFCO,6424,explícito,24.0,1
2025-03-20,quinta-feira,3,TREB. MINAS,HB,618,explícito,1319.0,55
2025-03-20,quinta-feira,3,TREB. MINAS,HB,618,rateio_por_capacidade,1080.783993556759,20
2025-03-20,quinta-feira,3,TREB. MINAS,HB,623,explícito,301.0,10
2025-03-20,quinta-feira,3,TREB. MINAS,HB,623,rateio_por_capacidade,224.21600644324093,24
2025-03-20,quinta-feira,3,TREB. MINAS,HB,NAO_INFORMADO,sem_base_para_rateio,32.0,3
2025-03-20,quinta-feira,3,TREB. MINAS,IFCO,6416,explícito,176.0,4
2025-03-20,quinta-feira,3,TREB. MINAS,IFCO,6424,explícito,185.0,6
2025-03-20,quinta-feira,3,TREBESCHI DF,IFCO,6424,explícito,3.0,2
2025-03-21,sexta-feira,4,PH CORUMBA (PF),HB,623,explícito,1260.0,2
2025-03-21,sexta-feira,4,PH SUL (PF),HB,618,explícito,159.0,7
2025-03-21,sexta-feira,4,PH SUL (PF),IFCO,6416,explícito,490.0,5
2025-03-21,sexta-feira,4,PH UBAJARA,IFCO,6416,explícito,33.5,10
2025-03-21,sexta-feira,4,PH UBAJARA,IFCO,6424,explícito,39.302350427350426,9
2025-03-21,sexta-feira,4,TREB. MINAS,HB,618,explícito,300.0,28
2025-03-21,sexta-feira,4,TREB. MINAS,HB,618,rateio_por_capacidade,3.437341144792175,2
2025-03-21,sexta-feira,4,TREB. MINAS,HB,623,explícito,2.0,2
2025-03-21,sexta-feira,4,TREB. MINAS,HB,623,rateio_por_capacidade,0.5626588552078251,2
2025-03-21,sexta-feira,4,TREB. MINAS,IFCO,6416,explícito,240.0,2
2025-03-22,sábado,5,PH CASCAVEL,HB,618,explícito,320.0,1
2025-03-22,sábado,5,PH CASCAVEL,HB,623,explícito,1055.0,3
2025-03-22,sábado,5,PH CASCAVEL,IFCO,6424,explícito,840.0,2
2025-03-22,sábado,5,PH CORUMBA (PF),HB,623,explícito,690.0,2
2025-03-22,sábado,5,PH SUL (PF),IFCO,6416,explícito,389.0,4
2025-03-22,sábado,5,PH SUL (PF),IFCO,6424,explícito,640.0,1
2025-03-22,sábado,5,PH UBAJARA,HB,618,explícito,148.0,24
2025-03-22,sábado,5,PH UBAJARA,HB,618,rateio_por_capacidade,7.4414354517653765,4
2025-03-22,sábado,5,PH UBAJARA,HB,623,explícito,3.0,2
2025-03-22,sábado,5,PH UBAJARA,HB,623,rateio_por_capacidade,1.5585645482346235,5
2025-03-22,sábado,5,PH UBAJARA,HB,NAO_INFORMADO,sem_base_para_rateio,2.0,1
2025-03-22,sábado,5,PH UBAJARA,IFCO,6416,explícito,706.9666666666667,144
2025-03-22,sábado,5,PH UBAJARA,IFCO,6424,explícito,1075.21875,60
2025-03-22,sábado,5,TREB. MINAS,HB,618,explícito,802.0,40
2025-03-22,sábado,5,TREB. MINAS,HB,618,rateio_por_capacidade,546.3126293080695,13
2025-03-22,sábado,5,TREB. MINAS,HB,623,explícito,152.0,11
2025-03-22,sábado,5,TREB. MINAS,HB,623,rateio_por_capacidade,125.24292624748654,18
2025-03-22,sábado,5,TREB. MINAS,HB,NAO_INFORMADO,sem_base_para_rateio,11.0,3
2025-03-22,sábado,5,TREB. MINAS,IFCO,6416,explícito,256.0,17
2025-03-22,sábado,5,TREB. MINAS,IFCO,6424,explícito,279.0,7
2025-03-24,segunda-feira,0,PH CORUMBA (PF),HB,623,explícito,624.0,1
2025-03-24,segunda-feira,0,PH SUL (PF),IFCO,6416,explícito,287.0,5
2025-03-24,segunda-feira,0,PH UBAJARA,HB,618,explícito,353.0,22
2025-03-24,segunda-feira,0,PH UBAJARA,HB,623,explícito,20.0,2
2025-03-24,segunda-feira,0,PH UBAJARA,IFCO,6416,explícito,62.0,12
2025-03-24,segunda-feira,0,PH UBAJARA,IFCO,6424,explícito,76.0,5
2025-03-24,segunda-feira,0,TREB. MINAS,HB,618,explícito,911.0,30
2025-03-24,segunda-feira,0,TREB. MINAS,HB,623,explícito,2.0,1
2025-03-24,segunda-feira,0,TREB. MINAS,IFCO,6416,explícito,148.0,2
2025-03-24,segunda-feira,0,TREB. MINAS,IFCO,6424,explícito,120.0,1
2025-03-25,terça-feira,1,PH CASCAVEL,HB,618,explícito,320.0,1
2025-03-25,terça-feira,1,PH CASCAVEL,HB,623,explícito,320.0,1
2025-03-25,terça-feira,1,PH CASCAVEL,IFCO,6424,explícito,1220.0,4
2025-03-25,terça-feira,1,PH SUL (PF),HB,618,explícito,104.0,4
2025-03-25,terça-feira,1,PH SUL (PF),IFCO,6416,explícito,456.0,4
2025-03-25,terça-feira,1,PH SUL (PF),IFCO,6424,explícito,640.0,1
2025-03-25,terça-feira,1,PH UBAJARA,HB,618,explícito,2.0,1
2025-03-25,terça-feira,1,PH UBAJARA,IFCO,6416,explícito,99.0,21
2025-03-25,terça-feira,1,PH UBAJARA,IFCO,6424,explícito,32.0,7
2025-03-25,terça-feira,1,TREB. MINAS,HB,618,explícito,690.0,23
2025-03-25,terça-feira,1,TREB. MINAS,HB,618,rateio_por_capacidade,98.75928404646636,16
2025-03-25,terça-feira,1,TREB. MINAS,HB,623,explícito,846.0,10
2025-03-25,terça-feira,1,TREB. MINAS,HB,623,rateio_por_capacidade,41.240715953533645,20
2025-03-25,terça-feira,1,TREB. MINAS,HB,NAO_INFORMADO,sem_base_para_rateio,40.0,4
2025-03-25,terça-feira,1,TREB. MINAS,IFCO,6416,explícito,333.0,142
2025-03-25,terça-feira,1,TREB. MINAS,IFCO,6424,explícito,720.0,3
2025-03-26,quarta-feira,2,PH CASCAVEL,HB,618,explícito,480.0,1
2025-03-26,quarta-feira,2,PH CASCAVEL,HB,623,explícito,560.0,1
2025-03-26,quarta-feira,2,PH CASCAVEL,IFCO,6424,explícito,1756.0,3
2025-03-26,quarta-feira,2,PH SUL (PF),IFCO,6416,explícito,428.0,4
2025-03-26,quarta-feira,2,PH UBAJARA,HB,618,explícito,90.0,12
2025-03-26,quarta-feira,2,PH UBAJARA,HB,623,explícito,3.0,1
2025-03-26,quarta-feira,2,PH UBAJARA,IFCO,6416,explícito,341.0,16
2025-03-26,quarta-feira,2,PH UBAJARA,IFCO,6424,explícito,117.0,6
2025-03-26,quarta-feira,2,TREB. MINAS,HB,618,explícito,1028.0,18
2025-03-26,quarta-feira,2,TREB. MINAS,HB,618,rateio_por_capacidade,282.6231655815011,8
2025-03-26,quarta-feira,2,TREB. MINAS,HB,623,explícito,935.0,4
2025-03-26,quarta-feira,2,TREB. MINAS,HB,623,rateio_por_capacidade,32.376834418498866,11
2025-03-26,quarta-feira,2,TREB. MINAS,HB,NAO_INFORMADO,sem_base_para_rateio,4.0,3
2025-03-26,quarta-feira,2,TREB. MINAS,IFCO,6416,explícito,895.0,36
2025-03-26,quarta-feira,2,TREB. MINAS,IFCO,6424,explícito,365.0,20
2025-03-27,quinta-feira,3,PH UBAJARA,HB,623,explícito,40.0,1
2025-03-27,quinta-feira,3,TREB. MINAS,HB,618,explícito,1374.0,49
2025-03-27,quinta-feira,3,TREB. MINAS,HB,618,rateio_por_capacidade,488.3768183662433,16
2025-03-27,quinta-feira,3,TREB. MINAS,HB,623,explícito,234.0,13
2025-03-27,quinta-feira,3,TREB. MINAS,HB,623,rateio_por_capacidade,255.62318163375667,22
2025-03-27,quinta-feira,3,TREB. MINAS,HB,NAO_INFORMADO,sem_base_para_rateio,118.0,4
2025-03-27,quinta-feira,3,TREB. MINAS,IFCO,6416,explícito,180.0,5
2025-03-27,quinta-feira,3,TREB. MINAS,IFCO,6424,explícito,747.0,9
2025-03-28,sexta-feira,4,PH CASCAVEL,HB,623,explícito,45.0,1
2025-03-28,sexta-feira,4,PH CASCAVEL,IFCO,6424,explícito,600.0,1
2025-03-28,sexta-feira,4,PH SUL (PF),IFCO,6416,explícito,479.0,4
2025-03-28,sexta-feira,4,TREB. MINAS,HB,618,explícito,654.0,29
2025-03-28,sexta-feira,4,TREB. MINAS,HB,618,rateio_por_capacidade,4.296676430990219,2
2025-03-28,sexta-feira,4,TREB. MINAS,HB,623,explícito,696.0,4
2025-03-28,sexta-feira,4,TREB. MINAS,HB,623,rateio_por_capacidade,0.7033235690097814,2
2025-03-28,sexta-feira,4,TREB. MINAS,IFCO,6416,explícito,300.0,1
2025-03-28,sexta-feira,4,TREB. MINAS,IFCO,6424,explícito,636.0,1
2025-03-29,sábado,5,PH SUL (PF),IFCO,6416,explícito,516.0,3
2025-03-29,sábado,5,PH SUL (PF),IFCO,6424,explícito,1118.0,1
2025-03-29,sábado,5,PH UBAJARA,HB,618,explícito,171.0,19
2025-03-29,sábado,5,PH UBAJARA,HB,618,rateio_por_capacidade,8.508102118432044,5
2025-03-29,sábado,5,PH UBAJARA,HB,623,explícito,103.0,3
2025-03-29,sábado,5,PH UBAJARA,HB,623,rateio_por_capacidade,42.49189788156796,7
2025-03-29,sábado,5,PH UBAJARA,IFCO,6416,explícito,1047.0,84
2025-03-29,sábado,5,PH UBAJARA,IFCO,6424,explícito,654.0,46
2025-03-29,sábado,5,TREB. MINAS,HB,618,explícito,520.0,29
2025-03-29,sábado,5,TREB. MINAS,HB,618,rateio_por_capacidade,829.41708390761,24
2025-03-29,sábado,5,TREB. MINAS,HB,623,explícito,1612.0,16
2025-03-29,sábado,5,TREB. MINAS,HB,623,rateio_por_capacidade,207.58291609239,34
2025-03-29,sábado,5,TREB. MINAS,HB,NAO_INFORMADO,sem_base_para_rateio,128.0,8
2025-03-29,sábado,5,TREB. MINAS,IFCO,6416,explícito,173.0,13
2025-03-29,sábado,5,TREB. MINAS,IFCO,6424,explícito,22.0,3
2025-03-31,segunda-feira,0,PH CASCAVEL,HB,618,explícito,240.0,1
2025-03-31,segunda-feira,0,PH CASCAVEL,HB,623,explícito,400.0,1
2025-03-31,segunda-feira,0,PH UBAJARA,HB,618,explícito,202.0,13
2025-03-31,segunda-feira,0,PH UBAJARA,HB,623,explícito,6.0,1
2025-03-31,segunda-feira,0,TREB. MINAS,HB,618,explícito,800.0,25
2025-03-31,segunda-feira,0,TREB. MINAS,HB,618,rateio_por_capacidade,58.92433892789407,2
2025-03-31,segunda-feira,0,TREB. MINAS,HB,623,explícito,896.0,3
2025-03-31,segunda-feira,0,TREB. MINAS,HB,623,rateio_por_capacidade,8.075661072105936,2
2025-03-31,segunda-feira,0,TREB. MINAS,IFCO,6416,explícito,436.0,6
2025-03-31,segunda-feira,0,TREB. MINAS,IFCO,6424,explícito,236.0,1
2025-04-01,terça-feira,1,PH UBAJARA,HB,618,explícito,201.0,2
2025-04-01,terça-feira,1,PH UBAJARA,HB,623,explícito,42.0,1
2025-04-01,terça-feira,1,PH UBAJARA,IFCO,6416,explícito,1070.0,66
2025-04-01,terça-feira,1,PH UBAJARA,IFCO,6424,explícito,410.0,19
2025-04-01,terça-feira,1,TREB. MINAS,HB,618,explícito,524.0,23
2025-04-01,terça-feira,1,TREB. MINAS,HB,618,rateio_por_capacidade,65.77406182886234,8
2025-04-01,terça-feira,1,TREB. MINAS,HB,623,explícito,1646.0,11
2025-04-01,terça-feira,1,TREB. MINAS,HB,623,rateio_por_capacidade,14.225938171137654,8
2025-04-01,terça-feira,1,TREB. MINAS,HB,NAO_INFORMADO,sem_base_para_rateio,15.0,2
2025-04-01,terça-feira,1,TREB. MINAS,IFCO,6416,explícito,500.0,108
2025-04-01,terça-feira,1,TREB. MINAS,IFCO,6424,explícito,40.0,1
2025-04-02,quarta-feira,2,PH CASCAVEL,HB,623,explícito,45.0,1
2025-04-02,quarta-feira,2,PH CASCAVEL,IFCO,6424,explícito,676.0,3
2025-04-02,quarta-feira,2,PH CORUMBA (PF),IFCO,6424,explícito,317.0,2
2025-04-02,quarta-feira,2,PH SUL (PF),HB,623,explícito,1253.0,1
2025-04-02,quarta-feira,2,PH UBAJARA,IFCO,6416,explícito,342.1666666666667,46
2025-04-02,quarta-feira,2,PH UBAJARA,IFCO,6424,explícito,50.1875,12
2025-04-02,quarta-feira,2,TREB. MINAS,HB,618,explícito,657.0,17
2025-04-02,quarta-feira,2,TREB. MINAS,HB,618,rateio_por_capacidade,236.78075370954866,6
2025-04-02,quarta-feira,2,TREB. MINAS,HB,623,explícito,1121.0,2
2025-04-02,quarta-feira,2,TREB. MINAS,HB,623,rateio_por_capacidade,29.21924629045135,9
2025-04-02,quarta-feira,2,TREB. MINAS,HB,NAO_INFORMADO,sem_base_para_rateio,1.0,1
2025-04-02,quarta-feira,2,TREB. MINAS,IFCO,6416,explícito,782.0,24
2025-04-02,quarta-feira,2,TREB. MINAS,IFCO,6424,explícito,356.0,17
2025-04-03,quinta-feira,3,PH SUL (PF),HB,623,explícito,640.0,1
2025-04-03,quinta-feira,3,PH UBAJARA,HB,618,rateio_por_capacidade,0.4296676430990219,1
2025-04-03,quinta-feira,3,PH UBAJARA,HB,623,rateio_por_capacidade,0.07033235690097814,1
2025-04-03,quinta-feira,3,PH UBAJARA,IFCO,6416,explícito,32.33333333333333,5
2025-04-03,quinta-feira,3,PH UBAJARA,IFCO,6424,explícito,125.0,9
2025-04-03,quinta-feira,3,TREB. MINAS,HB,618,explícito,1069.0,43
2025-04-03,quinta-feira,3,TREB. MINAS,HB,618,rateio_por_capacidade,438.05206748207667,15
2025-04-03,quinta-feira,3,TREB. MINAS,HB,623,explícito,342.0,9
2025-04-03,quinta-feira,3,TREB. MINAS,HB,623,rateio_por_capacidade,175.94793251792328,19
2025-04-03,quinta-feira,3,TREB. MINAS,HB,NAO_INFORMADO,sem_base_para_rateio,32.0,3
2025-04-03,quinta-feira,3,TREB. MINAS,IFCO,6424,explícito,300.0,1
2025-04-04,sexta-feira,4,PH CASCAVEL,HB,623,explícito,690.0,1
2025-04-04,sexta-feira,4,PH CASCAVEL,IFCO,6424,explícito,640.0,2
2025-04-04,sexta-feira,4,PH CORUMBA (PF),IFCO,6424,explícito,640.0,2
2025-04-04,sexta-feira,4,TREB. MINAS,HB,618,explícito,670.0,32
2025-04-04,sexta-feira,4,TREB. MINAS,HB,618,rateio_por_capacidade,160.95348779581025,7
2025-04-04,sexta-feira,4,TREB. MINAS,HB,623,explícito,1192.0,6
2025-04-04,sexta-feira,4,TREB. MINAS,HB,623,rateio_por_capacidade,37.046512204189774,11
2025-04-04,sexta-feira,4,TREB. MINAS,HB,NAO_INFORMADO,sem_base_para_rateio,1.0,1
2025-04-04,sexta-feira,4,TREB. MINAS,IFCO,6416,explícito,703.0,5
2025-04-05,sábado,5,PH CASCAVEL,HB,618,explícito,320.0,1
2025-04-05,sábado,5,PH CASCAVEL,HB,623,explícito,361.0,3
2025-04-05,sábado,5,PH CASCAVEL,IFCO,6424,explícito,2276.0,6
2025-04-05,sábado,5,PH SUL (PF),HB,618,explícito,159.0,7
2025-04-05,sábado,5,PH UBAJARA,HB,618,explícito,119.0,20
2025-04-05,sábado,5,PH UBAJARA,HB,618,rateio_por_capacidade,9.598980497131294,7
2025-04-05,sábado,5,PH UBAJARA,HB,623,explícito,5.0,5
2025-04-05,sábado,5,PH UBAJARA,HB,623,rateio_por_capacidade,4.401019502868707,9
2025-04-05,sábado,5,PH UBAJARA,IFCO,6416,explícito,854.95,99
2025-04-05,sábado,5,PH UBAJARA,IFCO,6424,explícito,736.0,62
2025-04-05,sábado,5,TREB. MINAS,HB,618,explícito,1312.0,46
2025-04-05,sábado,5,TREB. MINAS,HB,618,rateio_por_capacidade,295.8939437655807,26
2025-04-05,sábado,5,TREB. MINAS,HB,623,explícito,1594.0,15
2025-04-05,sábado,5,TREB. MINAS,HB,623,rateio_por_capacidade,111.10605623441931,30
2025-04-05,sábado,5,TREB. MINAS,HB,NAO_INFORMADO,sem_base_para_rateio,54.0,5
2025-04-05,sábado,5,TREB. MINAS,IFCO,6416,explícito,491.0,5
2025-04-05,sábado,5,TREB. MINAS,IFCO,6424,explícito,860.0,1
2025-04-07,segunda-feira,0,PH CORUMBA (PF),IFCO,6424,explícito,640.0,1
2025-04-07,segunda-feira,0,PH UBAJARA,HB,618,explícito,247.0,13
2025-04-07,segunda-feira,0,PH UBAJARA,HB,623,explícito,6.0,1
2025-04-07,segunda-feira,0,TREB. MINAS,HB,618,explícito,728.0,32
2025-04-07,segunda-feira,0,TREB. MINAS,HB,618,rateio_por_capacidade,6.015347003386307,1
2025-04-07,segunda-feira,0,TREB. MINAS,HB,623,explícito,3.0,1
2025-04-07,segunda-feira,0,TREB. MINAS,HB,623,rateio_por_capacidade,0.9846529966136939,1
2025-04-07,segunda-feira,0,TREB. MINAS,IFCO,6416,explícito,520.0,8
2025-04-07,segunda-feira,0,TREB. MINAS,IFCO,6424,explícito,931.0,4
2025-04-08,terça-feira,1,PH CASCAVEL,HB,618,explícito,320.0,1
2025-04-08,terça-feira,1,PH CASCAVEL,IFCO,6424,explícito,636.0,2
2025-04-08,terça-feira,1,PH UBAJARA,IFCO,6416,explícito,387.0,14
2025-04-08,terça-feira,1,PH UBAJARA,IFCO,6424,explícito,207.0,11
2025-04-08,terça-feira,1,TREB. MINAS,HB,618,explícito,781.0,27
2025-04-08,terça-feira,1,TREB. MINAS,HB,618,rateio_por_capacidade,253.23615866886846,23
2025-04-08,terça-feira,1,TREB. MINAS,HB,623,explícito,1501.0,12
2025-04-08,terça-feira,1,TREB. MINAS,HB,623,rateio_por_capacidade,191.76384133113157,39
2025-04-08,terça-feira,1,TREB. MINAS,HB,NAO_INFORMADO,sem_base_para_rateio,16.0,6
2025-04-08,terça-feira,1,TREB. MINAS,IFCO,6416,explícito,687.0,102
2025-04-08,terça-feira,1,TREB. MINAS,IFCO,6424,explícito,200.0,1
2025-04-09,quarta-feira,2,PH CASCAVEL,HB,618,explícito,200.0,1
2025-04-09,quarta-feira,2,PH CASCAVEL,HB,623,explícito,690.0,1
2025-04-09,quarta-feira,2,PH CORUMBA (PF),IFCO,6424,explícito,640.0,2
2025-04-09,quarta-feira,2,PH UBAJARA,IFCO,6416,explícito,114.0,12
2025-04-09,quarta-feira,2,PH UBAJARA,IFCO,6424,explícito,65.0,5
2025-04-09,quarta-feira,2,TREB. MINAS,HB,618,explícito,636.0,17
2025-04-09,quarta-feira,2,TREB. MINAS,HB,618,rateio_por_capacidade,15.681367127761693,4
2025-04-09,quarta-feira,2,TREB. MINAS,HB,623,explícito,1.0,1
2025-04-09,quarta-feira,2,TREB. MINAS,HB,623,rateio_por_capacidade,9.318632872238307,9
2025-04-09,quarta-feira,2,TREB. MINAS,HB,NAO_INFORMADO,sem_base_para_rateio,2.0,1
2025-04-09,quarta-feira,2,TREB. MINAS,IFCO,6416,explícito,483.0,8
2025-04-09,quarta-feira,2,TREB. MINAS,IFCO,6424,explícito,1202.0,12
2025-04-10,quinta-feira,3,PH CORUMBA (PF),HB,623,explícito,690.0,2
2025-04-10,quinta-feira,3,PH CORUMBA (PF),IFCO,6424,explícito,640.0,2
2025-04-10,quinta-feira,3,PH UBAJARA,HB,618,explícito,43.120000000000005,25
2025-04-10,quinta-feira,3,PH UBAJARA,HB,623,explícito,1.0,1
2025-04-10,quinta-feira,3,PH UBAJARA,IFCO,6424,explícito,230.0,3
2025-04-10,quinta-feira,3,TREB. MINAS,HB,618,explícito,936.0,49
2025-04-10,quinta-feira,3,TREB. MINAS,HB,618,rateio_por_capacidade,406.44587747278734,19
2025-04-10,quinta-feira,3,TREB. MINAS,HB,623,explícito,1070.0,16
2025-04-10,quinta-feira,3,TREB. MINAS,HB,623,rateio_por_capacidade,287.55412252721266,28
2025-04-10,quinta-feira,3,TREB. MINAS,HB,NAO_INFORMADO,sem_base_para_rateio,51.0,3
2025-04-10,quinta-feira,3,TREB. MINAS,IFCO,6416,explícito,645.7777777777778,27
2025-04-10,quinta-feira,3,TREB. MINAS,IFCO,6424,explícito,496.0,7
2025-04-11,sexta-feira,4,PH CASCAVEL,HB,623,explícito,690.0,2
2025-04-11,sexta-feira,4,PH UBAJARA,IFCO,6416,explícito,183.0,11
2025-04-11,sexta-feira,4,PH UBAJARA,IFCO,6424,explícito,19.0,1
2025-04-11,sexta-feira,4,TREB. MINAS,HB,618,explícito,992.0,45
2025-04-11,sexta-feira,4,TREB. MINAS,HB,618,rateio_por_capacidade,62.600194860387674,6
2025-04-11,sexta-feira,4,TREB. MINAS,HB,623,explícito,213.0,4
2025-04-11,sexta-feira,4,TREB. MINAS,HB,623,rateio_por_capacidade,6.399805139612328,6
2025-04-11,sexta-feira,4,TREB. MINAS,IFCO,6416,explícito,950.0,20
2025-04-11,sexta-feira,4,TREB. MINAS,IFCO,6424,explícito,173.0,21
2025-04-12,sábado,5,PH CASCAVEL,IFCO,6424,explícito,1276.0,8
2025-04-12,sábado,5,PH CORUMBA (PF),IFCO,6424,explícito,636.0,1
2025-04-12,sábado,5,PH UBAJARA,HB,618,explícito,97.0,17
2025-04-12,sábado,5,PH UBAJARA,HB,623,explícito,2.0,1
2025-04-12,sábado,5,PH UBAJARA,IFCO,6416,explícito,765.2333333333333,74
2025-04-12,sábado,5,PH UBAJARA,IFCO,6424,explícito,606.0965909090909,36
2025-04-12,sábado,5,TREB. MINAS,HB,618,explícito,819.0,38
2025-04-12,sábado,5,TREB. MINAS,HB,618,rateio_por_capacidade,74.032238471919,9
2025-04-12,sábado,5,TREB. MINAS,HB,623,explícito,2299.0,15
2025-04-12,sábado,5,TREB. MINAS,HB,623,rateio_por_capacidade,43.967761528081,13
2025-04-12,sábado,5,TREB. MINAS,HB,NAO_INFORMADO,sem_base_para_rateio,8.0,2
2025-04-12,sábado,5,TREB. MINAS,IFCO,6416,explícito,675.0,22
2025-04-12,sábado,5,TREB. MINAS,IFCO,6424,explícito,846.0,7
2025-04-14,segunda-feira,0,PH CASCAVEL,HB,623,explícito,80.0,1
2025-04-14,segunda-feira,0,PH CORUMBA (PF),IFCO,6424,explícito,640.0,1
2025-04-14,segunda-feira,0,PH UBAJARA,HB,618,explícito,202.0,15
2025-04-14,segunda-feira,0,PH UBAJARA,HB,623,explícito,39.0,2
2025-04-14,segunda-feira,0,PH UBAJARA,IFCO,6424,explícito,3.0,3
2025-04-14,segunda-feira,0,TREB. MINAS,HB,618,explícito,878.0,34
2025-04-14,segunda-feira,0,TREB. MINAS,HB,618,rateio_por_capacidade,73.57893763296127,14
2025-04-14,segunda-feira,0,TREB. MINAS,HB,623,explícito,695.0,3
2025-04-14,segunda-feira,0,TREB. MINAS,HB,623,rateio_por_capacidade,43.42106236703873,20
2025-04-14,segunda-feira,0,TREB. MINAS,HB,NAO_INFORMADO,sem_base_para_rateio,11.0,2
2025-04-14,segunda-feira,0,TREB. MINAS,IFCO,6416,explícito,495.0,12
2025-04-15,terça-feira,1,PH CASCAVEL,HB,623,explícito,120.0,1
2025-04-15,terça-feira,1,PH CASCAVEL,IFCO,6424,explícito,434.0,3
2025-04-15,terça-feira,1,PH CORUMBA (PF),HB,623,explícito,690.0,1
2025-04-15,terça-feira,1,PH CORUMBA (PF),IFCO,6424,explícito,640.0,1
2025-04-15,terça-feira,1,PH UBAJARA,IFCO,6416,explícito,408.0,25
2025-04-15,terça-feira,1,PH UBAJARA,IFCO,6424,explícito,278.0,12
2025-04-15,terça-feira,1,TREB. MINAS,HB,618,explícito,885.0,27
2025-04-15,terça-feira,1,TREB. MINAS,HB,618,rateio_por_capacidade,249.7206678349774,12
2025-04-15,terça-feira,1,TREB. MINAS,HB,623,explícito,306.0,10
2025-04-15,terça-feira,1,TREB. MINAS,HB,623,rateio_por_capacidade,92.2793321650226,18
2025-04-15,terça-feira,1,TREB. MINAS,HB,NAO_INFORMADO,sem_base_para_rateio,143.0,5
2025-04-15,terça-feira,1,TREB. MINAS,IFCO,6416,explícito,1140.0,136
2025-04-15,terça-feira,1,TREB. MINAS,IFCO,6424,explícito,933.0,14
2025-04-16,quarta-feira,2,PH CORUMBA (PF),HB,623,explícito,690.0,1
2025-04-16,quarta-feira,2,PH CORUMBA (PF),IFCO,6424,explícito,640.0,2
2025-04-16,quarta-feira,2,PH UBAJARA,HB,618,explícito,45.0,14
2025-04-16,quarta-feira,2,PH UBAJARA,HB,623,explícito,3.0,1
2025-04-16,quarta-feira,2,PH UBAJARA,IFCO,6416,explícito,386.0,13
2025-04-16,quarta-feira,2,PH UBAJARA,IFCO,6424,explícito,33.0,3
2025-04-16,quarta-feira,2,TREB. MINAS,HB,618,explícito,1197.0,24
2025-04-16,quarta-feira,2,TREB. MINAS,HB,618,rateio_por_capacidade,11.817937534590447,5
2025-04-16,quarta-feira,2,TREB. MINAS,HB,623,explícito,491.0,4
2025-04-16,quarta-feira,2,TREB. MINAS,HB,623,rateio_por_capacidade,4.182062465409554,6
2025-04-16,quarta-feira,2,TREB. MINAS,HB,NAO_INFORMADO,sem_base_para_rateio,2.0,1
2025-04-16,quarta-feira,2,TREB. MINAS,IFCO,6416,explícito,94.0,5
2025-04-16,quarta-feira,2,TREB. MINAS,IFCO,6424,explícito,1802.0,6
2025-04-17,quinta-feira,3,PH CASCAVEL,HB,623,explícito,690.0,1
2025-04-17,quinta-feira,3,PH CASCAVEL,IFCO,6424,explícito,1000.0,1
2025-04-17,quinta-feira,3,PH CORUMBA (PF),IFCO,6424,explícito,640.0,1
2025-04-17,quinta-feira,3,PH UBAJARA,IFCO,6416,explícito,285.0,20
2025-04-17,quinta-feira,3,PH UBAJARA,IFCO,6424,explícito,195.0,22
2025-04-17,quinta-feira,3,TREB. MINAS,HB,618,explícito,1049.0,28
2025-04-17,quinta-feira,3,TREB. MINAS,HB,618,rateio_por_capacidade,217.85778618618545,14
2025-04-17,quinta-feira,3,TREB. MINAS,HB,623,explícito,288.0,9
2025-04-17,quinta-feira,3,TREB. MINAS,HB,623,rateio_por_capacidade,337.1422138138145,25
2025-04-17,quinta-feira,3,TREB. MINAS,HB,NAO_INFORMADO,sem_base_para_rateio,85.0,5
2025-04-17,quinta-feira,3,TREB. MINAS,IFCO,6424,explícito,3040.0,3
2025-04-19,sábado,5,PH CORUMBA (PF),HB,623,explícito,690.0,2
2025-04-19,sábado,5,PH UBAJARA,HB,618,explícito,62.0,10
2025-04-19,sábado,5,PH UBAJARA,HB,623,explícito,1.0,1
2025-04-19,sábado,5,PH UBAJARA,IFCO,6416,explícito,208.0,57
2025-04-19,sábado,5,PH UBAJARA,IFCO,6424,explícito,225.0,46
2025-04-19,sábado,5,TREB. MINAS,HB,618,explícito,525.0,14
2025-04-19,sábado,5,TREB. MINAS,HB,618,rateio_por_capacidade,40.2577229800394,5
2025-04-19,sábado,5,TREB. MINAS,HB,623,explícito,1400.0,4
2025-04-19,sábado,5,TREB. MINAS,HB,623,rateio_por_capacidade,33.742277019960596,9
2025-04-19,sábado,5,TREB. MINAS,HB,NAO_INFORMADO,sem_base_para_rateio,19.0,2
2025-04-19,sábado,5,TREB. MINAS,IFCO,6424,explícito,1120.0,1
2025-04-21,segunda-feira,0,PH CORUMBA (PF),HB,623,explícito,420.0,1
2025-04-21,segunda-feira,0,PH CORUMBA (PF),IFCO,6424,explícito,858.0,4
2025-04-21,segunda-feira,0,PH UBAJARA,HB,618,explícito,156.0,16
2025-04-21,segunda-feira,0,PH UBAJARA,HB,618,rateio_por_capacidade,4.296676430990219,1
2025-04-21,segunda-feira,0,PH UBAJARA,HB,623,explícito,30.0,1
2025-04-21,segunda-feira,0,PH UBAJARA,HB,623,rateio_por_capacidade,0.7033235690097814,1
2025-04-21,segunda-feira,0,TREB. MINAS,HB,618,explícito,1191.0,40
2025-04-21,segunda-feira,0,TREB. MINAS,HB,618,rateio_por_capacidade,130.05342960540835,9
2025-04-21,segunda-feira,0,TREB. MINAS,HB,623,explícito,251.0,7
2025-04-21,segunda-feira,0,TREB. MINAS,HB,623,rateio_por_capacidade,58.94657039459165,8
2025-04-21,segunda-feira,0,TREB. MINAS,HB,NAO_INFORMADO,sem_base_para_rateio,5.0,1
2025-04-21,segunda-feira,0,TREB. MINAS,IFCO,6416,explícito,511.0,5
2025-04-21,segunda-feira,0,TREB. MINAS,IFCO,6424,explícito,100.0,1
2025-04-22,terça-feira,1,PH CASCAVEL,IFCO,6424,explícito,1004.0,2
2025-04-22,terça-feira,1,TREB. MINAS,HB,618,explícito,864.0,30
2025-04-22,terça-feira,1,TREB. MINAS,HB,618,rateio_por_capacidade,284.51052493370435,22
2025-04-22,terça-feira,1,TREB. MINAS,HB,623,explícito,978.0,10
2025-04-22,terça-feira,1,TREB. MINAS,HB,623,rateio_por_capacidade,354.48947506629565,31
2025-04-22,terça-feira,1,TREB. MINAS,HB,NAO_INFORMADO,sem_base_para_rateio,54.0,6
2025-04-22,terça-feira,1,TREB. MINAS,IFCO,6416,explícito,917.0,91
2025-04-22,terça-feira,1,TREB. MINAS,IFCO,6424,explícito,404.0,7
2025-04-23,quarta-feira,2,PH CASCAVEL,HB,623,explícito,80.0,1
2025-04-23,quarta-feira,2,PH CASCAVEL,IFCO,6424,explícito,280.0,3
2025-04-23,quarta-feira,2,PH CORUMBA (PF),HB,623,explícito,540.0,1
2025-04-23,quarta-feira,2,PH CORUMBA (PF),IFCO,6424,explícito,1612.0,5
2025-04-23,quarta-feira,2,PH UBAJARA,HB,618,explícito,75.0,22
2025-04-23,quarta-feira,2,PH UBAJARA,HB,623,explícito,48.0,1
2025-04-23,quarta-feira,2,PH UBAJARA,IFCO,6416,explícito,667.0,50
2025-04-23,quarta-feira,2,PH UBAJARA,IFCO,6424,explícito,113.0,8
2025-04-23,quarta-feira,2,TREB. MINAS,HB,618,explícito,545.0,16
2025-04-23,quarta-feira,2,TREB. MINAS,HB,618,rateio_por_capacidade,45.50363847046582,12
2025-04-23,quarta-feira,2,TREB. MINAS,HB,623,explícito,1641.0,6
2025-04-23,quarta-feira,2,TREB. MINAS,HB,623,rateio_por_capacidade,51.496361529534184,21
2025-04-23,quarta-feira,2,TREB. MINAS,HB,NAO_INFORMADO,sem_base_para_rateio,13.0,3
2025-04-23,quarta-feira,2,TREB. MINAS,IFCO,6416,explícito,666.0,20
2025-04-23,quarta-feira,2,TREB. MINAS,IFCO,6424,explícito,1491.0,17
2025-04-24,quinta-feira,3,PH CASCAVEL,HB,623,explícito,80.0,1
2025-04-24,quinta-feira,3,PH CORUMBA (PF),HB,623,explícito,900.0,2
2025-04-24,quinta-feira,3,PH UBAJARA,IFCO,6416,explícito,95.0,20
2025-04-24,quinta-feira,3,PH UBAJARA,IFCO,6424,explícito,36.627906976744185,8
2025-04-24,quinta-feira,3,TREB. MINAS,HB,618,explícito,1359.0,40
2025-04-24,quinta-feira,3,TREB. MINAS,HB,618,rateio_por_capacidade,219.47611226233994,13
2025-04-24,quinta-feira,3,TREB. MINAS,HB,623,explícito,911.0,11
2025-04-24,quinta-feira,3,TREB. MINAS,HB,623,rateio_por_capacidade,119.52388773766008,18
2025-04-24,quinta-feira,3,TREB. MINAS,HB,NAO_INFORMADO,sem_base_para_rateio,75.0,3
2025-04-24,quinta-feira,3,TREB. MINAS,IFCO,6416,explícito,95.0,5
2025-04-24,quinta-feira,3,TREB. MINAS,IFCO,6424,explícito,668.0,5
2025-04-25,sexta-feira,4,PH CORUMBA (PF),IFCO,6424,explícito,800.0,1
2025-04-25,sexta-feira,4,PH UBAJARA,IFCO,6416,explícito,92.0,6
2025-04-25,sexta-feira,4,PH UBAJARA,IFCO,6424,explícito,286.0,9
2025-04-25,sexta-feira,4,TREB. MINAS,HB,618,explícito,881.0,30
2025-04-25,sexta-feira,4,TREB. MINAS,HB,618,rateio_por_capacidade,6.015347003386307,2
2025-04-25,sexta-feira,4,TREB. MINAS,HB,623,explícito,183.0,2
2025-04-25,sexta-feira,4,TREB. MINAS,HB,623,rateio_por_capacidade,0.9846529966136939,2
2025-04-25,sexta-feira,4,TREB. MINAS,IFCO,6416,explícito,585.0,3
2025-04-25,sexta-feira,4,TREB. MINAS,IFCO,6424,explícito,2240.0,3
2025-04-25,sexta-feira,4,TREBESCHI DF,HB,618,explícito,1.0,1
2025-04-26,sábado,5,PH CASCAVEL,IFCO,6424,explícito,524.0,1
2025-04-26,sábado,5,PH CORUMBA (PF),HB,623,explícito,900.0,2
2025-04-26,sábado,5,PH CORUMBA (PF),IFCO,6424,explícito,996.0,2
2025-04-26,sábado,5,PH UBAJARA,HB,618,explícito,113.0,25
2025-04-26,sábado,5,PH UBAJARA,HB,623,explícito,1.0,1
2025-04-26,sábado,5,PH UBAJARA,HB,623,rateio_por_capacidade,4.0,1
2025-04-26,sábado,5,PH UBAJARA,IFCO,6416,explícito,911.3333333333334,115
2025-04-26,sábado,5,PH UBAJARA,IFCO,6424,explícito,472.0,56
2025-04-26,sábado,5,TREB. MINAS,HB,618,explícito,1132.0,41
2025-04-26,sábado,5,TREB. MINAS,HB,618,rateio_por_capacidade,170.05052837215987,21
2025-04-26,sábado,5,TREB. MINAS,HB,623,explícito,1607.0,13
2025-04-26,sábado,5,TREB. MINAS,HB,623,rateio_por_capacidade,102.94947162784014,29
2025-04-26,sábado,5,TREB. MINAS,HB,NAO_INFORMADO,sem_base_para_rateio,123.0,5
2025-04-26,sábado,5,TREB. MINAS,IFCO,6416,explícito,1156.0,36
2025-04-26,sábado,5,TREB. MINAS,IFCO,6424,explícito,899.0,11
2025-04-28,segunda-feira,0,PH CORUMBA (PF),HB,623,explícito,705.0,2
2025-04-28,segunda-feira,0,PH CORUMBA (PF),IFCO,6424,explícito,930.0,3
2025-04-28,segunda-feira,0,PH UBAJARA,HB,618,explícito,373.0,24
2025-04-28,segunda-feira,0,PH UBAJARA,HB,623,explícito,3.0,1
2025-04-28,segunda-feira,0,PH UBAJARA,IFCO,6416,explícito,0.3999999999999997,2
2025-04-28,segunda-feira,0,PH UBAJARA,IFCO,6424,explícito,0.3,1
2025-04-28,segunda-feira,0,TREB. MINAS,HB,618,explícito,817.0,30
2025-04-28,segunda-feira,0,TREB. MINAS,HB,618,rateio_por_capacidade,49.690847893735146,6
2025-04-28,segunda-feira,0,TREB. MINAS,HB,623,explícito,2455.0,4
2025-04-28,segunda-feira,0,TREB. MINAS,HB,623,rateio_por_capacidade,207.30915210626486,11
2025-04-28,segunda-feira,0,TREB. MINAS,HB,NAO_INFORMADO,sem_base_para_rateio,10.0,2
2025-04-28,segunda-feira,0,TREB. MINAS,IFCO,6416,explícito,298.0,3
2025-04-29,terça-feira,1,PH CASCAVEL,IFCO,6424,explícito,560.0,1
2025-04-29,terça-feira,1,PH CORUMBA (PF),IFCO,6424,explícito,40.0,1
2025-04-29,terça-feira,1,PH UBAJARA,HB,618,explícito,50.0,1
2025-04-29,terça-feira,1,PH UBAJARA,HB,623,explícito,44.0,1
2025-04-29,terça-feira,1,PH UBAJARA,IFCO,6416,explícito,114.16666666666667,21
2025-04-29,terça-feira,1,PH UBAJARA,IFCO,6424,explícito,20.0,6
2025-04-29,terça-feira,1,TREB. MINAS,HB,618,explícito,518.0,23
2025-04-29,terça-feira,1,TREB. MINAS,HB,618,rateio_por_capacidade,276.1474778613216,16
2025-04-29,terça-feira,1,TREB. MINAS,HB,623,explícito,1113.0,10
2025-04-29,terça-feira,1,TREB. MINAS,HB,623,rateio_por_capacidade,59.852522138678395,20
2025-04-29,terça-feira,1,TREB. MINAS,HB,NAO_INFORMADO,sem_base_para_rateio,71.0,4
2025-04-29,terça-feira,1,TREB. MINAS,IFCO,6416,explícito,195.0,135
2025-04-29,terça-feira,1,TREB. MINAS,IFCO,6424,explícito,1124.0,3
2025-04-30,quarta-feira,2,PH CORUMBA (PF),HB,623,explícito,690.0,1
2025-04-30,quarta-feira,2,PH CORUMBA (PF),IFCO,6424,explícito,640.0,1
2025-04-30,quarta-feira,2,PH UBAJARA,HB,618,explícito,58.0,17
2025-04-30,quarta-feira,2,PH UBAJARA,IFCO,6416,explícito,861.0,36
2025-04-30,quarta-feira,2,PH UBAJARA,IFCO,6424,explícito,505.0,23
2025-04-30,quarta-feira,2,TREB. MINAS,HB,618,explícito,578.0,19
2025-04-30,quarta-feira,2,TREB. MINAS,HB,618,rateio_por_capacidade,16.56981696062104,8
2025-04-30,quarta-feira,2,TREB. MINAS,HB,623,explícito,17.0,2
2025-04-30,quarta-feira,2,TREB. MINAS,HB,623,rateio_por_capacidade,160.43018303937896,18
2025-04-30,quarta-feira,2,TREB. MINAS,HB,NAO_INFORMADO,sem_base_para_rateio,35.0,3
2025-04-30,quarta-feira,2,TREB. MINAS,IFCO,6416,explícito,216.0,18
2025-04-30,quarta-feira,2,TREB. MINAS,IFCO,6424,explícito,1996.0,12
2025-04-30,quarta-feira,2,TREBESCHI DF,IFCO,6424,explícito,7.0,2
2025-05-01,quinta-feira,3,PH UBAJARA,HB,618,explícito,48.0,5
2025-05-01,quinta-feira,3,PH UBAJARA,IFCO,6416,explícito,65.0,8
2025-05-01,quinta-feira,3,PH UBAJARA,IFCO,6424,explícito,133.0,14
2025-05-01,quinta-feira,3,TREB. MINAS,HB,618,explícito,810.0,48
2025-05-01,quinta-feira,3,TREB. MINAS,HB,618,rateio_por_capacidade,225.65535753988334,16
2025-05-01,quinta-feira,3,TREB. MINAS,HB,623,explícito,1314.0,18
2025-05-01,quinta-feira,3,TREB. MINAS,HB,623,rateio_por_capacidade,591.3446424601167,24
2025-05-01,quinta-feira,3,TREB. MINAS,HB,NAO_INFORMADO,sem_base_para_rateio,39.0,4
2025-05-01,quinta-feira,3,TREB. MINAS,IFCO,6416,explícito,106.0,5
2025-05-01,quinta-feira,3,TREB. MINAS,IFCO,6424,explícito,1207.0,7
2025-05-01,quinta-feira,3,TREBESCHI DF,IFCO,6424,explícito,20.0,1
2025-05-02,sexta-feira,4,PH CORUMBA (PF),HB,623,explícito,690.0,1
2025-05-02,sexta-feira,4,PH UBAJARA,IFCO,6416,explícito,5.0,3
2025-05-02,sexta-feira,4,PH UBAJARA,IFCO,6424,explícito,4.0,3
2025-05-02,sexta-feira,4,TREB. MINAS,HB,618,explícito,470.0,28
2025-05-02,sexta-feira,4,TREB. MINAS,HB,618,rateio_por_capacidade,2.5780058585941314,2
2025-05-02,sexta-feira,4,TREB. MINAS,HB,623,explícito,5.0,2
2025-05-02,sexta-feira,4,TREB. MINAS,HB,623,rateio_por_capacidade,0.42199414140586883,2
2025-05-02,sexta-feira,4,TREB. MINAS,IFCO,6416,explícito,601.0,4
2025-05-03,sábado,5,PH CASCAVEL,IFCO,6424,explícito,640.0,1
2025-05-03,sábado,5,PH CORUMBA (PF),HB,623,explícito,1165.0,3
2025-05-03,sábado,5,PH CORUMBA (PF),IFCO,6424,explícito,800.0,2
2025-05-03,sábado,5,PH UBAJARA,HB,618,explícito,121.0,23
2025-05-03,sábado,5,PH UBAJARA,HB,623,explícito,1.0,1
2025-05-03,sábado,5,PH UBAJARA,IFCO,6416,explícito,1328.0,153
2025-05-03,sábado,5,PH UBAJARA,IFCO,6424,explícito,634.0,75
2025-05-03,sábado,5,TREB GOIANIA - GALPAO CD,IFCO,6424,explícito,116.0,1
2025-05-03,sábado,5,TREB. MINAS,HB,618,explícito,812.0,38
2025-05-03,sábado,5,TREB. MINAS,HB,618,rateio_por_capacidade,246.75583369973944,15
2025-05-03,sábado,5,TREB. MINAS,HB,623,explícito,1448.0,11
2025-05-03,sábado,5,TREB. MINAS,HB,623,rateio_por_capacidade,96.24416630026059,29
2025-05-03,sábado,5,TREB. MINAS,HB,NAO_INFORMADO,sem_base_para_rateio,9.0,4
2025-05-03,sábado,5,TREB. MINAS,IFCO,6416,explícito,701.0,17
2025-05-03,sábado,5,TREB. MINAS,IFCO,6424,explícito,327.0,8
2025-05-05,segunda-feira,0,PH CASCAVEL,IFCO,6424,explícito,640.0,1
2025-05-05,segunda-feira,0,PH CORUMBA (PF),HB,623,explícito,1260.0,2
2025-05-05,segunda-feira,0,PH CORUMBA (PF),IFCO,6424,explícito,1063.0,5
2025-05-05,segunda-feira,0,PH UBAJARA,HB,618,explícito,313.0,23
2025-05-05,segunda-feira,0,PH UBAJARA,HB,623,explícito,3.0,1
2025-05-05,segunda-feira,0,TREB GOIANIA - GALPAO CD,IFCO,6424,explícito,46.0,3
2025-05-05,segunda-feira,0,TREB. MINAS,HB,618,explícito,651.0,29
2025-05-05,segunda-feira,0,TREB. MINAS,HB,618,rateio_por_capacidade,2.5780058585941314,1
2025-05-05,segunda-feira,0,TREB. MINAS,HB,623,explícito,834.0,4
2025-05-05,segunda-feira,0,TREB. MINAS,HB,623,rateio_por_capacidade,0.42199414140586883,1
2025-05-05,segunda-feira,0,TREB. MINAS,IFCO,6416,explícito,481.0,5
2025-05-05,segunda-feira,0,TREB. MINAS,IFCO,6424,explícito,640.0,1
2025-05-05,segunda-feira,0,TREBESCHI DF,IFCO,6424,explícito,13.0,3
2025-05-06,terça-feira,1,PH CASCAVEL,IFCO,6424,explícito,560.0,2
2025-05-06,terça-feira,1,PH CORUMBA (PF),HB,623,explícito,690.0,2
2025-05-06,terça-feira,1,PH CORUMBA (PF),IFCO,6424,explícito,1888.0,4
2025-05-06,terça-feira,1,PH UBAJARA,IFCO,6416,explícito,146.06666666666666,18
2025-05-06,terça-feira,1,PH UBAJARA,IFCO,6424,explícito,20.0,5
2025-05-06,terça-feira,1,TREB GOIANIA - GALPAO CD,IFCO,6424,explícito,2.0,1
2025-05-06,terça-feira,1,TREB. MINAS,HB,618,explícito,790.0,25
2025-05-06,terça-feira,1,TREB. MINAS,HB,618,rateio_por_capacidade,236.0759302700996,13
2025-05-06,terça-feira,1,TREB. MINAS,HB,623,explícito,968.0,13
2025-05-06,terça-feira,1,TREB. MINAS,HB,623,rateio_por_capacidade,427.9240697299004,25
2025-05-06,terça-feira,1,TREB. MINAS,HB,NAO_INFORMADO,sem_base_para_rateio,123.0,5
2025-05-06,terça-feira,1,TREB. MINAS,IFCO,6416,explícito,897.0,138
2025-05-06,terça-feira,1,TREB. MINAS,IFCO,6424,explícito,580.0,2
2025-05-06,terça-feira,1,TREBESCHI DF,IFCO,6424,explícito,8.0,2
2025-05-07,quarta-feira,2,PH CORUMBA (PF),IFCO,6424,explícito,640.0,1
2025-05-07,quarta-feira,2,PH UBAJARA,IFCO,6416,explícito,430.0,25
2025-05-07,quarta-feira,2,PH UBAJARA,IFCO,6424,explícito,262.0,7
2025-05-07,quarta-feira,2,TREB GOIANIA - GALPAO CD,IFCO,6424,explícito,18.0,6
2025-05-07,quarta-feira,2,TREB. MINAS,HB,618,explícito,701.0,17
2025-05-07,quarta-feira,2,TREB. MINAS,HB,618,rateio_por_capacidade,189.62813135424113,7
2025-05-07,quarta-feira,2,TREB. MINAS,HB,623,explícito,43.0,3
2025-05-07,quarta-feira,2,TREB. MINAS,HB,623,rateio_por_capacidade,32.37186864575887,13
2025-05-07,quarta-feira,2,TREB. MINAS,HB,NAO_INFORMADO,sem_base_para_rateio,2.0,1
2025-05-07,quarta-feira,2,TREB. MINAS,IFCO,6416,explícito,1085.0,27
2025-05-07,quarta-feira,2,TREB. MINAS,IFCO,6424,explícito,1740.0,13
2025-05-08,quinta-feira,3,PH CORUMBA (PF),HB,623,explícito,900.0,1
2025-05-08,quinta-feira,3,PH CORUMBA (PF),IFCO,6424,explícito,1760.0,2
2025-05-08,quinta-feira,3,PH UBAJARA,HB,618,explícito,97.0,12
2025-05-08,quinta-feira,3,PH UBAJARA,HB,623,explícito,1.0,1
2025-05-08,quinta-feira,3,PH UBAJARA,IFCO,6416,explícito,154.0,13
2025-05-08,quinta-feira,3,PH UBAJARA,IFCO,6424,explícito,316.0,17
2025-05-08,quinta-feira,3,TREB. MINAS,HB,618,explícito,1090.0,43
2025-05-08,quinta-feira,3,TREB. MINAS,HB,618,rateio_por_capacidade,376.00368151200877,18
2025-05-08,quinta-feira,3,TREB. MINAS,HB,623,explícito,380.0,13
2025-05-08,quinta-feira,3,TREB. MINAS,HB,623,rateio_por_capacidade,178.99631848799126,22
2025-05-08,quinta-feira,3,TREB. MINAS,HB,NAO_INFORMADO,sem_base_para_rateio,64.0,5
2025-05-08,quinta-feira,3,TREB. MINAS,IFCO,6416,explícito,144.0,5
2025-05-08,quinta-feira,3,TREB. MINAS,IFCO,6424,explícito,328.0,6
2025-05-09,sexta-feira,4,PH CORUMBA (PF),HB,623,explícito,690.0,1
2025-05-09,sexta-feira,4,TREB. MINAS,HB,618,explícito,791.0,31
2025-05-09,sexta-feira,4,TREB. MINAS,HB,618,rateio_por_capacidade,48.31714803128166,7
2025-05-09,sexta-feira,4,TREB. MINAS,HB,623,explícito,470.0,4
2025-05-09,sexta-feira,4,TREB. MINAS,HB,623,rateio_por_capacidade,184.68285196871835,10
2025-05-09,sexta-feira,4,TREB. MINAS,HB,NAO_INFORMADO,sem_base_para_rateio,30.0,2
2025-05-09,sexta-feira,4,TREB. MINAS,IFCO,6416,explícito,993.0,19
2025-05-09,sexta-feira,4,TREB. MINAS,IFCO,6424,explícito,614.0,4
2025-05-10,sábado,5,PH CASCAVEL,IFCO,6424,explícito,720.0,1
2025-05-10,sábado,5,PH CORUMBA (PF),HB,623,explícito,690.0,2
2025-05-10,sábado,5,PH CORUMBA (PF),IFCO,6424,explícito,890.0,2
2025-05-10,sábado,5,PH UBAJARA,HB,618,explícito,105.0,22
2025-05-10,sábado,5,PH UBAJARA,HB,623,explícito,1.0,1
2025-05-10,sábado,5,PH UBAJARA,HB,623,rateio_por_capacidade,3.0,1
2025-05-10,sábado,5,PH UBAJARA,IFCO,6416,explícito,991.0,116
2025-05-10,sábado,5,PH UBAJARA,IFCO,6424,explícito,537.0,75
2025-05-10,sábado,5,TREB. MINAS,HB,618,explícito,927.0,42
2025-05-10,sábado,5,TREB. MINAS,HB,618,rateio_por_capacidade,80.18271699738499,11
2025-05-10,sábado,5,TREB. MINAS,HB,623,explícito,959.0,13
2025-05-10,sábado,5,TREB. MINAS,HB,623,rateio_por_capacidade,78.81728300261501,18
2025-05-10,sábado,5,TREB. MINAS,HB,NAO_INFORMADO,sem_base_para_rateio,22.0,2
2025-05-10,sábado,5,TREB. MINAS,IFCO,6416,explícito,650.0,29
2025-05-10,sábado,5,TREB. MINAS,IFCO,6424,explícito,207.0,8
2025-05-12,segunda-feira,0,PH CORUMBA (PF),HB,623,explícito,1260.0,1
2025-05-12,segunda-feira,0,PH CORUMBA (PF),IFCO,6424,explícito,1274.0,2
2025-05-12,segunda-feira,0,PH UBAJARA,HB,618,explícito,334.0,18
2025-05-12,segunda-feira,0,PH UBAJARA,HB,623,explícito,18.0,1
2025-05-12,segunda-feira,0,PH UBAJARA,IFCO,6416,explícito,2.884615384615381,3
2025-05-12,segunda-feira,0,PH UBAJARA,IFCO,6424,explícito,1.099999999999999,3
2025-05-12,segunda-feira,0,TREB. MINAS,HB,618,explícito,800.0,33
2025-05-12,segunda-feira,0,TREB. MINAS,HB,618,rateio_por_capacidade,5.156011717188263,1
2025-05-12,segunda-feira,0,TREB. MINAS,HB,623,explícito,894.0,4
2025-05-12,segunda-feira,0,TREB. MINAS,HB,623,rateio_por_capacidade,0.8439882828117377,1
2025-05-12,segunda-feira,0,TREB. MINAS,IFCO,6416,explícito,395.0,4
2025-05-13,terça-feira,1,PH CORUMBA (PF),IFCO,6424,explícito,1280.0,4
2025-05-13,terça-feira,1,PH SUL (PF),IFCO,6424,explícito,61.0,5
2025-05-13,terça-feira,1,PH UBAJARA,HB,618,explícito,2.0,1
2025-05-13,terça-feira,1,PH UBAJARA,IFCO,6416,explícito,116.0,17
2025-05-13,terça-feira,1,PH UBAJARA,IFCO,6424,explícito,17.0,5
2025-05-13,terça-feira,1,TREB. MINAS,HB,618,explícito,859.0,26
2025-05-13,terça-feira,1,TREB. MINAS,HB,618,rateio_por_capacidade,247.2497737055047,16
2025-05-13,terça-feira,1,TREB. MINAS,HB,623,explícito,829.0,10
2025-05-13,terça-feira,1,TREB. MINAS,HB,623,rateio_por_capacidade,81.75022629449532,20
2025-05-13,terça-feira,1,TREB. MINAS,HB,NAO_INFORMADO,sem_base_para_rateio,66.0,4
2025-05-13,terça-feira,1,TREB. MINAS,IFCO,6416,explícito,747.0,125
2025-05-14,quarta-feira,2,PH CORUMBA (PF),IFCO,6424,explícito,640.0,1
2025-05-14,quarta-feira,2,PH SUL (PF),IFCO,6424,explícito,50.0,1
2025-05-14,quarta-feira,2,PH UBAJARA,IFCO,6416,explícito,652.0,45
2025-05-14,quarta-feira,2,PH UBAJARA,IFCO,6424,explícito,190.0,14
2025-05-14,quarta-feira,2,TREB. MINAS,HB,618,explícito,705.0,16
2025-05-14,quarta-feira,2,TREB. MINAS,HB,618,rateio_por_capacidade,12.440508189216962,6
2025-05-14,quarta-feira,2,TREB. MINAS,HB,623,explícito,4.0,1
2025-05-14,quarta-feira,2,TREB. MINAS,HB,623,rateio_por_capacidade,13.559491810783038,12
2025-05-14,quarta-feira,2,TREB. MINAS,HB,NAO_INFORMADO,sem_base_para_rateio,4.0,2
2025-05-14,quarta-feira,2,TREB. MINAS,IFCO,6416,explícito,638.0,8
2025-05-14,quarta-feira,2,TREB. MINAS,IFCO,6424,explícito,451.0,6
2025-05-15,quinta-feira,3,PH CORUMBA (PF),HB,623,explícito,1260.0,2
2025-05-15,quinta-feira,3,PH CORUMBA (PF),IFCO,6424,explícito,248.0,2
2025-05-15,quinta-feira,3,PH SUL (PF),IFCO,6424,explícito,40.0,3
2025-05-15,quinta-feira,3,PH UBAJARA,HB,618,explícito,97.0,11
2025-05-15,quinta-feira,3,PH UBAJARA,IFCO,6416,explícito,519.4782608695652,22
2025-05-15,quinta-feira,3,PH UBAJARA,IFCO,6424,explícito,281.74418604651163,25
2025-05-15,quinta-feira,3,TREB. MINAS,HB,618,explícito,881.0,45
2025-05-15,quinta-feira,3,TREB. MINAS,HB,618,rateio_por_capacidade,194.86961889446837,15
2025-05-15,quinta-feira,3,TREB. MINAS,HB,623,explícito,116.0,11
2025-05-15,quinta-feira,3,TREB. MINAS,HB,623,rateio_por_capacidade,239.13038110553165,21
2025-05-15,quinta-feira,3,TREB. MINAS,HB,NAO_INFORMADO,sem_base_para_rateio,71.0,4
2025-05-15,quinta-feira,3,TREB. MINAS,IFCO,6416,explícito,52.0,4
2025-05-15,quinta-feira,3,TREB. MINAS,IFCO,6424,explícito,37.0,5
2025-05-16,sexta-feira,4,PH CORUMBA (PF),HB,618,explícito,400.0,1
2025-05-16,sexta-feira,4,PH CORUMBA (PF),HB,623,explícito,1010.0,2
2025-05-16,sexta-feira,4,PH SUL (PF),IFCO,6424,explícito,393.0,2
2025-05-16,sexta-feira,4,PH UBAJARA,IFCO,6416,explícito,23.16666666666667,8
2025-05-16,sexta-feira,4,PH UBAJARA,IFCO,6424,explícito,4.083333333333332,7
2025-05-16,sexta-feira,4,TREB. MINAS,HB,618,explícito,489.0,29
2025-05-16,sexta-feira,4,TREB. MINAS,HB,618,rateio_por_capacidade,4.296676430990219,1
2025-05-16,sexta-feira,4,TREB. MINAS,HB,623,explícito,4.0,1
2025-05-16,sexta-feira,4,TREB. MINAS,HB,623,rateio_por_capacidade,0.7033235690097814,1
2025-05-17,sábado,5,PH CORUMBA (PF),HB,623,explícito,690.0,2
2025-05-17,sábado,5,PH CORUMBA (PF),IFCO,6424,explícito,430.0,2
2025-05-17,sábado,5,PH UBAJARA,HB,618,explícito,140.0,26
2025-05-17,sábado,5,PH UBAJARA,HB,623,explícito,3.0,1
2025-05-17,sábado,5,PH UBAJARA,IFCO,6416,explícito,580.1666666666666,117
2025-05-17,sábado,5,PH UBAJARA,IFCO,6424,explícito,338.0,58
2025-05-17,sábado,5,TREB. MINAS,HB,618,explícito,799.0,42
2025-05-17,sábado,5,TREB. MINAS,HB,618,rateio_por_capacidade,273.84511153635026,13
2025-05-17,sábado,5,TREB. MINAS,HB,623,explícito,814.0,10
2025-05-17,sábado,5,TREB. MINAS,HB,623,rateio_por_capacidade,57.15488846364972,19
2025-05-17,sábado,5,TREB. MINAS,HB,NAO_INFORMADO,sem_base_para_rateio,7.0,2
2025-05-17,sábado,5,TREB. MINAS,IFCO,6416,explícito,860.0,10
2025-05-17,sábado,5,TREB. MINAS,IFCO,6424,explícito,160.0,2
2025-05-19,segunda-feira,0,PH CORUMBA (PF),HB,623,explícito,1260.0,1
2025-05-19,segunda-feira,0,PH SUL (PF),IFCO,6424,explícito,38.0,3
2025-05-19,segunda-feira,0,PH UBAJARA,HB,618,explícito,410.0,32
2025-05-19,segunda-feira,0,PH UBAJARA,HB,623,explícito,1.0,1
2025-05-19,segunda-feira,0,PH UBAJARA,IFCO,6416,explícito,0.0666666666666667,1
2025-05-19,segunda-feira,0,PH UBAJARA,IFCO,6424,explícito,16.0,1
2025-05-19,segunda-feira,0,TREB. MINAS,HB,618,explícito,666.0,29
2025-05-19,segunda-feira,0,TREB. MINAS,HB,618,rateio_por_capacidade,10.878776596557552,2
2025-05-19,segunda-feira,0,TREB. MINAS,HB,623,explícito,244.0,4
2025-05-19,segunda-feira,0,TREB. MINAS,HB,623,rateio_por_capacidade,1.1212234034424486,2
2025-05-19,segunda-feira,0,TREB. MINAS,IFCO,6416,explícito,437.0,4
2025-05-19,segunda-feira,0,TREB. MINAS,IFCO,6424,explícito,90.0,8
2025-05-20,terça-feira,1,PH CORUMBA (PF),HB,623,explícito,690.0,2
2025-05-20,terça-feira,1,PH CORUMBA (PF),IFCO,6424,explícito,220.0,1
2025-05-20,terça-feira,1,PH UBAJARA,HB,618,explícito,2.0,1
2025-05-20,terça-feira,1,PH UBAJARA,IFCO,6416,explícito,213.0,58
2025-05-20,terça-feira,1,PH UBAJARA,IFCO,6424,explícito,17.0,4
2025-05-20,terça-feira,1,TREB. MINAS,HB,618,explícito,866.0,29
2025-05-20,terça-feira,1,TREB. MINAS,HB,618,rateio_por_capacidade,165.77448887431407,26
2025-05-20,terça-feira,1,TREB. MINAS,HB,623,explícito,281.0,14
2025-05-20,terça-feira,1,TREB. MINAS,HB,623,rateio_por_capacidade,179.22551112568593,38
2025-05-20,terça-feira,1,TREB. MINAS,HB,NAO_INFORMADO,sem_base_para_rateio,41.0,5
2025-05-20,terça-feira,1,TREB. MINAS,IFCO,6416,explícito,944.0,140
2025-05-20,terça-feira,1,TREB. MINAS,IFCO,6424,explícito,45.0,7
2025-05-21,quarta-feira,2,PH CORUMBA (PF),HB,623,explícito,1586.0,2
2025-05-21,quarta-feira,2,PH CORUMBA (PF),IFCO,6424,explícito,640.0,2
2025-05-21,quarta-feira,2,PH UBAJARA,IFCO,6416,explícito,379.0,19
2025-05-21,quarta-feira,2,PH UBAJARA,IFCO,6424,explícito,116.0,6
2025-05-21,quarta-feira,2,TREB. MINAS,HB,618,explícito,765.0,18
2025-05-21,quarta-feira,2,TREB. MINAS,HB,618,rateio_por_capacidade,17.186705723960877,1
2025-05-21,quarta-feira,2,TREB. MINAS,HB,623,explícito,4.0,1
2025-05-21,quarta-feira,2,TREB. MINAS,HB,623,rateio_por_capacidade,2.8132942760391257,1
2025-05-21,quarta-feira,2,TREB. MINAS,IFCO,6416,explícito,681.0,7
2025-05-21,quarta-feira,2,TREB. MINAS,IFCO,6424,explícito,55.0,5
2025-05-22,quinta-feira,3,PH CORUMBA (PF),IFCO,6424,explícito,638.0,2
2025-05-22,quinta-feira,3,PH UBAJARA,HB,618,explícito,200.0,21
2025-05-22,quinta-feira,3,PH UBAJARA,IFCO,6416,explícito,990.0,86
2025-05-22,quinta-feira,3,PH UBAJARA,IFCO,6424,explícito,883.0,121
2025-05-22,quinta-feira,3,TREB. MINAS,HB,618,explícito,971.0,45
2025-05-22,quinta-feira,3,TREB. MINAS,HB,618,rateio_por_capacidade,202.3603319797175,17
2025-05-22,quinta-feira,3,TREB. MINAS,HB,623,explícito,307.0,14
2025-05-22,quinta-feira,3,TREB. MINAS,HB,623,rateio_por_capacidade,199.63966802028253,25
2025-05-22,quinta-feira,3,TREB. MINAS,HB,NAO_INFORMADO,sem_base_para_rateio,120.0,3
2025-05-22,quinta-feira,3,TREB. MINAS,IFCO,6416,explícito,112.0,7
2025-05-22,quinta-feira,3,TREB. MINAS,IFCO,6424,explícito,43.0,4
2025-05-23,sexta-feira,4,PH UBAJARA,IFCO,6416,explícito,82.0,5
2025-05-23,sexta-feira,4,PH UBAJARA,IFCO,6424,explícito,302.0,10
2025-05-23,sexta-feira,4,TREB. MINAS,HB,618,explícito,483.6166666666667,32
2025-05-23,sexta-feira,4,TREB. MINAS,HB,618,rateio_por_capacidade,137.9506993046045,7
2025-05-23,sexta-feira,4,TREB. MINAS,HB,623,explícito,820.0,5
2025-05-23,sexta-feira,4,TREB. MINAS,HB,623,rateio_por_capacidade,36.04930069539548,15
2025-05-23,sexta-feira,4,TREB. MINAS,HB,NAO_INFORMADO,sem_base_para_rateio,2.0,1
2025-05-23,sexta-feira,4,TREB. MINAS,IFCO,6416,explícito,0.7166666666666659,3
2025-05-24,sábado,5,PH CORUMBA (PF),HB,618,explícito,200.0,1
2025-05-24,sábado,5,PH CORUMBA (PF),HB,623,explícito,810.0,2
2025-05-24,sábado,5,PH UBAJARA,HB,618,explícito,125.0,21
2025-05-24,sábado,5,PH UBAJARA,HB,623,explícito,11.0,2
2025-05-24,sábado,5,PH UBAJARA,HB,623,rateio_por_capacidade,4.0,1
2025-05-24,sábado,5,PH UBAJARA,IFCO,6416,explícito,654.0,96
2025-05-24,sábado,5,PH UBAJARA,IFCO,6424,explícito,476.0,73
2025-05-24,sábado,5,TREB. MINAS,HB,618,explícito,759.0,43
2025-05-24,sábado,5,TREB. MINAS,HB,618,rateio_por_capacidade,648.172479842929,4
2025-05-24,sábado,5,TREB. MINAS,HB,623,explícito,1037.0,13
2025-05-24,sábado,5,TREB. MINAS,HB,623,rateio_por_capacidade,98.82752015707105,4
2025-05-24,sábado,5,TREB. MINAS,HB,NAO_INFORMADO,sem_base_para_rateio,85.0,3
2025-05-24,sábado,5,TREB. MINAS,IFCO,6416,explícito,854.0,10
2025-05-24,sábado,5,TREB. MINAS,IFCO,6424,explícito,640.0,2
2025-05-26,segunda-feira,0,PH CORUMBA (PF),HB,623,explícito,690.0,1
2025-05-26,segunda-feira,0,PH UBAJARA,HB,618,explícito,181.0,12
2025-05-26,segunda-feira,0,PH UBAJARA,IFCO,6416,explícito,2.346153846153847,5
2025-05-26,segunda-feira,0,PH UBAJARA,IFCO,6424,explícito,16.383333333333333,5
2025-05-26,segunda-feira,0,TREB. MINAS,HB,618,explícito,670.0,30
2025-05-26,segunda-feira,0,TREB. MINAS,HB,618,rateio_por_capacidade,584.4544635158252,2
2025-05-26,segunda-feira,0,TREB. MINAS,HB,623,explícito,124.0,2
2025-05-26,segunda-feira,0,TREB. MINAS,HB,623,rateio_por_capacidade,60.54553648417487,2
2025-05-26,segunda-feira,0,TREB. MINAS,IFCO,6416,explícito,348.0,4
2025-05-27,terça-feira,1,PH CORUMBA (PF),HB,623,explícito,1380.0,4
2025-05-27,terça-feira,1,PH UBAJARA,HB,618,explícito,2.0,1
2025-05-27,terça-feira,1,PH UBAJARA,IFCO,6416,explícito,117.0,16
2025-05-27,terça-feira,1,PH UBAJARA,IFCO,6424,explícito,26.0,6
2025-05-27,terça-feira,1,TREB. MINAS,HB,618,explícito,571.0,26
2025-05-27,terça-feira,1,TREB. MINAS,HB,618,rateio_por_capacidade,143.63073853218924,20
2025-05-27,terça-feira,1,TREB. MINAS,HB,623,explícito,142.0,12
2025-05-27,terça-feira,1,TREB. MINAS,HB,623,rateio_por_capacidade,52.369261467810745,22
2025-05-27,terça-feira,1,TREB. MINAS,HB,NAO_INFORMADO,sem_base_para_rateio,6.0,1
2025-05-27,terça-feira,1,TREB. MINAS,IFCO,6416,explícito,481.0,6
2025-05-27,terça-feira,1,TREB. MINAS,IFCO,6424,explícito,500.0,2
2025-05-28,quarta-feira,2,PH CORUMBA (PF),IFCO,6424,explícito,400.0,2
2025-05-28,quarta-feira,2,PH UBAJARA,IFCO,6416,explícito,272.0,17
2025-05-28,quarta-feira,2,PH UBAJARA,IFCO,6424,explícito,209.0,5
2025-05-28,quarta-feira,2,TREB. MINAS,HB,618,explícito,491.0,19
2025-05-28,quarta-feira,2,TREB. MINAS,HB,618,rateio_por_capacidade,351.1227657310494,14
2025-05-28,quarta-feira,2,TREB. MINAS,HB,623,explícito,712.0,5
2025-05-28,quarta-feira,2,TREB. MINAS,HB,623,rateio_por_capacidade,147.8772342689506,31
2025-05-28,quarta-feira,2,TREB. MINAS,HB,NAO_INFORMADO,sem_base_para_rateio,19.0,5
2025-05-28,quarta-feira,2,TREB. MINAS,IFCO,6416,explícito,1476.0,40
2025-05-28,quarta-feira,2,TREB. MINAS,IFCO,6424,explícito,135.0,13
2025-05-29,quinta-feira,3,PH CORUMBA (PF),HB,623,explícito,740.0,3
2025-05-29,quinta-feira,3,PH UBAJARA,HB,618,explícito,338.0,17
2025-05-29,quinta-feira,3,PH UBAJARA,HB,623,explícito,1.0,1
2025-05-29,quinta-feira,3,PH UBAJARA,IFCO,6416,explícito,39.0,5
2025-05-29,quinta-feira,3,TREB. MINAS,HB,618,explícito,920.0,50
2025-05-29,quinta-feira,3,TREB. MINAS,HB,618,rateio_por_capacidade,386.62876917984613,18
2025-05-29,quinta-feira,3,TREB. MINAS,HB,623,explícito,188.0,14
2025-05-29,quinta-feira,3,TREB. MINAS,HB,623,rateio_por_capacidade,217.37123082015387,25
2025-05-29,quinta-feira,3,TREB. MINAS,HB,NAO_INFORMADO,sem_base_para_rateio,72.0,4
2025-05-29,quinta-feira,3,TREB. MINAS,IFCO,6416,explícito,120.0,5
2025-05-29,quinta-feira,3,TREB. MINAS,IFCO,6424,explícito,73.0,5
2025-05-30,sexta-feira,4,PH CORUMBA (PF),HB,623,explícito,690.0,2
2025-05-30,sexta-feira,4,PH CORUMBA (PF),IFCO,6424,explícito,636.0,1
2025-05-30,sexta-feira,4,PH UBAJARA,IFCO,6416,explícito,106.0,7
2025-05-30,sexta-feira,4,PH UBAJARA,IFCO,6424,explícito,225.0,9
2025-05-30,sexta-feira,4,TREB. MINAS,HB,618,explícito,494.0,27
2025-05-30,sexta-feira,4,TREB. MINAS,HB,618,rateio_por_capacidade,44.235342506273895,6
2025-05-30,sexta-feira,4,TREB. MINAS,HB,623,explícito,586.0,4
2025-05-30,sexta-feira,4,TREB. MINAS,HB,623,rateio_por_capacidade,56.764657493726105,8
2025-05-30,sexta-feira,4,TREB. MINAS,HB,NAO_INFORMADO,sem_base_para_rateio,15.0,1
2025-05-30,sexta-feira,4,TREB. MINAS,IFCO,6416,explícito,805.0,5
2025-05-30,sexta-feira,4,TREB. MINAS,IFCO,6424,explícito,610.0,1
2025-05-31,sábado,5,PH CORUMBA (PF),HB,623,explícito,690.0,2
2025-05-31,sábado,5,PH CORUMBA (PF),IFCO,6424,explícito,200.0,1
2025-05-31,sábado,5,PH UBAJARA,HB,618,explícito,138.0,22
2025-05-31,sábado,5,PH UBAJARA,HB,623,explícito,5.0,1
2025-05-31,sábado,5,PH UBAJARA,IFCO,6416,explícito,643.3666666666667,113
2025-05-31,sábado,5,PH UBAJARA,IFCO,6424,explícito,208.28571428571428,48
2025-05-31,sábado,5,TREB. MINAS,HB,618,explícito,857.0,38
2025-05-31,sábado,5,TREB. MINAS,HB,618,rateio_por_capacidade,194.13631656555094,11
2025-05-31,sábado,5,TREB. MINAS,HB,623,explícito,885.0,9
2025-05-31,sábado,5,TREB. MINAS,HB,623,rateio_por_capacidade,121.86368343444906,16
2025-05-31,sábado,5,TREB. MINAS,HB,NAO_INFORMADO,sem_base_para_rateio,117.0,3
2025-05-31,sábado,5,TREB. MINAS,IFCO,6416,explícito,620.0,9
2025-05-31,sábado,5,TREB. MINAS,IFCO,6424,explícito,123.0,5
2025-06-02,segunda-feira,0,PH CORUMBA (PF),HB,623,explícito,1260.0,1
2025-06-02,segunda-feira,0,PH CORUMBA (PF),IFCO,6424,explícito,1280.0,2
2025-06-02,segunda-feira,0,PH UBAJARA,HB,618,explícito,338.0,28
2025-06-02,segunda-feira,0,PH UBAJARA,HB,623,explícito,2.0,1
2025-06-02,segunda-feira,0,PH UBAJARA,IFCO,6416,explícito,266.0,22
2025-06-02,segunda-feira,0,PH UBAJARA,IFCO,6424,explícito,554.4166666666666,46
2025-06-02,segunda-feira,0,TREB. MINAS,HB,618,explícito,344.0,19
2025-06-02,segunda-feira,0,TREB. MINAS,HB,618,rateio_por_capacidade,25.780058585941312,3
2025-06-02,segunda-feira,0,TREB. MINAS,HB,623,explícito,693.0,3
2025-06-02,segunda-feira,0,TREB. MINAS,HB,623,rateio_por_capacidade,4.219941414058688,3
2025-06-02,segunda-feira,0,TREB. MINAS,IFCO,6416,explícito,416.0,4
2025-06-02,segunda-feira,0,TREBESCHI DF,HB,623,explícito,99.0,11
2025-06-03,terça-feira,1,PH CASCAVEL,IFCO,6424,explícito,640.0,3
2025-06-03,terça-feira,1,PH CORUMBA (PF),HB,623,explícito,1380.0,3
2025-06-03,terça-feira,1,PH UBAJARA,IFCO,6416,explícito,127.0,16
2025-06-03,terça-feira,1,PH UBAJARA,IFCO,6424,explícito,23.0,6
2025-06-03,terça-feira,1,TREB. MINAS,HB,618,explícito,613.0,29
2025-06-03,terça-feira,1,TREB. MINAS,HB,618,rateio_por_capacidade,165.4590406643556,17
2025-06-03,terça-feira,1,TREB. MINAS,HB,623,explícito,101.0,8
2025-06-03,terça-feira,1,TREB. MINAS,HB,623,rateio_por_capacidade,46.54095933564442,20
2025-06-03,terça-feira,1,TREB. MINAS,HB,NAO_INFORMADO,sem_base_para_rateio,58.0,3
2025-06-03,terça-feira,1,TREB. MINAS,IFCO,6416,explícito,683.0,136
2025-06-03,terça-feira,1,TREB. MINAS,IFCO,6424,explícito,520.0,2
2025-06-03,terça-feira,1,TREBESCHI DF,HB,623,explícito,6.0,2
2025-06-04,quarta-feira,2,PH CORUMBA (PF),HB,623,explícito,690.0,1
2025-06-04,quarta-feira,2,PH UBAJARA,IFCO,6416,explícito,497.0,24
2025-06-04,quarta-feira,2,PH UBAJARA,IFCO,6424,explícito,50.0,5
2025-06-04,quarta-feira,2,TREB. MINAS,HB,618,explícito,405.0,15
2025-06-04,quarta-feira,2,TREB. MINAS,HB,618,rateio_por_capacidade,375.8551395776877,8
2025-06-04,quarta-feira,2,TREB. MINAS,HB,623,explícito,7.0,2
2025-06-04,quarta-feira,2,TREB. MINAS,HB,623,rateio_por_capacidade,62.14486042231232,16
2025-06-04,quarta-feira,2,TREB. MINAS,HB,NAO_INFORMADO,sem_base_para_rateio,3.0,2
2025-06-04,quarta-feira,2,TREB. MINAS,IFCO,6416,explícito,523.0,16
2025-06-04,quarta-feira,2,TREB. MINAS,IFCO,6424,explícito,1112.0,12
2025-06-04,quarta-feira,2,TREBESCHI DF,HB,623,explícito,14.0,2
2025-06-04,quarta-feira,2,TREBESCHI DF,IFCO,6424,explícito,38.0,9
2025-06-05,quinta-feira,3,PH CORUMBA (PF),HB,623,explícito,1260.0,1
2025-06-05,quinta-feira,3,PH UBAJARA,HB,618,explícito,184.0,27
2025-06-05,quinta-feira,3,PH UBAJARA,HB,623,explícito,1.0,1
2025-06-05,quinta-feira,3,PH UBAJARA,IFCO,6416,explícito,58.906410256410254,24
2025-06-05,quinta-feira,3,PH UBAJARA,IFCO,6424,explícito,34.04047619047619,8
2025-06-05,quinta-feira,3,TREB. MINAS,HB,618,explícito,933.0,46
2025-06-05,quinta-feira,3,TREB. MINAS,HB,618,rateio_por_capacidade,311.27064855601355,13
2025-06-05,quinta-feira,3,TREB. MINAS,HB,623,explícito,96.0,11
2025-06-05,quinta-feira,3,TREB. MINAS,HB,623,rateio_por_capacidade,261.72935144398645,19
2025-06-05,quinta-feira,3,TREB. MINAS,HB,NAO_INFORMADO,sem_base_para_rateio,48.0,3
2025-06-05,quinta-feira,3,TREB. MINAS,IFCO,6416,explícito,449.0,24
2025-06-05,quinta-feira,3,TREB. MINAS,IFCO,6424,explícito,402.0,6
2025-06-05,quinta-feira,3,TREBESCHI DF,IFCO,6424,explícito,49.0,6
2025-06-06,sexta-feira,4,PH CASCAVEL,IFCO,6424,explícito,720.0,3
2025-06-06,sexta-feira,4,PH CORUMBA (PF),HB,623,explícito,690.0,1
2025-06-06,sexta-feira,4,PH CORUMBA (PF),IFCO,6424,explícito,1120.0,1
2025-06-06,sexta-feira,4,TREB. MINAS,HB,618,explícito,531.0,28
2025-06-06,sexta-feira,4,TREB. MINAS,HB,618,rateio_por_capacidade,4.296676430990219,1
2025-06-06,sexta-feira,4,TREB. MINAS,HB,623,explícito,4.0,1
2025-06-06,sexta-feira,4,TREB. MINAS,HB,623,rateio_por_capacidade,0.7033235690097814,1
2025-06-06,sexta-feira,4,TREB. MINAS,IFCO,6416,explícito,532.0,14
2025-06-06,sexta-feira,4,TREB. MINAS,IFCO,6424,explícito,1114.0,10
2025-06-06,sexta-feira,4,TREBESCHI DF,IFCO,6424,explícito,16.0,2
2025-06-07,sábado,5,PH ALHO/CEBOLA,HB,623,explícito,200.0,1
2025-06-07,sábado,5,PH CORUMBA (PF),IFCO,6424,explícito,940.0,3
2025-06-07,sábado,5,PH UBAJARA,HB,618,explícito,140.0,19
2025-06-07,sábado,5,PH UBAJARA,HB,618,rateio_por_capacidade,2.098347122435406,1
2025-06-07,sábado,5,PH UBAJARA,HB,623,explícito,1.0,1
2025-06-07,sábado,5,PH UBAJARA,HB,623,rateio_por_capacidade,0.10165287756459401,1
2025-06-07,sábado,5,PH UBAJARA,IFCO,6416,explícito,740.4166666666666,87
2025-06-07,sábado,5,PH UBAJARA,IFCO,6424,explícito,349.0,35
2025-06-07,sábado,5,TREB. MINAS,HB,618,explícito,970.0,41
2025-06-07,sábado,5,TREB. MINAS,HB,618,rateio_por_capacidade,762.8364780724509,19
2025-06-07,sábado,5,TREB. MINAS,HB,623,explícito,1222.0,7
2025-06-07,sábado,5,TREB. MINAS,HB,623,rateio_por_capacidade,213.1635219275491,28
2025-06-07,sábado,5,TREB. MINAS,HB,NAO_INFORMADO,sem_base_para_rateio,20.0,4
2025-06-07,sábado,5,TREB. MINAS,IFCO,6416,explícito,570.0,7
2025-06-07,sábado,5,TREB. MINAS,IFCO,6424,explícito,300.0,1
2025-06-09,segunda-feira,0,PH CORUMBA (PF),HB,623,explícito,1950.0,3
2025-06-09,segunda-feira,0,PH UBAJARA,HB,618,explícito,341.0,20
2025-06-09,segunda-feira,0,PH UBAJARA,HB,623,explícito,2.0,1
2025-06-09,segunda-feira,0,PH UBAJARA,IFCO,6416,explícito,0.0666666666666667,1
2025-06-09,segunda-feira,0,TREB. MINAS,HB,618,explícito,728.0,28
2025-06-09,segunda-feira,0,TREB. MINAS,HB,618,rateio_por_capacidade,3.437341144792175,1
2025-06-09,segunda-feira,0,TREB. MINAS,HB,623,explícito,693.0,3
2025-06-09,segunda-feira,0,TREB. MINAS,HB,623,rateio_por_capacidade,0.5626588552078251,1
2025-06-09,segunda-feira,0,TREB. MINAS,IFCO,6416,explícito,334.0,5
2025-06-09,segunda-feira,0,TREB. MINAS,IFCO,6424,explícito,200.0,1
2025-06-09,segunda-feira,0,TREBESCHI DF,HB,623,explícito,20.0,2
2025-06-09,segunda-feira,0,TREBESCHI DF,IFCO,6424,explícito,1.0,1
2025-06-10,terça-feira,1,PH CORUMBA (PF),HB,623,explícito,690.0,2
2025-06-10,terça-feira,1,PH CORUMBA (PF),IFCO,6424,explícito,150.0,1
2025-06-10,terça-feira,1,PH UBAJARA,IFCO,6416,explícito,178.0,42
2025-06-10,terça-feira,1,PH UBAJARA,IFCO,6424,explícito,51.0,17
2025-06-10,terça-feira,1,TREB. MINAS,HB,618,explícito,687.0,27
2025-06-10,terça-feira,1,TREB. MINAS,HB,618,rateio_por_capacidade,193.44808657866812,21
2025-06-10,terça-feira,1,TREB. MINAS,HB,623,explícito,121.0,11
2025-06-10,terça-feira,1,TREB. MINAS,HB,623,rateio_por_capacidade,143.5519134213319,28
2025-06-10,terça-feira,1,TREB. MINAS,HB,NAO_INFORMADO,sem_base_para_rateio,52.0,4
2025-06-10,terça-feira,1,TREB. MINAS,IFCO,6416,explícito,627.0,86
2025-06-10,terça-feira,1,TREB. MINAS,IFCO,6424,explícito,9.0,5
2025-06-11,quarta-feira,2,PH UBAJARA,IFCO,6416,explícito,1166.0,80
2025-06-11,quarta-feira,2,PH UBAJARA,IFCO,6424,explícito,789.0,49
2025-06-11,quarta-feira,2,TREB. MINAS,HB,618,explícito,488.0,15
2025-06-11,quarta-feira,2,TREB. MINAS,HB,618,rateio_por_capacidade,23.81758408689432,5
2025-06-11,quarta-feira,2,TREB. MINAS,HB,623,explícito,714.0,5
2025-06-11,quarta-feira,2,TREB. MINAS,HB,623,rateio_por_capacidade,57.182415913105686,10
2025-06-11,quarta-feira,2,TREB. MINAS,HB,NAO_INFORMADO,sem_base_para_rateio,3.0,2
2025-06-11,quarta-feira,2,TREB. MINAS,IFCO,6416,explícito,603.0,15
2025-06-11,quarta-feira,2,TREB. MINAS,IFCO,6424,explícito,88.0,15
2025-06-11,quarta-feira,2,TREBESCHI DF,IFCO,6424,explícito,1.0,1
2025-06-12,quinta-feira,3,PH CORUMBA (PF),HB,623,explícito,690.0,2
2025-06-12,quinta-feira,3,PH CORUMBA (PF),IFCO,6424,explícito,1320.0,4
2025-06-12,quinta-feira,3,PH UBAJARA,HB,618,explícito,141.0,27
2025-06-12,quinta-feira,3,PH UBAJARA,HB,623,explícito,1.0,1
2025-06-12,quinta-feira,3,PH UBAJARA,IFCO,6424,explícito,278.0,1
2025-06-12,quinta-feira,3,TREB. MINAS,HB,618,explícito,962.0,42
2025-06-12,quinta-feira,3,TREB. MINAS,HB,618,rateio_por_capacidade,353.97405305391106,12
2025-06-12,quinta-feira,3,TREB. MINAS,HB,623,explícito,833.0,12
2025-06-12,quinta-feira,3,TREB. MINAS,HB,623,rateio_por_capacidade,246.02594694608894,21
2025-06-12,quinta-feira,3,TREB. MINAS,HB,NAO_INFORMADO,sem_base_para_rateio,100.0,3
2025-06-12,quinta-feira,3,TREB. MINAS,IFCO,6416,explícito,116.0,6
2025-06-12,quinta-feira,3,TREB. MINAS,IFCO,6424,explícito,450.0,6
2025-06-13,sexta-feira,4,PH CORUMBA (PF),HB,623,explícito,690.0,1
2025-06-13,sexta-feira,4,PH CORUMBA (PF),IFCO,6424,explícito,1120.0,2
2025-06-13,sexta-feira,4,PH UBAJARA,IFCO,6416,explícito,70.0,17
2025-06-13,sexta-feira,4,PH UBAJARA,IFCO,6424,explícito,137.0,12
2025-06-13,sexta-feira,4,TREB. MINAS,HB,618,explícito,474.0,29
2025-06-13,sexta-feira,4,TREB. MINAS,HB,618,rateio_por_capacidade,2.5780058585941314,1
2025-06-13,sexta-feira,4,TREB. MINAS,HB,623,explícito,363.0,3
2025-06-13,sexta-feira,4,TREB. MINAS,HB,623,rateio_por_capacidade,0.42199414140586883,1
2025-06-13,sexta-feira,4,TREB. MINAS,IFCO,6416,explícito,434.0,4
2025-06-14,sábado,5,PH UBAJARA,HB,618,explícito,178.0,24
2025-06-14,sábado,5,PH UBAJARA,HB,623,explícito,1.0,1
2025-06-14,sábado,5,PH UBAJARA,IFCO,6416,explícito,570.3076923076923,66
2025-06-14,sábado,5,PH UBAJARA,IFCO,6424,explícito,384.0,22
2025-06-14,sábado,5,TREB. MINAS,HB,618,explícito,886.0,42
2025-06-14,sábado,5,TREB. MINAS,HB,618,rateio_por_capacidade,419.90489163591576,21
2025-06-14,sábado,5,TREB. MINAS,HB,623,explícito,360.0,6
2025-06-14,sábado,5,TREB. MINAS,HB,623,rateio_por_capacidade,221.09510836408424,34
2025-06-14,sábado,5,TREB. MINAS,HB,NAO_INFORMADO,sem_base_para_rateio,40.0,4
2025-06-14,sábado,5,TREB. MINAS,IFCO,6416,explícito,587.0,19
2025-06-14,sábado,5,TREB. MINAS,IFCO,6424,explícito,681.0,4
2025-06-16,segunda-feira,0,PH CORUMBA (PF),HB,623,explícito,1260.0,1
2025-06-16,segunda-feira,0,PH UBAJARA,HB,618,explícito,111.0,13
2025-06-16,segunda-feira,0,PH UBAJARA,IFCO,6416,explícito,70.0,43
2025-06-16,segunda-feira,0,TREB. MINAS,HB,618,explícito,479.0,25
2025-06-16,segunda-feira,0,TREB. MINAS,HB,618,rateio_por_capacidade,369.47329921760615,2
2025-06-16,segunda-feira,0,TREB. MINAS,HB,623,explícito,1382.0,4
2025-06-16,segunda-feira,0,TREB. MINAS,HB,623,rateio_por_capacidade,38.52670078239383,2
2025-06-16,segunda-feira,0,TREB. MINAS,IFCO,6416,explícito,368.0,8
2025-06-16,segunda-feira,0,TREB. MINAS,IFCO,6424,explícito,280.0,1
2025-06-17,terça-feira,1,PH ALHO/CEBOLA,HB,623,explícito,1280.0,2
2025-06-17,terça-feira,1,PH CORUMBA (PF),HB,623,explícito,690.0,1
2025-06-17,terça-feira,1,PH CORUMBA (PF),IFCO,6424,explícito,250.0,2
2025-06-17,terça-feira,1,PH UBAJARA,HB,618,explícito,2.0,1
2025-06-17,terça-feira,1,PH UBAJARA,IFCO,6416,explícito,72.0,21
2025-06-17,terça-feira,1,PH UBAJARA,IFCO,6424,explícito,12.0,7
2025-06-17,terça-feira,1,TREB. MINAS,HB,618,explícito,652.0,26
2025-06-17,terça-feira,1,TREB. MINAS,HB,618,rateio_por_capacidade,533.6574242035564,23
2025-06-17,terça-feira,1,TREB. MINAS,HB,623,explícito,157.0,10
2025-06-17,terça-feira,1,TREB. MINAS,HB,623,rateio_por_capacidade,140.3425757964435,26
2025-06-17,terça-feira,1,TREB. MINAS,HB,NAO_INFORMADO,sem_base_para_rateio,18.0,3
2025-06-17,terça-feira,1,TREB. MINAS,IFCO,6416,explícito,427.0,8
2025-06-17,terça-feira,1,TREB. MINAS,IFCO,6424,explícito,219.0,5
2025-06-17,terça-feira,1,TREBESCHI DF,IFCO,6424,explícito,4.0,1
2025-06-18,quarta-feira,2,PH CORUMBA (PF),IFCO,6424,explícito,960.0,4
2025-06-18,quarta-feira,2,PH UBAJARA,HB,618,explícito,62.0,13
2025-06-18,quarta-feira,2,PH UBAJARA,HB,623,explícito,125.0,2
2025-06-18,quarta-feira,2,PH UBAJARA,IFCO,6416,explícito,679.0,24
2025-06-18,quarta-feira,2,PH UBAJARA,IFCO,6424,explícito,201.0,8
2025-06-18,quarta-feira,2,TREB. MINAS,HB,618,explícito,260.0,13
2025-06-18,quarta-feira,2,TREB. MINAS,HB,618,rateio_por_capacidade,98.78852898498326,4
2025-06-18,quarta-feira,2,TREB. MINAS,HB,623,explícito,3.0,1
2025-06-18,quarta-feira,2,TREB. MINAS,HB,623,rateio_por_capacidade,19.211471015016738,10
2025-06-18,quarta-feira,2,TREB. MINAS,HB,NAO_INFORMADO,sem_base_para_rateio,2.0,1
2025-06-18,quarta-feira,2,TREB. MINAS,IFCO,6416,explícito,387.0,66
2025-06-18,quarta-feira,2,TREB. MINAS,IFCO,6424,explícito,1555.0,8
2025-06-19,quinta-feira,3,PH CORUMBA (PF),HB,623,explícito,1260.0,1
2025-06-19,quinta-feira,3,PH CORUMBA (PF),IFCO,6424,explícito,640.0,1
2025-06-19,quinta-feira,3,PH UBAJARA,IFCO,6416,explícito,49.0,17
2025-06-19,quinta-feira,3,PH UBAJARA,IFCO,6424,explícito,20.0,5
2025-06-19,quinta-feira,3,TREB. MINAS,HB,618,explícito,850.0,54
2025-06-19,quinta-feira,3,TREB. MINAS,HB,618,rateio_por_capacidade,364.40549241847197,22
2025-06-19,quinta-feira,3,TREB. MINAS,HB,623,explícito,780.0,12
2025-06-19,quinta-feira,3,TREB. MINAS,HB,623,rateio_por_capacidade,240.59450758152803,32
2025-06-19,quinta-feira,3,TREB. MINAS,HB,NAO_INFORMADO,sem_base_para_rateio,37.0,4
2025-06-19,quinta-feira,3,TREB. MINAS,IFCO,6416,explícito,75.0,5
2025-06-19,quinta-feira,3,TREB. MINAS,IFCO,6424,explícito,247.0,6
2025-06-19,quinta-feira,3,TREBESCHI DF,IFCO,6424,explícito,133.0,8
2025-06-20,sexta-feira,4,TREB. MINAS,HB,618,explícito,802.0,31
2025-06-20,sexta-feira,4,TREB. MINAS,HB,618,rateio_por_capacidade,14.892920282236894,4
2025-06-20,sexta-feira,4,TREB. MINAS,HB,623,explícito,303.0,6
2025-06-20,sexta-feira,4,TREB. MINAS,HB,623,rateio_por_capacidade,6.107079717763108,4
2025-06-20,sexta-feira,4,TREB. MINAS,IFCO,6416,explícito,471.0,4
2025-06-20,sexta-feira,4,TREBESCHI DF,IFCO,6424,explícito,131.0,4
2025-06-21,sábado,5,PH UBAJARA,HB,618,explícito,138.0,26
2025-06-21,sábado,5,PH UBAJARA,HB,623,explícito,1.0,1
2025-06-21,sábado,5,PH UBAJARA,IFCO,6416,explícito,691.1,171
2025-06-21,sábado,5,PH UBAJARA,IFCO,6424,explícito,674.0,90
2025-06-21,sábado,5,TREB. MINAS,HB,618,explícito,1161.0,41
2025-06-21,sábado,5,TREB. MINAS,HB,618,rateio_por_capacidade,252.73878933816445,11
2025-06-21,sábado,5,TREB. MINAS,HB,623,explícito,877.0,15
2025-06-21,sábado,5,TREB. MINAS,HB,623,rateio_por_capacidade,60.26121066183551,18
2025-06-21,sábado,5,TREB. MINAS,IFCO,6416,explícito,607.0,11
2025-06-21,sábado,5,TREB. MINAS,IFCO,6424,explícito,217.0,5
2025-06-23,segunda-feira,0,PH CORUMBA (PF),HB,623,explícito,1380.0,5
2025-06-23,segunda-feira,0,PH UBAJARA,HB,618,explícito,306.0,25
2025-06-23,segunda-feira,0,PH UBAJARA,IFCO,6416,explícito,306.0,21
2025-06-23,segunda-feira,0,PH UBAJARA,IFCO,6424,explícito,129.0,6
2025-06-23,segunda-feira,0,TREB. MINAS,HB,618,explícito,798.0,35
2025-06-23,segunda-feira,0,TREB. MINAS,HB,623,explícito,1376.0,8
2025-06-23,segunda-feira,0,TREB. MINAS,IFCO,6416,explícito,313.0,5
2025-06-23,segunda-feira,0,TREB. MINAS,IFCO,6424,explícito,200.0,1
2025-06-23,segunda-feira,0,TREBESCHI DF,IFCO,6424,explícito,108.0,15
2025-06-24,terça-feira,1,PH ALHO/CEBOLA,HB,623,explícito,640.0,1
2025-06-24,terça-feira,1,PH UBAJARA,HB,618,explícito,7.0,3
2025-06-24,terça-feira,1,PH UBAJARA,HB,623,explícito,3.0,1
2025-06-24,terça-feira,1,PH UBAJARA,IFCO,6416,explícito,47.0,16
2025-06-24,terça-feira,1,PH UBAJARA,IFCO,6424,explícito,26.0,9
2025-06-24,terça-feira,1,TREB. MINAS,HB,618,explícito,816.0,26
2025-06-24,terça-feira,1,TREB. MINAS,HB,618,rateio_por_capacidade,27.45912978246063,7
2025-06-24,terça-feira,1,TREB. MINAS,HB,623,explícito,367.0,14
2025-06-24,terça-feira,1,TREB. MINAS,HB,623,rateio_por_capacidade,18.54087021753937,8
2025-06-24,terça-feira,1,TREB. MINAS,HB,NAO_INFORMADO,sem_base_para_rateio,9.0,2
2025-06-24,terça-feira,1,TREB. MINAS,IFCO,6416,explícito,494.0,8
2025-06-24,terça-feira,1,TREB. MINAS,IFCO,6424,explícito,2920.0,5
2025-06-25,quarta-feira,2,PH UBAJARA,IFCO,6416,explícito,920.0666666666666,74
2025-06-25,quarta-feira,2,PH UBAJARA,IFCO,6424,explícito,344.0,99
2025-06-25,quarta-feira,2,TREB. MINAS,HB,618,explícito,239.0,13
2025-06-25,quarta-feira,2,TREB. MINAS,HB,623,explícito,978.0,15
2025-06-25,quarta-feira,2,TREB. MINAS,IFCO,6416,explícito,481.0,8
2025-06-25,quarta-feira,2,TREB. MINAS,IFCO,6424,explícito,42.0,4
2025-06-25,quarta-feira,2,TREBESCHI DF,IFCO,6424,explícito,64.0,6
2025-06-26,quinta-feira,3,PH CORUMBA (PF),HB,623,explícito,690.0,1
2025-06-26,quinta-feira,3,PH UBAJARA,HB,618,explícito,126.0,26
2025-06-26,quinta-feira,3,PH UBAJARA,HB,623,explícito,91.0,2
2025-06-26,quinta-feira,3,PH UBAJARA,IFCO,6416,explícito,111.0,8
2025-06-26,quinta-feira,3,PH UBAJARA,IFCO,6424,explícito,599.0,33
2025-06-26,quinta-feira,3,TREB GOIANIA - GALPAO CD,IFCO,6424,explícito,0.208333333333333,1
2025-06-26,quinta-feira,3,TREB. MINAS,HB,618,explícito,696.0,38
2025-06-26,quinta-feira,3,TREB. MINAS,HB,618,rateio_por_capacidade,219.18193068594678,24
2025-06-26,quinta-feira,3,TREB. MINAS,HB,623,explícito,373.0,25
2025-06-26,quinta-feira,3,TREB. MINAS,HB,623,rateio_por_capacidade,217.81806931405322,32
2025-06-26,quinta-feira,3,TREB. MINAS,HB,NAO_INFORMADO,sem_base_para_rateio,27.0,4
2025-06-26,quinta-feira,3,TREB. MINAS,IFCO,6416,explícito,173.0,8
2025-06-26,quinta-feira,3,TREB. MINAS,IFCO,6424,explícito,215.0,9
2025-06-27,sexta-feira,4,TREB GOIANIA - GALPAO CD,IFCO,6424,explícito,0.333333333333333,1
2025-06-27,sexta-feira,4,TREB. MINAS,HB,618,explícito,412.0,26
2025-06-27,sexta-feira,4,TREB. MINAS,HB,618,rateio_por_capacidade,4.296676430990219,1
2025-06-27,sexta-feira,4,TREB. MINAS,HB,623,explícito,1433.0,8
2025-06-27,sexta-feira,4,TREB. MINAS,HB,623,rateio_por_capacidade,0.7033235690097814,1
2025-06-27,sexta-feira,4,TREB. MINAS,IFCO,6416,explícito,458.0,5
2025-06-28,sábado,5,PH CORUMBA (PF),IFCO,6424,explícito,1120.0,1
2025-06-28,sábado,5,PH UBAJARA,HB,618,explícito,289.0,30
2025-06-28,sábado,5,PH UBAJARA,HB,623,explícito,1.0,1
2025-06-28,sábado,5,PH UBAJARA,IFCO,6416,explícito,812.0,112
2025-06-28,sábado,5,PH UBAJARA,IFCO,6424,explícito,543.0,82
2025-06-28,sábado,5,TREB. MINAS,HB,618,explícito,677.0,34
2025-06-28,sábado,5,TREB. MINAS,HB,618,rateio_por_capacidade,584.9122192096169,7
2025-06-28,sábado,5,TREB. MINAS,HB,623,explícito,909.0,23
2025-06-28,sábado,5,TREB. MINAS,HB,623,rateio_por_capacidade,88.13063793324027,8
2025-06-28,sábado,5,TREB. MINAS,IFCO,6416,explícito,1335.0,23
2025-06-28,sábado,5,TREB. MINAS,IFCO,6424,explícito,2030.0,5
2025-06-30,segunda-feira,0,PH CORUMBA (PF),HB,623,explícito,1260.0,1
2025-06-30,segunda-feira,0,PH SUL (PF),HB,623,explícito,36.0,4
2025-06-30,segunda-feira,0,PH UBAJARA,HB,618,explícito,271.0,17
2025-06-30,segunda-feira,0,PH UBAJARA,IFCO,6416,explícito,0.266666666666667,1
2025-06-30,segunda-feira,0,PH UBAJARA,IFCO,6424,explícito,0.8703703703703706,3
2025-06-30,segunda-feira,0,TREB. MINAS,HB,618,explícito,665.0,34
2025-06-30,segunda-feira,0,TREB. MINAS,HB,623,explícito,1473.0,10
2025-06-30,segunda-feira,0,TREB. MINAS,IFCO,6416,explícito,339.0,9
2025-06-30,segunda-feira,0,TREB. MINAS,IFCO,6424,explícito,10.0,2
2025-07-01,terça-feira,1,PH ALHO/CEBOLA,HB,623,explícito,640.0,1
2025-07-01,terça-feira,1,PH CORUMBA (PF),HB,623,explícito,690.0,1
2025-07-01,terça-feira,1,PH CORUMBA (PF),IFCO,6424,explícito,1120.0,2
2025-07-01,terça-feira,1,PH SUL (PF),HB,623,explícito,14.0,2
2025-07-01,terça-feira,1,PH UBAJARA,HB,618,explícito,12.0,3
2025-07-01,terça-feira,1,PH UBAJARA,HB,623,explícito,2.0,1
2025-07-01,terça-feira,1,PH UBAJARA,IFCO,6416,explícito,81.0,15
2025-07-01,terça-feira,1,PH UBAJARA,IFCO,6424,explícito,19.0,7
2025-07-01,terça-feira,1,TREB. MINAS,HB,618,explícito,553.0,30
2025-07-01,terça-feira,1,TREB. MINAS,HB,618,rateio_por_capacidade,436.64784887431495,10
2025-07-01,terça-feira,1,TREB. MINAS,HB,623,explícito,334.0,22
2025-07-01,terça-feira,1,TREB. MINAS,HB,623,rateio_por_capacidade,67.35215112568501,12
2025-07-01,terça-feira,1,TREB. MINAS,IFCO,6416,explícito,658.0,145
2025-07-01,terça-feira,1,TREB. MINAS,IFCO,6424,explícito,1247.0,3
2025-07-02,quarta-feira,2,PH CORUMBA (PF),IFCO,6424,explícito,200.0,1
2025-07-02,quarta-feira,2,PH SUL (PF),HB,623,explícito,6.0,1
2025-07-02,quarta-feira,2,PH SUL (PF),IFCO,6424,explícito,520.0,2
2025-07-02,quarta-feira,2,PH UBAJARA,IFCO,6416,explícito,416.0,30
2025-07-02,quarta-feira,2,PH UBAJARA,IFCO,6424,explícito,317.0,19
2025-07-02,quarta-feira,2,TREB. MINAS,HB,618,explícito,675.0,17
2025-07-02,quarta-feira,2,TREB. MINAS,HB,618,rateio_por_capacidade,226.62413558001361,1
2025-07-02,quarta-feira,2,TREB. MINAS,HB,623,explícito,2105.0,17
2025-07-02,quarta-feira,2,TREB. MINAS,HB,623,rateio_por_capacidade,26.37586441998636,4
2025-07-02,quarta-feira,2,TREB. MINAS,IFCO,6416,explícito,618.0,10
2025-07-02,quarta-feira,2,TREB. MINAS,IFCO,6424,explícito,104.0,8
2025-07-03,quinta-feira,3,PH CORUMBA (PF),HB,623,explícito,1260.0,2
2025-07-03,quinta-feira,3,PH SUL (PF),HB,623,explícito,8.0,2
2025-07-03,quinta-feira,3,PH SUL (PF),IFCO,6424,explícito,562.0,2
2025-07-03,quinta-feira,3,PH UBAJARA,HB,618,explícito,136.0,15
2025-07-03,quinta-feira,3,PH UBAJARA,IFCO,6416,explícito,312.30555555555554,27
2025-07-03,quinta-feira,3,PH UBAJARA,IFCO,6424,explícito,72.0,12
2025-07-03,quinta-feira,3,TREB. MINAS,HB,618,explícito,917.0,49
2025-07-03,quinta-feira,3,TREB. MINAS,HB,618,rateio_por_capacidade,173.51949396090515,11
2025-07-03,quinta-feira,3,TREB. MINAS,HB,623,explícito,1320.0,49
2025-07-03,quinta-feira,3,TREB. MINAS,HB,623,rateio_por_capacidade,86.05907746766628,15
2025-07-03,quinta-feira,3,TREB. MINAS,IFCO,6416,explícito,57.0,5
2025-07-03,quinta-feira,3,TREB. MINAS,IFCO,6424,explícito,129.0,6
2025-07-04,sexta-feira,4,PH CASCAVEL,HB,623,explícito,124.0,2
2025-07-04,sexta-feira,4,PH CORUMBA (PF),HB,623,explícito,690.0,2
2025-07-04,sexta-feira,4,PH SUL (PF),HB,623,explícito,13.0,2
2025-07-04,sexta-feira,4,PH UBAJARA,HB,618,explícito,7.0,2
2025-07-04,sexta-feira,4,PH UBAJARA,IFCO,6416,explícito,280.0,12
2025-07-04,sexta-feira,4,PH UBAJARA,IFCO,6424,explícito,500.0,28
2025-07-04,sexta-feira,4,TREB. MINAS,HB,618,explícito,280.0,25
2025-07-04,sexta-feira,4,TREB. MINAS,HB,623,explícito,776.0,7
2025-07-04,sexta-feira,4,TREB. MINAS,IFCO,6416,explícito,549.0,4
2025-07-04,sexta-feira,4,TREBESCHI DF,IFCO,6424,explícito,73.0,4
2025-07-05,sábado,5,PH CASCAVEL,HB,623,explícito,120.0,1
2025-07-05,sábado,5,PH CASCAVEL,IFCO,6424,explícito,400.0,4
2025-07-05,sábado,5,PH CORUMBA (PF),HB,623,explícito,690.0,2
2025-07-05,sábado,5,PH CORUMBA (PF),IFCO,6424,explícito,300.0,1
2025-07-05,sábado,5,PH UBAJARA,HB,618,explícito,115.0,29
2025-07-05,sábado,5,PH UBAJARA,HB,623,explícito,5.0,1
2025-07-05,sábado,5,PH UBAJARA,IFCO,6416,explícito,1042.1666666666667,119
2025-07-05,sábado,5,PH UBAJARA,IFCO,6424,explícito,454.0,64
2025-07-05,sábado,5,TREB. MINAS,HB,618,explícito,610.0,32
2025-07-05,sábado,5,TREB. MINAS,HB,618,rateio_por_capacidade,181.2993084640109,1
2025-07-05,sábado,5,TREB. MINAS,HB,623,explícito,309.0,27
2025-07-05,sábado,5,TREB. MINAS,HB,623,rateio_por_capacidade,19.70069153598909,2
2025-07-05,sábado,5,TREB. MINAS,IFCO,6416,explícito,562.0,27
2025-07-05,sábado,5,TREB. MINAS,IFCO,6424,explícito,500.0,2
2025-07-07,segunda-feira,0,PH ALHO/CEBOLA,HB,623,explícito,640.0,1
2025-07-07,segunda-feira,0,PH CORUMBA (PF),HB,623,explícito,1260.0,1
2025-07-07,segunda-feira,0,PH SUL (PF),HB,623,explícito,27.0,1
2025-07-07,segunda-feira,0,PH SUL (PF),IFCO,6424,explícito,460.0,15
2025-07-07,segunda-feira,0,PH UBAJARA,HB,618,explícito,307.0,18
2025-07-07,segunda-feira,0,TREB. MINAS,HB,618,explícito,693.0,29
2025-07-07,segunda-feira,0,TREB. MINAS,HB,618,rateio_por_capacidade,181.2993084640109,1
2025-07-07,segunda-feira,0,TREB. MINAS,HB,623,explícito,766.0,5
2025-07-07,segunda-feira,0,TREB. MINAS,HB,623,rateio_por_capacidade,18.70069153598909,1
2025-07-07,segunda-feira,0,TREB. MINAS,IFCO,6416,explícito,453.0,11
2025-07-07,segunda-feira,0,TREBESCHI DF,IFCO,6424,explícito,26.0,2
2025-07-08,terça-feira,1,PH CORUMBA (PF),HB,623,explícito,690.0,1
2025-07-08,terça-feira,1,PH CORUMBA (PF),IFCO,6424,explícito,183.0,2
2025-07-08,terça-feira,1,PH SUL (PF),IFCO,6424,explícito,333.0,7
2025-07-08,terça-feira,1,PH UBAJARA,HB,618,explícito,14.0,3
2025-07-08,terça-feira,1,PH UBAJARA,HB,623,explícito,3.0,1
2025-07-08,terça-feira,1,PH UBAJARA,IFCO,6416,explícito,124.0,15
2025-07-08,terça-feira,1,PH UBAJARA,IFCO,6424,explícito,28.0,7
2025-07-08,terça-feira,1,TREB. MINAS,HB,618,explícito,359.0,24
2025-07-08,terça-feira,1,TREB. MINAS,HB,618,rateio_por_capacidade,253.7922133710361,6
2025-07-08,terça-feira,1,TREB. MINAS,HB,623,explícito,493.0,32
2025-07-08,terça-feira,1,TREB. MINAS,HB,623,rateio_por_capacidade,48.20778662896389,13
2025-07-08,terça-feira,1,TREB. MINAS,IFCO,6416,explícito,210.0,117
2025-07-08,terça-feira,1,TREBESCHI DF,IFCO,6424,explícito,6.0,2
2025-07-09,quarta-feira,2,PH CORUMBA (PF),HB,623,explícito,80.0,2
2025-07-09,quarta-feira,2,PH CORUMBA (PF),IFCO,6424,explícito,200.0,1
2025-07-09,quarta-feira,2,PH SUL (PF),IFCO,6424,explícito,29.0,3
2025-07-09,quarta-feira,2,PH UBAJARA,IFCO,6416,explícito,454.0,25
2025-07-09,quarta-feira,2,PH UBAJARA,IFCO,6424,explícito,252.0,14
2025-07-09,quarta-feira,2,TREB. MINAS,HB,618,explícito,547.0,16
2025-07-09,quarta-feira,2,TREB. MINAS,HB,618,rateio_por_capacidade,2.054427619757325,3
2025-07-09,quarta-feira,2,TREB. MINAS,HB,623,explícito,1894.0,19
2025-07-09,quarta-feira,2,TREB. MINAS,HB,623,rateio_por_capacidade,26.945572380242677,7
2025-07-09,quarta-feira,2,TREB. MINAS,IFCO,6416,explícito,661.0,16
2025-07-09,quarta-feira,2,TREB. MINAS,IFCO,6424,explícito,356.0,14
2025-07-10,quinta-feira,3,PH CORUMBA (PF),HB,618,explícito,20.0,2
2025-07-10,quinta-feira,3,PH CORUMBA (PF),HB,623,explícito,630.0,1
2025-07-10,quinta-feira,3,PH CORUMBA (PF),IFCO,6416,explícito,13.0,1
2025-07-10,quinta-feira,3,PH CORUMBA (PF),IFCO,6424,explícito,5.0,1
2025-07-10,quinta-feira,3,PH SUL (PF),IFCO,6424,explícito,108.0,8
2025-07-10,quinta-feira,3,PH UBAJARA,HB,618,explícito,206.28301886792454,19
2025-07-10,quinta-feira,3,PH UBAJARA,HB,618,rateio_por_capacidade,0.4296676430990219,1
2025-07-10,quinta-feira,3,PH UBAJARA,HB,623,rateio_por_capacidade,0.07033235690097814,1
2025-07-10,quinta-feira,3,PH UBAJARA,IFCO,6416,explícito,175.0,13
2025-07-10,quinta-feira,3,PH UBAJARA,IFCO,6424,explícito,621.75,18
2025-07-10,quinta-feira,3,TREB. MINAS,HB,618,explícito,644.0,24
2025-07-10,quinta-feira,3,TREB. MINAS,HB,618,rateio_por_capacidade,81.22835894821212,2
2025-07-10,quinta-feira,3,TREB. MINAS,HB,623,explícito,1645.0,25
2025-07-10,quinta-feira,3,TREB. MINAS,HB,623,rateio_por_capacidade,60.771641051787874,4
2025-07-10,quinta-feira,3,TREB. MINAS,IFCO,6416,explícito,19.0,4
2025-07-10,quinta-feira,3,TREB. MINAS,IFCO,6424,explícito,836.0,5
2025-07-10,quinta-feira,3,TREBESCHI DF,IFCO,6424,explícito,57.0,8
2025-07-11,sexta-feira,4,PH ALHO/CEBOLA,IFCO,6424,explícito,560.0,2
2025-07-11,sexta-feira,4,PH CASCAVEL,HB,623,explícito,285.0,4
2025-07-11,sexta-feira,4,PH CASCAVEL,IFCO,6424,explícito,480.0,3
2025-07-11,sexta-feira,4,PH UBAJARA,IFCO,6416,explícito,242.0,58
2025-07-11,sexta-feira,4,PH UBAJARA,IFCO,6424,explícito,250.0,25
2025-07-11,sexta-feira,4,TREB. MINAS,HB,618,explícito,516.0,31
2025-07-11,sexta-feira,4,TREB. MINAS,HB,618,rateio_por_capacidade,36.690854937863904,4
2025-07-11,sexta-feira,4,TREB. MINAS,HB,623,explícito,302.0,14
2025-07-11,sexta-feira,4,TREB. MINAS,HB,623,rateio_por_capacidade,28.309145062136096,6
2025-07-11,sexta-feira,4,TREB. MINAS,IFCO,6416,explícito,404.0,8
2025-07-12,sábado,5,PH ALHO/CEBOLA,HB,623,explícito,640.0,1
2025-07-12,sábado,5,PH CASCAVEL,IFCO,6424,explícito,60.0,1
2025-07-12,sábado,5,PH CORUMBA (PF),HB,623,explícito,690.0,1
2025-07-12,sábado,5,PH CORUMBA (PF),IFCO,6424,explícito,150.0,1
2025-07-12,sábado,5,PH UBAJARA,HB,618,explícito,130.0,30
2025-07-12,sábado,5,PH UBAJARA,HB,623,explícito,1.0,1
2025-07-12,sábado,5,PH UBAJARA,IFCO,6416,explícito,587.8,79
2025-07-12,sábado,5,PH UBAJARA,IFCO,6424,explícito,441.0,54
2025-07-12,sábado,5,TREB. MINAS,HB,618,explícito,1069.0,34
2025-07-12,sábado,5,TREB. MINAS,HB,618,rateio_por_capacidade,49.47003000603237,6
2025-07-12,sábado,5,TREB. MINAS,HB,623,explícito,182.0,20
2025-07-12,sábado,5,TREB. MINAS,HB,623,rateio_por_capacidade,4.5299699939676294,5
2025-07-12,sábado,5,TREB. MINAS,IFCO,6416,explícito,507.0,7
2025-07-12,sábado,5,TREB. MINAS,IFCO,6424,explícito,680.0,3
2025-07-14,segunda-feira,0,PH CASCAVEL,IFCO,6424,explícito,640.0,1
2025-07-14,segunda-feira,0,PH CORUMBA (PF),HB,618,explícito,20.0,2
2025-07-14,segunda-feira,0,PH CORUMBA (PF),HB,623,explícito,1260.0,1
2025-07-14,segunda-feira,0,PH SUL (PF),IFCO,6424,explícito,69.0,4
2025-07-14,segunda-feira,0,PH UBAJARA,HB,618,explícito,317.0,21
2025-07-14,segunda-feira,0,PH UBAJARA,IFCO,6416,explícito,0.3166666666666667,2
2025-07-14,segunda-feira,0,TREB. MINAS,HB,618,explícito,430.0,23
2025-07-14,segunda-feira,0,TREB. MINAS,HB,623,explícito,765.0,7
2025-07-14,segunda-feira,0,TREB. MINAS,IFCO,6416,explícito,296.0,7
2025-07-14,segunda-feira,0,TREB. MINAS,IFCO,6424,explícito,201.0,2
2025-07-14,segunda-feira,0,TREBESCHI DF,HB,623,explícito,1.0,1
2025-07-15,terça-feira,1,PH CASCAVEL,HB,623,explícito,160.0,2
2025-07-15,terça-feira,1,PH CASCAVEL,IFCO,6424,explícito,85.0,2
2025-07-15,terça-feira,1,PH CORUMBA (PF),HB,623,explícito,690.0,1
2025-07-15,terça-feira,1,PH UBAJARA,HB,618,explícito,4.0,3
2025-07-15,terça-feira,1,PH UBAJARA,HB,623,explícito,161.0,3
2025-07-15,terça-feira,1,PH UBAJARA,IFCO,6416,explícito,55.0,16
2025-07-15,terça-feira,1,PH UBAJARA,IFCO,6424,explícito,14.0,4
2025-07-15,terça-feira,1,TREB. MINAS,HB,618,explícito,461.0,19
2025-07-15,terça-feira,1,TREB. MINAS,HB,618,rateio_por_capacidade,37.46803515156479,5
2025-07-15,terça-feira,1,TREB. MINAS,HB,623,explícito,1055.0,34
2025-07-15,terça-feira,1,TREB. MINAS,HB,623,rateio_por_capacidade,2.531964848435213,3
2025-07-15,terça-feira,1,TREB. MINAS,IFCO,6416,explícito,585.0,88
2025-07-15,terça-feira,1,TREB. MINAS,IFCO,6424,explícito,741.0,4
2025-07-15,terça-feira,1,TREBESCHI DF,HB,623,explícito,39.0,2
2025-07-15,terça-feira,1,TREBESCHI DF,IFCO,6424,explícito,6.0,1
2025-07-16,quarta-feira,2,PH SUL (PF),IFCO,6424,explícito,25.0,1
2025-07-16,quarta-feira,2,PH UBAJARA,IFCO,6416,explícito,300.0,20
2025-07-16,quarta-feira,2,PH UBAJARA,IFCO,6424,explícito,308.0,18
2025-07-16,quarta-feira,2,TREB. MINAS,HB,618,explícito,1003.0,28
2025-07-16,quarta-feira,2,TREB. MINAS,HB,618,rateio_por_capacidade,11.171358720574569,1
2025-07-16,quarta-feira,2,TREB. MINAS,HB,623,explícito,893.0,14
2025-07-16,quarta-feira,2,TREB. MINAS,HB,623,rateio_por_capacidade,2.8286412794254314,2
2025-07-16,quarta-feira,2,TREB. MINAS,IFCO,6416,explícito,547.0,15
2025-07-16,quarta-feira,2,TREB. MINAS,IFCO,6424,explícito,677.0,9
2025-07-17,quinta-feira,3,PH CASCAVEL,IFCO,6424,explícito,60.0,1
2025-07-17,quinta-feira,3,PH CORUMBA (PF),HB,623,explícito,1950.0,4
2025-07-17,quinta-feira,3,PH CORUMBA (PF),IFCO,6416,explícito,12.0,1
2025-07-17,quinta-feira,3,PH CORUMBA (PF),IFCO,6424,explícito,154.0,2
2025-07-17,quinta-feira,3,PH UBAJARA,HB,618,explícito,139.0,20
2025-07-17,quinta-feira,3,PH UBAJARA,IFCO,6416,explícito,26.0,13
2025-07-17,quinta-feira,3,PH UBAJARA,IFCO,6424,explícito,139.0,6
2025-07-17,quinta-feira,3,TREB. MINAS,HB,618,explícito,762.0,32
2025-07-17,quinta-feira,3,TREB. MINAS,HB,618,rateio_por_capacidade,121.92788692097467,8
2025-07-17,quinta-feira,3,TREB. MINAS,HB,623,explícito,1227.0,33
2025-07-17,quinta-feira,3,TREB. MINAS,HB,623,rateio_por_capacidade,45.072113079025335,9
2025-07-17,quinta-feira,3,TREB. MINAS,IFCO,6416,explícito,16.0,4
2025-07-17,quinta-feira,3,TREB. MINAS,IFCO,6424,explícito,666.0,5
2025-07-18,sexta-feira,4,PH ALHO/CEBOLA,HB,623,explícito,200.0,1
2025-07-18,sexta-feira,4,PH CORUMBA (PF),HB,623,explícito,720.0,1
2025-07-18,sexta-feira,4,PH CORUMBA (PF),IFCO,6424,explícito,1120.0,1
2025-07-18,sexta-feira,4,TREB. MINAS,HB,618,explícito,344.0,15
2025-07-18,sexta-feira,4,TREB. MINAS,HB,618,rateio_por_capacidade,12.718670572396087,2
2025-07-18,sexta-feira,4,TREB. MINAS,HB,623,explícito,179.0,19
2025-07-18,sexta-feira,4,TREB. MINAS,HB,623,rateio_por_capacidade,0.28132942760391255,1
2025-07-18,sexta-feira,4,TREB. MINAS,IFCO,6416,explícito,401.0,8
2025-07-18,sexta-feira,4,TREB. MINAS,IFCO,6424,explícito,1236.0,4
2025-07-19,sábado,5,PH CASCAVEL,HB,623,explícito,120.0,1
2025-07-19,sábado,5,PH CASCAVEL,IFCO,6424,explícito,400.0,2
2025-07-19,sábado,5,PH CORUMBA (PF),IFCO,6424,explícito,1270.0,2
2025-07-19,sábado,5,PH UBAJARA,HB,618,explícito,153.0,28
2025-07-19,sábado,5,PH UBAJARA,HB,623,explícito,2.0,2
2025-07-19,sábado,5,PH UBAJARA,IFCO,6416,explícito,575.1666666666666,81
2025-07-19,sábado,5,PH UBAJARA,IFCO,6424,explícito,394.0,52
2025-07-19,sábado,5,TREB. MINAS,HB,618,explícito,662.0,29
2025-07-19,sábado,5,TREB. MINAS,HB,618,rateio_por_capacidade,80.10771207948002,3
2025-07-19,sábado,5,TREB. MINAS,HB,623,explícito,1643.0,22
2025-07-19,sábado,5,TREB. MINAS,HB,623,rateio_por_capacidade,9.89228792051997,3
2025-07-19,sábado,5,TREB. MINAS,IFCO,6416,explícito,521.0,12
2025-07-19,sábado,5,TREB. MINAS,IFCO,6424,explícito,1357.0,9
2025-07-21,segunda-feira,0,PH CASCAVEL,IFCO,6424,explícito,60.0,1
2025-07-21,segunda-feira,0,PH CORUMBA (PF),HB,618,explícito,50.0,2
2025-07-21,segunda-feira,0,PH CORUMBA (PF),IFCO,6416,explícito,20.0,1
2025-07-21,segunda-feira,0,PH CORUMBA (PF),IFCO,6424,explícito,660.0,3
2025-07-21,segunda-feira,0,PH UBAJARA,HB,618,explícito,178.0,17
2025-07-21,segunda-feira,0,PH UBAJARA,IFCO,6416,explícito,0.3166666666666667,2
2025-07-21,segunda-feira,0,PH UBAJARA,IFCO,6424,explícito,1.0,1
2025-07-21,segunda-feira,0,TREB. MINAS,HB,618,explícito,1012.0,33
2025-07-21,segunda-feira,0,TREB. MINAS,HB,618,rateio_por_capacidade,198.92590029295897,5
2025-07-21,segunda-feira,0,TREB. MINAS,HB,623,explícito,1875.0,8
2025-07-21,segunda-feira,0,TREB. MINAS,HB,623,rateio_por_capacidade,27.074099707041036,5
2025-07-21,segunda-feira,0,TREB. MINAS,IFCO,6416,explícito,367.0,9
2025-07-21,segunda-feira,0,TREB. MINAS,IFCO,6424,explícito,25.0,2
2025-07-22,terça-feira,1,PH ALHO/CEBOLA,HB,623,explícito,612.0,1
2025-07-22,terça-feira,1,PH CASCAVEL,IFCO,6424,explícito,640.0,1
2025-07-22,terça-feira,1,PH UBAJARA,HB,618,explícito,10.0,2
2025-07-22,terça-feira,1,PH UBAJARA,HB,623,explícito,4.0,1
2025-07-22,terça-feira,1,PH UBAJARA,IFCO,6416,explícito,159.0,26
2025-07-22,terça-feira,1,PH UBAJARA,IFCO,6424,explícito,75.0,12
2025-07-22,terça-feira,1,TREB GOIANIA - GALPAO CD,IFCO,6416,explícito,0.416666666666667,1
2025-07-22,terça-feira,1,TREB. MINAS,HB,618,explícito,444.0,24
2025-07-22,terça-feira,1,TREB. MINAS,HB,618,rateio_por_capacidade,38.073735338172035,6
2025-07-22,terça-feira,1,TREB. MINAS,HB,623,explícito,763.0,30
2025-07-22,terça-feira,1,TREB. MINAS,HB,623,rateio_por_capacidade,3.9262646618279673,4
2025-07-22,terça-feira,1,TREB. MINAS,IFCO,6416,explícito,673.0,144
2025-07-22,terça-feira,1,TREB. MINAS,IFCO,6424,explícito,1278.0,8
2025-07-23,quarta-feira,2,PH UBAJARA,IFCO,6416,explícito,202.0,20
2025-07-23,quarta-feira,2,PH UBAJARA,IFCO,6424,explícito,320.0,24
2025-07-23,quarta-feira,2,TREB. MINAS,HB,618,explícito,376.0,15
2025-07-23,quarta-feira,2,TREB. MINAS,HB,623,explícito,1727.0,22
2025-07-23,quarta-feira,2,TREB. MINAS,IFCO,6416,explícito,551.0,9
2025-07-23,quarta-feira,2,TREB. MINAS,IFCO,6424,explícito,345.0,6
2025-07-24,quinta-feira,3,PH CASCAVEL,IFCO,6424,explícito,60.0,1
2025-07-24,quinta-feira,3,PH CORUMBA (PF),HB,623,explícito,690.0,1
2025-07-24,quinta-feira,3,PH CORUMBA (PF),IFCO,6416,explícito,56.0,2
2025-07-24,quinta-feira,3,PH UBAJARA,HB,618,explícito,106.0,18
2025-07-24,quinta-feira,3,PH UBAJARA,IFCO,6424,explícito,150.0,1
2025-07-24,quinta-feira,3,TREB. MINAS,HB,618,explícito,683.0,29
2025-07-24,quinta-feira,3,TREB. MINAS,HB,623,explícito,636.0,21
2025-07-24,quinta-feira,3,TREB. MINAS,HB,623,rateio_por_capacidade,61.0,3
2025-07-24,quinta-feira,3,TREB. MINAS,IFCO,6416,explícito,20.0,4
2025-07-24,quinta-feira,3,TREB. MINAS,IFCO,6424,explícito,66.0,5
2025-07-25,sexta-feira,4,PH ALHO/CEBOLA,HB,623,explícito,180.0,1
2025-07-25,sexta-feira,4,TREB. MINAS,HB,618,explícito,427.0,28
2025-07-25,sexta-feira,4,TREB. MINAS,HB,623,explícito,1297.0,6
2025-07-25,sexta-feira,4,TREB. MINAS,IFCO,6416,explícito,386.0,24
2025-07-25,sexta-feira,4,TREB. MINAS,IFCO,6424,explícito,156.0,13
2025-07-26,sábado,5,PH ALHO/CEBOLA,IFCO,6424,explícito,360.0,1
2025-07-26,sábado,5,PH CORUMBA (PF),HB,623,explícito,690.0,1
2025-07-26,sábado,5,PH CORUMBA (PF),IFCO,6416,explícito,50.0,1
2025-07-26,sábado,5,PH CORUMBA (PF),IFCO,6424,explícito,954.0,4
2025-07-26,sábado,5,PH UBAJARA,HB,618,explícito,151.0,29
2025-07-26,sábado,5,PH UBAJARA,HB,618,rateio_por_capacidade,0.4296676430990219,1
2025-07-26,sábado,5,PH UBAJARA,HB,623,explícito,2.0,2
2025-07-26,sábado,5,PH UBAJARA,HB,623,rateio_por_capacidade,0.07033235690097814,1
2025-07-26,sábado,5,PH UBAJARA,IFCO,6416,explícito,622.6166666666667,75
2025-07-26,sábado,5,PH UBAJARA,IFCO,6424,explícito,353.046875,51
2025-07-26,sábado,5,TREB. MINAS,HB,618,explícito,771.0,38
2025-07-26,sábado,5,TREB. MINAS,HB,618,rateio_por_capacidade,181.2993084640109,1
2025-07-26,sábado,5,TREB. MINAS,HB,623,explícito,1262.0,23
2025-07-26,sábado,5,TREB. MINAS,HB,623,rateio_por_capacidade,18.70069153598909,1
2025-07-26,sábado,5,TREB. MINAS,IFCO,6416,explícito,502.0,24
2025-07-26,sábado,5,TREB. MINAS,IFCO,6424,explícito,1100.0,10
2025-07-28,segunda-feira,0,PH CASCAVEL,IFCO,6424,explícito,620.0,1
2025-07-28,segunda-feira,0,PH CORUMBA (PF),HB,618,explícito,20.0,1
2025-07-28,segunda-feira,0,PH CORUMBA (PF),HB,623,explícito,1260.0,1
2025-07-28,segunda-feira,0,PH CORUMBA (PF),IFCO,6416,explícito,60.0,2
2025-07-28,segunda-feira,0,PH CORUMBA (PF),IFCO,6424,explícito,300.0,2
2025-07-28,segunda-feira,0,PH UBAJARA,HB,618,explícito,176.0,18
2025-07-28,segunda-feira,0,TREB. MINAS,HB,618,explícito,569.0,28
2025-07-28,segunda-feira,0,TREB. MINAS,HB,618,rateio_por_capacidade,8.593352861980438,1
2025-07-28,segunda-feira,0,TREB. MINAS,HB,623,explícito,1589.0,8
2025-07-28,segunda-feira,0,TREB. MINAS,HB,623,rateio_por_capacidade,1.4066471380195629,1
2025-07-28,segunda-feira,0,TREB. MINAS,IFCO,6416,explícito,288.0,11
2025-07-28,segunda-feira,0,TREB. MINAS,IFCO,6424,explícito,853.0,7
2025-07-29,terça-feira,1,PH CORUMBA (PF),HB,623,explícito,1380.0,2
2025-07-29,terça-feira,1,PH CORUMBA (PF),IFCO,6424,explícito,1210.0,2
2025-07-29,terça-feira,1,PH UBAJARA,HB,618,explícito,2.0,1
2025-07-29,terça-feira,1,PH UBAJARA,HB,623,explícito,2.0,1
2025-07-29,terça-feira,1,PH UBAJARA,IFCO,6416,explícito,194.26666666666665,37
2025-07-29,terça-feira,1,PH UBAJARA,IFCO,6424,explícito,78.0,18
2025-07-29,terça-feira,1,TREB. MINAS,HB,618,explícito,335.0,22
2025-07-29,terça-feira,1,TREB. MINAS,HB,618,rateio_por_capacidade,71.84837217390032,7
2025-07-29,terça-feira,1,TREB. MINAS,HB,623,explícito,1163.0,17
2025-07-29,terça-feira,1,TREB. MINAS,HB,623,rateio_por_capacidade,17.151627826099684,6
2025-07-29,terça-feira,1,TREB. MINAS,IFCO,6416,explícito,462.0,7
2025-07-29,terça-feira,1,TREB. MINAS,IFCO,6424,explícito,1120.0,1
2025-07-30,quarta-feira,2,PH CORUMBA (PF),HB,623,explícito,690.0,1
2025-07-30,quarta-feira,2,PH CORUMBA (PF),IFCO,6424,explícito,1000.0,1
2025-07-30,quarta-feira,2,PH UBAJARA,IFCO,6416,explícito,202.0,27
2025-07-30,quarta-feira,2,PH UBAJARA,IFCO,6424,explícito,281.0,14
2025-07-30,quarta-feira,2,TREB. MINAS,HB,618,explícito,296.0,10
2025-07-30,quarta-feira,2,TREB. MINAS,HB,618,rateio_por_capacidade,171.04884621220765,6
2025-07-30,quarta-feira,2,TREB. MINAS,HB,623,explícito,183.0,19
2025-07-30,quarta-feira,2,TREB. MINAS,HB,623,rateio_por_capacidade,27.95115378779233,7
2025-07-30,quarta-feira,2,TREB. MINAS,IFCO,6416,explícito,787.0,131
2025-07-30,quarta-feira,2,TREB. MINAS,IFCO,6424,explícito,109.0,11
2025-07-31,quinta-feira,3,PH CASCAVEL,IFCO,6424,explícito,780.0,2
2025-07-31,quinta-feira,3,PH CORUMBA (PF),HB,623,explícito,1260.0,1
2025-07-31,quinta-feira,3,PH CORUMBA (PF),IFCO,6416,explícito,12.0,1
2025-07-31,quinta-feira,3,PH CORUMBA (PF),IFCO,6424,explícito,801.0,4
2025-07-31,quinta-feira,3,PH SUL (PF),IFCO,6424,explícito,14.0,2
2025-07-31,quinta-feira,3,PH UBAJARA,HB,618,explícito,163.0,19
2025-07-31,quinta-feira,3,PH UBAJARA,IFCO,6416,explícito,92.0,1
2025-07-31,quinta-feira,3,TREB. MINAS,HB,618,explícito,1374.0,49
2025-07-31,quinta-feira,3,TREB. MINAS,HB,618,rateio_por_capacidade,125.41357045604916,7
2025-07-31,quinta-feira,3,TREB. MINAS,HB,623,explícito,1520.0,20
2025-07-31,quinta-feira,3,TREB. MINAS,HB,623,rateio_por_capacidade,15.58642954395085,6
2025-07-31,quinta-feira,3,TREB. MINAS,IFCO,6416,explícito,14.0,3
2025-07-31,quinta-feira,3,TREB. MINAS,IFCO,6424,explícito,2566.0,7
2025-08-01,sexta-feira,4,PH CORUMBA (PF),IFCO,6424,explícito,1120.0,1
2025-08-01,sexta-feira,4,PH SUL (PF),IFCO,6424,explícito,104.0,4
2025-08-01,sexta-feira,4,PH UBAJARA,HB,618,explícito,150.0,3
2025-08-01,sexta-feira,4,PH UBAJARA,IFCO,6416,explícito,99.0,10
2025-08-01,sexta-feira,4,PH UBAJARA,IFCO,6424,explícito,323.0,11
2025-08-01,sexta-feira,4,TREB. MINAS,HB,618,explícito,521.0,15
2025-08-01,sexta-feira,4,TREB. MINAS,HB,623,explícito,1444.0,6
2025-08-01,sexta-feira,4,TREB. MINAS,IFCO,6416,explícito,575.0,7
2025-08-01,sexta-feira,4,TREB. MINAS,IFCO,6424,explícito,878.0,1
2025-08-02,sábado,5,PH CASCAVEL,HB,623,explícito,80.0,1
2025-08-02,sábado,5,PH CASCAVEL,IFCO,6424,explícito,520.0,4
2025-08-02,sábado,5,PH CORUMBA (PF),HB,623,explícito,1950.0,2
2025-08-02,sábado,5,PH CORUMBA (PF),IFCO,6424,explícito,1280.0,2
2025-08-02,sábado,5,PH UBAJARA,HB,618,explícito,122.0,29
2025-08-02,sábado,5,PH UBAJARA,HB,623,explícito,1.0,1
2025-08-02,sábado,5,PH UBAJARA,IFCO,6416,explícito,835.5,133
2025-08-02,sábado,5,PH UBAJARA,IFCO,6424,explícito,413.0,79
2025-08-02,sábado,5,TREB. MINAS,HB,618,explícito,736.0,35
2025-08-02,sábado,5,TREB. MINAS,HB,618,rateio_por_capacidade,254.32278045922504,4
2025-08-02,sábado,5,TREB. MINAS,HB,623,explícito,427.0,47
2025-08-02,sábado,5,TREB. MINAS,HB,623,rateio_por_capacidade,27.67721954077495,5
2025-08-02,sábado,5,TREB. MINAS,IFCO,6416,explícito,627.0,12
2025-08-02,sábado,5,TREB. MINAS,IFCO,6424,explícito,1365.0,8
2025-08-04,segunda-feira,0,PH CORUMBA (PF),HB,618,explícito,30.0,3
2025-08-04,segunda-feira,0,PH CORUMBA (PF),HB,623,explícito,1260.0,1
2025-08-04,segunda-feira,0,PH SUL (PF),IFCO,6424,explícito,50.0,3
2025-08-04,segunda-feira,0,PH UBAJARA,HB,618,explícito,141.0,14
2025-08-04,segunda-feira,0,TREB. MINAS,HB,618,explícito,980.0,32
2025-08-04,segunda-feira,0,TREB. MINAS,HB,618,rateio_por_capacidade,19.7463649004092,3
2025-08-04,segunda-feira,0,TREB. MINAS,HB,623,explícito,1864.0,30
2025-08-04,segunda-feira,0,TREB. MINAS,HB,623,rateio_por_capacidade,1.253635099590798,2
2025-08-04,segunda-feira,0,TREB. MINAS,IFCO,6416,explícito,455.5,11
2025-08-04,segunda-feira,0,TREB. MINAS,IFCO,6424,explícito,2131.0,7
2025-08-05,terça-feira,1,PH CASCAVEL,IFCO,6424,explícito,1818.0,4
2025-08-05,terça-feira,1,PH CORUMBA (PF),HB,623,explícito,1380.0,2
2025-08-05,terça-feira,1,PH CORUMBA (PF),IFCO,6424,explícito,150.0,1
2025-08-05,terça-feira,1,PH SUL (PF),IFCO,6424,explícito,24.0,3
2025-08-05,terça-feira,1,PH UBAJARA,HB,618,explícito,10.0,3
2025-08-05,terça-feira,1,PH UBAJARA,HB,623,explícito,3.0,1
2025-08-05,terça-feira,1,PH UBAJARA,IFCO,6416,explícito,89.16666666666667,17
2025-08-05,terça-feira,1,PH UBAJARA,IFCO,6424,explícito,19.0,7
2025-08-05,terça-feira,1,TREB. MINAS,HB,618,explícito,720.0,37
2025-08-05,terça-feira,1,TREB. MINAS,HB,618,rateio_por_capacidade,60.528880325105135,7
2025-08-05,terça-feira,1,TREB. MINAS,HB,623,explícito,364.0,22
2025-08-05,terça-feira,1,TREB. MINAS,HB,623,rateio_por_capacidade,15.471119674894862,6
2025-08-05,terça-feira,1,TREB. MINAS,IFCO,6416,explícito,598.0,95
2025-08-05,terça-feira,1,TREB. MINAS,IFCO,6424,explícito,2255.0,4
2025-08-06,quarta-feira,2,PH CASCAVEL,HB,623,explícito,120.0,2
2025-08-06,quarta-feira,2,PH CASCAVEL,IFCO,6424,explícito,480.0,6
2025-08-06,quarta-feira,2,PH CORUMBA (PF),IFCO,6424,explícito,2240.0,2
2025-08-06,quarta-feira,2,PH SUL (PF),IFCO,6424,explícito,35.0,2
2025-08-06,quarta-feira,2,PH UBAJARA,HB,618,rateio_por_capacidade,0.4296676430990219,1
2025-08-06,quarta-feira,2,PH UBAJARA,HB,623,rateio_por_capacidade,0.07033235690097814,1
2025-08-06,quarta-feira,2,PH UBAJARA,IFCO,6416,explícito,258.0,28
2025-08-06,quarta-feira,2,PH UBAJARA,IFCO,6424,explícito,204.5,14
2025-08-06,quarta-feira,2,TREB. MINAS,HB,618,explícito,729.0,17
2025-08-06,quarta-feira,2,TREB. MINAS,HB,623,explícito,3405.0,20
2025-08-06,quarta-feira,2,TREB. MINAS,IFCO,6416,explícito,639.0,10
2025-08-06,quarta-feira,2,TREB. MINAS,IFCO,6424,explícito,2431.0,11
2025-08-07,quinta-feira,3,PH CASCAVEL,IFCO,6424,explícito,60.0,1
2025-08-07,quinta-feira,3,PH CORUMBA (PF),HB,623,explícito,1950.0,3
2025-08-07,quinta-feira,3,PH CORUMBA (PF),IFCO,6416,explícito,38.0,1
2025-08-07,quinta-feira,3,PH CORUMBA (PF),IFCO,6424,explícito,108.0,2
2025-08-07,quinta-feira,3,PH SUL (PF),IFCO,6424,explícito,60.0,4
2025-08-07,quinta-feira,3,PH UBAJARA,HB,618,explícito,123.0,17
2025-08-07,quinta-feira,3,PH UBAJARA,IFCO,6416,explícito,42.0,11
2025-08-07,quinta-feira,3,PH UBAJARA,IFCO,6424,explícito,83.0,9
2025-08-07,quinta-feira,3,TREB. MINAS,HB,618,explícito,1038.0,32
2025-08-07,quinta-feira,3,TREB. MINAS,HB,618,rateio_por_capacidade,56.71612888907089,2
2025-08-07,quinta-feira,3,TREB. MINAS,HB,623,explícito,1203.0,14
2025-08-07,quinta-feira,3,TREB. MINAS,HB,623,rateio_por_capacidade,14.283871110929114,3
2025-08-07,quinta-feira,3,TREB. MINAS,IFCO,6416,explícito,42.0,4
2025-08-07,quinta-feira,3,TREB. MINAS,IFCO,6424,explícito,3415.0,7
2025-08-08,sexta-feira,4,PH CASCAVEL,IFCO,6424,explícito,2955.0,5
2025-08-08,sexta-feira,4,PH UBAJARA,IFCO,6416,explícito,265.0,51
2025-08-08,sexta-feira,4,PH UBAJARA,IFCO,6424,explícito,166.0,19
2025-08-08,sexta-feira,4,TREB. MINAS,HB,618,explícito,515.0,18
2025-08-08,sexta-feira,4,TREB. MINAS,HB,623,explícito,1816.0,19
2025-08-08,sexta-feira,4,TREB. MINAS,HB,623,rateio_por_capacidade,58.0,2
2025-08-08,sexta-feira,4,TREB. MINAS,IFCO,6416,explícito,562.0,7
2025-08-08,sexta-feira,4,TREB. MINAS,IFCO,6424,explícito,1120.0,1
2025-08-09,sábado,5,PH CASCAVEL,IFCO,6424,explícito,2540.0,5
2025-08-09,sábado,5,PH CORUMBA (PF),HB,623,explícito,690.0,1
2025-08-09,sábado,5,PH CORUMBA (PF),IFCO,6424,explícito,1322.0,3
2025-08-09,sábado,5,PH SUL (PF),IFCO,6424,explícito,40.0,3
2025-08-09,sábado,5,PH UBAJARA,HB,618,explícito,121.0,30
2025-08-09,sábado,5,PH UBAJARA,HB,618,rateio_por_capacidade,0.08593352861980438,1
2025-08-09,sábado,5,PH UBAJARA,HB,623,explícito,100.0,4
2025-08-09,sábado,5,PH UBAJARA,HB,623,rateio_por_capacidade,0.014066471380195629,1
2025-08-09,sábado,5,PH UBAJARA,IFCO,6416,explícito,647.0847222222222,70
2025-08-09,sábado,5,PH UBAJARA,IFCO,6424,explícito,420.546875,46
2025-08-09,sábado,5,TREB. MINAS,HB,618,explícito,1054.0,46
2025-08-09,sábado,5,TREB. MINAS,HB,618,rateio_por_capacidade,51.3629779838482,7
2025-08-09,sábado,5,TREB. MINAS,HB,623,explícito,2661.0,49
2025-08-09,sábado,5,TREB. MINAS,HB,623,rateio_por_capacidade,63.6370220161518,9
2025-08-09,sábado,5,TREB. MINAS,IFCO,6416,explícito,533.0,17
2025-08-09,sábado,5,TREB. MINAS,IFCO,6424,explícito,1235.0,13
2025-08-11,segunda-feira,0,PH CASCAVEL,IFCO,6424,explícito,850.0,2
2025-08-11,segunda-feira,0,PH CORUMBA (PF),HB,618,explícito,112.0,6
2025-08-11,segunda-feira,0,PH CORUMBA (PF),HB,623,explícito,1950.0,3
2025-08-11,segunda-feira,0,PH CORUMBA (PF),IFCO,6416,explícito,47.0,1
2025-08-11,segunda-feira,0,PH CORUMBA (PF),IFCO,6424,explícito,9.0,1
2025-08-11,segunda-feira,0,PH SUL (PF),IFCO,6424,explícito,9.0,1
2025-08-11,segunda-feira,0,PH UBAJARA,HB,618,explícito,191.0,19
2025-08-11,segunda-feira,0,PH UBAJARA,IFCO,6416,explícito,173.0,8
2025-08-11,segunda-feira,0,PH UBAJARA,IFCO,6424,explícito,436.0,25
2025-08-11,segunda-feira,0,TREB. MINAS,HB,618,explícito,433.0,24
2025-08-11,segunda-feira,0,TREB. MINAS,HB,623,explícito,1132.0,7
2025-08-11,segunda-feira,0,TREB. MINAS,IFCO,6416,explícito,514.0,11
2025-08-11,segunda-feira,0,TREB. MINAS,IFCO,6424,explícito,1382.0,6
2025-08-12,terça-feira,1,PH CASCAVEL,IFCO,6424,explícito,60.0,1
2025-08-12,terça-feira,1,PH CORUMBA (PF),HB,623,explícito,1380.0,3
2025-08-12,terça-feira,1,PH UBAJARA,HB,618,explícito,16.0,2
2025-08-12,terça-feira,1,PH UBAJARA,HB,623,explícito,1.0,1
2025-08-12,terça-feira,1,PH UBAJARA,IFCO,6416,explícito,151.16666666666666,21
2025-08-12,terça-feira,1,PH UBAJARA,IFCO,6424,explícito,406.0,37
2025-08-12,terça-feira,1,TREB. MINAS,HB,618,explícito,520.0,26
2025-08-12,terça-feira,1,TREB. MINAS,HB,618,rateio_por_capacidade,24.569235820032787,4
2025-08-12,terça-feira,1,TREB. MINAS,HB,623,explícito,205.0,11
2025-08-12,terça-feira,1,TREB. MINAS,HB,623,rateio_por_capacidade,2.430764179967214,3
2025-08-12,terça-feira,1,TREB. MINAS,IFCO,6416,explícito,571.0,70
2025-08-12,terça-feira,1,TREB. MINAS,IFCO,6424,explícito,3360.0,4
2025-08-12,terça-feira,1,TREB. MINAS,IFCO,NAO_INFORMADO,explícito,2.0,1
2025-08-13,quarta-feira,2,PH CASCAVEL,IFCO,6424,explícito,60.0,1
2025-08-13,quarta-feira,2,PH CORUMBA (PF),HB,623,explícito,900.0,1
2025-08-13,quarta-feira,2,PH CORUMBA (PF),IFCO,6416,explícito,50.0,1
2025-08-13,quarta-feira,2,PH CORUMBA (PF),IFCO,6424,explícito,500.0,2
2025-08-13,quarta-feira,2,PH UBAJARA,IFCO,6416,explícito,97.0,14
2025-08-13,quarta-feira,2,PH UBAJARA,IFCO,6424,explícito,198.0,15
2025-08-13,quarta-feira,2,TREB. MINAS,HB,618,explícito,594.0,14
2025-08-13,quarta-feira,2,TREB. MINAS,HB,623,explícito,143.0,15
2025-08-13,quarta-feira,2,TREB. MINAS,IFCO,6416,explícito,559.0,12
2025-08-13,quarta-feira,2,TREB. MINAS,IFCO,6424,explícito,391.0,5
2025-08-14,quinta-feira,3,PH CORUMBA (PF),HB,623,explícito,690.0,1
2025-08-14,quinta-feira,3,PH CORUMBA (PF),IFCO,6416,explícito,34.0,1
2025-08-14,quinta-feira,3,PH CORUMBA (PF),IFCO,6424,explícito,2388.0,5
2025-08-14,quinta-feira,3,PH UBAJARA,HB,618,explícito,118.0,18
2025-08-14,quinta-feira,3,PH UBAJARA,IFCO,6416,explícito,65.0,37
2025-08-14,quinta-feira,3,PH UBAJARA,IFCO,6424,explícito,600.0,93
2025-08-14,quinta-feira,3,TREB. MINAS,HB,618,explícito,1270.0,69
2025-08-14,quinta-feira,3,TREB. MINAS,HB,618,rateio_por_capacidade,312.83848144930766,9
2025-08-14,quinta-feira,3,TREB. MINAS,HB,623,explícito,1901.0,34
2025-08-14,quinta-feira,3,TREB. MINAS,HB,623,rateio_por_capacidade,36.16151855069231,8
2025-08-14,quinta-feira,3,TREB. MINAS,IFCO,6416,explícito,33.0,6
2025-08-14,quinta-feira,3,TREB. MINAS,IFCO,6424,explícito,405.0,4
2025-08-15,sexta-feira,4,PH CORUMBA (PF),HB,623,explícito,690.0,1
2025-08-15,sexta-feira,4,PH CORUMBA (PF),IFCO,6424,explícito,1120.0,1
2025-08-15,sexta-feira,4,PH UBAJARA,IFCO,6416,explícito,188.0,40
2025-08-15,sexta-feira,4,PH UBAJARA,IFCO,6424,explícito,156.0,26
2025-08-15,sexta-feira,4,TREB. MINAS,IFCO,6416,explícito,424.0,4
2025-08-15,sexta-feira,4,TREB. MINAS,IFCO,6424,explícito,640.0,1
2025-08-16,sábado,5,PH CASCAVEL,IFCO,6424,explícito,1368.0,3
2025-08-16,sábado,5,PH CORUMBA (PF),HB,623,explícito,690.0,1
2025-08-16,sábado,5,PH CORUMBA (PF),IFCO,6424,explícito,640.0,1
2025-08-16,sábado,5,PH UBAJARA,HB,618,explícito,107.0,26
2025-08-16,sábado,5,PH UBAJARA,HB,618,rateio_por_capacidade,0.4296676430990219,1
2025-08-16,sábado,5,PH UBAJARA,HB,623,explícito,53.0,3
2025-08-16,sábado,5,PH UBAJARA,HB,623,rateio_por_capacidade,0.07033235690097814,1
2025-08-16,sábado,5,PH UBAJARA,IFCO,6416,explícito,322.26666666666665,66
2025-08-16,sábado,5,PH UBAJARA,IFCO,6424,explícito,1032.4138719512196,62
2025-08-16,sábado,5,TREB. MINAS,HB,618,explícito,951.0,44
2025-08-16,sábado,5,TREB. MINAS,HB,618,rateio_por_capacidade,72.7316311608189,5
2025-08-16,sábado,5,TREB. MINAS,HB,623,explícito,753.0,28
2025-08-16,sábado,5,TREB. MINAS,HB,623,rateio_por_capacidade,47.2683688391811,6
2025-08-16,sábado,5,TREB. MINAS,IFCO,6416,explícito,682.0,17
2025-08-16,sábado,5,TREB. MINAS,IFCO,6424,explícito,811.0,11
2025-08-16,sábado,5,TREB. MINAS,IFCO,NAO_INFORMADO,explícito,1.0,1
2025-08-18,segunda-feira,0,PH CORUMBA (PF),HB,623,explícito,1810.0,2
2025-08-18,segunda-feira,0,PH SUL (PF),IFCO,6424,explícito,287.0,6
2025-08-18,segunda-feira,0,PH UBAJARA,HB,618,explícito,204.0,19
2025-08-18,segunda-feira,0,PH UBAJARA,HB,618,rateio_por_capacidade,1.6757038080861852,2
2025-08-18,segunda-feira,0,PH UBAJARA,HB,623,rateio_por_capacidade,0.27429619191381477,2
2025-08-18,segunda-feira,0,PH UBAJARA,IFCO,6416,explícito,955.1847222222223,7
2025-08-18,segunda-feira,0,TREB GOIANIA - GALPAO CD,IFCO,6424,explícito,30.0,1
2025-08-18,segunda-feira,0,TREB. MINAS,HB,618,explícito,569.0,26
2025-08-18,segunda-feira,0,TREB. MINAS,HB,618,rateio_por_capacidade,7.616258868201323,3
2025-08-18,segunda-feira,0,TREB. MINAS,HB,623,explícito,800.0,16
2025-08-18,segunda-feira,0,TREB. MINAS,HB,623,rateio_por_capacidade,0.38374113179867764,2
2025-08-18,segunda-feira,0,TREB. MINAS,IFCO,6416,explícito,316.0,6
2025-08-19,terça-feira,1,PH CASCAVEL,HB,623,explícito,102.0,2
2025-08-19,terça-feira,1,PH CASCAVEL,IFCO,6424,explícito,2270.0,4
2025-08-19,terça-feira,1,PH CORUMBA (PF),IFCO,6424,explícito,2222.0,6
2025-08-19,terça-feira,1,PH SUL (PF),IFCO,6424,explícito,153.0,3
2025-08-19,terça-feira,1,PH UBAJARA,HB,618,explícito,62.0,18
2025-08-19,terça-feira,1,PH UBAJARA,HB,623,explícito,18.0,6
2025-08-19,terça-feira,1,PH UBAJARA,IFCO,6424,explícito,13.0,1
2025-08-19,terça-feira,1,TREB. MINAS,HB,618,explícito,761.4285714285714,39
2025-08-19,terça-feira,1,TREB. MINAS,HB,618,rateio_por_capacidade,23.608699865366745,4
2025-08-19,terça-feira,1,TREB. MINAS,HB,623,explícito,162.66666666666669,12
2025-08-19,terça-feira,1,TREB. MINAS,HB,623,rateio_por_capacidade,2.3913001346332567,3
2025-08-19,terça-feira,1,TREB. MINAS,IFCO,6416,explícito,679.0,120
2025-08-19,terça-feira,1,TREB. MINAS,IFCO,6424,explícito,40.0,1
2025-08-20,quarta-feira,2,PH CASCAVEL,HB,623,explícito,102.0,2
2025-08-20,quarta-feira,2,PH CASCAVEL,IFCO,6424,explícito,640.0,1
2025-08-20,quarta-feira,2,PH CORUMBA (PF),HB,623,explícito,1260.0,2
2025-08-20,quarta-feira,2,PH CORUMBA (PF),IFCO,6424,explícito,1140.0,2
2025-08-20,quarta-feira,2,PH UBAJARA,IFCO,6416,explícito,225.0,17
2025-08-20,quarta-feira,2,PH UBAJARA,IFCO,6424,explícito,172.0,11
2025-08-20,quarta-feira,2,TREB. MINAS,HB,618,explícito,542.0,15
2025-08-20,quarta-feira,2,TREB. MINAS,HB,618,rateio_por_capacidade,4.7458046767537825,1
2025-08-20,quarta-feira,2,TREB. MINAS,HB,623,explícito,793.0,17
2025-08-20,quarta-feira,2,TREB. MINAS,HB,623,rateio_por_capacidade,3.2541953232462175,3
2025-08-20,quarta-feira,2,TREB. MINAS,IFCO,6416,explícito,181.0,6
2025-08-20,quarta-feira,2,TREB. MINAS,IFCO,6424,explícito,404.0,8
2025-08-20,quarta-feira,2,TREB. MINAS,IFCO,NAO_INFORMADO,explícito,1.0,1
2025-08-21,quinta-feira,3,PH CORUMBA (PF),HB,623,explícito,1680.0,2
2025-08-21,quinta-feira,3,PH CORUMBA (PF),IFCO,6424,explícito,2160.0,2
2025-08-21,quinta-feira,3,PH SUL (PF),IFCO,6424,explícito,149.0,8
2025-08-21,quinta-feira,3,PH UBAJARA,HB,618,explícito,90.0,18
2025-08-21,quinta-feira,3,PH UBAJARA,IFCO,6416,explícito,121.51688311688312,11
2025-08-21,quinta-feira,3,PH UBAJARA,IFCO,6424,explícito,294.2190476190476,13
2025-08-21,quinta-feira,3,TREB. MINAS,HB,618,explícito,2288.0,49
2025-08-21,quinta-feira,3,TREB. MINAS,HB,618,rateio_por_capacidade,11.015347003386307,3
2025-08-21,quinta-feira,3,TREB. MINAS,HB,623,explícito,1616.0,27
2025-08-21,quinta-feira,3,TREB. MINAS,HB,623,rateio_por_capacidade,0.9846529966136939,2
2025-08-21,quinta-feira,3,TREB. MINAS,IFCO,6416,explícito,162.0,10
2025-08-21,quinta-feira,3,TREB. MINAS,IFCO,6424,explícito,1721.0,9
2025-08-22,sexta-feira,4,PH CASCAVEL,IFCO,6424,explícito,2880.0,3
2025-08-22,sexta-feira,4,PH CORUMBA (PF),IFCO,6416,explícito,1680.0,1
2025-08-22,sexta-feira,4,PH CORUMBA (PF),IFCO,6424,explícito,3680.0,5
2025-08-22,sexta-feira,4,PH SUL (PF),IFCO,6424,explícito,132.0,8
2025-08-22,sexta-feira,4,PH UBAJARA,IFCO,6416,explícito,113.0,26
2025-08-22,sexta-feira,4,PH UBAJARA,IFCO,6424,explícito,275.0,19
2025-08-22,sexta-feira,4,TREB GOIANIA - GALPAO CD,IFCO,6424,explícito,1.0,1
2025-08-22,sexta-feira,4,TREB. MINAS,HB,618,explícito,294.0,22
2025-08-22,sexta-feira,4,TREB. MINAS,HB,623,explícito,1216.0,2
2025-08-22,sexta-feira,4,TREB. MINAS,IFCO,6416,explícito,281.0,6
2025-08-22,sexta-feira,4,TREB. MINAS,IFCO,6424,explícito,2040.0,3
2025-08-23,sábado,5,PH CASCAVEL,IFCO,6424,explícito,1416.0,2
2025-08-23,sábado,5,PH CORUMBA (PF),HB,623,explícito,670.0,1
2025-08-23,sábado,5,PH CORUMBA (PF),IFCO,6424,explícito,640.0,1
2025-08-23,sábado,5,PH UBAJARA,HB,618,explícito,187.0,40
2025-08-23,sábado,5,PH UBAJARA,HB,623,explícito,169.0,10
2025-08-23,sábado,5,PH UBAJARA,IFCO,6416,explícito,339.26666666666665,48
2025-08-23,sábado,5,PH UBAJARA,IFCO,6424,explícito,798.0,45
2025-08-23,sábado,5,TREB GOIANIA - GALPAO CD,HB,618,explícito,0.0208333333333333,1
2025-08-23,sábado,5,TREB. MINAS,HB,618,explícito,1002.0,44
2025-08-23,sábado,5,TREB. MINAS,HB,618,rateio_por_capacidade,40.15545914448529,9
2025-08-23,sábado,5,TREB. MINAS,HB,623,explícito,978.0,30
2025-08-23,sábado,5,TREB. MINAS,HB,623,rateio_por_capacidade,14.844540855514706,8
2025-08-23,sábado,5,TREB. MINAS,IFCO,6416,explícito,393.0,17
2025-08-23,sábado,5,TREB. MINAS,IFCO,6424,explícito,2255.0,4
2025-08-25,segunda-feira,0,PH CASCAVEL,IFCO,6424,explícito,4256.0,7
2025-08-25,segunda-feira,0,PH CORUMBA (PF),HB,623,explícito,1950.0,4
2025-08-25,segunda-feira,0,PH CORUMBA (PF),IFCO,6416,explícito,1653.0,1
2025-08-25,segunda-feira,0,PH SUL (PF),IFCO,6424,explícito,265.0,6
2025-08-25,segunda-feira,0,PH UBAJARA,HB,618,explícito,292.0,19
2025-08-25,segunda-feira,0,PH UBAJARA,IFCO,6424,explícito,2.0,2
2025-08-25,segunda-feira,0,TREB. MINAS,HB,618,explícito,780.0,27
2025-08-25,segunda-feira,0,TREB. MINAS,HB,623,explícito,54.0,2
2025-08-25,segunda-feira,0,TREB. MINAS,IFCO,6416,explícito,233.0,11
2025-08-25,segunda-feira,0,TREB. MINAS,IFCO,6424,explícito,1131.0,4
2025-08-25,segunda-feira,0,TREB. MINAS,IFCO,NAO_INFORMADO,explícito,2.0,1
2025-08-26,terça-feira,1,PH CASCAVEL,IFCO,6424,explícito,3648.0,6
2025-08-26,terça-feira,1,PH CORUMBA (PF),IFCO,6424,explícito,890.0,3
2025-08-26,terça-feira,1,PH SUL (PF),IFCO,6424,explícito,161.0,5
2025-08-26,terça-feira,1,PH UBAJARA,HB,618,explícito,98.0,16
2025-08-26,terça-feira,1,PH UBAJARA,HB,623,explícito,33.0,6
2025-08-26,terça-feira,1,PH UBAJARA,IFCO,6416,explícito,1.166666666666667,2
2025-08-26,terça-feira,1,PH UBAJARA,IFCO,6424,explícito,22.0,1
2025-08-26,terça-feira,1,TREB. MINAS,HB,618,explícito,911.0,30
2025-08-26,terça-feira,1,TREB. MINAS,HB,618,rateio_por_capacidade,28.061388013545226,4
2025-08-26,terça-feira,1,TREB. MINAS,HB,623,explícito,984.0,9
2025-08-26,terça-feira,1,TREB. MINAS,HB,623,rateio_por_capacidade,3.938611986454776,3
2025-08-26,terça-feira,1,TREB. MINAS,IFCO,6416,explícito,489.0,62
2025-08-26,terça-feira,1,TREB. MINAS,IFCO,6424,explícito,680.0,2
2025-08-27,quarta-feira,2,PH CASCAVEL,IFCO,6424,explícito,636.0,2
2025-08-27,quarta-feira,2,PH CORUMBA (PF),HB,623,explícito,1950.0,3
2025-08-27,quarta-feira,2,PH CORUMBA (PF),IFCO,6424,explícito,380.0,2
2025-08-27,quarta-feira,2,PH SUL (PF),IFCO,6424,explícito,733.0,3
2025-08-27,quarta-feira,2,PH UBAJARA,IFCO,6416,explícito,314.0,18
2025-08-27,quarta-feira,2,PH UBAJARA,IFCO,6424,explícito,678.0,12
2025-08-27,quarta-feira,2,TREB. MINAS,HB,618,explícito,802.0,16
2025-08-27,quarta-feira,2,TREB. MINAS,HB,618,rateio_por_capacidade,3.796643741403026,1
2025-08-27,quarta-feira,2,TREB. MINAS,HB,623,explícito,1618.0,22
2025-08-27,quarta-feira,2,TREB. MINAS,HB,623,rateio_por_capacidade,6.2033562585969735,3
2025-08-27,quarta-feira,2,TREB. MINAS,IFCO,6416,explícito,339.0,14
2025-08-27,quarta-feira,2,TREB. MINAS,IFCO,6424,explícito,1304.0,14
2025-08-28,quinta-feira,3,PH CASCAVEL,IFCO,6424,explícito,120.0,2
2025-08-28,quinta-feira,3,PH CORUMBA (PF),HB,623,explícito,1590.0,2
2025-08-28,quinta-feira,3,PH CORUMBA (PF),IFCO,6424,explícito,2220.0,3
2025-08-28,quinta-feira,3,PH SUL (PF),IFCO,6424,explícito,81.0,4
2025-08-28,quinta-feira,3,PH UBAJARA,HB,618,explícito,328.0,18
2025-08-28,quinta-feira,3,PH UBAJARA,HB,623,explícito,40.0,1
2025-08-28,quinta-feira,3,PH UBAJARA,IFCO,6424,explícito,228.0,5
2025-08-28,quinta-feira,3,TREB. MINAS,HB,618,explícito,1039.0,44
2025-08-28,quinta-feira,3,TREB. MINAS,HB,618,rateio_por_capacidade,52.70078188568458,5
2025-08-28,quinta-feira,3,TREB. MINAS,HB,623,explícito,154.0,9
2025-08-28,quinta-feira,3,TREB. MINAS,HB,623,rateio_por_capacidade,8.29921811431542,4
2025-08-28,quinta-feira,3,TREB. MINAS,IFCO,6424,explícito,4522.0,5
2025-08-29,sexta-feira,4,PH CORUMBA (PF),IFCO,6424,explícito,640.0,1
2025-08-29,sexta-feira,4,PH UBAJARA,IFCO,6416,explícito,22.0,17
2025-08-29,sexta-feira,4,PH UBAJARA,IFCO,6424,explícito,620.0,9
2025-08-29,sexta-feira,4,TREB. MINAS,HB,618,explícito,323.0,25
2025-08-29,sexta-feira,4,TREB. MINAS,HB,618,rateio_por_capacidade,181.2993084640109,1
2025-08-29,sexta-feira,4,TREB. MINAS,HB,623,explícito,20.0,1
2025-08-29,sexta-feira,4,TREB. MINAS,HB,623,rateio_por_capacidade,18.70069153598909,1
2025-08-29,sexta-feira,4,TREB. MINAS,IFCO,6416,explícito,385.0,13
2025-08-29,sexta-feira,4,TREB. MINAS,IFCO,6424,explícito,2247.0,7
2025-08-30,sábado,5,PH CASCAVEL,IFCO,6424,explícito,952.0,4
2025-08-30,sábado,5,PH CORUMBA (PF),HB,623,explícito,1950.0,2
2025-08-30,sábado,5,PH CORUMBA (PF),IFCO,6424,explícito,304.0,2
2025-08-30,sábado,5,PH UBAJARA,HB,618,explícito,173.0,38
2025-08-30,sábado,5,PH UBAJARA,HB,623,explícito,164.0,10
2025-08-30,sábado,5,PH UBAJARA,IFCO,6416,explícito,266.8,62
2025-08-30,sábado,5,PH UBAJARA,IFCO,6424,explícito,206.0,32
2025-08-30,sábado,5,TREB. MINAS,HB,618,explícito,1648.0,46
2025-08-30,sábado,5,TREB. MINAS,HB,618,rateio_por_capacidade,12.029656322286705,3
2025-08-30,sábado,5,TREB. MINAS,HB,623,explícito,1608.0,45
2025-08-30,sábado,5,TREB. MINAS,HB,623,rateio_por_capacidade,75.97034367771329,6
2025-08-30,sábado,5,TREB. MINAS,IFCO,6416,explícito,732.0,192
2025-08-30,sábado,5,TREB. MINAS,IFCO,6424,explícito,3851.0,14
2025-09-01,segunda-feira,0,PH CORUMBA (PF),HB,623,explícito,1260.0,1
2025-09-01,segunda-feira,0,PH SUL (PF),IFCO,6424,explícito,534.0,12
2025-09-01,segunda-feira,0,PH UBAJARA,HB,618,explícito,255.0,18
2025-09-01,segunda-feira,0,PH UBAJARA,HB,623,explícito,30.0,1
2025-09-01,segunda-feira,0,PH UBAJARA,IFCO,6416,explícito,119.06666666666666,21
2025-09-01,segunda-feira,0,PH UBAJARA,IFCO,6424,explícito,569.0,33
2025-09-01,segunda-feira,0,TREB. MINAS,HB,618,explícito,659.0,28
2025-09-01,segunda-feira,0,TREB. MINAS,HB,618,rateio_por_capacidade,3.5780058585941314,2
2025-09-01,segunda-feira,0,TREB. MINAS,HB,623,explícito,1962.0,19
2025-09-01,segunda-feira,0,TREB. MINAS,HB,623,rateio_por_capacidade,0.42199414140586883,1
2025-09-01,segunda-feira,0,TREB. MINAS,IFCO,6416,explícito,208.0,11
2025-09-01,segunda-feira,0,TREB. MINAS,IFCO,6424,explícito,17.0,2
2025-09-01,segunda-feira,0,TREB. MINAS,IFCO,NAO_INFORMADO,explícito,1.0,1
2025-09-02,terça-feira,1,PH ALHO/CEBOLA,HB,623,explícito,1260.0,1
2025-09-02,terça-feira,1,PH CASCAVEL,IFCO,6424,explícito,309.0,2
2025-09-02,terça-feira,1,PH CORUMBA (PF),HB,623,explícito,1950.0,2
2025-09-02,terça-feira,1,PH CORUMBA (PF),IFCO,6424,explícito,200.0,1
2025-09-02,terça-feira,1,PH SUL (PF),IFCO,6424,explícito,237.0,6
2025-09-02,terça-feira,1,PH UBAJARA,HB,618,explícito,132.0,18
2025-09-02,terça-feira,1,PH UBAJARA,HB,623,explícito,47.0,7
2025-09-02,terça-feira,1,PH UBAJARA,IFCO,6416,explícito,146.0,10
2025-09-02,terça-feira,1,PH UBAJARA,IFCO,6424,explícito,686.0,31
2025-09-02,terça-feira,1,TREB. MINAS,HB,618,explícito,1087.0,48
2025-09-02,terça-feira,1,TREB. MINAS,HB,618,rateio_por_capacidade,21.468035151564788,4
2025-09-02,terça-feira,1,TREB. MINAS,HB,623,explícito,861.0,13
2025-09-02,terça-feira,1,TREB. MINAS,HB,623,rateio_por_capacidade,2.531964848435213,3
2025-09-02,terça-feira,1,TREB. MINAS,IFCO,6416,explícito,557.0,11
2025-09-02,terça-feira,1,TREB. MINAS,IFCO,6424,explícito,280.0,2
2025-09-03,quarta-feira,2,PH ALHO/CEBOLA,HB,623,explícito,90.0,1
2025-09-03,quarta-feira,2,PH CORUMBA (PF),IFCO,6424,explícito,250.0,1
2025-09-03,quarta-feira,2,PH SUL (PF),IFCO,6424,explícito,81.0,5
2025-09-03,quarta-feira,2,PH UBAJARA,IFCO,6416,explícito,239.0,32
2025-09-03,quarta-feira,2,PH UBAJARA,IFCO,6424,explícito,308.0,19
2025-09-03,quarta-feira,2,TREB. MINAS,HB,618,explícito,495.0,14
2025-09-03,quarta-feira,2,TREB. MINAS,HB,618,rateio_por_capacidade,2.8474828060522697,2
2025-09-03,quarta-feira,2,TREB. MINAS,HB,623,explícito,2668.0,20
2025-09-03,quarta-feira,2,TREB. MINAS,HB,623,rateio_por_capacidade,0.1525171939477304,2
2025-09-03,quarta-feira,2,TREB. MINAS,IFCO,6416,explícito,405.0,16
2025-09-03,quarta-feira,2,TREB. MINAS,IFCO,6424,explícito,1425.0,11
2025-09-04,quinta-feira,3,PH CORUMBA (PF),HB,623,explícito,1260.0,1
2025-09-04,quinta-feira,3,PH CORUMBA (PF),IFCO,6424,explícito,1847.0,5
2025-09-04,quinta-feira,3,PH SUL (PF),IFCO,6424,explícito,77.0,4
2025-09-04,quinta-feira,3,PH UBAJARA,HB,618,explícito,104.0,17
2025-09-04,quinta-feira,3,PH UBAJARA,HB,623,explícito,30.0,1
2025-09-04,quinta-feira,3,PH UBAJARA,IFCO,6424,explícito,100.0,1
2025-09-04,quinta-feira,3,TREB. MINAS,HB,618,explícito,912.0,49
2025-09-04,quinta-feira,3,TREB. MINAS,HB,618,rateio_por_capacidade,167.065598298394,12
2025-09-04,quinta-feira,3,TREB. MINAS,HB,623,explícito,2052.0,35
2025-09-04,quinta-feira,3,TREB. MINAS,HB,623,rateio_por_capacidade,85.93440170160599,13
2025-09-04,quinta-feira,3,TREB. MINAS,IFCO,6416,explícito,21.0,5
2025-09-04,quinta-feira,3,TREB. MINAS,IFCO,6424,explícito,2275.0,6
2025-09-05,sexta-feira,4,PH CASCAVEL,IFCO,6424,explícito,920.0,2
2025-09-05,sexta-feira,4,PH CORUMBA (PF),HB,623,explícito,690.0,1
2025-09-05,sexta-feira,4,PH CORUMBA (PF),IFCO,6424,explícito,2240.0,2
2025-09-05,sexta-feira,4,PH SUL (PF),IFCO,6424,explícito,130.0,6
2025-09-05,sexta-feira,4,PH UBAJARA,HB,618,explícito,80.0,2
2025-09-05,sexta-feira,4,TREB. MINAS,HB,618,explícito,296.0,23
2025-09-05,sexta-feira,4,TREB. MINAS,HB,623,explícito,31.0,3
2025-09-05,sexta-feira,4,TREB. MINAS,IFCO,6416,explícito,338.0,12
2025-09-05,sexta-feira,4,TREB. MINAS,IFCO,6424,explícito,1288.0,13
2025-09-06,sábado,5,PH ALHO/CEBOLA,IFCO,6424,explícito,360.0,1
2025-09-06,sábado,5,PH CASCAVEL,IFCO,6424,explícito,1902.0,7
2025-09-06,sábado,5,PH CORUMBA (PF),HB,623,explícito,1260.0,1
2025-09-06,sábado,5,PH CORUMBA (PF),IFCO,6424,explícito,2125.0,5
2025-09-06,sábado,5,PH UBAJARA,HB,618,explícito,215.0,38
2025-09-06,sábado,5,PH UBAJARA,HB,623,explícito,51.0,8
2025-09-06,sábado,5,PH UBAJARA,IFCO,6416,explícito,968.1666666666666,95
2025-09-06,sábado,5,PH UBAJARA,IFCO,6424,explícito,680.5,39
2025-09-06,sábado,5,TREB. MINAS,HB,618,explícito,1631.0,59
2025-09-06,sábado,5,TREB. MINAS,HB,618,rateio_por_capacidade,46.77185623274965,7
2025-09-06,sábado,5,TREB. MINAS,HB,623,explícito,1569.0,36
2025-09-06,sábado,5,TREB. MINAS,HB,623,rateio_por_capacidade,17.228143767250355,9
2025-09-06,sábado,5,TREB. MINAS,IFCO,6416,explícito,591.0,26
2025-09-06,sábado,5,TREB. MINAS,IFCO,6424,explícito,226.0,3
2025-09-08,segunda-feira,0,PH CASCAVEL,IFCO,6424,explícito,1836.0,4
2025-09-08,segunda-feira,0,PH CORUMBA (PF),HB,623,explícito,810.0,1
2025-09-08,segunda-feira,0,PH CORUMBA (PF),IFCO,6424,explícito,640.0,1
2025-09-08,segunda-feira,0,PH SUL (PF),IFCO,6424,explícito,40.0,1
2025-09-08,segunda-feira,0,PH UBAJARA,HB,618,explícito,277.0,18
2025-09-08,segunda-feira,0,PH UBAJARA,HB,623,explícito,15.0,1
2025-09-08,segunda-feira,0,TREB. MINAS,HB,618,explícito,314.0,17
2025-09-08,segunda-feira,0,TREB. MINAS,HB,618,rateio_por_capacidade,9.513847164006558,3
2025-09-08,segunda-feira,0,TREB. MINAS,HB,623,explícito,2097.0,22
2025-09-08,segunda-feira,0,TREB. MINAS,HB,623,rateio_por_capacidade,0.4861528359934428,2
2025-09-08,segunda-feira,0,TREB. MINAS,IFCO,6416,explícito,223.0,11
2025-09-08,segunda-feira,0,TREB. MINAS,IFCO,6424,explícito,1514.0,7
2025-09-08,segunda-feira,0,TREB. MINAS,IFCO,NAO_INFORMADO,explícito,1.0,1
2025-09-09,terça-feira,1,PH CASCAVEL,IFCO,6424,explícito,3523.0,11
2025-09-09,terça-feira,1,PH CORUMBA (PF),HB,623,explícito,690.0,1
2025-09-09,terça-feira,1,PH SUL (PF),IFCO,6424,explícito,60.0,2
2025-09-09,terça-feira,1,PH UBAJARA,HB,618,explícito,88.0,14
2025-09-09,terça-feira,1,PH UBAJARA,HB,623,explícito,39.0,6
2025-09-09,terça-feira,1,PH UBAJARA,IFCO,6416,explícito,53.0,3
2025-09-09,terça-feira,1,PH UBAJARA,IFCO,6424,explícito,146.0,13
2025-09-09,terça-feira,1,TREB. MINAS,HB,618,explícito,673.0,39
2025-09-09,terça-feira,1,TREB. MINAS,HB,618,rateio_por_capacidade,19.17135872057457,3
2025-09-09,terça-feira,1,TREB. MINAS,HB,623,explícito,883.0,9
2025-09-09,terça-feira,1,TREB. MINAS,HB,623,rateio_por_capacidade,1.8286412794254316,2
2025-09-09,terça-feira,1,TREB. MINAS,IFCO,6416,explícito,585.0,9
2025-09-09,terça-feira,1,TREB. MINAS,IFCO,6424,explícito,40.0,1
2025-09-10,quarta-feira,2,PH CORUMBA (PF),IFCO,6424,explícito,1120.0,1
2025-09-10,quarta-feira,2,PH UBAJARA,IFCO,6424,explícito,438.0,1
2025-09-10,quarta-feira,2,TREB. MINAS,HB,618,explícito,545.0,14
2025-09-10,quarta-feira,2,TREB. MINAS,HB,618,rateio_por_capacidade,1.898321870701513,2
2025-09-10,quarta-feira,2,TREB. MINAS,HB,623,explícito,1619.05,25
2025-09-10,quarta-feira,2,TREB. MINAS,HB,623,rateio_por_capacidade,0.10167812929848692,2
2025-09-10,quarta-feira,2,TREB. MINAS,IFCO,6416,explícito,592.0,163
2025-09-10,quarta-feira,2,TREB. MINAS,IFCO,6424,explícito,223.0,10
2025-09-11,quinta-feira,3,PH CORUMBA (PF),HB,623,explícito,1260.0,1
2025-09-11,quinta-feira,3,PH SUL (PF),IFCO,6424,explícito,188.0,5
2025-09-11,quinta-feira,3,PH UBAJARA,IFCO,6416,explícito,339.0,55
2025-09-11,quinta-feira,3,PH UBAJARA,IFCO,6424,explícito,543.0,29
2025-09-11,quinta-feira,3,TREB. MINAS,HB,618,explícito,1252.0,55
2025-09-11,quinta-feira,3,TREB. MINAS,HB,618,rateio_por_capacidade,78.01759364185334,7
2025-09-11,quinta-feira,3,TREB. MINAS,HB,623,explícito,606.0,23
2025-09-11,quinta-feira,3,TREB. MINAS,HB,623,rateio_por_capacidade,71.98240635814666,8
2025-09-11,quinta-feira,3,TREB. MINAS,IFCO,6416,explícito,35.0,5
2025-09-11,quinta-feira,3,TREB. MINAS,IFCO,6424,explícito,728.0,7
2025-09-12,sexta-feira,4,PH ALHO/CEBOLA,IFCO,6424,explícito,360.0,1
2025-09-12,sexta-feira,4,PH CASCAVEL,IFCO,6424,explícito,636.0,2
2025-09-12,sexta-feira,4,PH CORUMBA (PF),HB,623,explícito,690.0,1
2025-09-12,sexta-feira,4,PH SUL (PF),IFCO,6424,explícito,80.0,6
2025-09-12,sexta-feira,4,PH UBAJARA,HB,618,explícito,86.0,15
2025-09-12,sexta-feira,4,PH UBAJARA,IFCO,6416,explícito,132.83333333333334,18
2025-09-12,sexta-feira,4,PH UBAJARA,IFCO,6424,explícito,81.35087719298245,13
2025-09-12,sexta-feira,4,TREB. MINAS,HB,618,explícito,453.0,23
2025-09-12,sexta-feira,4,TREB. MINAS,HB,623,explícito,660.0,5
2025-09-12,sexta-feira,4,TREB. MINAS,IFCO,6416,explícito,404.0,12
2025-09-12,sexta-feira,4,TREB. MINAS,IFCO,6424,explícito,227.0,13
2025-09-13,sábado,5,PH CASCAVEL,IFCO,6424,explícito,1336.0,5
2025-09-13,sábado,5,PH CORUMBA (PF),IFCO,6424,explícito,150.0,1
2025-09-13,sábado,5,PH UBAJARA,HB,618,explícito,208.0,44
2025-09-13,sábado,5,PH UBAJARA,HB,623,explícito,37.0,7
2025-09-13,sábado,5,PH UBAJARA,IFCO,6416,explícito,244.16666666666669,85
2025-09-13,sábado,5,PH UBAJARA,IFCO,6424,explícito,821.0,143
2025-09-13,sábado,5,TREB. MINAS,HB,618,explícito,950.0,43
2025-09-13,sábado,5,TREB. MINAS,HB,618,rateio_por_capacidade,9.491609353507565,3
2025-09-13,sábado,5,TREB. MINAS,HB,623,explícito,835.0,26
2025-09-13,sábado,5,TREB. MINAS,HB,623,rateio_por_capacidade,0.5083906464924346,3
2025-09-13,sábado,5,TREB. MINAS,IFCO,6416,explícito,529.4,11
2025-09-13,sábado,5,TREB. MINAS,IFCO,6424,explícito,1097.0,6
2025-09-15,segunda-feira,0,PH CASCAVEL,IFCO,6424,explícito,640.0,1
2025-09-15,segunda-feira,0,PH CORUMBA (PF),HB,623,explícito,1950.0,3
2025-09-15,segunda-feira,0,PH CORUMBA (PF),IFCO,6424,explícito,320.0,1
2025-09-15,segunda-feira,0,PH SUL (PF),IFCO,6424,explícito,215.0,4
2025-09-15,segunda-feira,0,PH UBAJARA,HB,618,explícito,209.0,19
2025-09-15,segunda-feira,0,PH UBAJARA,HB,623,explícito,20.0,1
2025-09-15,segunda-feira,0,PH UBAJARA,IFCO,6416,explícito,0.133333333333333,1
2025-09-15,segunda-feira,0,TREB. MINAS,HB,618,explícito,280.1166666666667,19
2025-09-15,segunda-feira,0,TREB. MINAS,HB,618,rateio_por_capacidade,25.675315398708943,4
2025-09-15,segunda-feira,0,TREB. MINAS,HB,623,explícito,133.04761904761904,8
2025-09-15,segunda-feira,0,TREB. MINAS,HB,623,rateio_por_capacidade,17.324684601291057,5
2025-09-15,segunda-feira,0,TREB. MINAS,IFCO,6416,explícito,200.0,11
2025-09-15,segunda-feira,0,TREB. MINAS,IFCO,6424,explícito,649.0,3
2025-09-16,terça-feira,1,PH CORUMBA (PF),HB,623,explícito,270.0,1
2025-09-16,terça-feira,1,PH CORUMBA (PF),IFCO,6424,explícito,1280.0,2
2025-09-16,terça-feira,1,PH SUL (PF),IFCO,6424,explícito,210.0,10
2025-09-16,terça-feira,1,PH UBAJARA,HB,618,explícito,110.0,16
2025-09-16,terça-feira,1,PH UBAJARA,HB,623,explícito,30.0,7
2025-09-16,terça-feira,1,PH UBAJARA,IFCO,6416,explícito,157.0,16
2025-09-16,terça-feira,1,PH UBAJARA,IFCO,6424,explícito,216.0,13
2025-09-16,terça-feira,1,TREB. MINAS,HB,618,explícito,707.0,33
2025-09-16,terça-feira,1,TREB. MINAS,HB,618,rateio_por_capacidade,31.403876456977216,6
2025-09-16,terça-feira,1,TREB. MINAS,HB,623,explícito,1049.0,27
2025-09-16,terça-feira,1,TREB. MINAS,HB,623,rateio_por_capacidade,2.596123543022787,4
2025-09-16,terça-feira,1,TREB. MINAS,IFCO,6416,explícito,621.0,87
2025-09-16,terça-feira,1,TREB. MINAS,IFCO,6424,explícito,320.0,3
2025-09-17,quarta-feira,2,PH CORUMBA (PF),HB,623,explícito,690.0,2
2025-09-17,quarta-feira,2,PH CORUMBA (PF),IFCO,6424,explícito,320.0,1
2025-09-17,quarta-feira,2,PH SUL (PF),IFCO,6424,explícito,103.0,7
2025-09-17,quarta-feira,2,PH UBAJARA,IFCO,6416,explícito,92.0,2
2025-09-17,quarta-feira,2,PH UBAJARA,IFCO,6424,explícito,236.0,3
2025-09-17,quarta-feira,2,TREB. MINAS,HB,618,explícito,722.0,13
2025-09-17,quarta-feira,2,TREB. MINAS,HB,623,explícito,1104.05,20
2025-09-17,quarta-feira,2,TREB. MINAS,IFCO,6416,explícito,408.3666666666667,20
2025-09-17,quarta-feira,2,TREB. MINAS,IFCO,6424,explícito,308.0,14
2025-09-18,quinta-feira,3,PH CASCAVEL,IFCO,6424,explícito,60.0,1
2025-09-18,quinta-feira,3,PH CORUMBA (PF),HB,623,explícito,690.0,1
2025-09-18,quinta-feira,3,PH CORUMBA (PF),IFCO,6424,explícito,1120.0,1
2025-09-18,quinta-feira,3,PH UBAJARA,HB,618,explícito,90.60429769392033,20
2025-09-18,quinta-feira,3,PH UBAJARA,HB,623,explícito,0.294117647058824,1
2025-09-18,quinta-feira,3,PH UBAJARA,IFCO,6416,explícito,57.0,9
2025-09-18,quinta-feira,3,PH UBAJARA,IFCO,6424,explícito,26.208333333333332,4
2025-09-18,quinta-feira,3,TREB. MINAS,HB,618,explícito,1160.0,55
2025-09-18,quinta-feira,3,TREB. MINAS,HB,618,rateio_por_capacidade,71.88748760964546,6
2025-09-18,quinta-feira,3,TREB. MINAS,HB,623,explícito,1208.0,14
2025-09-18,quinta-feira,3,TREB. MINAS,HB,623,rateio_por_capacidade,11.112512390354546,5
2025-09-18,quinta-feira,3,TREB. MINAS,IFCO,6416,explícito,18.0,3
2025-09-18,quinta-feira,3,TREB. MINAS,IFCO,6424,explícito,17.0,5
2025-09-19,sexta-feira,4,PH CASCAVEL,IFCO,6424,explícito,716.0,1
2025-09-19,sexta-feira,4,PH CORUMBA (PF),HB,623,explícito,690.0,1
2025-09-19,sexta-feira,4,PH CORUMBA (PF),IFCO,6424,explícito,2240.0,2
2025-09-19,sexta-feira,4,PH UBAJARA,IFCO,6416,explícito,511.6,73
2025-09-19,sexta-feira,4,PH UBAJARA,IFCO,6424,explícito,489.34285714285716,61
2025-09-19,sexta-feira,4,TREB. MINAS,HB,618,explícito,157.0,18
2025-09-19,sexta-feira,4,TREB. MINAS,HB,623,explícito,70.0,2
2025-09-19,sexta-feira,4,TREB. MINAS,IFCO,6416,explícito,316.0,8
2025-09-19,sexta-feira,4,TREB. MINAS,IFCO,6424,explícito,2078.0,2
2025-09-20,sábado,5,PH CASCAVEL,IFCO,6424,explícito,720.0,2
2025-09-20,sábado,5,PH CORUMBA (PF),IFCO,6424,explícito,2424.0,4
2025-09-20,sábado,5,PH SUL (PF),IFCO,6424,explícito,33.0,2
2025-09-20,sábado,5,PH UBAJARA,HB,618,explícito,170.0,41
2025-09-20,sábado,5,PH UBAJARA,HB,623,explícito,14.0,7
2025-09-20,sábado,5,PH UBAJARA,IFCO,6416,explícito,429.2,38
2025-09-20,sábado,5,PH UBAJARA,IFCO,6424,explícito,1007.0,86
2025-09-20,sábado,5,TREB. MINAS,HB,618,explícito,690.0,37
2025-09-20,sábado,5,TREB. MINAS,HB,618,rateio_por_capacidade,7.232279005987401,3
2025-09-20,sábado,5,TREB. MINAS,HB,623,explícito,1518.0,31
2025-09-20,sábado,5,TREB. MINAS,HB,623,rateio_por_capacidade,0.7677209940125992,3
2025-09-20,sábado,5,TREB. MINAS,IFCO,6416,explícito,484.0,12
2025-09-20,sábado,5,TREB. MINAS,IFCO,6424,explícito,1243.0,8
2025-09-22,segunda-feira,0,PH CASCAVEL,IFCO,6424,explícito,800.0,2
2025-09-22,segunda-feira,0,PH CORUMBA (PF),HB,623,explícito,690.0,1
2025-09-22,segunda-feira,0,PH UBAJARA,HB,618,explícito,176.0,14
2025-09-22,segunda-feira,0,PH UBAJARA,HB,623,explícito,30.0,1
2025-09-22,segunda-feira,0,TREB. MINAS,HB,618,explícito,609.0,25
2025-09-22,segunda-feira,0,TREB. MINAS,HB,618,rateio_por_capacidade,16.232517736402645,3
2025-09-22,segunda-feira,0,TREB. MINAS,HB,623,explícito,1252.0,21
2025-09-22,segunda-feira,0,TREB. MINAS,HB,623,rateio_por_capacidade,0.7674822635973553,2
2025-09-22,segunda-feira,0,TREB. MINAS,IFCO,6416,explícito,160.5,11
2025-09-22,segunda-feira,0,TREB. MINAS,IFCO,6424,explícito,1131.0,3
2025-09-22,segunda-feira,0,TREB. MINAS,IFCO,NAO_INFORMADO,explícito,1.0,1
2025-09-23,terça-feira,1,PH CASCAVEL,IFCO,6424,explícito,60.0,1
2025-09-23,terça-feira,1,PH CORUMBA (PF),HB,623,explícito,690.0,1
2025-09-23,terça-feira,1,PH SUL (PF),IFCO,6424,explícito,110.0,2
2025-09-23,terça-feira,1,PH UBAJARA,HB,618,explícito,50.0,14
2025-09-23,terça-feira,1,PH UBAJARA,HB,623,explícito,14.0,5
2025-09-23,terça-feira,1,PH UBAJARA,IFCO,6416,explícito,8.1,3
2025-09-23,terça-feira,1,PH UBAJARA,IFCO,6424,explícito,29.0,2
2025-09-23,terça-feira,1,TREB. MINAS,HB,618,explícito,1224.8666666666668,50
2025-09-23,terça-feira,1,TREB. MINAS,HB,623,explícito,939.3666666666667,16
2025-09-23,terça-feira,1,TREB. MINAS,IFCO,6416,explícito,679.0,139
2025-09-23,terça-feira,1,TREB. MINAS,IFCO,6424,explícito,120.0,1
2025-09-24,quarta-feira,2,PH SUL (PF),IFCO,6424,explícito,46.0,3
2025-09-24,quarta-feira,2,PH UBAJARA,HB,618,explícito,0.416666666666667,1
2025-09-24,quarta-feira,2,PH UBAJARA,IFCO,6416,explícito,425.0,19
2025-09-24,quarta-feira,2,PH UBAJARA,IFCO,6424,explícito,753.0,52
2025-09-24,quarta-feira,2,TREB. MINAS,HB,618,explícito,355.0,14
2025-09-24,quarta-feira,2,TREB. MINAS,HB,618,rateio_por_capacidade,3.796643741403026,1
2025-09-24,quarta-feira,2,TREB. MINAS,HB,623,explícito,2357.0,19
2025-09-24,quarta-feira,2,TREB. MINAS,HB,623,rateio_por_capacidade,3.203356258596974,3
2025-09-24,quarta-feira,2,TREB. MINAS,IFCO,6416,explícito,351.0,14
2025-09-24,quarta-feira,2,TREB. MINAS,IFCO,6424,explícito,1081.0,12
2025-09-24,quarta-feira,2,TREB. MINAS,IFCO,NAO_INFORMADO,explícito,1.0,1
2025-09-25,quinta-feira,3,PH CASCAVEL,IFCO,6424,explícito,1120.0,2
2025-09-25,quinta-feira,3,PH CORUMBA (PF),HB,623,explícito,690.0,1
2025-09-25,quinta-feira,3,PH CORUMBA (PF),IFCO,6424,explícito,1380.0,2
2025-09-25,quinta-feira,3,PH SUL (PF),IFCO,6424,explícito,33.0,2
2025-09-25,quinta-feira,3,PH UBAJARA,HB,618,explícito,15.0,6
2025-09-25,quinta-feira,3,PH UBAJARA,HB,623,explícito,30.0,1
2025-09-25,quinta-feira,3,PH UBAJARA,IFCO,6416,explícito,39.0,13
2025-09-25,quinta-feira,3,PH UBAJARA,IFCO,6424,explícito,7.0,5
2025-09-25,quinta-feira,3,TREB. MINAS,HB,618,explícito,1024.0,42
2025-09-25,quinta-feira,3,TREB. MINAS,HB,618,rateio_por_capacidade,25.62404686875305,4
2025-09-25,quinta-feira,3,TREB. MINAS,HB,623,explícito,1612.0,15
2025-09-25,quinta-feira,3,TREB. MINAS,HB,623,rateio_por_capacidade,3.375953131246951,3
2025-09-25,quinta-feira,3,TREB. MINAS,IFCO,6416,explícito,36.0,5
2025-09-25,quinta-feira,3,TREB. MINAS,IFCO,6424,explícito,839.0,5
2025-09-26,sexta-feira,4,PH ALHO/CEBOLA,HB,623,explícito,1440.0,2
2025-09-26,sexta-feira,4,PH CORUMBA (PF),HB,623,explícito,690.0,1
2025-09-26,sexta-feira,4,PH CORUMBA (PF),IFCO,6424,explícito,2240.0,2
2025-09-26,sexta-feira,4,PH SUL (PF),IFCO,6424,explícito,89.0,5
2025-09-26,sexta-feira,4,PH UBAJARA,HB,618,explícito,326.0,10
2025-09-26,sexta-feira,4,PH UBAJARA,IFCO,6416,explícito,44.0,7
2025-09-26,sexta-feira,4,PH UBAJARA,IFCO,6424,explícito,170.0,11
2025-09-26,sexta-feira,4,TREB. MINAS,HB,618,explícito,255.0,20
2025-09-26,sexta-feira,4,TREB. MINAS,HB,623,explícito,105.0,3
2025-09-26,sexta-feira,4,TREB. MINAS,IFCO,6416,explícito,322.0,6
2025-09-26,sexta-feira,4,TREB. MINAS,IFCO,6424,explícito,3270.0,4
2025-09-27,sábado,5,PH CASCAVEL,IFCO,6424,explícito,1129.0,2
2025-09-27,sábado,5,PH CORUMBA (PF),HB,623,explícito,720.0,1
2025-09-27,sábado,5,PH CORUMBA (PF),IFCO,6424,explícito,1400.0,3
2025-09-27,sábado,5,PH UBAJARA,HB,618,explícito,229.1320754716981,41
2025-09-27,sábado,5,PH UBAJARA,HB,623,explícito,39.0,7
2025-09-27,sábado,5,PH UBAJARA,IFCO,6416,explícito,587.2666666666667,63
2025-09-27,sábado,5,PH UBAJARA,IFCO,6424,explícito,1149.0,75
2025-09-27,sábado,5,TREB. MINAS,HB,618,explícito,2052.0,54
2025-09-27,sábado,5,TREB. MINAS,HB,618,rateio_por_capacidade,5.694965612104539,2
2025-09-27,sábado,5,TREB. MINAS,HB,623,explícito,2176.0,32
2025-09-27,sábado,5,TREB. MINAS,HB,623,rateio_por_capacidade,0.3050343878954608,2
2025-09-27,sábado,5,TREB. MINAS,IFCO,6416,explícito,444.0,14
2025-09-27,sábado,5,TREB. MINAS,IFCO,6424,explícito,1940.0,5
2025-09-29,segunda-feira,0,PH CASCAVEL,IFCO,6424,explícito,2642.0,7
2025-09-29,segunda-feira,0,PH CORUMBA (PF),HB,623,explícito,1500.0,3
2025-09-29,segunda-feira,0,PH SUL (PF),IFCO,6424,explícito,96.0,7
2025-09-29,segunda-feira,0,PH UBAJARA,HB,618,explícito,265.0,20
2025-09-29,segunda-feira,0,PH UBAJARA,HB,623,explícito,20.0,1
2025-09-29,segunda-feira,0,PH UBAJARA,IFCO,6416,explícito,44.476190476190474,8
2025-09-29,segunda-feira,0,PH UBAJARA,IFCO,6424,explícito,2.0,2
2025-09-29,segunda-feira,0,TREB. MINAS,HB,618,explícito,608.0,32
2025-09-29,segunda-feira,0,TREB. MINAS,HB,618,rateio_por_capacidade,2.7186705723960873,2
2025-09-29,segunda-feira,0,TREB. MINAS,HB,623,explícito,2125.0,21
2025-09-29,segunda-feira,0,TREB. MINAS,HB,623,rateio_por_capacidade,0.28132942760391255,1
2025-09-29,segunda-feira,0,TREB. MINAS,IFCO,6416,explícito,196.0,6
2025-09-29,segunda-feira,0,TREB. MINAS,IFCO,6424,explícito,640.0,1
2025-09-29,segunda-feira,0,TREB. MINAS,IFCO,NAO_INFORMADO,explícito,1.0,1
2025-09-30,terça-feira,1,PH SUL (PF),IFCO,6424,explícito,282.0,6
2025-09-30,terça-feira,1,PH UBAJARA,HB,618,explícito,152.0,15
2025-09-30,terça-feira,1,PH UBAJARA,HB,623,explícito,58.0,6
2025-09-30,terça-feira,1,PH UBAJARA,IFCO,6416,explícito,520.0,21
2025-09-30,terça-feira,1,PH UBAJARA,IFCO,6424,explícito,631.0,18
2025-09-30,terça-feira,1,TREB GOIANIA - GALPAO CD,HB,623,explícito,13.0,3
2025-09-30,terça-feira,1,TREB. MINAS,HB,618,explícito,584.0,29
2025-09-30,terça-feira,1,TREB. MINAS,HB,618,rateio_por_capacidade,27.1225470293733,4
2025-09-30,terça-feira,1,TREB. MINAS,HB,623,explícito,1362.0,19
2025-09-30,terça-feira,1,TREB. MINAS,HB,623,rateio_por_capacidade,2.8774529706266994,4
2025-09-30,terça-feira,1,TREB. MINAS,IFCO,6416,explícito,667.0,111
2025-09-30,terça-feira,1,TREB. MINAS,IFCO,6424,explícito,40.0,1
2025-09-30,terça-feira,1,TREB. MINAS,IFCO,NAO_INFORMADO,explícito,2.0,1
2025-10-01,quarta-feira,2,PH CASCAVEL,IFCO,6424,explícito,1340.0,4
2025-10-01,quarta-feira,2,PH CORUMBA (PF),HB,623,explícito,1260.0,1
2025-10-01,quarta-feira,2,PH CORUMBA (PF),IFCO,6424,explícito,300.0,1
2025-10-01,quarta-feira,2,PH SUL (PF),IFCO,6424,explícito,102.0,6
2025-10-01,quarta-feira,2,PH UBAJARA,HB,618,explícito,0.943396226415094,1
2025-10-01,quarta-feira,2,TREB. MINAS,HB,618,explícito,1127.0,17
2025-10-01,quarta-feira,2,TREB. MINAS,HB,618,rateio_por_capacidade,0.9491609353507565,1
2025-10-01,quarta-feira,2,TREB. MINAS,HB,623,explícito,1486.0,23
2025-10-01,quarta-feira,2,TREB. MINAS,HB,623,rateio_por_capacidade,0.05083906464924346,1
2025-10-01,quarta-feira,2,TREB. MINAS,IFCO,6416,explícito,341.0,11
2025-10-01,quarta-feira,2,TREB. MINAS,IFCO,6424,explícito,473.0,5
2025-10-02,quinta-feira,3,PH CORUMBA (PF),IFCO,6424,explícito,320.0,2
2025-10-02,quinta-feira,3,PH SUL (PF),IFCO,6424,explícito,252.0,2
2025-10-02,quinta-feira,3,PH UBAJARA,HB,618,explícito,112.0,15
2025-10-02,quinta-feira,3,PH UBAJARA,HB,623,explícito,6.0,1
2025-10-02,quinta-feira,3,PH UBAJARA,IFCO,6416,explícito,204.0,21
2025-10-02,quinta-feira,3,PH UBAJARA,IFCO,6424,explícito,82.0,8
2025-10-02,quinta-feira,3,TREB GOIANIA - GALPAO CD,HB,623,explícito,27.0,6
2025-10-02,quinta-feira,3,TREB. MINAS,HB,618,explícito,911.0,50
2025-10-02,quinta-feira,3,TREB. MINAS,HB,618,rateio_por_capacidade,65.43479946146698,5
2025-10-02,quinta-feira,3,TREB. MINAS,HB,623,explícito,1577.0,16
2025-10-02,quinta-feira,3,TREB. MINAS,HB,623,rateio_por_capacidade,49.56520053853303,5
2025-10-02,quinta-feira,3,TREB. MINAS,IFCO,6416,explícito,25.0,5
2025-10-02,quinta-feira,3,TREB. MINAS,IFCO,6424,explícito,31.0,5
2025-10-03,sexta-feira,4,PH ALHO/CEBOLA,HB,623,explícito,720.0,1
2025-10-03,sexta-feira,4,PH CASCAVEL,IFCO,6424,explícito,1760.0,4
2025-10-03,sexta-feira,4,PH SUL (PF),IFCO,6424,explícito,123.0,7
2025-10-03,sexta-feira,4,PH UBAJARA,HB,618,explícito,0.188679245283019,1
2025-10-03,sexta-feira,4,PH UBAJARA,IFCO,6424,explícito,200.0,1
2025-10-03,sexta-feira,4,TREB. MINAS,HB,618,explícito,431.0,21
2025-10-03,sexta-feira,4,TREB. MINAS,HB,623,explícito,1077.0,5
2025-10-03,sexta-feira,4,TREB. MINAS,IFCO,6416,explícito,331.0,6
2025-10-04,sábado,5,PH CASCAVEL,IFCO,6424,explícito,60.0,1
2025-10-04,sábado,5,PH CORUMBA (PF),HB,623,explícito,690.0,1
2025-10-04,sábado,5,PH CORUMBA (PF),IFCO,6424,explícito,200.0,1
2025-10-04,sábado,5,PH UBAJARA,HB,618,explícito,253.0,43
2025-10-04,sábado,5,PH UBAJARA,HB,623,explícito,60.0,8
2025-10-04,sábado,5,PH UBAJARA,IFCO,6416,explícito,403.7,82
2025-10-04,sábado,5,PH UBAJARA,IFCO,6424,explícito,571.0,59
2025-10-04,sábado,5,TREB. MINAS,HB,618,explícito,1108.0,35
2025-10-04,sábado,5,TREB. MINAS,HB,618,rateio_por_capacidade,75.14469999530172,3
2025-10-04,sábado,5,TREB. MINAS,HB,623,explícito,709.0,22
2025-10-04,sábado,5,TREB. MINAS,HB,623,rateio_por_capacidade,21.855300004698286,4
2025-10-04,sábado,5,TREB. MINAS,IFCO,6416,explícito,530.0,11
2025-10-04,sábado,5,TREB. MINAS,IFCO,6424,explícito,1087.0,8
2025-10-04,sábado,5,TREB. MINAS,IFCO,NAO_INFORMADO,explícito,2.0,1
2025-10-06,segunda-feira,0,PH CASCAVEL,IFCO,6424,explícito,430.0,3
2025-10-06,segunda-feira,0,PH CORUMBA (PF),HB,623,explícito,720.0,1
2025-10-06,segunda-feira,0,PH SUL (PF),IFCO,6424,explícito,35.0,3
2025-10-06,segunda-feira,0,PH UBAJARA,HB,618,explícito,273.0,19
2025-10-06,segunda-feira,0,PH UBAJARA,IFCO,6424,explícito,545.0,14
2025-10-06,segunda-feira,0,TREB. MINAS,HB,618,explícito,489.0,30
2025-10-06,segunda-feira,0,TREB. MINAS,HB,618,rateio_por_capacidade,24.020135325178536,4
2025-10-06,segunda-feira,0,TREB. MINAS,HB,623,explícito,820.0,19
2025-10-06,segunda-feira,0,TREB. MINAS,HB,623,rateio_por_capacidade,2.9798646748214646,3
2025-10-06,segunda-feira,0,TREB. MINAS,IFCO,6416,explícito,355.0,10
2025-10-06,segunda-feira,0,TREB. MINAS,IFCO,6424,explícito,10.0,3
2025-10-06,segunda-feira,0,TREB. MINAS,IFCO,NAO_INFORMADO,explícito,2.0,1
2025-10-07,terça-feira,1,PH SUL (PF),IFCO,6424,explícito,26.0,1
2025-10-07,terça-feira,1,PH UBAJARA,HB,618,explícito,93.0,15
2025-10-07,terça-feira,1,PH UBAJARA,HB,623,explícito,119.0,9
2025-10-07,terça-feira,1,PH UBAJARA,IFCO,6416,explícito,12.0,3
2025-10-07,terça-feira,1,PH UBAJARA,IFCO,6424,explícito,54.0,5
2025-10-07,terça-feira,1,TREB. MINAS,HB,618,explícito,582.0,34
2025-10-07,terça-feira,1,TREB. MINAS,HB,618,rateio_por_capacidade,25.32737043776283,3
2025-10-07,terça-feira,1,TREB. MINAS,HB,623,explícito,901.0,15
2025-10-07,terça-feira,1,TREB. MINAS,HB,623,rateio_por_capacidade,2.6726295622371694,2
2025-10-07,terça-feira,1,TREB. MINAS,IFCO,6416,explícito,732.0,146
2025-10-07,terça-feira,1,TREB. MINAS,IFCO,6424,explícito,60.0,2
2025-10-08,quarta-feira,2,PH UBAJARA,HB,618,explícito,1.273584905660377,3
2025-10-08,quarta-feira,2,PH UBAJARA,IFCO,6416,explícito,174.0,23
2025-10-08,quarta-feira,2,PH UBAJARA,IFCO,6424,explícito,114.54411764705883,17
2025-10-08,quarta-feira,2,TREB. MINAS,HB,618,explícito,267.0,12
2025-10-08,quarta-feira,2,TREB. MINAS,HB,618,rateio_por_capacidade,1.898321870701513,2
2025-10-08,quarta-feira,2,TREB. MINAS,HB,623,explícito,213.0,18
2025-10-08,quarta-feira,2,TREB. MINAS,HB,623,rateio_por_capacidade,0.10167812929848692,2
2025-10-08,quarta-feira,2,TREB. MINAS,IFCO,6416,explícito,460.0,12
2025-10-08,quarta-feira,2,TREB. MINAS,IFCO,6424,explícito,331.0,7
2025-10-09,quinta-feira,3,PH CASCAVEL,IFCO,6424,explícito,60.0,1
2025-10-09,quinta-feira,3,PH CORUMBA (PF),HB,623,explícito,1260.0,1
2025-10-09,quinta-feira,3,PH CORUMBA (PF),IFCO,6424,explícito,100.0,1
2025-10-09,quinta-feira,3,PH SUL (PF),IFCO,6424,explícito,8.0,1
2025-10-09,quinta-feira,3,PH UBAJARA,HB,618,explícito,128.0,19
2025-10-09,quinta-feira,3,PH UBAJARA,HB,623,explícito,30.0,1
2025-10-09,quinta-feira,3,PH UBAJARA,IFCO,6416,explícito,111.0,11
2025-10-09,quinta-feira,3,PH UBAJARA,IFCO,6424,explícito,1.0,1
2025-10-09,quinta-feira,3,TREB. MINAS,HB,618,explícito,1112.0,50
2025-10-09,quinta-feira,3,TREB. MINAS,HB,618,rateio_por_capacidade,82.37909696315302,5
2025-10-09,quinta-feira,3,TREB. MINAS,HB,623,explícito,900.0,13
2025-10-09,quinta-feira,3,TREB. MINAS,HB,623,rateio_por_capacidade,11.620903036846979,4
2025-10-10,sexta-feira,4,PH UBAJARA,IFCO,6416,explícito,246.0,52
2025-10-10,sexta-feira,4,PH UBAJARA,IFCO,6424,explícito,1478.0,41
2025-10-10,sexta-feira,4,TREB. MINAS,HB,618,explícito,309.0,18
2025-10-10,sexta-feira,4,TREB. MINAS,HB,618,rateio_por_capacidade,7.180706366441879,2
2025-10-10,sexta-feira,4,TREB. MINAS,HB,623,explícito,2057.0,19
2025-10-10,sexta-feira,4,TREB. MINAS,HB,623,rateio_por_capacidade,58.81929363355812,4
2025-10-10,sexta-feira,4,TREB. MINAS,IFCO,6416,explícito,306.0,8
2025-10-10,sexta-feira,4,TREB. MINAS,IFCO,6424,explícito,1640.0,4
2025-10-11,sábado,5,PH CASCAVEL,IFCO,6424,explícito,1290.0,6
2025-10-11,sábado,5,PH CORUMBA (PF),IFCO,6424,explícito,310.0,2
2025-10-11,sábado,5,PH UBAJARA,HB,618,explícito,426.0,42
2025-10-11,sábado,5,PH UBAJARA,HB,623,explícito,28.0,6
2025-10-11,sábado,5,PH UBAJARA,IFCO,6416,explícito,419.06666666666666,29
2025-10-11,sábado,5,PH UBAJARA,IFCO,6424,explícito,614.0,36
2025-10-11,sábado,5,TREB. MINAS,HB,618,explícito,835.0,36
2025-10-11,sábado,5,TREB. MINAS,HB,618,rateio_por_capacidade,1.898321870701513,2
2025-10-11,sábado,5,TREB. MINAS,HB,623,explícito,247.0,18
2025-10-11,sábado,5,TREB. MINAS,HB,623,rateio_por_capacidade,0.10167812929848692,2
2025-10-11,sábado,5,TREB. MINAS,IFCO,6416,explícito,520.0,21
2025-10-11,sábado,5,TREB. MINAS,IFCO,6424,explícito,1234.0,10
2025-10-13,segunda-feira,0,PH CASCAVEL,IFCO,6424,explícito,1120.0,2
2025-10-13,segunda-feira,0,PH CORUMBA (PF),HB,623,explícito,720.0,2
2025-10-13,segunda-feira,0,PH UBAJARA,HB,618,explícito,304.2830188679245,22
2025-10-13,segunda-feira,0,PH UBAJARA,HB,623,explícito,35.0,2
2025-10-13,segunda-feira,0,PH UBAJARA,IFCO,6416,explícito,230.0,15
2025-10-13,segunda-feira,0,TREB. MINAS,HB,618,explícito,563.0,26
2025-10-13,segunda-feira,0,TREB. MINAS,HB,618,rateio_por_capacidade,11.79517659161047,2
2025-10-13,segunda-feira,0,TREB. MINAS,HB,623,explícito,879.0,22
2025-10-13,segunda-feira,0,TREB. MINAS,HB,623,rateio_por_capacidade,0.20482340838953023,1
2025-10-13,segunda-feira,0,TREB. MINAS,IFCO,6416,explícito,207.0,7
2025-10-13,segunda-feira,0,TREB. MINAS,IFCO,NAO_INFORMADO,explícito,1.0,1
2025-10-14,terça-feira,1,PH CASCAVEL,IFCO,6424,explícito,60.0,1
2025-10-14,terça-feira,1,PH CORUMBA (PF),HB,623,explícito,1380.0,3
2025-10-14,terça-feira,1,PH CORUMBA (PF),IFCO,6424,explícito,100.0,1
2025-10-14,terça-feira,1,PH UBAJARA,HB,618,explícito,73.0,13
2025-10-14,terça-feira,1,PH UBAJARA,HB,623,explícito,41.0,7
2025-10-14,terça-feira,1,PH UBAJARA,IFCO,6416,explícito,262.27272727272725,22
2025-10-14,terça-feira,1,PH UBAJARA,IFCO,6424,explícito,1361.3636363636365,44
2025-10-14,terça-feira,1,TREB. MINAS,HB,618,explícito,362.0,31
2025-10-14,terça-feira,1,TREB. MINAS,HB,618,rateio_por_capacidade,18.890029292970656,4
2025-10-14,terça-feira,1,TREB. MINAS,HB,623,explícito,135.0,10
2025-10-14,terça-feira,1,TREB. MINAS,HB,623,rateio_por_capacidade,2.109970707029344,3
2025-10-14,terça-feira,1,TREB. MINAS,IFCO,6416,explícito,869.0,186
2025-10-14,terça-feira,1,TREB. MINAS,IFCO,6424,explícito,680.0,2
2025-10-15,quarta-feira,2,PH CASCAVEL,IFCO,6424,explícito,1189.0,7
2025-10-15,quarta-feira,2,PH UBAJARA,IFCO,6416,explícito,45.0,9
2025-10-15,quarta-feira,2,PH UBAJARA,IFCO,6424,explícito,20.0,3
2025-10-15,quarta-feira,2,TREB. MINAS,HB,618,explícito,402.0,11
2025-10-15,quarta-feira,2,TREB. MINAS,HB,618,rateio_por_capacidade,0.9491609353507565,1
2025-10-15,quarta-feira,2,TREB. MINAS,HB,623,explícito,3887.0,33
2025-10-15,quarta-feira,2,TREB. MINAS,HB,623,rateio_por_capacidade,0.05083906464924346,1
2025-10-15,quarta-feira,2,TREB. MINAS,IFCO,6416,explícito,404.0,16
2025-10-15,quarta-feira,2,TREB. MINAS,IFCO,6424,explícito,470.0,9
2025-10-16,quinta-feira,3,PH CORUMBA (PF),HB,623,explícito,690.0,1
2025-10-16,quinta-feira,3,PH CORUMBA (PF),IFCO,6424,explícito,700.0,2
2025-10-16,quinta-feira,3,PH UBAJARA,HB,618,explícito,0.416666666666667,1
2025-10-16,quinta-feira,3,PH UBAJARA,IFCO,6416,explícito,74.0,7
2025-10-16,quinta-feira,3,PH UBAJARA,IFCO,6424,explícito,3173.0,7
2025-10-16,quinta-feira,3,TREB. MINAS,HB,618,explícito,1021.0,59
2025-10-16,quinta-feira,3,TREB. MINAS,HB,618,rateio_por_capacidade,32.92072329974327,5
2025-10-16,quinta-feira,3,TREB. MINAS,HB,623,explícito,490.0,25
2025-10-16,quinta-feira,3,TREB. MINAS,HB,623,rateio_por_capacidade,56.079276700256735,6
2025-10-16,quinta-feira,3,TREB. MINAS,IFCO,6416,explícito,44.0,5
2025-10-16,quinta-feira,3,TREB. MINAS,IFCO,6424,explícito,1722.0,7
2025-10-17,sexta-feira,4,PH CASCAVEL,IFCO,6424,explícito,800.0,2
2025-10-17,sexta-feira,4,PH UBAJARA,HB,618,explícito,82.0,18
2025-10-17,sexta-feira,4,TREB. MINAS,HB,618,explícito,493.0,20
2025-10-17,sexta-feira,4,TREB. MINAS,HB,623,explícito,1736.0,5
2025-10-17,sexta-feira,4,TREB. MINAS,IFCO,6416,explícito,337.0,6
2025-10-17,sexta-feira,4,TREB. MINAS,IFCO,6424,explícito,1560.0,2
2025-10-18,sábado,5,PH UBAJARA,HB,618,explícito,211.0,40
2025-10-18,sábado,5,PH UBAJARA,HB,623,explícito,22.07894736842105,7
2025-10-18,sábado,5,PH UBAJARA,IFCO,6416,explícito,606.0,79
2025-10-18,sábado,5,PH UBAJARA,IFCO,6424,explícito,635.6666666666666,52
2025-10-18,sábado,5,TREB. MINAS,HB,618,explícito,1387.0,55
2025-10-18,sábado,5,TREB. MINAS,HB,618,rateio_por_capacidade,50.40000271227457,9
2025-10-18,sábado,5,TREB. MINAS,HB,623,explícito,618.0,52
2025-10-18,sábado,5,TREB. MINAS,HB,623,rateio_por_capacidade,22.59999728772543,11
2025-10-18,sábado,5,TREB. MINAS,IFCO,6416,explícito,615.0,21
2025-10-18,sábado,5,TREB. MINAS,IFCO,6424,explícito,683.0,5
2025-10-20,segunda-feira,0,PH CASCAVEL,IFCO,6424,explícito,1930.0,6
2025-10-20,segunda-feira,0,PH CORUMBA (PF),HB,623,explícito,1410.0,3
2025-10-20,segunda-feira,0,PH UBAJARA,HB,618,explícito,262.0,24
2025-10-20,segunda-feira,0,PH UBAJARA,HB,618,rateio_por_capacidade,0.34373411447921753,1
2025-10-20,segunda-feira,0,PH UBAJARA,HB,623,explícito,1.009109311740891,2
2025-10-20,segunda-feira,0,PH UBAJARA,HB,623,rateio_por_capacidade,0.056265885520782516,1
2025-10-20,segunda-feira,0,PH UBAJARA,IFCO,6424,explícito,2.29166666666667,1
2025-10-20,segunda-feira,0,TREB. MINAS,HB,618,explícito,384.0,14
2025-10-20,segunda-feira,0,TREB. MINAS,HB,623,explícito,228.0,5
2025-10-20,segunda-feira,0,TREB. MINAS,IFCO,6416,explícito,400.0,9
2025-10-20,segunda-feira,0,TREB. MINAS,IFCO,6424,explícito,640.0,1
2025-10-20,segunda-feira,0,TREB. MINAS,IFCO,NAO_INFORMADO,explícito,1.0,1
2025-10-21,terça-feira,1,PH UBAJARA,HB,618,explícito,136.0,14
2025-10-21,terça-feira,1,PH UBAJARA,HB,623,explícito,27.0,6
2025-10-21,terça-feira,1,PH UBAJARA,IFCO,6416,explícito,261.0,25
2025-10-21,terça-feira,1,PH UBAJARA,IFCO,6424,explícito,278.0,30
2025-10-21,terça-feira,1,TREB. MINAS,HB,618,explícito,1284.0,36
2025-10-21,terça-feira,1,TREB. MINAS,HB,618,rateio_por_capacidade,39.936070303129576,5
2025-10-21,terça-feira,1,TREB. MINAS,HB,623,explícito,327.0,11
2025-10-21,terça-feira,1,TREB. MINAS,HB,623,rateio_por_capacidade,5.063929696870426,4
2025-10-21,terça-feira,1,TREB. MINAS,IFCO,6416,explícito,667.0,123
2025-10-21,terça-feira,1,TREB. MINAS,IFCO,6424,explícito,640.0,1
2025-10-22,quarta-feira,2,PH CASCAVEL,IFCO,6424,explícito,605.0,3
2025-10-22,quarta-feira,2,PH SUL (PF),IFCO,6424,explícito,5.0,1
2025-10-22,quarta-feira,2,PH UBAJARA,HB,618,explícito,0.566037735849057,1
2025-10-22,quarta-feira,2,TREB. MINAS,HB,618,explícito,808.0,14
2025-10-22,quarta-feira,2,TREB. MINAS,HB,618,rateio_por_capacidade,1.898321870701513,2
2025-10-22,quarta-feira,2,TREB. MINAS,HB,623,explícito,1619.0,28
2025-10-22,quarta-feira,2,TREB. MINAS,HB,623,rateio_por_capacidade,0.10167812929848692,2
2025-10-22,quarta-feira,2,TREB. MINAS,IFCO,6416,explícito,603.0,15
2025-10-22,quarta-feira,2,TREB. MINAS,IFCO,6424,explícito,588.0,6
2025-10-22,quarta-feira,2,TREB. MINAS,IFCO,NAO_INFORMADO,explícito,2.0,1
2025-10-23,quinta-feira,3,PH CORUMBA (PF),HB,623,explícito,690.0,1
2025-10-23,quinta-feira,3,PH UBAJARA,HB,618,explícito,79.88679245283019,16
2025-10-23,quinta-feira,3,PH UBAJARA,HB,618,rateio_por_capacidade,5.800513181836796,2
2025-10-23,quinta-feira,3,PH UBAJARA,HB,623,explícito,0.9716599190283399,2
2025-10-23,quinta-feira,3,PH UBAJARA,HB,623,rateio_por_capacidade,0.9494868181632049,2
2025-10-23,quinta-feira,3,PH UBAJARA,IFCO,6416,explícito,59.0,12
2025-10-23,quinta-feira,3,PH UBAJARA,IFCO,6424,explícito,236.41666666666669,7
2025-10-23,quinta-feira,3,TREB. MINAS,HB,618,explícito,944.0,51
2025-10-23,quinta-feira,3,TREB. MINAS,HB,618,rateio_por_capacidade,45.67375561519686,9
2025-10-23,quinta-feira,3,TREB. MINAS,HB,623,explícito,1796.0,30
2025-10-23,quinta-feira,3,TREB. MINAS,HB,623,rateio_por_capacidade,54.32624438480314,11
2025-10-23,quinta-feira,3,TREB. MINAS,IFCO,6416,explícito,120.0,5
2025-10-23,quinta-feira,3,TREB. MINAS,IFCO,6424,explícito,1008.0,6
2025-10-24,sexta-feira,4,TREB. MINAS,HB,618,explícito,458.0,29
2025-10-24,sexta-feira,4,TREB. MINAS,HB,623,explícito,2050.0,10
2025-10-24,sexta-feira,4,TREB. MINAS,IFCO,6416,explícito,402.0,7
2025-10-24,sexta-feira,4,TREB. MINAS,IFCO,6424,explícito,640.0,1
2025-10-25,sábado,5,PH CASCAVEL,IFCO,6424,explícito,512.0,4
2025-10-25,sábado,5,PH UBAJARA,HB,618,explícito,336.0,43
2025-10-25,sábado,5,PH UBAJARA,HB,623,explícito,30.0,8
2025-10-25,sábado,5,PH UBAJARA,IFCO,6416,explícito,307.2,69
2025-10-25,sábado,5,PH UBAJARA,IFCO,6424,explícito,703.0,60
2025-10-25,sábado,5,TREB. CEARA,IFCO,6416,explícito,41.0,3
2025-10-25,sábado,5,TREB. MINAS,HB,618,explícito,1558.0,55
2025-10-25,sábado,5,TREB. MINAS,HB,618,rateio_por_capacidade,8.003494523240533,4
2025-10-25,sábado,5,TREB. MINAS,HB,623,explícito,1660.0,49
2025-10-25,sábado,5,TREB. MINAS,HB,623,rateio_por_capacidade,1.9965054767594679,5
2025-10-25,sábado,5,TREB. MINAS,IFCO,6416,explícito,620.0,14
2025-10-25,sábado,5,TREB. MINAS,IFCO,6424,explícito,41.0,6
2025-10-27,segunda-feira,0,PH CORUMBA (PF),HB,618,explícito,10.0,2
2025-10-27,segunda-feira,0,PH UBAJARA,HB,618,explícito,350.0,21
2025-10-27,segunda-feira,0,PH UBAJARA,HB,623,explícito,35.0,2
2025-10-27,segunda-feira,0,TREB. MINAS,HB,618,explícito,966.0,31
2025-10-27,segunda-feira,0,TREB. MINAS,HB,623,explícito,1306.0,7
2025-10-27,segunda-feira,0,TREB. MINAS,IFCO,6416,explícito,168.0,6
2025-10-27,segunda-feira,0,TREB. MINAS,IFCO,NAO_INFORMADO,explícito,2.0,1
2025-10-28,terça-feira,1,PH CASCAVEL,IFCO,6424,explícito,60.0,1
2025-10-28,terça-feira,1,PH UBAJARA,HB,618,explícito,125.0,14
2025-10-28,terça-feira,1,PH UBAJARA,HB,623,explícito,86.0,7
2025-10-28,terça-feira,1,PH UBAJARA,IFCO,6416,explícito,358.06666666666666,41
2025-10-28,terça-feira,1,PH UBAJARA,IFCO,6424,explícito,727.0,36
2025-10-28,terça-feira,1,TREB. MINAS,HB,618,explícito,455.0,31
2025-10-28,terça-feira,1,TREB. MINAS,HB,618,rateio_por_capacidade,28.286117749396144,6
2025-10-28,terça-feira,1,TREB. MINAS,HB,623,explícito,1062.0,24
2025-10-28,terça-feira,1,TREB. MINAS,HB,623,rateio_por_capacidade,1.713882250603858,4
2025-10-28,terça-feira,1,TREB. MINAS,IFCO,6416,explícito,618.0,35
2025-10-28,terça-feira,1,TREB. MINAS,IFCO,6424,explícito,1120.0,1
2025-10-28,terça-feira,1,TREB. MINAS,IFCO,NAO_INFORMADO,explícito,1.0,1
2025-10-29,quarta-feira,2,PH CASCAVEL,IFCO,6424,explícito,424.0,3
2025-10-29,quarta-feira,2,PH UBAJARA,HB,618,explícito,88.0,17
2025-10-29,quarta-feira,2,PH UBAJARA,HB,623,explícito,63.0,3
2025-10-29,quarta-feira,2,PH UBAJARA,IFCO,6416,explícito,114.0,5
2025-10-29,quarta-feira,2,PH UBAJARA,IFCO,6424,explícito,638.5,34
2025-10-29,quarta-feira,2,TREB. MINAS,HB,618,explícito,1034.0,24
2025-10-29,quarta-feira,2,TREB. MINAS,HB,618,rateio_por_capacidade,3.0035885551080814,3
2025-10-29,quarta-feira,2,TREB. MINAS,HB,623,explícito,2182.0,27
2025-10-29,quarta-feira,2,TREB. MINAS,HB,623,rateio_por_capacidade,4.996411444891919,5
2025-10-29,quarta-feira,2,TREB. MINAS,IFCO,6416,explícito,231.0,6
2025-10-30,quinta-feira,3,PH CORUMBA (PF),HB,618,explícito,35.0,2
2025-10-30,quinta-feira,3,PH UBAJARA,IFCO,6416,explícito,89.0,12
2025-10-30,quinta-feira,3,PH UBAJARA,IFCO,6424,explícito,1148.0,3
2025-10-30,quinta-feira,3,TREB. MINAS,HB,618,explícito,805.0,51
2025-10-30,quinta-feira,3,TREB. MINAS,HB,618,rateio_por_capacidade,188.21426862565858,10
2025-10-30,quinta-feira,3,TREB. MINAS,HB,623,explícito,1392.0,21
2025-10-30,quinta-feira,3,TREB. MINAS,HB,623,rateio_por_capacidade,38.785731374341424,10
2025-10-30,quinta-feira,3,TREB. MINAS,IFCO,6416,explícito,235.0,8
2025-10-30,quinta-feira,3,TREB. MINAS,IFCO,6424,explícito,1298.0,11
2025-10-31,sexta-feira,4,PH CASCAVEL,IFCO,6424,explícito,640.0,1
2025-10-31,sexta-feira,4,PH UBAJARA,IFCO,6416,explícito,351.0,59
2025-10-31,sexta-feira,4,PH UBAJARA,IFCO,6424,explícito,603.0,32
2025-10-31,sexta-feira,4,TREB. CEARA,IFCO,6416,explícito,3.0,2
2025-10-31,sexta-feira,4,TREB. CEARA,IFCO,6424,explícito,12.0,3
2025-10-31,sexta-feira,4,TREB. MINAS,HB,618,explícito,529.0,24
2025-10-31,sexta-feira,4,TREB. MINAS,HB,623,explícito,1180.0,19
2025-10-31,sexta-feira,4,TREB. MINAS,HB,623,rateio_por_capacidade,60.0,2
2025-10-31,sexta-feira,4,TREB. MINAS,IFCO,6416,explícito,518.0,9
2025-10-31,sexta-feira,4,TREB. MINAS,IFCO,6424,explícito,1400.0,2
2025-11-01,sábado,5,PH CASCAVEL,IFCO,6424,explícito,60.0,1
2025-11-01,sábado,5,PH UBAJARA,HB,618,explícito,128.0,32
2025-11-01,sábado,5,PH UBAJARA,HB,623,explícito,99.0,9
2025-11-01,sábado,5,PH UBAJARA,IFCO,6416,explícito,291.1,31
2025-11-01,sábado,5,PH UBAJARA,IFCO,6424,explícito,348.0,25
2025-11-01,sábado,5,TREB. CEARA,IFCO,6416,explícito,59.0,2
2025-11-01,sábado,5,TREB. MINAS,HB,618,explícito,1337.0,56
2025-11-01,sábado,5,TREB. MINAS,HB,618,rateio_por_capacidade,23.330799581828977,2
2025-11-01,sábado,5,TREB. MINAS,HB,623,explícito,1476.0,15
2025-11-01,sábado,5,TREB. MINAS,HB,623,rateio_por_capacidade,2.6692004181710223,2
2025-11-01,sábado,5,TREB. MINAS,IFCO,6416,explícito,460.0,11
2025-11-01,sábado,5,TREB. MINAS,IFCO,6424,explícito,200.0,1
2025-11-03,segunda-feira,0,PH CASCAVEL,IFCO,6424,explícito,1549.0,5
2025-11-03,segunda-feira,0,PH CORUMBA (PF),HB,618,explícito,5.0,1
2025-11-03,segunda-feira,0,PH CORUMBA (PF),IFCO,6424,explícito,100.0,1
2025-11-03,segunda-feira,0,PH UBAJARA,HB,618,explícito,282.0,15
2025-11-03,segunda-feira,0,PH UBAJARA,HB,623,explícito,33.0,2
2025-11-03,segunda-feira,0,TREB. MINAS,HB,618,explícito,567.0,32
2025-11-03,segunda-feira,0,TREB. MINAS,HB,618,rateio_por_capacidade,16.60367281315927,4
2025-11-03,segunda-feira,0,TREB. MINAS,HB,623,explícito,1549.0,47
2025-11-03,segunda-feira,0,TREB. MINAS,HB,623,rateio_por_capacidade,0.39632718684073,3
2025-11-03,segunda-feira,0,TREB. MINAS,IFCO,6416,explícito,493.0,9
2025-11-03,segunda-feira,0,TREB. MINAS,IFCO,NAO_INFORMADO,explícito,2.0,1
2025-11-04,terça-feira,1,PH CASCAVEL,IFCO,6424,explícito,1120.0,1
2025-11-04,terça-feira,1,PH UBAJARA,HB,618,explícito,171.0,15
2025-11-04,terça-feira,1,PH UBAJARA,HB,623,explícito,57.0,7
2025-11-04,terça-feira,1,PH UBAJARA,IFCO,6416,explícito,461.2,34
2025-11-04,terça-feira,1,PH UBAJARA,IFCO,6424,explícito,690.0,33
2025-11-04,terça-feira,1,TREB. CEARA,IFCO,6416,explícito,32.0,2
2025-11-04,terça-feira,1,TREB. MINAS,HB,618,explícito,839.3333333333334,43
2025-11-04,terça-feira,1,TREB. MINAS,HB,618,rateio_por_capacidade,24.417196086915546,5
2025-11-04,terça-feira,1,TREB. MINAS,HB,623,explícito,1768.6875,29
2025-11-04,terça-feira,1,TREB. MINAS,HB,623,rateio_por_capacidade,2.5828039130844562,4
2025-11-04,terça-feira,1,TREB. MINAS,IFCO,6416,explícito,808.0,143
2025-11-04,terça-feira,1,TREB. MINAS,IFCO,6424,explícito,500.0,3
2025-11-04,terça-feira,1,TREB. MINAS,IFCO,NAO_INFORMADO,explícito,2.0,1
2025-11-05,quarta-feira,2,PH CASCAVEL,IFCO,6424,explícito,468.0,3
2025-11-05,quarta-feira,2,PH CORUMBA (PF),IFCO,6424,explícito,50.0,1
2025-11-05,quarta-feira,2,TREB. MINAS,HB,618,explícito,777.0,14
2025-11-05,quarta-feira,2,TREB. MINAS,HB,618,rateio_por_capacidade,3.0035885551080814,3
2025-11-05,quarta-feira,2,TREB. MINAS,HB,623,explícito,2693.0,29
2025-11-05,quarta-feira,2,TREB. MINAS,HB,623,rateio_por_capacidade,5.996411444891919,5
2025-11-05,quarta-feira,2,TREB. MINAS,IFCO,6416,explícito,462.73333333333335,19
2025-11-05,quarta-feira,2,TREB. MINAS,IFCO,6424,explícito,1136.0,11
2025-11-06,quinta-feira,3,PH CORUMBA (PF),HB,618,explícito,160.0,6
2025-11-06,quinta-feira,3,PH CORUMBA (PF),IFCO,6416,explícito,10.0,1
2025-11-06,quinta-feira,3,PH UBAJARA,HB,618,explícito,161.02201257861634,20
2025-11-06,quinta-feira,3,PH UBAJARA,HB,623,explícito,30.58823529411765,2
2025-11-06,quinta-feira,3,PH UBAJARA,IFCO,6416,explícito,198.53333333333333,31
2025-11-06,quinta-feira,3,PH UBAJARA,IFCO,6424,explícito,154.92113095238096,19
2025-11-06,quinta-feira,3,TREB. MINAS,HB,618,explícito,631.0,48
2025-11-06,quinta-feira,3,TREB. MINAS,HB,618,rateio_por_capacidade,49.263440740892406,4
2025-11-06,quinta-feira,3,TREB. MINAS,HB,623,explícito,1642.0,18
2025-11-06,quinta-feira,3,TREB. MINAS,HB,623,rateio_por_capacidade,7.736559259107596,3
2025-11-06,quinta-feira,3,TREB. MINAS,IFCO,6416,explícito,93.73333333333333,13
2025-11-06,quinta-feira,3,TREB. MINAS,IFCO,6424,explícito,1542.0,6
2025-11-07,sexta-feira,4,PH UBAJARA,IFCO,6416,explícito,252.0,56
2025-11-07,sexta-feira,4,PH UBAJARA,IFCO,6424,explícito,363.0,35
2025-11-07,sexta-feira,4,TREB. CEARA,IFCO,6416,explícito,5.0,4
2025-11-07,sexta-feira,4,TREB. MINAS,HB,618,explícito,332.0,22
2025-11-07,sexta-feira,4,TREB. MINAS,HB,623,explícito,2623.0,24
2025-11-07,sexta-feira,4,TREB. MINAS,HB,623,rateio_por_capacidade,39.0,2
2025-11-07,sexta-feira,4,TREB. MINAS,IFCO,6416,explícito,521.0,6
2025-11-07,sexta-feira,4,TREB. MINAS,IFCO,6424,explícito,640.0,1
2025-11-08,sábado,5,PH CASCAVEL,IFCO,6424,explícito,1200.0,8
2025-11-08,sábado,5,PH UBAJARA,HB,618,explícito,203.0,37
2025-11-08,sábado,5,PH UBAJARA,HB,618,rateio_por_capacidade,1.0,1
2025-11-08,sábado,5,PH UBAJARA,HB,623,explícito,91.0,8
2025-11-08,sábado,5,PH UBAJARA,IFCO,6416,explícito,269.0,41
2025-11-08,sábado,5,PH UBAJARA,IFCO,6424,explícito,276.0,37
2025-11-08,sábado,5,TREB. CEARA,IFCO,6416,explícito,43.0,2
2025-11-08,sábado,5,TREB. MINAS,HB,618,explícito,1086.0,51
2025-11-08,sábado,5,TREB. MINAS,HB,618,rateio_por_capacidade,2.667831507746844,2
2025-11-08,sábado,5,TREB. MINAS,HB,623,explícito,1732.0,43
2025-11-08,sábado,5,TREB. MINAS,HB,623,rateio_por_capacidade,0.33216849225315603,2
2025-11-08,sábado,5,TREB. MINAS,IFCO,6416,explícito,1389.0,12
2025-11-08,sábado,5,TREB. MINAS,IFCO,6424,explícito,1990.0,10
2025-11-10,segunda-feira,0,PH CASCAVEL,IFCO,6424,explícito,720.0,1
2025-11-10,segunda-feira,0,PH CORUMBA (PF),HB,618,explícito,40.0,3
2025-11-10,segunda-feira,0,PH UBAJARA,HB,618,explícito,107.28301886792453,13
2025-11-10,segunda-feira,0,PH UBAJARA,HB,623,explícito,35.0,2
2025-11-10,segunda-feira,0,PH UBAJARA,IFCO,6416,explícito,30.0,3
2025-11-10,segunda-feira,0,PH UBAJARA,IFCO,6424,explícito,378.0,21
2025-11-10,segunda-feira,0,TREB. CEARA,IFCO,6424,explícito,24.0,3
2025-11-10,segunda-feira,0,TREB. MINAS,HB,618,explícito,450.0,15
2025-11-10,segunda-feira,0,TREB. MINAS,HB,623,explícito,1614.0,8
2025-11-10,segunda-feira,0,TREB. MINAS,IFCO,6416,explícito,291.0,5
2025-11-10,segunda-feira,0,TREB. MINAS,IFCO,6424,explícito,640.0,1
2025-11-11,terça-feira,1,PH CORUMBA (PF),IFCO,6424,explícito,200.0,2
2025-11-11,terça-feira,1,PH UBAJARA,HB,618,explícito,90.56603773584905,16
2025-11-11,terça-feira,1,PH UBAJARA,HB,623,explícito,33.0,7
2025-11-11,terça-feira,1,PH UBAJARA,IFCO,6416,explícito,118.5,17
2025-11-11,terça-feira,1,PH UBAJARA,IFCO,6424,explícito,636.0416666666666,21
2025-11-11,terça-feira,1,TREB. MINAS,HB,618,explícito,742.0,32
2025-11-11,terça-feira,1,TREB. MINAS,HB,618,rateio_por_capacidade,16.030694006772613,4
2025-11-11,terça-feira,1,TREB. MINAS,HB,623,explícito,1412.0,17
2025-11-11,terça-feira,1,TREB. MINAS,HB,623,rateio_por_capacidade,1.9693059932273878,3
2025-11-11,terça-feira,1,TREB. MINAS,IFCO,6416,explícito,702.0,131
2025-11-11,terça-feira,1,TREB. MINAS,IFCO,6424,explícito,678.0,8
2025-11-12,quarta-feira,2,PH CASCAVEL,IFCO,6424,explícito,441.0,3
2025-11-12,quarta-feira,2,PH CORUMBA (PF),IFCO,6416,explícito,1468.0,1
2025-11-12,quarta-feira,2,PH UBAJARA,HB,618,explícito,0.584905660377358,1
2025-11-12,quarta-feira,2,PH UBAJARA,IFCO,6416,explícito,123.0,15
2025-11-12,quarta-feira,2,PH UBAJARA,IFCO,6424,explícito,31.0,4
2025-11-12,quarta-feira,2,TREB. MINAS,HB,618,explícito,714.0,21
2025-11-12,quarta-feira,2,TREB. MINAS,HB,618,rateio_por_capacidade,2.8474828060522697,3
2025-11-12,quarta-feira,2,TREB. MINAS,HB,623,explícito,1724.0,26
2025-11-12,quarta-feira,2,TREB. MINAS,HB,623,rateio_por_capacidade,7.15251719394773,5
2025-11-12,quarta-feira,2,TREB. MINAS,IFCO,6416,explícito,1193.0,12
2025-11-12,quarta-feira,2,TREB. MINAS,IFCO,6424,explícito,221.0,8
2025-11-13,quinta-feira,3,PH CASCAVEL,IFCO,6424,explícito,1120.0,10
2025-11-13,quinta-feira,3,PH CORUMBA (PF),IFCO,6424,explícito,300.0,2
2025-11-13,quinta-feira,3,PH UBAJARA,HB,618,explícito,49.0,13
2025-11-13,quinta-feira,3,PH UBAJARA,HB,623,explícito,35.0,2
2025-11-13,quinta-feira,3,PH UBAJARA,IFCO,6416,explícito,83.0,34
2025-11-13,quinta-feira,3,PH UBAJARA,IFCO,6424,explícito,84.0,3
2025-11-13,quinta-feira,3,TREB. MINAS,HB,618,explícito,737.0,47
2025-11-13,quinta-feira,3,TREB. MINAS,HB,618,rateio_por_capacidade,59.52065312654867,6
2025-11-13,quinta-feira,3,TREB. MINAS,HB,623,explícito,1281.0,27
2025-11-13,quinta-feira,3,TREB. MINAS,HB,623,rateio_por_capacidade,8.479346873451334,5
2025-11-13,quinta-feira,3,TREB. MINAS,IFCO,6424,explícito,2440.0,3
2025-11-14,sexta-feira,4,PH CASCAVEL,IFCO,6424,explícito,4638.0,8
2025-11-14,sexta-feira,4,PH UBAJARA,IFCO,6416,explícito,203.0,22
2025-11-14,sexta-feira,4,PH UBAJARA,IFCO,6424,explícito,356.0,16
2025-11-14,sexta-feira,4,TREB. CEARA,IFCO,6416,explícito,3.0,2
2025-11-14,sexta-feira,4,TREB. MINAS,HB,618,explícito,427.0,27
2025-11-14,sexta-feira,4,TREB. MINAS,HB,623,explícito,852.0,6
2025-11-14,sexta-feira,4,TREB. MINAS,IFCO,6416,explícito,1322.0,9
2025-11-14,sexta-feira,4,TREB. MINAS,IFCO,6424,explícito,2240.0,2
2025-11-15,sábado,5,PH CASCAVEL,IFCO,6424,explícito,654.0,4
2025-11-15,sábado,5,PH CORUMBA (PF),IFCO,6424,explícito,629.0,1
2025-11-15,sábado,5,PH UBAJARA,HB,618,explícito,247.0,39
2025-11-15,sábado,5,PH UBAJARA,HB,623,explícito,74.0,8
2025-11-15,sábado,5,PH UBAJARA,IFCO,6416,explícito,269.2,33
2025-11-15,sábado,5,PH UBAJARA,IFCO,6424,explícito,749.0,142
2025-11-15,sábado,5,TREB. CEARA,IFCO,6416,explícito,46.0,2
2025-11-15,sábado,5,TREB. MINAS,HB,618,explícito,1085.0,41
2025-11-15,sábado,5,TREB. MINAS,HB,618,rateio_por_capacidade,14.7623800995174,5
2025-11-15,sábado,5,TREB. MINAS,HB,623,explícito,2153.0,44
2025-11-15,sábado,5,TREB. MINAS,HB,623,rateio_por_capacidade,1.2376199004825987,5
2025-11-15,sábado,5,TREB. MINAS,IFCO,6416,explícito,1585.0,8
2025-11-15,sábado,5,TREB. MINAS,IFCO,6424,explícito,1230.0,3
2025-11-15,sábado,5,TREB. MINAS,IFCO,NAO_INFORMADO,explícito,1.0,1
2025-11-17,segunda-feira,0,PH CASCAVEL,IFCO,6424,explícito,1752.0,4
2025-11-17,segunda-feira,0,PH CORUMBA (PF),HB,618,explícito,20.0,1
2025-11-17,segunda-feira,0,PH UBAJARA,HB,618,explícito,156.0,16
2025-11-17,segunda-feira,0,PH UBAJARA,HB,623,explícito,35.0,2
2025-11-17,segunda-feira,0,PH UBAJARA,IFCO,6416,explícito,0.2,2
2025-11-17,segunda-feira,0,PH UBAJARA,IFCO,6424,explícito,2.0,2
2025-11-17,segunda-feira,0,TREB. MINAS,HB,618,explícito,653.05,34
2025-11-17,segunda-feira,0,TREB. MINAS,HB,618,rateio_por_capacidade,11.257292249194373,2
2025-11-17,segunda-feira,0,TREB. MINAS,HB,623,explícito,1126.05,9
2025-11-17,segunda-feira,0,TREB. MINAS,HB,623,rateio_por_capacidade,1.8427077508056273,2
2025-11-17,segunda-feira,0,TREB. MINAS,IFCO,6416,explícito,1960.0333333333333,8
2025-11-17,segunda-feira,0,TREB. MINAS,IFCO,NAO_INFORMADO,explícito,1.0,1
2025-11-18,terça-feira,1,PH CASCAVEL,IFCO,6424,explícito,1848.0,6
2025-11-18,terça-feira,1,PH UBAJARA,HB,618,explícito,94.0,17
2025-11-18,terça-feira,1,PH UBAJARA,HB,623,explícito,49.0,8
2025-11-18,terça-feira,1,PH UBAJARA,IFCO,6416,explícito,170.0,18
2025-11-18,terça-feira,1,PH UBAJARA,IFCO,6424,explícito,314.0,21
2025-11-18,terça-feira,1,TREB. CEARA,IFCO,6416,explícito,36.0,2
2025-11-18,terça-feira,1,TREB. MINAS,HB,618,explícito,931.0,27
2025-11-18,terça-feira,1,TREB. MINAS,HB,618,rateio_por_capacidade,71.35007189718002,9
2025-11-18,terça-feira,1,TREB. MINAS,HB,623,explícito,1039.5520833333333,24
2025-11-18,terça-feira,1,TREB. MINAS,HB,623,rateio_por_capacidade,33.60230905520093,10
2025-11-18,terça-feira,1,TREB. MINAS,IFCO,6416,explícito,159.0,119
2025-11-18,terça-feira,1,TREB. MINAS,IFCO,6424,explícito,1280.0,3
2025-11-19,quarta-feira,2,PH CASCAVEL,IFCO,6424,explícito,2240.0,3
2025-11-19,quarta-feira,2,PH CORUMBA (PF),IFCO,6424,explícito,320.0,1
2025-11-19,quarta-feira,2,TREB. CEARA,HB,618,explícito,40.0,1
2025-11-19,quarta-feira,2,TREB. MINAS,HB,618,explícito,638.0,15
2025-11-19,quarta-feira,2,TREB. MINAS,HB,623,explícito,4276.0,25
2025-11-19,quarta-feira,2,TREB. MINAS,IFCO,6416,explícito,1773.0,5
2025-11-19,quarta-feira,2,TREB. MINAS,IFCO,6424,explícito,426.0,6
2025-11-20,quinta-feira,3,PH CASCAVEL,IFCO,6424,explícito,4478.0,5
2025-11-20,quinta-feira,3,PH CORUMBA (PF),HB,618,explícito,65.0,4
2025-11-20,quinta-feira,3,PH CORUMBA (PF),IFCO,6416,explícito,27.0,1
2025-11-20,quinta-feira,3,PH CORUMBA (PF),IFCO,6424,explícito,295.0,6
2025-11-20,quinta-feira,3,PH UBAJARA,HB,618,explícito,62.0,13
2025-11-20,quinta-feira,3,PH UBAJARA,HB,623,explícito,35.0,2
2025-11-20,quinta-feira,3,PH UBAJARA,IFCO,6416,explícito,98.0,32
2025-11-20,quinta-feira,3,PH UBAJARA,IFCO,6424,explícito,5.0,3
2025-11-20,quinta-feira,3,TREB. MINAS,HB,618,explícito,752.0,50
2025-11-20,quinta-feira,3,TREB. MINAS,HB,618,rateio_por_capacidade,91.20027173526691,9
2025-11-20,quinta-feira,3,TREB. MINAS,HB,623,explícito,1186.0,31
2025-11-20,quinta-feira,3,TREB. MINAS,HB,623,rateio_por_capacidade,72.7997282647331,10
2025-11-20,quinta-feira,3,TREB. MINAS,IFCO,6416,explícito,1800.0,10
2025-11-20,quinta-feira,3,TREB. MINAS,IFCO,6424,explícito,1813.0,9
2025-11-21,sexta-feira,4,PH CASCAVEL,IFCO,6424,explícito,1120.0,2
2025-11-21,sexta-feira,4,PH UBAJARA,IFCO,6416,explícito,46.0,6
2025-11-21,sexta-feira,4,PH UBAJARA,IFCO,6424,explícito,1293.0,46
2025-11-21,sexta-feira,4,TREB. MINAS,HB,618,explícito,383.0,23
2025-11-21,sexta-feira,4,TREB. MINAS,HB,623,explícito,1331.0,8
2025-11-21,sexta-feira,4,TREB. MINAS,IFCO,6416,explícito,533.0,13
2025-11-21,sexta-feira,4,TREB. MINAS,IFCO,6424,explícito,1257.0,11
2025-11-22,sábado,5,PH CASCAVEL,IFCO,6424,explícito,480.0,4
2025-11-22,sábado,5,PH CORUMBA (PF),IFCO,6424,explícito,640.0,1
2025-11-22,sábado,5,PH UBAJARA,HB,618,explícito,232.0,40
2025-11-22,sábado,5,PH UBAJARA,HB,618,rateio_por_capacidade,1.0,1
2025-11-22,sábado,5,PH UBAJARA,HB,623,explícito,13.0,4
2025-11-22,sábado,5,PH UBAJARA,IFCO,6416,explícito,265.2,55
2025-11-22,sábado,5,PH UBAJARA,IFCO,6424,explícito,430.0,58
2025-11-22,sábado,5,TREB. CEARA,IFCO,6424,explícito,3.0,3
2025-11-22,sábado,5,TREB. MINAS,HB,618,explícito,974.0,45
2025-11-22,sábado,5,TREB. MINAS,HB,618,rateio_por_capacidade,11.171358720574569,2
2025-11-22,sábado,5,TREB. MINAS,HB,623,explícito,1754.0,41
2025-11-22,sábado,5,TREB. MINAS,HB,623,rateio_por_capacidade,1.8286412794254316,2
2025-11-22,sábado,5,TREB. MINAS,IFCO,6416,explícito,2747.0,10
2025-11-22,sábado,5,TREB. MINAS,IFCO,6424,explícito,1760.0,2
2025-11-24,segunda-feira,0,PH CASCAVEL,IFCO,6424,explícito,880.0,1
2025-11-24,segunda-feira,0,PH UBAJARA,HB,618,explícito,154.0,16
2025-11-24,segunda-feira,0,PH UBAJARA,HB,623,explícito,33.0,2
2025-11-24,segunda-feira,0,PH UBAJARA,IFCO,6416,explícito,26.0,3
2025-11-24,segunda-feira,0,PH UBAJARA,IFCO,6424,explícito,349.0,22
2025-11-24,segunda-feira,0,TREB. MINAS,HB,618,explícito,417.0,25
2025-11-24,segunda-feira,0,TREB. MINAS,HB,623,explícito,1009.0,8
2025-11-24,segunda-feira,0,TREB. MINAS,IFCO,6416,explícito,2859.0,9
2025-11-24,segunda-feira,0,TREB. MINAS,IFCO,6424,explícito,1364.6666666666667,7
2025-11-25,terça-feira,1,PH CASCAVEL,IFCO,6424,explícito,1120.0,2
2025-11-25,terça-feira,1,PH UBAJARA,HB,618,explícito,89.0,13
2025-11-25,terça-feira,1,PH UBAJARA,HB,623,explícito,32.0,7
2025-11-25,terça-feira,1,PH UBAJARA,IFCO,6416,explícito,235.0,22
2025-11-25,terça-feira,1,PH UBAJARA,IFCO,6424,explícito,785.0,28
2025-11-25,terça-feira,1,TREB. MINAS,HB,618,explícito,682.0,33
2025-11-25,terça-feira,1,TREB. MINAS,HB,618,rateio_por_capacidade,40.57542771332044,8
2025-11-25,terça-feira,1,TREB. MINAS,HB,623,explícito,1440.0,27
2025-11-25,terça-feira,1,TREB. MINAS,HB,623,rateio_por_capacidade,68.42457228667956,9
2025-11-25,terça-feira,1,TREB. MINAS,IFCO,6416,explícito,2390.0,127
2025-11-25,terça-feira,1,TREB. MINAS,IFCO,6424,explícito,21.0,6
2025-11-25,terça-feira,1,TREB. MINAS,IFCO,NAO_INFORMADO,explícito,8.33333333333333,1
2025-11-26,quarta-feira,2,PH CASCAVEL,IFCO,6424,explícito,620.0,4
2025-11-26,quarta-feira,2,PH CORUMBA (PF),HB,623,explícito,690.0,1
2025-11-26,quarta-feira,2,PH CORUMBA (PF),IFCO,6416,explícito,1680.0,1
2025-11-26,quarta-feira,2,PH UBAJARA,IFCO,6416,explícito,31.1,11
2025-11-26,quarta-feira,2,PH UBAJARA,IFCO,6424,explícito,18.0,5
2025-11-26,quarta-feira,2,TREB. CEARA,IFCO,6416,explícito,84.0,2
2025-11-26,quarta-feira,2,TREB. MINAS,HB,618,explícito,579.0,13
2025-11-26,quarta-feira,2,TREB. MINAS,HB,618,rateio_por_capacidade,0.9491609353507565,1
2025-11-26,quarta-feira,2,TREB. MINAS,HB,623,explícito,506.0,19
2025-11-26,quarta-feira,2,TREB. MINAS,HB,623,rateio_por_capacidade,0.05083906464924346,1
2025-11-26,quarta-feira,2,TREB. MINAS,IFCO,6416,explícito,3532.0,15
2025-11-26,quarta-feira,2,TREB. MINAS,IFCO,6424,explícito,654.0,7
2025-11-26,quarta-feira,2,TREB. MINAS,IFCO,NAO_INFORMADO,explícito,1.0,1
2025-11-27,quinta-feira,3,PH CASCAVEL,IFCO,6424,explícito,1040.0,2
2025-11-27,quinta-feira,3,PH UBAJARA,HB,618,explícito,47.0,15
2025-11-27,quinta-feira,3,PH UBAJARA,HB,623,explícito,33.0,2
2025-11-27,quinta-feira,3,PH UBAJARA,IFCO,6416,explícito,244.77358490566039,55
2025-11-27,quinta-feira,3,PH UBAJARA,IFCO,6424,explícito,542.0,29
2025-11-27,quinta-feira,3,TREB. MINAS,HB,618,explícito,1000.0,54
2025-11-27,quinta-feira,3,TREB. MINAS,HB,618,rateio_por_capacidade,68.75554673975826,10
2025-11-27,quinta-feira,3,TREB. MINAS,HB,623,explícito,1017.0,26
2025-11-27,quinta-feira,3,TREB. MINAS,HB,623,rateio_por_capacidade,16.244453260241748,10
2025-11-27,quinta-feira,3,TREB. MINAS,IFCO,6416,explícito,2818.0,5
2025-11-27,quinta-feira,3,TREB. MINAS,IFCO,6424,explícito,20.0,2
2025-11-28,sexta-feira,4,PH CASCAVEL,IFCO,6424,explícito,4680.0,6
2025-11-28,sexta-feira,4,PH UBAJARA,IFCO,6416,explícito,204.0,17
2025-11-28,sexta-feira,4,PH UBAJARA,IFCO,6424,explícito,261.0,23
2025-11-28,sexta-feira,4,TREB. MINAS,HB,618,explícito,538.0,25
2025-11-28,sexta-feira,4,TREB. MINAS,HB,623,explícito,102.0,7
2025-11-28,sexta-feira,4,TREB. MINAS,IFCO,6416,explícito,484.0,7
2025-11-28,sexta-feira,4,TREB. MINAS,IFCO,6424,explícito,65.0,6
2025-11-29,sábado,5,PH CASCAVEL,IFCO,6424,explícito,2872.0,7
2025-11-29,sábado,5,PH CORUMBA (PF),HB,623,explícito,690.0,1
2025-11-29,sábado,5,PH CORUMBA (PF),IFCO,6424,explícito,638.0,1
2025-11-29,sábado,5,PH UBAJARA,HB,618,explícito,227.83333333333334,41
2025-11-29,sábado,5,PH UBAJARA,HB,623,explícito,85.0,7
2025-11-29,sábado,5,PH UBAJARA,IFCO,6416,explícito,209.0,58
2025-11-29,sábado,5,PH UBAJARA,IFCO,6424,explícito,463.0,44
2025-11-29,sábado,5,TREB. CEARA,IFCO,6416,explícito,1.0,1
2025-11-29,sábado,5,TREB. MINAS,HB,618,explícito,850.0,45
2025-11-29,sábado,5,TREB. MINAS,HB,618,rateio_por_capacidade,14.565419803552079,4
2025-11-29,sábado,5,TREB. MINAS,HB,623,explícito,1209.0,50
2025-11-29,sábado,5,TREB. MINAS,HB,623,rateio_por_capacidade,0.4345801964479211,3
2025-11-29,sábado,5,TREB. MINAS,IFCO,6416,explícito,2206.0,11
2025-11-29,sábado,5,TREB. MINAS,IFCO,6424,explícito,1000.0,4
2025-12-01,segunda-feira,0,PH CASCAVEL,IFCO,6424,explícito,1390.0,7
2025-12-01,segunda-feira,0,PH CORUMBA (PF),IFCO,6424,explícito,640.0,1
2025-12-01,segunda-feira,0,PH UBAJARA,HB,618,explícito,326.0,16
2025-12-01,segunda-feira,0,PH UBAJARA,HB,623,explícito,33.0,2
2025-12-01,segunda-feira,0,PH UBAJARA,IFCO,6416,explícito,15.0,3
2025-12-01,segunda-feira,0,PH UBAJARA,IFCO,6424,explícito,508.0,25
2025-12-01,segunda-feira,0,TREB. CEARA,IFCO,6424,explícito,17.0,3
2025-12-01,segunda-feira,0,TREB. MINAS,HB,618,explícito,655.0,26
2025-12-01,segunda-feira,0,TREB. MINAS,HB,623,explícito,937.0,6
2025-12-01,segunda-feira,0,TREB. MINAS,IFCO,6416,explícito,302.0,6
2025-12-01,segunda-feira,0,TREB. MINAS,IFCO,NAO_INFORMADO,explícito,1.0,1
2025-12-02,terça-feira,1,PH CASCAVEL,HB,623,explícito,640.0,1
2025-12-02,terça-feira,1,PH CASCAVEL,IFCO,6424,explícito,280.0,1
2025-12-02,terça-feira,1,PH CORUMBA (PF),IFCO,6424,explícito,100.0,1
2025-12-02,terça-feira,1,PH UBAJARA,HB,618,explícito,44.0,11
2025-12-02,terça-feira,1,PH UBAJARA,HB,623,explícito,9.0,5
2025-12-02,terça-feira,1,PH UBAJARA,IFCO,6416,explícito,128.4,19
2025-12-02,terça-feira,1,PH UBAJARA,IFCO,6424,explícito,114.0,12
2025-12-02,terça-feira,1,TREB. MINAS,HB,618,explícito,725.0,36
2025-12-02,terça-feira,1,TREB. MINAS,HB,618,rateio_por_capacidade,6.963343097656885,2
2025-12-02,terça-feira,1,TREB. MINAS,HB,623,explícito,901.0,10
2025-12-02,terça-feira,1,TREB. MINAS,HB,623,rateio_por_capacidade,3.0366569023431147,2
2025-12-02,terça-feira,1,TREB. MINAS,IFCO,6416,explícito,777.0,159
2025-12-02,terça-feira,1,TREB. MINAS,IFCO,NAO_INFORMADO,explícito,2.0,1
2025-12-03,quarta-feira,2,PH CASCAVEL,IFCO,6424,explícito,520.0,3
2025-12-03,quarta-feira,2,PH CORUMBA (PF),IFCO,6424,explícito,638.0,1
2025-12-03,quarta-feira,2,PH UBAJARA,HB,618,explícito,200.0,1
2025-12-03,quarta-feira,2,PH UBAJARA,IFCO,6424,explícito,670.0,23
2025-12-03,quarta-feira,2,TREB. MINAS,HB,618,explícito,749.0,24
2025-12-03,quarta-feira,2,TREB. MINAS,HB,618,rateio_por_capacidade,1.898321870701513,2
2025-12-03,quarta-feira,2,TREB. MINAS,HB,623,explícito,1007.0,28
2025-12-03,quarta-feira,2,TREB. MINAS,HB,623,rateio_por_capacidade,0.10167812929848692,2
2025-12-03,quarta-feira,2,TREB. MINAS,IFCO,6416,explícito,2328.0,10
2025-12-03,quarta-feira,2,TREB. MINAS,IFCO,6424,explícito,352.0,4
2025-12-04,quinta-feira,3,PH CORUMBA (PF),HB,618,explícito,40.0,3
2025-12-04,quinta-feira,3,PH CORUMBA (PF),HB,623,explícito,720.0,1
2025-12-04,quinta-feira,3,PH CORUMBA (PF),IFCO,6424,explícito,100.0,1
2025-12-04,quinta-feira,3,PH UBAJARA,HB,618,explícito,110.0,16
2025-12-04,quinta-feira,3,PH UBAJARA,HB,623,explícito,33.0,2
2025-12-04,quinta-feira,3,PH UBAJARA,IFCO,6416,explícito,263.0,40
2025-12-04,quinta-feira,3,PH UBAJARA,IFCO,6424,explícito,87.0,8
2025-12-04,quinta-feira,3,TREB. MINAS,HB,618,explícito,552.0,40
2025-12-04,quinta-feira,3,TREB. MINAS,HB,618,rateio_por_capacidade,12.082013670052973,4
2025-12-04,quinta-feira,3,TREB. MINAS,HB,623,explícito,483.0,26
2025-12-04,quinta-feira,3,TREB. MINAS,HB,623,rateio_por_capacidade,1.9179863299470272,3
2025-12-04,quinta-feira,3,TREB. MINAS,IFCO,6416,explícito,360.0,1
2025-12-04,quinta-feira,3,TREB. MINAS,IFCO,6424,explícito,300.0,1
2025-12-05,sexta-feira,4,PH CASCAVEL,HB,623,explícito,640.0,1
2025-12-05,sexta-feira,4,PH CORUMBA (PF),HB,623,explícito,690.0,1
2025-12-05,sexta-feira,4,PH UBAJARA,IFCO,6416,explícito,334.0,51
2025-12-05,sexta-feira,4,PH UBAJARA,IFCO,6424,explícito,228.0,24
2025-12-05,sexta-feira,4,TREB. CEARA,IFCO,6416,explícito,1.0,1
2025-12-05,sexta-feira,4,TREB. MINAS,HB,618,explícito,367.0,20
2025-12-05,sexta-feira,4,TREB. MINAS,HB,623,explícito,60.0,6
2025-12-05,sexta-feira,4,TREB. MINAS,IFCO,6416,explícito,490.0,12
2025-12-05,sexta-feira,4,TREB. MINAS,IFCO,6424,explícito,2624.0,21
2025-12-06,sábado,5,PH CASCAVEL,IFCO,6424,explícito,2087.0,7
2025-12-06,sábado,5,PH CORUMBA (PF),HB,618,explícito,320.0,1
2025-12-06,sábado,5,PH CORUMBA (PF),IFCO,6424,explícito,100.0,1
2025-12-06,sábado,5,PH UBAJARA,HB,618,explícito,462.0,38
2025-12-06,sábado,5,PH UBAJARA,HB,623,explícito,95.0,7
2025-12-06,sábado,5,PH UBAJARA,IFCO,6416,explícito,230.1,8
2025-12-06,sábado,5,PH UBAJARA,IFCO,6424,explícito,418.0,52
2025-12-06,sábado,5,PH UBAJARA,IFCO,NAO_INFORMADO,explícito,0.2,1
2025-12-06,sábado,5,TREB. CEARA,IFCO,6416,explícito,72.0,2
2025-12-06,sábado,5,TREB. MINAS,HB,618,explícito,598.0,34
2025-12-06,sábado,5,TREB. MINAS,HB,618,rateio_por_capacidade,30.57220266328271,4
2025-12-06,sábado,5,TREB. MINAS,HB,623,explícito,220.0,30
2025-12-06,sábado,5,TREB. MINAS,HB,623,rateio_por_capacidade,4.665892574812532,4
2025-12-06,sábado,5,TREB. MINAS,IFCO,6416,explícito,2208.0,30
2025-12-08,segunda-feira,0,PH CASCAVEL,HB,623,explícito,520.0,2
2025-12-08,segunda-feira,0,PH CASCAVEL,IFCO,6424,explícito,1295.0,7
2025-12-08,segunda-feira,0,PH CORUMBA (PF),HB,618,explícito,40.0,3
2025-12-08,segunda-feira,0,PH UBAJARA,HB,618,explícito,291.0,15
2025-12-08,segunda-feira,0,PH UBAJARA,HB,623,explícito,33.0,2
2025-12-08,segunda-feira,0,TREB. MINAS,HB,618,explícito,313.0,24
2025-12-08,segunda-feira,0,TREB. MINAS,HB,618,rateio_por_capacidade,26.761201607455444,5
2025-12-08,segunda-feira,0,TREB. MINAS,HB,623,explícito,928.0,43
2025-12-08,segunda-feira,0,TREB. MINAS,HB,623,rateio_por_capacidade,18.476893630639797,7
2025-12-08,segunda-feira,0,TREB. MINAS,IFCO,6416,explícito,749.0,13
2025-12-08,segunda-feira,0,TREB. MINAS,IFCO,6424,explícito,692.0,8
2025-12-08,segunda-feira,0,TREB. MINAS,IFCO,NAO_INFORMADO,explícito,3.0,1
2025-12-09,terça-feira,1,PH CASCAVEL,IFCO,6424,explícito,110.0,3
2025-12-09,terça-feira,1,PH CORUMBA (PF),IFCO,6424,explícito,143.0,1
2025-12-09,terça-feira,1,PH UBAJARA,HB,618,explícito,110.0,15
2025-12-09,terça-feira,1,PH UBAJARA,HB,623,explícito,26.0,6
2025-12-09,terça-feira,1,PH UBAJARA,IFCO,6416,explícito,163.0,16
2025-12-09,terça-feira,1,PH UBAJARA,IFCO,6424,explícito,280.0,23
2025-12-09,terça-feira,1,TREB. MINAS,HB,618,explícito,649.0,28
2025-12-09,terça-feira,1,TREB. MINAS,HB,618,rateio_por_capacidade,124.45219919220047,4
2025-12-09,terça-feira,1,TREB. MINAS,HB,623,explícito,516.0,11
2025-12-09,terça-feira,1,TREB. MINAS,HB,623,rateio_por_capacidade,25.54780080779954,3
2025-12-09,terça-feira,1,TREB. MINAS,IFCO,6416,explícito,718.0,131
2025-12-09,terça-feira,1,TREB. MINAS,IFCO,6424,explícito,1676.0,9
2025-12-09,terça-feira,1,TREB. MINAS,IFCO,NAO_INFORMADO,explícito,1.0,1
2025-12-10,quarta-feira,2,PH CASCAVEL,IFCO,6424,explícito,1250.0,10
2025-12-10,quarta-feira,2,PH CORUMBA (PF),HB,623,explícito,720.0,1
2025-12-10,quarta-feira,2,TREB. MINAS,HB,618,explícito,475.0,11
2025-12-10,quarta-feira,2,TREB. MINAS,HB,618,rateio_por_capacidade,85.42448418156809,3
2025-12-10,quarta-feira,2,TREB. MINAS,HB,623,explícito,2624.0,27
2025-12-10,quarta-feira,2,TREB. MINAS,HB,623,rateio_por_capacidade,4.575515818431912,3
2025-12-10,quarta-feira,2,TREB. MINAS,IFCO,6416,explícito,162.0,6
2025-12-10,quarta-feira,2,TREB. MINAS,IFCO,6424,explícito,862.0,7
2025-12-11,quinta-feira,3,PH CASCAVEL,IFCO,6424,explícito,1516.0,5
2025-12-11,quinta-feira,3,PH CORUMBA (PF),HB,618,explícito,540.0,5
2025-12-11,quinta-feira,3,PH CORUMBA (PF),HB,623,explícito,120.0,1
2025-12-11,quinta-feira,3,PH CORUMBA (PF),IFCO,6416,explícito,11.0,1
2025-12-11,quinta-feira,3,PH CORUMBA (PF),IFCO,6424,explícito,821.0,5
2025-12-11,quinta-feira,3,PH UBAJARA,IFCO,6416,explícito,194.0,45
2025-12-11,quinta-feira,3,PH UBAJARA,IFCO,6424,explícito,986.0,39
2025-12-11,quinta-feira,3,TREB. MINAS,HB,618,explícito,1042.0,48
2025-12-11,quinta-feira,3,TREB. MINAS,HB,618,rateio_por_capacidade,36.04874151800667,6
2025-12-11,quinta-feira,3,TREB. MINAS,HB,623,explícito,317.0,22
2025-12-11,quinta-feira,3,TREB. MINAS,HB,623,rateio_por_capacidade,8.951258481993333,5
2025-12-11,quinta-feira,3,TREB. MINAS,IFCO,6416,explícito,54.0,4
2025-12-11,quinta-feira,3,TREB. MINAS,IFCO,6424,explícito,27.0,2
2025-12-12,sexta-feira,4,PH CASCAVEL,IFCO,6424,explícito,1120.0,1
2025-12-12,sexta-feira,4,PH CORUMBA (PF),HB,618,explícito,100.0,1
2025-12-12,sexta-feira,4,PH CORUMBA (PF),IFCO,6424,explícito,1274.0,2
2025-12-12,sexta-feira,4,PH UBAJARA,HB,618,explícito,196.0,16
2025-12-12,sexta-feira,4,PH UBAJARA,IFCO,6416,explícito,1232.0,65
2025-12-12,sexta-feira,4,PH UBAJARA,IFCO,6424,explícito,372.0,35
2025-12-12,sexta-feira,4,TREB. CEARA,IFCO,6416,explícito,55.0,4
2025-12-12,sexta-feira,4,TREB. MINAS,HB,618,explícito,249.0,21
2025-12-12,sexta-feira,4,TREB. MINAS,HB,623,explícito,67.0,5
2025-12-12,sexta-feira,4,TREB. MINAS,IFCO,6416,explícito,552.0,16
2025-12-12,sexta-feira,4,TREB. MINAS,IFCO,6424,explícito,52.0,1
2025-12-13,sábado,5,PH CASCAVEL,HB,623,explícito,607.0,1
2025-12-13,sábado,5,PH CASCAVEL,IFCO,6424,explícito,2280.0,7
2025-12-13,sábado,5,PH CORUMBA (PF),HB,623,explícito,450.0,1
2025-12-13,sábado,5,PH CORUMBA (PF),IFCO,6416,explícito,1680.0,2
2025-12-13,sábado,5,PH CORUMBA (PF),IFCO,6424,explícito,400.0,1
2025-12-13,sábado,5,PH UBAJARA,HB,618,explícito,429.0,39
2025-12-13,sábado,5,PH UBAJARA,HB,623,explícito,92.0,6
2025-12-13,sábado,5,PH UBAJARA,IFCO,6416,explícito,197.7,53
2025-12-13,sábado,5,PH UBAJARA,IFCO,6424,explícito,577.3125,37
2025-12-13,sábado,5,TREB. MINAS,HB,618,explícito,862.0,41
2025-12-13,sábado,5,TREB. MINAS,HB,618,rateio_por_capacidade,105.02329321984905,8
2025-12-13,sábado,5,TREB. MINAS,HB,623,explícito,1053.0,44
2025-12-13,sábado,5,TREB. MINAS,HB,623,rateio_por_capacidade,9.976706780150952,7
2025-12-13,sábado,5,TREB. MINAS,IFCO,6416,explícito,729.0,15
2025-12-13,sábado,5,TREB. MINAS,IFCO,6424,explícito,1565.0,47
2025-12-13,sábado,5,TREB. MINAS,IFCO,NAO_INFORMADO,explícito,6.0,1
2025-12-15,segunda-feira,0,PH CASCAVEL,HB,623,explícito,1120.0,3
2025-12-15,segunda-feira,0,PH CORUMBA (PF),HB,618,explícito,30.0,4
2025-12-15,segunda-feira,0,PH CORUMBA (PF),HB,NAO_INFORMADO,sem_base_para_rateio,1.0,1
2025-12-15,segunda-feira,0,PH UBAJARA,HB,618,explícito,207.0,15
2025-12-15,segunda-feira,0,TREB. MINAS,HB,618,explícito,450.0,20
2025-12-15,segunda-feira,0,TREB. MINAS,HB,623,explícito,106.0,4
2025-12-15,segunda-feira,0,TREB. MINAS,IFCO,6416,explícito,414.0,8
2025-12-15,segunda-feira,0,TREB. MINAS,IFCO,6424,explícito,709.0,11
2025-12-15,segunda-feira,0,TREB. MINAS,IFCO,NAO_INFORMADO,explícito,7.0,1
2025-12-16,terça-feira,1,PH CASCAVEL,IFCO,6424,explícito,2730.0,8
2025-12-16,terça-feira,1,PH CORUMBA (PF),IFCO,6416,explícito,1680.0,1
2025-12-16,terça-feira,1,PH CORUMBA (PF),IFCO,6424,explícito,125.0,1
2025-12-16,terça-feira,1,PH UBAJARA,HB,618,explícito,240.0,15
2025-12-16,terça-feira,1,PH UBAJARA,HB,623,explícito,53.0,5
2025-12-16,terça-feira,1,PH UBAJARA,IFCO,6416,explícito,125.0,10
2025-12-16,terça-feira,1,PH UBAJARA,IFCO,6424,explícito,609.7142857142857,30
2025-12-16,terça-feira,1,TREB. CEARA,IFCO,6424,explícito,42.0,3
2025-12-16,terça-feira,1,TREB. MINAS,HB,618,explícito,798.0,40
2025-12-16,terça-feira,1,TREB. MINAS,HB,618,rateio_por_capacidade,72.59081117865524,5
2025-12-16,terça-feira,1,TREB. MINAS,HB,623,explícito,189.0,11
2025-12-16,terça-feira,1,TREB. MINAS,HB,623,rateio_por_capacidade,10.409188821344763,4
2025-12-16,terça-feira,1,TREB. MINAS,IFCO,6416,explícito,532.0,120
2025-12-16,terça-feira,1,TREB. MINAS,IFCO,6424,explícito,413.0,10
2025-12-16,terça-feira,1,TREB. MINAS,IFCO,NAO_INFORMADO,explícito,2.0,1
2025-12-17,quarta-feira,2,PH CORUMBA (PF),HB,623,explícito,180.0,1
2025-12-17,quarta-feira,2,PH CORUMBA (PF),IFCO,6424,explícito,200.0,2
2025-12-17,quarta-feira,2,PH SUL (PF),IFCO,6424,explícito,2.0,1
2025-12-17,quarta-feira,2,PH UBAJARA,IFCO,6416,explícito,336.0,30
2025-12-17,quarta-feira,2,PH UBAJARA,IFCO,6424,explícito,355.0,36
2025-12-17,quarta-feira,2,TREB. CEARA,IFCO,6416,explícito,31.0,2
2025-12-17,quarta-feira,2,TREB. MINAS,HB,618,explícito,696.0,13
2025-12-17,quarta-feira,2,TREB. MINAS,HB,623,explícito,86.0,3
2025-12-17,quarta-feira,2,TREB. MINAS,IFCO,6416,explícito,164.0,11
2025-12-17,quarta-feira,2,TREB. MINAS,IFCO,6424,explícito,262.0,6
2025-12-17,quarta-feira,2,TREB. MINAS,IFCO,NAO_INFORMADO,explícito,1.0,1
2025-12-18,quinta-feira,3,PH CORUMBA (PF),HB,618,explícito,245.0,7
2025-12-18,quinta-feira,3,PH CORUMBA (PF),HB,623,explícito,1260.0,2
2025-12-18,quinta-feira,3,PH CORUMBA (PF),IFCO,6416,explícito,1686.0,3
2025-12-18,quinta-feira,3,PH CORUMBA (PF),IFCO,6424,explícito,193.0,4
2025-12-18,quinta-feira,3,PH UBAJARA,HB,618,explícito,321.0,14
2025-12-18,quinta-feira,3,PH UBAJARA,HB,623,explícito,5.0,1
2025-12-18,quinta-feira,3,PH UBAJARA,IFCO,6416,explícito,158.0,31
2025-12-18,quinta-feira,3,PH UBAJARA,IFCO,6424,explícito,99.0,6
2025-12-18,quinta-feira,3,TREB. MINAS,HB,618,explícito,1459.0,39
2025-12-18,quinta-feira,3,TREB. MINAS,HB,618,rateio_por_capacidade,229.6476047815281,4
2025-12-18,quinta-feira,3,TREB. MINAS,HB,623,explícito,309.0,7
2025-12-18,quinta-feira,3,TREB. MINAS,HB,623,rateio_por_capacidade,43.352395218471926,3
2025-12-18,quinta-feira,3,TREB. MINAS,IFCO,6416,explícito,6.0,2
2025-12-18,quinta-feira,3,TREB. MINAS,IFCO,6424,explícito,167.0,3
2025-12-19,sexta-feira,4,PH CASCAVEL,HB,623,explícito,1330.0,2
2025-12-19,sexta-feira,4,PH CASCAVEL,IFCO,6424,explícito,1440.0,2
2025-12-19,sexta-feira,4,PH CORUMBA (PF),IFCO,6416,explícito,960.0,1
2025-12-19,sexta-feira,4,PH UBAJARA,IFCO,6416,explícito,719.0,58
2025-12-19,sexta-feira,4,PH UBAJARA,IFCO,6424,explícito,347.7864421153895,99
2025-12-19,sexta-feira,4,TREB. MINAS,HB,618,explícito,1259.0,30
2025-12-19,sexta-feira,4,TREB. MINAS,HB,618,rateio_por_capacidade,12.890029292970656,1
2025-12-19,sexta-feira,4,TREB. MINAS,HB,623,explícito,1223.0,22
2025-12-19,sexta-feira,4,TREB. MINAS,HB,623,rateio_por_capacidade,2.109970707029344,1
2025-12-19,sexta-feira,4,TREB. MINAS,IFCO,6416,explícito,242.0,24
2025-12-19,sexta-feira,4,TREB. MINAS,IFCO,6424,explícito,3.0,3
2025-12-20,sábado,5,PH CASCAVEL,IFCO,6424,explícito,610.0,5
2025-12-20,sábado,5,PH SUL (PF),IFCO,6424,explícito,4.0,1
2025-12-20,sábado,5,PH UBAJARA,HB,618,explícito,425.0,36
2025-12-20,sábado,5,PH UBAJARA,HB,623,explícito,39.0,6
2025-12-20,sábado,5,PH UBAJARA,IFCO,6416,explícito,104.66666666666667,34
2025-12-20,sábado,5,PH UBAJARA,IFCO,6424,explícito,164.0,35
2025-12-20,sábado,5,TREB. CEARA,HB,618,explícito,50.0,1
2025-12-20,sábado,5,TREB. CEARA,IFCO,6416,explícito,42.0,2
2025-12-20,sábado,5,TREB. MINAS,HB,618,explícito,343.0,15
2025-12-20,sábado,5,TREB. MINAS,HB,618,rateio_por_capacidade,48.70510029584432,7
2025-12-20,sábado,5,TREB. MINAS,HB,623,explícito,782.6666666666666,25
2025-12-20,sábado,5,TREB. MINAS,HB,623,rateio_por_capacidade,51.29489970415568,10
2025-12-20,sábado,5,TREB. MINAS,IFCO,6416,explícito,284.0,12
2025-12-20,sábado,5,TREB. MINAS,IFCO,6424,explícito,108.0,21
2025-12-20,sábado,5,TREB. MINAS,IFCO,NAO_INFORMADO,explícito,1.0,1
2025-12-22,segunda-feira,0,PH CASCAVEL,IFCO,6424,explícito,600.0,2
2025-12-22,segunda-feira,0,PH CORUMBA (PF),HB,618,explícito,10.0,1
2025-12-22,segunda-feira,0,PH CORUMBA (PF),HB,623,explícito,585.0,1
2025-12-22,segunda-feira,0,PH CORUMBA (PF),IFCO,6416,explícito,1680.0,1
2025-12-22,segunda-feira,0,PH CORUMBA (PF),IFCO,6424,explícito,82.0,1
2025-12-22,segunda-feira,0,PH UBAJARA,IFCO,6424,explícito,2.0,1
2025-12-22,segunda-feira,0,TREB. MINAS,HB,618,explícito,386.0,19
2025-12-22,segunda-feira,0,TREB. MINAS,HB,623,explícito,228.0,4
2025-12-22,segunda-feira,0,TREB. MINAS,IFCO,6424,explícito,57.0,5
2025-12-23,terça-feira,1,PH CASCAVEL,HB,623,explícito,1360.0,2
2025-12-23,terça-feira,1,PH CORUMBA (PF),HB,623,explícito,690.0,1
2025-12-23,terça-feira,1,PH CORUMBA (PF),IFCO,6416,explícito,1680.0,1
2025-12-23,terça-feira,1,PH UBAJARA,HB,618,explícito,153.0,16
2025-12-23,terça-feira,1,PH UBAJARA,HB,623,explícito,52.0,6
2025-12-23,terça-feira,1,PH UBAJARA,IFCO,6416,explícito,19.0,1
2025-12-23,terça-feira,1,PH UBAJARA,IFCO,6424,explícito,17.0,2
2025-12-23,terça-feira,1,TREB. MINAS,HB,618,explícito,195.0,11
2025-12-23,terça-feira,1,TREB. MINAS,HB,623,explícito,489.0,4
2025-12-23,terça-feira,1,TREB. MINAS,IFCO,6424,explícito,170.0,1
2025-12-24,quarta-feira,2,PH CASCAVEL,IFCO,6424,explícito,640.0,1
2025-12-24,quarta-feira,2,PH CORUMBA (PF),HB,618,explícito,70.0,4
2025-12-24,quarta-feira,2,PH CORUMBA (PF),HB,623,explícito,690.0,2
2025-12-24,quarta-feira,2,PH CORUMBA (PF),IFCO,6416,explícito,1691.0,2
2025-12-24,quarta-feira,2,PH CORUMBA (PF),IFCO,6424,explícito,1223.0,6
2025-12-24,quarta-feira,2,PH SUL (PF),IFCO,6424,explícito,1.0,1
2025-12-24,quarta-feira,2,PH UBAJARA,HB,618,explícito,258.0,17
2025-12-24,quarta-feira,2,PH UBAJARA,HB,623,explícito,6.0,1
2025-12-24,quarta-feira,2,PH UBAJARA,IFCO,6416,explícito,108.0,15
2025-12-24,quarta-feira,2,PH UBAJARA,IFCO,6424,explícito,148.0,13
2025-12-24,quarta-feira,2,TREB. CEARA,IFCO,6416,explícito,34.0,2
2025-12-24,quarta-feira,2,TREB. MINAS,HB,618,explícito,778.0,28
2025-12-24,quarta-feira,2,TREB. MINAS,HB,623,explícito,123.0,3
2025-12-24,quarta-feira,2,TREB. MINAS,IFCO,6416,explícito,259.0,135
2025-12-24,quarta-feira,2,TREB. MINAS,IFCO,6424,explícito,829.0,9
2025-12-26,sexta-feira,4,PH CORUMBA (PF),HB,623,explícito,690.0,1
2025-12-26,sexta-feira,4,PH CORUMBA (PF),IFCO,6416,explícito,1680.0,2
2025-12-26,sexta-feira,4,PH UBAJARA,IFCO,6416,explícito,610.5,60
2025-12-26,sexta-feira,4,PH UBAJARA,IFCO,6424,explícito,1209.0,98
2025-12-26,sexta-feira,4,TREB. CEARA,IFCO,6416,explícito,8.0,2
2025-12-26,sexta-feira,4,TREB. CEARA,IFCO,6424,explícito,23.0,3
2025-12-26,sexta-feira,4,TREB. MINAS,HB,618,explícito,1398.0,34
2025-12-26,sexta-feira,4,TREB. MINAS,HB,618,rateio_por_capacidade,52.80198255415258,3
2025-12-26,sexta-feira,4,TREB. MINAS,HB,623,explícito,769.0,12
2025-12-26,sexta-feira,4,TREB. MINAS,HB,623,rateio_por_capacidade,23.19801744584742,5
2025-12-27,sábado,5,PH CORUMBA (PF),HB,618,explícito,200.0,1
2025-12-27,sábado,5,PH CORUMBA (PF),HB,618,rateio_por_capacidade,8.818165320751294,1
2025-12-27,sábado,5,PH CORUMBA (PF),HB,623,explícito,720.0,2
2025-12-27,sábado,5,PH CORUMBA (PF),HB,623,rateio_por_capacidade,1.181834679248707,1
2025-12-27,sábado,5,PH CORUMBA (PF),IFCO,6424,explícito,340.0,2
2025-12-27,sábado,5,PH UBAJARA,HB,618,explícito,398.0,43
2025-12-27,sábado,5,PH UBAJARA,HB,623,explícito,73.0,7
2025-12-27,sábado,5,PH UBAJARA,IFCO,6416,explícito,51.13333333333333,17
2025-12-27,sábado,5,PH UBAJARA,IFCO,6424,explícito,277.0,19
2025-12-27,sábado,5,TREB. MINAS,HB,618,explícito,384.0,16
2025-12-27,sábado,5,TREB. MINAS,HB,618,rateio_por_capacidade,19.091853022600688,3
2025-12-27,sábado,5,TREB. MINAS,HB,623,explícito,227.0,20
2025-12-27,sábado,5,TREB. MINAS,HB,623,rateio_por_capacidade,0.9081469773993116,2
2025-12-27,sábado,5,TREB. MINAS,IFCO,6416,explícito,19.0,3
2025-12-27,sábado,5,TREB. MINAS,IFCO,6424,explícito,160.0,31
2025-12-29,segunda-feira,0,PH CASCAVEL,IFCO,6424,explícito,600.0,4
2025-12-29,segunda-feira,0,PH CORUMBA (PF),HB,618,explícito,100.0,6
2025-12-29,segunda-feira,0,PH CORUMBA (PF),HB,623,explícito,360.0,1
2025-12-29,segunda-feira,0,PH UBAJARA,IFCO,6424,explícito,85.0,3
2025-12-29,segunda-feira,0,TREB. MINAS,HB,618,explícito,673.0,21
2025-12-29,segunda-feira,0,TREB. MINAS,HB,623,explícito,414.0,14
2025-12-30,terça-feira,1,PH CASCAVEL,HB,623,explícito,720.0,1
2025-12-30,terça-feira,1,PH CASCAVEL,IFCO,6424,explícito,1080.0,6
2025-12-30,terça-feira,1,PH CORUMBA (PF),IFCO,6416,explícito,1680.0,1
2025-12-30,terça-feira,1,PH UBAJARA,HB,618,explícito,133.0,17
2025-12-30,terça-feira,1,PH UBAJARA,HB,623,explícito,88.0,6
2025-12-30,terça-feira,1,PH UBAJARA,IFCO,6416,explícito,36.0,22
2025-12-30,terça-feira,1,PH UBAJARA,IFCO,6424,explícito,82.0,28
2025-12-30,terça-feira,1,TREB. MINAS,HB,618,explícito,639.0,22
2025-12-30,terça-feira,1,TREB. MINAS,HB,618,rateio_por_capacidade,17.296676430990217,2
2025-12-30,terça-feira,1,TREB. MINAS,HB,623,explícito,236.0,18
2025-12-30,terça-feira,1,TREB. MINAS,HB,623,rateio_por_capacidade,0.7033235690097814,1
2025-12-30,terça-feira,1,TREB. MINAS,IFCO,6416,explícito,210.0,48
2025-12-30,terça-feira,1,TREB. MINAS,IFCO,6424,explícito,22.0,15
2025-12-31,quarta-feira,2,PH CORUMBA (PF),HB,618,explícito,250.0,1
2025-12-31,quarta-feira,2,PH CORUMBA (PF),HB,623,explícito,400.0,1
2025-12-31,quarta-feira,2,PH CORUMBA (PF),IFCO,6416,explícito,1200.0,2
2025-12-31,quarta-feira,2,PH CORUMBA (PF),IFCO,6424,explícito,1543.0,5
2025-12-31,quarta-feira,2,PH UBAJARA,HB,618,explícito,148.0,17
2025-12-31,quarta-feira,2,PH UBAJARA,HB,623,explícito,5.0,1
2025-12-31,quarta-feira,2,PH UBAJARA,IFCO,6416,explícito,68.0,14
2025-12-31,quarta-feira,2,PH UBAJARA,IFCO,6424,explícito,60.5,12
2025-12-31,quarta-feira,2,TREB. CEARA,IFCO,6416,explícito,51.0,2
2025-12-31,quarta-feira,2,TREB. MINAS,HB,618,explícito,808.0,20
2025-12-31,quarta-feira,2,TREB. MINAS,HB,623,explícito,314.0,7
2025-12-31,quarta-feira,2,TREB. MINAS,IFCO,6416,explícito,212.03333333333333,100
2025-12-31,quarta-feira,2,TREB. MINAS,IFCO,6424,explícito,36.0,3
2026-01-02,sexta-feira,4,PH CASCAVEL,IFCO,6424,explícito,548.0,21
2026-01-02,sexta-feira,4,PH UBAJARA,IFCO,6416,explícito,337.0,33
2026-01-02,sexta-feira,4,PH UBAJARA,IFCO,6424,explícito,248.5625,13
2026-01-02,sexta-feira,4,TREB. CEARA,IFCO,6416,explícito,67.0,2
2026-01-02,sexta-feira,4,TREB. MINAS,HB,618,explícito,736.0,32
2026-01-02,sexta-feira,4,TREB. MINAS,HB,623,explícito,53.0,4
2026-01-03,sábado,5,PH CASCAVEL,IFCO,6424,explícito,638.0,5
2026-01-03,sábado,5,PH CORUMBA (PF),HB,618,explícito,200.0,1
2026-01-03,sábado,5,PH CORUMBA (PF),HB,623,explícito,2190.0,3
2026-01-03,sábado,5,PH CORUMBA (PF),IFCO,6416,explícito,463.0,3
2026-01-03,sábado,5,PH CORUMBA (PF),IFCO,6424,explícito,2640.0,7
2026-01-03,sábado,5,PH UBAJARA,HB,618,explícito,320.0,43
2026-01-03,sábado,5,PH UBAJARA,HB,623,explícito,81.0,7
2026-01-03,sábado,5,PH UBAJARA,IFCO,6416,explícito,343.0,70
2026-01-03,sábado,5,PH UBAJARA,IFCO,6424,explícito,889.0,145
2026-01-03,sábado,5,TREB. CEARA,IFCO,6416,explícito,8.0,2
2026-01-03,sábado,5,TREB. MINAS,HB,618,explícito,698.0,34
2026-01-03,sábado,5,TREB. MINAS,HB,618,rateio_por_capacidade,40.723948799991476,6
2026-01-03,sábado,5,TREB. MINAS,HB,623,explícito,184.0,23
2026-01-03,sábado,5,TREB. MINAS,HB,623,rateio_por_capacidade,3.276051200008528,4
2026-01-03,sábado,5,TREB. MINAS,IFCO,6416,explícito,76.0,5
2026-01-03,sábado,5,TREB. MINAS,IFCO,6424,explícito,117.0,22
2026-01-05,segunda-feira,0,AGROINDUSTRIA TREBESCHI,HB,618,explícito,52.0,1
2026-01-05,segunda-feira,0,PH CASCAVEL,IFCO,6424,explícito,640.0,2
2026-01-05,segunda-feira,0,PH CORUMBA (PF),HB,618,explícito,30.0,5
2026-01-05,segunda-feira,0,PH CORUMBA (PF),HB,623,explícito,960.0,2
2026-01-05,segunda-feira,0,PH UBAJARA,HB,618,explícito,181.0,15
2026-01-05,segunda-feira,0,PH UBAJARA,HB,623,explícito,33.0,2
2026-01-05,segunda-feira,0,TREB. MINAS,HB,618,explícito,474.0,20
2026-01-05,segunda-feira,0,TREB. MINAS,HB,623,explícito,67.0,3
2026-01-05,segunda-feira,0,TREB. MINAS,IFCO,6416,explícito,201.0,5
2026-01-05,segunda-feira,0,TREB. MINAS,IFCO,6424,explícito,47.0,8
2026-01-05,segunda-feira,0,TREB. MINAS,IFCO,NAO_INFORMADO,explícito,2.0,1
2026-01-06,terça-feira,1,AGROINDUSTRIA TREBESCHI,HB,618,explícito,60.0,2
2026-01-06,terça-feira,1,PH CASCAVEL,HB,623,explícito,480.0,2
2026-01-06,terça-feira,1,PH CASCAVEL,IFCO,6424,explícito,420.0,4
2026-01-06,terça-feira,1,PH CORUMBA (PF),HB,618,explícito,240.0,1
2026-01-06,terça-feira,1,PH CORUMBA (PF),HB,623,explícito,1090.0,2
2026-01-06,terça-feira,1,PH CORUMBA (PF),IFCO,6416,explícito,2599.0,7
2026-01-06,terça-feira,1,PH CORUMBA (PF),IFCO,6424,explícito,390.0,3
2026-01-06,terça-feira,1,PH UBAJARA,HB,618,explícito,196.0,16
2026-01-06,terça-feira,1,PH UBAJARA,HB,623,explícito,30.0,4
2026-01-06,terça-feira,1,PH UBAJARA,IFCO,6416,explícito,215.0,26
2026-01-06,terça-feira,1,PH UBAJARA,IFCO,6424,explícito,152.0,19
2026-01-06,terça-feira,1,TREB. MINAS,HB,618,explícito,859.0,22
2026-01-06,terça-feira,1,TREB. MINAS,HB,618,rateio_por_capacidade,27.99335286198044,3
2026-01-06,terça-feira,1,TREB. MINAS,HB,623,explícito,213.0,9
2026-01-06,terça-feira,1,TREB. MINAS,HB,623,rateio_por_capacidade,7.006647138019563,2
2026-01-06,terça-feira,1,TREB. MINAS,IFCO,6416,explícito,210.0,112
2026-01-06,terça-feira,1,TREB. MINAS,IFCO,6424,explícito,21.0,4
2026-01-07,quarta-feira,2,AGROINDUSTRIA TREBESCHI,IFCO,6424,explícito,2.0,2
2026-01-07,quarta-feira,2,PH CASCAVEL,IFCO,6424,explícito,1420.0,3
2026-01-07,quarta-feira,2,PH CORUMBA (PF),HB,623,explícito,1260.0,1
2026-01-07,quarta-feira,2,PH CORUMBA (PF),IFCO,6416,explícito,1500.0,1
2026-01-07,quarta-feira,2,PH UBAJARA,HB,618,explícito,0.416666666666667,1
2026-01-07,quarta-feira,2,PH UBAJARA,IFCO,6416,explícito,50.06666666666666,11
2026-01-07,quarta-feira,2,PH UBAJARA,IFCO,6424,explícito,20.0,4
2026-01-07,quarta-feira,2,TREB. MINAS,HB,618,explícito,527.0,9
2026-01-07,quarta-feira,2,TREB. MINAS,HB,618,rateio_por_capacidade,46.24077353141162,4
2026-01-07,quarta-feira,2,TREB. MINAS,HB,623,explícito,427.0,15
2026-01-07,quarta-feira,2,TREB. MINAS,HB,623,rateio_por_capacidade,23.75922646858838,6
2026-01-07,quarta-feira,2,TREB. MINAS,IFCO,6416,explícito,150.0,7
2026-01-07,quarta-feira,2,TREB. MINAS,IFCO,6424,explícito,1353.0,29
2026-01-08,quinta-feira,3,AGROINDUSTRIA TREBESCHI,HB,618,explícito,20.0,1
2026-01-08,quinta-feira,3,AGROINDUSTRIA TREBESCHI,IFCO,6416,explícito,120.0,2
2026-01-08,quinta-feira,3,AGROINDUSTRIA TREBESCHI,IFCO,6424,explícito,320.0,1
2026-01-08,quinta-feira,3,PH CASCAVEL,IFCO,6424,explícito,1280.0,2
2026-01-08,quinta-feira,3,PH CORUMBA (PF),HB,618,explícito,100.0,5
2026-01-08,quinta-feira,3,PH CORUMBA (PF),HB,623,explícito,684.0,1
2026-01-08,quinta-feira,3,PH CORUMBA (PF),IFCO,6416,explícito,8.0,1
2026-01-08,quinta-feira,3,PH CORUMBA (PF),IFCO,6424,explícito,25.0,3
2026-01-08,quinta-feira,3,PH SUL (PF),HB,623,explícito,690.0,1
2026-01-08,quinta-feira,3,PH UBAJARA,IFCO,6416,explícito,229.0,30
2026-01-08,quinta-feira,3,PH UBAJARA,IFCO,6424,explícito,654.0,33
2026-01-08,quinta-feira,3,TREB. MINAS,HB,618,explícito,956.0,36
2026-01-08,quinta-feira,3,TREB. MINAS,HB,618,rateio_por_capacidade,49.689345050521595,5
2026-01-08,quinta-feira,3,TREB. MINAS,HB,623,explícito,538.0,25
2026-01-08,quinta-feira,3,TREB. MINAS,HB,623,rateio_por_capacidade,29.310654949478405,4
2026-01-08,quinta-feira,3,TREB. MINAS,IFCO,6416,explícito,133.0,5
2026-01-08,quinta-feira,3,TREB. MINAS,IFCO,6424,explícito,3.0,2
2026-01-09,sexta-feira,4,AGROINDUSTRIA TREBESCHI,IFCO,6424,explícito,120.0,1
2026-01-09,sexta-feira,4,PH CASCAVEL,HB,623,explícito,640.0,1
2026-01-09,sexta-feira,4,PH CORUMBA (PF),HB,623,explícito,690.0,1
2026-01-09,sexta-feira,4,PH CORUMBA (PF),IFCO,6416,explícito,183.0,4
2026-01-09,sexta-feira,4,PH SUL (PF),IFCO,6416,explícito,1633.0,1
2026-01-09,sexta-feira,4,PH UBAJARA,HB,618,explícito,159.0,15
2026-01-09,sexta-feira,4,PH UBAJARA,IFCO,6416,explícito,45.0,2
2026-01-09,sexta-feira,4,PH UBAJARA,IFCO,6424,explícito,342.0,30
2026-01-09,sexta-feira,4,TREB GOIANIA - GALPAO CD,IFCO,6424,explícito,920.0,7
2026-01-09,sexta-feira,4,TREB. CEARA,IFCO,6416,explícito,161.0,2
2026-01-09,sexta-feira,4,TREB. MINAS,HB,618,explícito,514.0,19
2026-01-09,sexta-feira,4,TREB. MINAS,HB,623,explícito,100.0,6
2026-01-09,sexta-feira,4,TREB. MINAS,IFCO,6416,explícito,190.0,31
2026-01-09,sexta-feira,4,TREB. MINAS,IFCO,6424,explícito,308.0,19
2026-01-10,sábado,5,AGROINDUSTRIA TREBESCHI,HB,618,explícito,10.0,1
2026-01-10,sábado,5,PH CASCAVEL,IFCO,6424,explícito,480.0,5
2026-01-10,sábado,5,PH CORUMBA (PF),IFCO,6416,explícito,1835.0,5
2026-01-10,sábado,5,PH CORUMBA (PF),IFCO,6424,explícito,183.0,1
2026-01-10,sábado,5,PH SUL (PF),IFCO,6424,explícito,631.0,2
2026-01-10,sábado,5,PH UBAJARA,HB,618,explícito,385.0,41
2026-01-10,sábado,5,PH UBAJARA,HB,623,explícito,14.0,3
2026-01-10,sábado,5,PH UBAJARA,IFCO,6416,explícito,342.2,23
2026-01-10,sábado,5,PH UBAJARA,IFCO,6424,explícito,411.0,23
2026-01-10,sábado,5,TREB. MINAS,HB,618,explícito,385.0,16
2026-01-10,sábado,5,TREB. MINAS,HB,618,rateio_por_capacidade,44.564027340105945,3
2026-01-10,sábado,5,TREB. MINAS,HB,623,explícito,128.0,8
2026-01-10,sábado,5,TREB. MINAS,HB,623,rateio_por_capacidade,30.435972659894055,3
2026-01-10,sábado,5,TREB. MINAS,IFCO,6416,explícito,605.0,26
2026-01-10,sábado,5,TREB. MINAS,IFCO,6424,explícito,494.0,1
2026-01-12,segunda-feira,0,PH CORUMBA (PF),HB,623,explícito,1650.0,3
2026-01-12,segunda-feira,0,PH CORUMBA (PF),IFCO,6424,explícito,636.0,1
2026-01-12,segunda-feira,0,PH UBAJARA,HB,618,explícito,170.0,27
2026-01-12,segunda-feira,0,PH UBAJARA,HB,623,explícito,27.0,3
2026-01-12,segunda-feira,0,PH UBAJARA,IFCO,6416,explícito,94.0,15
2026-01-12,segunda-feira,0,PH UBAJARA,IFCO,6424,explícito,8.0,3
2026-01-12,segunda-feira,0,TREB. MINAS,HB,618,explícito,361.0,26
2026-01-12,segunda-feira,0,TREB. MINAS,HB,623,explícito,720.0,4
2026-01-12,segunda-feira,0,TREB. MINAS,IFCO,6416,explícito,163.0,5
2026-01-12,segunda-feira,0,TREB. MINAS,IFCO,6424,explícito,640.0,1
2026-01-13,terça-feira,1,AGROINDUSTRIA TREBESCHI,HB,618,explícito,100.0,1
2026-01-13,terça-feira,1,AGROINDUSTRIA TREBESCHI,IFCO,6424,explícito,240.0,1
2026-01-13,terça-feira,1,PH CORUMBA (PF),HB,623,explícito,870.0,2
2026-01-13,terça-feira,1,PH CORUMBA (PF),IFCO,6416,explícito,503.0,4
2026-01-13,terça-feira,1,PH CORUMBA (PF),IFCO,6424,explícito,720.0,2
2026-01-13,terça-feira,1,PH SUL (PF),HB,623,explícito,640.0,1
2026-01-13,terça-feira,1,PH UBAJARA,HB,618,explícito,157.0,14
2026-01-13,terça-feira,1,PH UBAJARA,HB,623,explícito,35.0,5
2026-01-13,terça-feira,1,PH UBAJARA,IFCO,6416,explícito,0.233333333333333,2
2026-01-13,terça-feira,1,PH UBAJARA,IFCO,6424,explícito,167.0,13
2026-01-13,terça-feira,1,TREB. MINAS,HB,618,explícito,463.1111111111111,22
2026-01-13,terça-feira,1,TREB. MINAS,HB,618,rateio_por_capacidade,3.7333333333333334,2
2026-01-13,terça-feira,1,TREB. MINAS,HB,623,explícito,183.0,9
2026-01-13,terça-feira,1,TREB. MINAS,HB,623,rateio_por_capacidade,3.2666666666666666,2
2026-01-13,terça-feira,1,TREB. MINAS,IFCO,6416,explícito,143.0,107
2026-01-13,terça-feira,1,TREB. MINAS,IFCO,6424,explícito,300.0,1
2026-01-13,terça-feira,1,TREB. MINAS,IFCO,NAO_INFORMADO,explícito,0.2,1
2026-01-14,quarta-feira,2,PH SUL (PF),HB,618,explícito,100.0,1
2026-01-14,quarta-feira,2,PH SUL (PF),HB,623,explícito,540.0,1
2026-01-14,quarta-feira,2,PH SUL (PF),IFCO,6416,explícito,796.0,6
2026-01-14,quarta-feira,2,PH SUL (PF),IFCO,6424,explícito,640.0,1
2026-01-14,quarta-feira,2,PH UBAJARA,IFCO,6416,explícito,102.04761904761905,14
2026-01-14,quarta-feira,2,PH UBAJARA,IFCO,6424,explícito,190.0,11
2026-01-14,quarta-feira,2,TREB. MINAS,HB,618,explícito,918.0,13
2026-01-14,quarta-feira,2,TREB. MINAS,HB,618,rateio_por_capacidade,17.794048278803643,2
2026-01-14,quarta-feira,2,TREB. MINAS,HB,623,explícito,131.0,8
2026-01-14,quarta-feira,2,TREB. MINAS,HB,623,rateio_por_capacidade,4.205951721196358,3
2026-01-14,quarta-feira,2,TREB. MINAS,IFCO,6416,explícito,62.0,25
2026-01-14,quarta-feira,2,TREB. MINAS,IFCO,6424,explícito,114.0,6
2026-01-15,quinta-feira,3,AGROINDUSTRIA TREBESCHI,HB,618,explícito,160.0,3
2026-01-15,quinta-feira,3,PH CASCAVEL,HB,623,explícito,690.0,1
2026-01-15,quinta-feira,3,PH CORUMBA (PF),HB,618,explícito,245.0,7
2026-01-15,quinta-feira,3,PH CORUMBA (PF),HB,623,explícito,1230.0,2
2026-01-15,quinta-feira,3,PH CORUMBA (PF),IFCO,6424,explícito,169.0,3
2026-01-15,quinta-feira,3,PH UBAJARA,HB,618,explícito,333.0,28
2026-01-15,quinta-feira,3,PH UBAJARA,HB,623,explícito,2.0,1
2026-01-15,quinta-feira,3,PH UBAJARA,IFCO,6416,explícito,93.0,19
2026-01-15,quinta-feira,3,PH UBAJARA,IFCO,6424,explícito,113.0,4
2026-01-15,quinta-feira,3,TREB. MINAS,HB,618,explícito,1001.0,40
2026-01-15,quinta-feira,3,TREB. MINAS,HB,618,rateio_por_capacidade,31.92003905729421,6
2026-01-15,quinta-feira,3,TREB. MINAS,HB,623,explícito,174.0,9
2026-01-15,quinta-feira,3,TREB. MINAS,HB,623,rateio_por_capacidade,6.079960942705792,5
2026-01-15,quinta-feira,3,TREB. MINAS,IFCO,6416,explícito,36.0,4
2026-01-15,quinta-feira,3,TREB. MINAS,IFCO,6424,explícito,25.0,2
2026-01-16,sexta-feira,4,PH CASCAVEL,HB,623,explícito,690.0,2
2026-01-16,sexta-feira,4,PH CASCAVEL,IFCO,6416,explícito,1680.0,1
2026-01-16,sexta-feira,4,PH SUL (PF),HB,618,explícito,100.0,1
2026-01-16,sexta-feira,4,PH SUL (PF),HB,623,explícito,540.0,1
2026-01-16,sexta-feira,4,PH SUL (PF),IFCO,6416,explícito,226.0,4
2026-01-16,sexta-feira,4,PH UBAJARA,HB,618,explícito,200.0,26
2026-01-16,sexta-feira,4,PH UBAJARA,HB,623,explícito,3.0,1
2026-01-16,sexta-feira,4,PH UBAJARA,IFCO,6416,explícito,256.45454545454544,17
2026-01-16,sexta-feira,4,PH UBAJARA,IFCO,6424,explícito,247.0,11
2026-01-16,sexta-feira,4,TREB. CEARA,HB,618,explícito,25.0,2
2026-01-16,sexta-feira,4,TREB. CEARA,IFCO,6416,explícito,56.0,2
2026-01-16,sexta-feira,4,TREB. MINAS,HB,618,explícito,464.0,24
2026-01-16,sexta-feira,4,TREB. MINAS,HB,623,explícito,246.0263157894737,16
2026-01-16,sexta-feira,4,TREB. MINAS,IFCO,6416,explícito,515.0,60
2026-01-16,sexta-feira,4,TREB. MINAS,IFCO,6424,explícito,278.0,49
2026-01-17,sábado,5,AGROINDUSTRIA TREBESCHI,HB,618,explícito,10.0,1
2026-01-17,sábado,5,PH CASCAVEL,IFCO,6424,explícito,1120.0,2
2026-01-17,sábado,5,PH CORUMBA (PF),HB,623,explícito,690.0,1
2026-01-17,sábado,5,PH CORUMBA (PF),IFCO,6424,explícito,85.0,1
2026-01-17,sábado,5,PH SUL (PF),HB,618,explícito,400.0,1
2026-01-17,sábado,5,PH SUL (PF),HB,623,explícito,1010.0,2
2026-01-17,sábado,5,PH SUL (PF),IFCO,6416,explícito,469.0,3
2026-01-17,sábado,5,PH SUL (PF),IFCO,6424,explícito,640.0,2
2026-01-17,sábado,5,PH UBAJARA,HB,618,explícito,121.0,14
2026-01-17,sábado,5,PH UBAJARA,HB,623,explícito,42.0,6
2026-01-17,sábado,5,PH UBAJARA,IFCO,6416,explícito,48.6,28
2026-01-17,sábado,5,PH UBAJARA,IFCO,6424,explícito,209.0,34
2026-01-17,sábado,5,TREB. MINAS,HB,618,explícito,679.0,25
2026-01-17,sábado,5,TREB. MINAS,HB,618,rateio_por_capacidade,67.34833757720602,5
2026-01-17,sábado,5,TREB. MINAS,HB,623,explícito,102.0,13
2026-01-17,sábado,5,TREB. MINAS,HB,623,rateio_por_capacidade,8.651662422793978,4
2026-01-17,sábado,5,TREB. MINAS,IFCO,6416,explícito,268.0,19
2026-01-19,segunda-feira,0,PH CASCAVEL,IFCO,6424,explícito,480.0,4
2026-01-19,segunda-feira,0,PH CORUMBA (PF),HB,623,explícito,720.0,1
2026-01-19,segunda-feira,0,PH SUL (PF),HB,618,explícito,300.0,1
2026-01-19,segunda-feira,0,PH SUL (PF),HB,623,explícito,400.0,1
2026-01-19,segunda-feira,0,PH SUL (PF),IFCO,6416,explícito,204.0,4
2026-01-19,segunda-feira,0,PH UBAJARA,HB,618,explícito,199.8,26
2026-01-19,segunda-feira,0,PH UBAJARA,HB,623,explícito,31.0,3
2026-01-19,segunda-feira,0,TREB GOIANIA - GALPAO CD,IFCO,6424,explícito,360.0,1
2026-01-19,segunda-feira,0,TREB. MINAS,HB,618,explícito,345.0,20
2026-01-19,segunda-feira,0,TREB. MINAS,HB,618,rateio_por_capacidade,4.296676430990219,1
2026-01-19,segunda-feira,0,TREB. MINAS,HB,623,explícito,76.0,2
2026-01-19,segunda-feira,0,TREB. MINAS,HB,623,rateio_por_capacidade,0.7033235690097814,1
2026-01-20,terça-feira,1,AGROINDUSTRIA TREBESCHI,HB,618,explícito,60.0,1
2026-01-20,terça-feira,1,PH CASCAVEL,HB,623,explícito,320.0,1
2026-01-20,terça-feira,1,PH CASCAVEL,IFCO,6424,explícito,2330.0,6
2026-01-20,terça-feira,1,PH CORUMBA (PF),HB,623,explícito,690.0,2
2026-01-20,terça-feira,1,PH CORUMBA (PF),IFCO,6424,explícito,425.0,4
2026-01-20,terça-feira,1,PH SUL (PF),HB,618,explícito,500.0,1
2026-01-20,terça-feira,1,PH SUL (PF),HB,623,explícito,240.0,1
2026-01-20,terça-feira,1,PH SUL (PF),IFCO,6416,explícito,379.0,5
2026-01-20,terça-feira,1,PH SUL (PF),IFCO,6424,explícito,840.0,3
2026-01-20,terça-feira,1,PH UBAJARA,HB,618,explícito,156.0,13
2026-01-20,terça-feira,1,PH UBAJARA,HB,623,explícito,24.0,4
2026-01-20,terça-feira,1,PH UBAJARA,HB,NAO_INFORMADO,sem_base_para_rateio,5.0,1
2026-01-20,terça-feira,1,PH UBAJARA,IFCO,6416,explícito,35.0,7
2026-01-20,terça-feira,1,PH UBAJARA,IFCO,6424,explícito,715.0,26
2026-01-20,terça-feira,1,TREB. MINAS,HB,618,explícito,874.0,25
2026-01-20,terça-feira,1,TREB. MINAS,HB,618,rateio_por_capacidade,51.10742902370414,6
2026-01-20,terça-feira,1,TREB. MINAS,HB,623,explícito,205.0,9
2026-01-20,terça-feira,1,TREB. MINAS,HB,623,rateio_por_capacidade,6.892570976295858,5
2026-01-20,terça-feira,1,TREB. MINAS,IFCO,6416,explícito,257.0,156
2026-01-21,quarta-feira,2,AGROINDUSTRIA TREBESCHI,IFCO,6416,explícito,29.0,5
2026-01-21,quarta-feira,2,PH CORUMBA (PF),IFCO,6424,explícito,640.0,2
2026-01-21,quarta-feira,2,PH SUL (PF),HB,618,explícito,500.0,1
2026-01-21,quarta-feira,2,PH SUL (PF),HB,623,explícito,1500.0,2
2026-01-21,quarta-feira,2,PH SUL (PF),IFCO,6416,explícito,160.0,4
2026-01-21,quarta-feira,2,PH SUL (PF),IFCO,6424,explícito,821.0,5
2026-01-21,quarta-feira,2,PH UBAJARA,IFCO,6416,explícito,672.0,42
2026-01-21,quarta-feira,2,PH UBAJARA,IFCO,6424,explícito,193.0,17
2026-01-21,quarta-feira,2,TREB. CEARA,IFCO,6416,explícito,46.0,2
2026-01-21,quarta-feira,2,TREB. MINAS,HB,618,explícito,391.0,10
2026-01-21,quarta-feira,2,TREB. MINAS,HB,618,rateio_por_capacidade,72.04893492526764,4
2026-01-21,quarta-feira,2,TREB. MINAS,HB,623,explícito,187.0,11
2026-01-21,quarta-feira,2,TREB. MINAS,HB,623,rateio_por_capacidade,22.951065074732348,6
2026-01-21,quarta-feira,2,TREB. MINAS,IFCO,6416,explícito,80.0,21
2026-01-21,quarta-feira,2,TREB. MINAS,IFCO,6424,explícito,165.0,10
2026-01-22,quinta-feira,3,AGROINDUSTRIA TREBESCHI,HB,618,explícito,30.0,2
2026-01-22,quinta-feira,3,PH CASCAVEL,IFCO,6424,explícito,790.0,3
2026-01-22,quinta-feira,3,PH CORUMBA (PF),HB,618,explícito,82.0,6
2026-01-22,quinta-feira,3,PH CORUMBA (PF),HB,623,explícito,840.0,3
2026-01-22,quinta-feira,3,PH CORUMBA (PF),IFCO,6424,explícito,130.0,2
2026-01-22,quinta-feira,3,PH UBAJARA,HB,618,explícito,196.0,25
2026-01-22,quinta-feira,3,PH UBAJARA,HB,623,explícito,3.0,1
2026-01-22,quinta-feira,3,PH UBAJARA,IFCO,6416,explícito,144.0,19
2026-01-22,quinta-feira,3,PH UBAJARA,IFCO,6424,explícito,118.0,8
2026-01-22,quinta-feira,3,TREB. MINAS,HB,618,explícito,789.0,41
2026-01-22,quinta-feira,3,TREB. MINAS,HB,618,rateio_por_capacidade,222.928934209132,7
2026-01-22,quinta-feira,3,TREB. MINAS,HB,623,explícito,181.0,10
2026-01-22,quinta-feira,3,TREB. MINAS,HB,623,rateio_por_capacidade,43.07106579086801,6
2026-01-22,quinta-feira,3,TREB. MINAS,IFCO,6416,explícito,40.0,1
2026-01-23,sexta-feira,4,AGROINDUSTRIA TREBESCHI,IFCO,6424,explícito,440.0,1
2026-01-23,sexta-feira,4,PH SUL (PF),HB,618,explícito,500.0,1
2026-01-23,sexta-feira,4,PH SUL (PF),HB,623,explícito,930.0,2
2026-01-23,sexta-feira,4,PH SUL (PF),IFCO,6416,explícito,335.0,4
2026-01-23,sexta-feira,4,PH SUL (PF),IFCO,6424,explícito,2240.0,3
2026-01-23,sexta-feira,4,PH UBAJARA,IFCO,6416,explícito,98.0,17
2026-01-23,sexta-feira,4,PH UBAJARA,IFCO,6424,explícito,78.0,9
2026-01-23,sexta-feira,4,TREB. MINAS,HB,618,explícito,384.0,15
2026-01-23,sexta-feira,4,TREB. MINAS,HB,623,explícito,81.0,3
2026-01-23,sexta-feira,4,TREB. MINAS,IFCO,6416,explícito,207.0,45
2026-01-23,sexta-feira,4,TREB. MINAS,IFCO,6424,explícito,437.0,24
2026-01-24,sábado,5,PH CASCAVEL,HB,623,explícito,400.0,2
2026-01-24,sábado,5,PH CASCAVEL,IFCO,6424,explícito,510.0,5
2026-01-24,sábado,5,PH SUL (PF),HB,618,explícito,513.0,3
2026-01-24,sábado,5,PH SUL (PF),HB,623,explícito,2220.0,3
2026-01-24,sábado,5,PH SUL (PF),IFCO,6416,explícito,481.0,4
2026-01-24,sábado,5,PH UBAJARA,HB,618,explícito,341.0,44
2026-01-24,sábado,5,PH UBAJARA,HB,623,explícito,59.0,7
2026-01-24,sábado,5,PH UBAJARA,IFCO,6416,explícito,41.166666666666664,25
2026-01-24,sábado,5,PH UBAJARA,IFCO,6424,explícito,401.0,34
2026-01-24,sábado,5,TREB. MINAS,HB,618,explícito,500.0,29
2026-01-24,sábado,5,TREB. MINAS,HB,618,rateio_por_capacidade,136.73615845059865,8
2026-01-24,sábado,5,TREB. MINAS,HB,623,explícito,316.0,29
2026-01-24,sábado,5,TREB. MINAS,HB,623,rateio_por_capacidade,29.263841549401345,9
2026-01-24,sábado,5,TREB. MINAS,IFCO,6416,explícito,137.0,32
2026-01-24,sábado,5,TREB. MINAS,IFCO,6424,explícito,6.0,6
2026-01-26,segunda-feira,0,PH CASCAVEL,HB,623,explícito,80.0,1
2026-01-26,segunda-feira,0,PH CASCAVEL,IFCO,6424,explícito,730.0,1
2026-01-26,segunda-feira,0,PH SUL (PF),HB,618,explícito,600.0,1
2026-01-26,segunda-feira,0,PH SUL (PF),HB,623,explícito,720.0,1
2026-01-26,segunda-feira,0,PH SUL (PF),IFCO,6416,explícito,214.0,5
2026-01-26,segunda-feira,0,PH UBAJARA,HB,618,explícito,193.0,26
2026-01-26,segunda-feira,0,PH UBAJARA,HB,623,explícito,46.0,3
2026-01-26,segunda-feira,0,PH UBAJARA,IFCO,6416,explícito,45.0,2
2026-01-26,segunda-feira,0,PH UBAJARA,IFCO,6424,explícito,651.0,27
2026-01-26,segunda-feira,0,TREB. MINAS,HB,618,explícito,780.0,36
2026-01-26,segunda-feira,0,TREB. MINAS,HB,623,explícito,83.0,2
2026-01-26,segunda-feira,0,TREB. MINAS,IFCO,6416,explícito,17.0,4
2026-01-26,segunda-feira,0,TREB. MINAS,IFCO,6424,explícito,29.0,3
2026-01-27,terça-feira,1,AGROINDUSTRIA TREBESCHI,HB,618,explícito,75.0,2
2026-01-27,terça-feira,1,PH CASCAVEL,IFCO,6424,explícito,640.0,1
2026-01-27,terça-feira,1,PH CORUMBA (PF),IFCO,6424,explícito,100.0,1
2026-01-27,terça-feira,1,PH SUL (PF),HB,618,explícito,500.0,1
2026-01-27,terça-feira,1,PH SUL (PF),HB,623,explícito,2190.0,4
2026-01-27,terça-feira,1,PH SUL (PF),IFCO,6416,explícito,402.0,5
2026-01-27,terça-feira,1,PH UBAJARA,IFCO,6416,explícito,4.152380952380952,4
2026-01-27,terça-feira,1,PH UBAJARA,IFCO,6424,explícito,385.0,15
2026-01-27,terça-feira,1,TREB. MINAS,HB,618,explícito,365.0,16
2026-01-27,terça-feira,1,TREB. MINAS,HB,618,rateio_por_capacidade,12.578005858594132,5
2026-01-27,terça-feira,1,TREB. MINAS,HB,623,explícito,97.0,8
2026-01-27,terça-feira,1,TREB. MINAS,HB,623,rateio_por_capacidade,0.42199414140586883,4
2026-01-27,terça-feira,1,TREB. MINAS,IFCO,6416,explícito,211.0,138
2026-01-28,quarta-feira,2,AGROINDUSTRIA TREBESCHI,IFCO,6424,explícito,140.0,2
2026-01-28,quarta-feira,2,PH CASCAVEL,IFCO,6424,explícito,1062.0,4
2026-01-28,quarta-feira,2,PH SUL (PF),HB,623,explícito,1540.0,2
2026-01-28,quarta-feira,2,PH SUL (PF),IFCO,6416,explícito,171.0,4
2026-01-28,quarta-feira,2,PH UBAJARA,HB,618,explícito,159.0,16
2026-01-28,quarta-feira,2,PH UBAJARA,HB,623,explícito,168.0,8
2026-01-28,quarta-feira,2,PH UBAJARA,IFCO,6416,explícito,257.0,18
2026-01-28,quarta-feira,2,PH UBAJARA,IFCO,6424,explícito,388.0,17
2026-01-28,quarta-feira,2,TREB. CEARA,IFCO,6416,explícito,35.0,1
2026-01-28,quarta-feira,2,TREB. MINAS,HB,618,explícito,237.0,8
2026-01-28,quarta-feira,2,TREB. MINAS,HB,623,explícito,142.0,3
2026-01-28,quarta-feira,2,TREB. MINAS,IFCO,6416,explícito,44.0,19
2026-01-28,quarta-feira,2,TREB. MINAS,IFCO,6424,explícito,131.0,11
2026-01-29,quinta-feira,3,AGROINDUSTRIA TREBESCHI,HB,618,explícito,35.0,2
2026-01-29,quinta-feira,3,PH CORUMBA (PF),IFCO,6424,explícito,75.0,1
2026-01-29,quinta-feira,3,PH SUL (PF),HB,618,explícito,500.0,1
2026-01-29,quinta-feira,3,PH SUL (PF),IFCO,6424,explícito,1120.0,1
2026-01-29,quinta-feira,3,PH UBAJARA,HB,618,explícito,341.0,24
2026-01-29,quinta-feira,3,PH UBAJARA,HB,623,explícito,1.0,1
2026-01-29,quinta-feira,3,PH UBAJARA,IFCO,6416,explícito,139.0,34
2026-01-29,quinta-feira,3,PH UBAJARA,IFCO,6424,explícito,31.0,5
2026-01-29,quinta-feira,3,TREB. MINAS,HB,618,explícito,882.0,44
2026-01-29,quinta-feira,3,TREB. MINAS,HB,618,rateio_por_capacidade,210.20632928889148,11
2026-01-29,quinta-feira,3,TREB. MINAS,HB,623,explícito,246.0,21
2026-01-29,quinta-feira,3,TREB. MINAS,HB,623,rateio_por_capacidade,35.793670711108504,11
2026-01-30,sexta-feira,4,PH SUL (PF),HB,618,explícito,500.0,1
2026-01-30,sexta-feira,4,PH SUL (PF),HB,623,explícito,1210.0,3
2026-01-30,sexta-feira,4,PH SUL (PF),IFCO,6416,explícito,1481.0,10
2026-01-30,sexta-feira,4,PH SUL (PF),IFCO,6424,explícito,1170.0,4
2026-01-30,sexta-feira,4,PH UBAJARA,IFCO,6416,explícito,465.0,54
2026-01-30,sexta-feira,4,PH UBAJARA,IFCO,6424,explícito,315.0,31
2026-01-30,sexta-feira,4,TREB. CEARA,IFCO,6416,explícito,6.0,2
2026-01-30,sexta-feira,4,TREB. MINAS,HB,618,explícito,354.0,21
2026-01-30,sexta-feira,4,TREB. MINAS,HB,623,explícito,80.0,4
2026-01-31,sábado,5,AGROINDUSTRIA TREBESCHI,HB,618,explícito,30.0,2
2026-01-31,sábado,5,AGROINDUSTRIA TREBESCHI,IFCO,6416,explícito,80.0,2
2026-01-31,sábado,5,AGROINDUSTRIA TREBESCHI,IFCO,6424,explícito,560.0,2
2026-01-31,sábado,5,PH CASCAVEL,IFCO,6424,explícito,890.0,6
2026-01-31,sábado,5,PH CORUMBA (PF),HB,623,explícito,1330.0,2
2026-01-31,sábado,5,PH CORUMBA (PF),IFCO,6416,explícito,1500.0,1
2026-01-31,sábado,5,PH CORUMBA (PF),IFCO,6424,explícito,100.0,1
2026-01-31,sábado,5,PH SUL (PF),HB,618,explícito,500.0,1
2026-01-31,sábado,5,PH SUL (PF),HB,623,explícito,2430.0,7
2026-01-31,sábado,5,PH SUL (PF),IFCO,6416,explícito,386.0,4
2026-01-31,sábado,5,PH SUL (PF),IFCO,6424,explícito,1360.0,3
2026-01-31,sábado,5,PH UBAJARA,HB,618,explícito,325.0,41
2026-01-31,sábado,5,PH UBAJARA,HB,623,explícito,60.0,7
2026-01-31,sábado,5,PH UBAJARA,IFCO,6416,explícito,455.42857142857144,61
2026-01-31,sábado,5,PH UBAJARA,IFCO,6424,explícito,491.0,132
2026-01-31,sábado,5,TREB. MINAS,HB,618,explícito,929.0,47
2026-01-31,sábado,5,TREB. MINAS,HB,618,rateio_por_capacidade,59.33305595299411,5
2026-01-31,sábado,5,TREB. MINAS,HB,623,explícito,311.0,22
2026-01-31,sábado,5,TREB. MINAS,HB,623,rateio_por_capacidade,8.666944047005899,5
2026-01-31,sábado,5,TREB. MINAS,IFCO,6416,explícito,497.0,56
2026-01-31,sábado,5,TREB. MINAS,IFCO,6424,explícito,291.0,4
2026-02-02,segunda-feira,0,PH CASCAVEL,IFCO,6424,explícito,1379.0,4
2026-02-02,segunda-feira,0,PH SUL (PF),HB,618,explícito,500.0,1
2026-02-02,segunda-feira,0,PH SUL (PF),HB,623,explícito,1360.0,3
2026-02-02,segunda-feira,0,PH SUL (PF),IFCO,6416,explícito,276.0,6
2026-02-02,segunda-feira,0,PH UBAJARA,HB,618,explícito,129.0,19
2026-02-02,segunda-feira,0,PH UBAJARA,IFCO,6416,explícito,2.0,2
2026-02-02,segunda-feira,0,PH UBAJARA,IFCO,6424,explícito,23.464673046251995,21
2026-02-02,segunda-feira,0,TREB. MINAS,HB,618,explícito,632.0,34
2026-02-02,segunda-feira,0,TREB. MINAS,HB,623,explícito,70.0,3
2026-02-02,segunda-feira,0,TREB. MINAS,IFCO,6416,explícito,0.0333333333333333,1
2026-02-03,terça-feira,1,AGROINDUSTRIA TREBESCHI,IFCO,6424,explícito,200.0,1
2026-02-03,terça-feira,1,PH CASCAVEL,HB,623,explícito,400.0,2
2026-02-03,terça-feira,1,PH CORUMBA (PF),IFCO,6424,explícito,100.0,1
2026-02-03,terça-feira,1,PH SUL (PF),IFCO,6416,explícito,497.0,5
2026-02-03,terça-feira,1,PH SUL (PF),IFCO,6424,explícito,1280.0,3
2026-02-03,terça-feira,1,PH UBAJARA,HB,618,explícito,231.0,16
2026-02-03,terça-feira,1,PH UBAJARA,HB,623,explícito,41.0,5
2026-02-03,terça-feira,1,PH UBAJARA,IFCO,6416,explícito,68.2,18
2026-02-03,terça-feira,1,PH UBAJARA,IFCO,6424,explícito,594.0,55
2026-02-03,terça-feira,1,TREB. MINAS,HB,618,explícito,449.0,20
2026-02-03,terça-feira,1,TREB. MINAS,HB,618,rateio_por_capacidade,14.608699865366745,2
2026-02-03,terça-feira,1,TREB. MINAS,HB,623,explícito,164.0,8
2026-02-03,terça-feira,1,TREB. MINAS,HB,623,rateio_por_capacidade,2.3913001346332567,2
2026-02-03,terça-feira,1,TREB. MINAS,IFCO,6416,explícito,288.0,156
2026-02-04,quarta-feira,2,PH CASCAVEL,IFCO,6424,explícito,586.0,4
2026-02-04,quarta-feira,2,PH SUL (PF),HB,618,explícito,400.0,1
2026-02-04,quarta-feira,2,PH SUL (PF),HB,623,explícito,1500.0,2
2026-02-04,quarta-feira,2,PH SUL (PF),IFCO,6416,explícito,2214.0,7
2026-02-04,quarta-feira,2,PH SUL (PF),IFCO,6424,explícito,1813.0,7
2026-02-04,quarta-feira,2,PH UBAJARA,IFCO,6416,explícito,178.0,22
2026-02-04,quarta-feira,2,PH UBAJARA,IFCO,6424,explícito,347.0,39
2026-02-04,quarta-feira,2,TREB. CEARA,IFCO,6416,explícito,73.0,2
2026-02-04,quarta-feira,2,TREB. CEARA,IFCO,6424,explícito,27.0,4
2026-02-04,quarta-feira,2,TREB. MINAS,HB,618,explícito,547.0,16
2026-02-04,quarta-feira,2,TREB. MINAS,HB,623,explícito,69.0,4
2026-02-04,quarta-feira,2,TREB. MINAS,IFCO,6416,explícito,83.0,23
2026-02-04,quarta-feira,2,TREB. MINAS,IFCO,6424,explícito,156.27272727272725,10
2026-02-05,quinta-feira,3,AGROINDUSTRIA TREBESCHI,IFCO,6424,explícito,680.0,1
2026-02-05,quinta-feira,3,PH CASCAVEL,IFCO,6424,explícito,630.0,2
2026-02-05,quinta-feira,3,PH CORUMBA (PF),HB,623,explícito,400.0,1
2026-02-05,quinta-feira,3,PH CORUMBA (PF),IFCO,6424,explícito,105.0,1
2026-02-05,quinta-feira,3,PH SUL (PF),HB,618,explícito,400.0,1
2026-02-05,quinta-feira,3,PH SUL (PF),HB,623,explícito,880.0,2
2026-02-05,quinta-feira,3,PH SUL (PF),IFCO,6416,explícito,1680.0,1
2026-02-05,quinta-feira,3,PH SUL (PF),IFCO,6424,explícito,1120.0,1
2026-02-05,quinta-feira,3,PH UBAJARA,HB,618,explícito,196.0,26
2026-02-05,quinta-feira,3,PH UBAJARA,HB,623,explícito,1.0,1
2026-02-05,quinta-feira,3,PH UBAJARA,IFCO,6416,explícito,162.0,34
2026-02-05,quinta-feira,3,PH UBAJARA,IFCO,6424,explícito,50.0,8
2026-02-05,quinta-feira,3,TREB. MINAS,HB,618,explícito,840.2083333333334,43
2026-02-05,quinta-feira,3,TREB. MINAS,HB,618,rateio_por_capacidade,166.75827090538064,11
2026-02-05,quinta-feira,3,TREB. MINAS,HB,623,explícito,193.0,18
2026-02-05,quinta-feira,3,TREB. MINAS,HB,623,rateio_por_capacidade,38.24172909461937,11
2026-02-05,quinta-feira,3,TREB. MINAS,IFCO,6416,explícito,67.0,5
2026-02-05,quinta-feira,3,TREB. MINAS,IFCO,6424,explícito,24.0,5
2026-02-06,sexta-feira,4,PH CASCAVEL,IFCO,6424,explícito,3280.0,5
2026-02-06,sexta-feira,4,PH SUL (PF),HB,618,explícito,400.0,1
2026-02-06,sexta-feira,4,PH SUL (PF),HB,623,explícito,960.0,2
2026-02-06,sexta-feira,4,PH SUL (PF),IFCO,6416,explícito,1078.0,5
2026-02-06,sexta-feira,4,PH SUL (PF),IFCO,6424,explícito,4460.0,9
2026-02-06,sexta-feira,4,PH UBAJARA,IFCO,6416,explícito,354.0,18
2026-02-06,sexta-feira,4,PH UBAJARA,IFCO,6424,explícito,278.0,12
2026-02-06,sexta-feira,4,TREB. CEARA,IFCO,6416,explícito,128.0,2
2026-02-06,sexta-feira,4,TREB. MINAS,HB,618,explícito,333.0,22
2026-02-06,sexta-feira,4,TREB. MINAS,HB,623,explícito,85.0,7
2026-02-06,sexta-feira,4,TREB. MINAS,IFCO,6416,explícito,231.0,38
2026-02-06,sexta-feira,4,TREB. MINAS,IFCO,6424,explícito,340.0,29
2026-02-07,sábado,5,PH CASCAVEL,IFCO,6424,explícito,1310.0,5
2026-02-07,sábado,5,PH CORUMBA (PF),IFCO,6424,explícito,100.0,1
2026-02-07,sábado,5,PH SUL (PF),HB,618,explícito,400.0,1
2026-02-07,sábado,5,PH SUL (PF),HB,623,explícito,880.0,2
2026-02-07,sábado,5,PH SUL (PF),IFCO,6416,explícito,3137.0,5
2026-02-07,sábado,5,PH SUL (PF),IFCO,6424,explícito,2240.0,3
2026-02-07,sábado,5,PH UBAJARA,HB,618,explícito,298.0,41
2026-02-07,sábado,5,PH UBAJARA,HB,623,explícito,29.0,7
2026-02-07,sábado,5,PH UBAJARA,IFCO,6416,explícito,63.494949494949495,30
2026-02-07,sábado,5,PH UBAJARA,IFCO,6424,explícito,573.1428571428571,33
2026-02-07,sábado,5,TREB. MINAS,HB,618,explícito,648.0,35
2026-02-07,sábado,5,TREB. MINAS,HB,618,rateio_por_capacidade,0.0,1
2026-02-07,sábado,5,TREB. MINAS,HB,623,explícito,113.0,8
2026-02-07,sábado,5,TREB. MINAS,HB,623,rateio_por_capacidade,0.0,1
2026-02-07,sábado,5,TREB. MINAS,IFCO,6416,explícito,72.5,20
2026-02-09,segunda-feira,0,PH SUL (PF),HB,618,explícito,400.0,1
2026-02-09,segunda-feira,0,PH SUL (PF),HB,623,explícito,1600.0,3
2026-02-09,segunda-feira,0,PH SUL (PF),IFCO,6416,explícito,213.0,4
2026-02-09,segunda-feira,0,PH SUL (PF),IFCO,6424,explícito,1320.0,2
2026-02-09,segunda-feira,0,PH UBAJARA,HB,618,explícito,112.0,20
2026-02-09,segunda-feira,0,PH UBAJARA,HB,623,explícito,50.0,2
2026-02-09,segunda-feira,0,TREB. MINAS,HB,618,explícito,618.0,30
2026-02-09,segunda-feira,0,TREB. MINAS,HB,618,rateio_por_capacidade,5.38552977483141,1
2026-02-09,segunda-feira,0,TREB. MINAS,HB,623,explícito,150.0,17
2026-02-09,segunda-feira,0,TREB. MINAS,HB,623,rateio_por_capacidade,0.6144702251685907,1
2026-02-09,segunda-feira,0,TREB. MINAS,IFCO,6416,explícito,40.06666666666667,2
2026-02-10,terça-feira,1,PH CASCAVEL,HB,623,explícito,360.0,2
2026-02-10,terça-feira,1,PH CASCAVEL,IFCO,6424,explícito,945.0,5
2026-02-10,terça-feira,1,PH CORUMBA (PF),IFCO,6424,explícito,300.0,1
2026-02-10,terça-feira,1,PH SUL (PF),HB,618,explícito,400.0,1
2026-02-10,terça-feira,1,PH SUL (PF),HB,623,explícito,1410.0,2
2026-02-10,terça-feira,1,PH SUL (PF),IFCO,6416,explícito,376.0,4
2026-02-10,terça-feira,1,PH UBAJARA,HB,618,explícito,101.0,13
2026-02-10,terça-feira,1,PH UBAJARA,HB,623,explícito,25.0,5
2026-02-10,terça-feira,1,PH UBAJARA,IFCO,6416,explícito,382.1333333333333,34
2026-02-10,terça-feira,1,PH UBAJARA,IFCO,6424,explícito,309.0,26
2026-02-10,terça-feira,1,TREB. MINAS,HB,618,explícito,507.0,24
2026-02-10,terça-feira,1,TREB. MINAS,HB,618,rateio_por_capacidade,41.79540558932762,7
2026-02-10,terça-feira,1,TREB. MINAS,HB,623,explícito,186.0,11
2026-02-10,terça-feira,1,TREB. MINAS,HB,623,rateio_por_capacidade,5.2045944106723825,6
2026-02-10,terça-feira,1,TREB. MINAS,IFCO,6416,explícito,121.0,75
2026-02-10,terça-feira,1,TREB. MINAS,IFCO,6424,explícito,12.0,3
2026-02-11,quarta-feira,2,PH CASCAVEL,HB,623,explícito,80.0,1
2026-02-11,quarta-feira,2,PH CASCAVEL,IFCO,6424,explícito,840.0,5
2026-02-11,quarta-feira,2,PH SUL (PF),IFCO,6416,explícito,150.0,4
2026-02-11,quarta-feira,2,PH SUL (PF),IFCO,6424,explícito,2360.0,4
2026-02-11,quarta-feira,2,PH UBAJARA,IFCO,6416,explícito,100.0,9
2026-02-11,quarta-feira,2,PH UBAJARA,IFCO,6424,explícito,225.0,15
2026-02-11,quarta-feira,2,TREB. MINAS,HB,618,explícito,553.0,12
2026-02-11,quarta-feira,2,TREB. MINAS,HB,623,explícito,169.0,15
2026-02-11,quarta-feira,2,TREB. MINAS,IFCO,6416,explícito,64.0,27
2026-02-11,quarta-feira,2,TREB. MINAS,IFCO,6424,explícito,41.0,7
2026-02-12,quinta-feira,3,AGROINDUSTRIA TREBESCHI,IFCO,6424,explícito,5.0,1
2026-02-12,quinta-feira,3,PH CASCAVEL,IFCO,6424,explícito,1120.0,4
2026-02-12,quinta-feira,3,PH CORUMBA (PF),HB,623,explícito,690.0,1
2026-02-12,quinta-feira,3,PH SUL (PF),HB,618,explícito,400.0,1
2026-02-12,quinta-feira,3,PH SUL (PF),HB,623,explícito,240.0,1
2026-02-12,quinta-feira,3,PH SUL (PF),IFCO,6416,explícito,3360.0,2
2026-02-12,quinta-feira,3,PH SUL (PF),IFCO,6424,explícito,6400.0,9
2026-02-12,quinta-feira,3,PH UBAJARA,HB,618,explícito,141.0,20
2026-02-12,quinta-feira,3,PH UBAJARA,HB,623,explícito,1.0,1
2026-02-12,quinta-feira,3,PH UBAJARA,IFCO,6416,explícito,172.0,25
2026-02-12,quinta-feira,3,PH UBAJARA,IFCO,6424,explícito,369.0,19
2026-02-12,quinta-feira,3,TREB. CEARA,IFCO,6416,explícito,7.0,2
2026-02-12,quinta-feira,3,TREB. MINAS,HB,618,explícito,1151.5,44
2026-02-12,quinta-feira,3,TREB. MINAS,HB,618,rateio_por_capacidade,147.05630464689483,7
2026-02-12,quinta-feira,3,TREB. MINAS,HB,623,explícito,226.0,11
2026-02-12,quinta-feira,3,TREB. MINAS,HB,623,rateio_por_capacidade,21.94369535310518,6
2026-02-12,quinta-feira,3,TREB. MINAS,IFCO,6416,explícito,26.0,4
2026-02-12,quinta-feira,3,TREB. MINAS,IFCO,6424,explícito,89.0,7
2026-02-13,sexta-feira,4,AGROINDUSTRIA TREBESCHI,IFCO,6416,explícito,120.0,2
2026-02-13,sexta-feira,4,PH CASCAVEL,IFCO,6424,explícito,880.0,1
2026-02-13,sexta-feira,4,PH SUL (PF),HB,618,explícito,500.0,1
2026-02-13,sexta-feira,4,PH SUL (PF),HB,623,explícito,860.0,2
2026-02-13,sexta-feira,4,PH SUL (PF),IFCO,6416,explícito,3614.0,6
2026-02-13,sexta-feira,4,PH SUL (PF),IFCO,6424,explícito,4480.0,5
2026-02-13,sexta-feira,4,PH UBAJARA,IFCO,6416,explícito,755.6179487179487,94
2026-02-13,sexta-feira,4,PH UBAJARA,IFCO,6424,explícito,327.9939024390244,43
2026-02-13,sexta-feira,4,TREB. CEARA,IFCO,6416,explícito,80.0,1
2026-02-13,sexta-feira,4,TREB. MINAS,HB,618,explícito,441.0,19
2026-02-13,sexta-feira,4,TREB. MINAS,HB,623,explícito,54.0,4
2026-02-14,sábado,5,AGROINDUSTRIA TREBESCHI,IFCO,6416,explícito,100.0,2
2026-02-14,sábado,5,PH CASCAVEL,IFCO,6424,explícito,562.0,4
2026-02-14,sábado,5,PH SUL (PF),HB,618,explícito,400.0,1
2026-02-14,sábado,5,PH SUL (PF),HB,623,explícito,3570.0,6
2026-02-14,sábado,5,PH SUL (PF),IFCO,6416,explícito,3360.0,2
2026-02-14,sábado,5,PH SUL (PF),IFCO,6424,explícito,2240.0,4
2026-02-14,sábado,5,PH UBAJARA,HB,618,explícito,419.0,62
2026-02-14,sábado,5,PH UBAJARA,HB,623,explícito,35.0,8
2026-02-14,sábado,5,PH UBAJARA,IFCO,6416,explícito,0.166666666666667,1
2026-02-14,sábado,5,PH UBAJARA,IFCO,6424,explícito,470.0,15
2026-02-14,sábado,5,TREB. MINAS,HB,618,explícito,345.0,25
2026-02-14,sábado,5,TREB. MINAS,HB,618,rateio_por_capacidade,9.491609353507565,1
2026-02-14,sábado,5,TREB. MINAS,HB,623,explícito,59.0,7
2026-02-14,sábado,5,TREB. MINAS,HB,623,rateio_por_capacidade,0.5083906464924346,1
2026-02-14,sábado,5,TREB. MINAS,IFCO,6416,explícito,441.0,24
2026-02-14,sábado,5,TREB. MINAS,IFCO,6424,explícito,106.0,7
2026-02-16,segunda-feira,0,PH CASCAVEL,HB,623,explícito,480.0,3
2026-02-16,segunda-feira,0,PH CASCAVEL,IFCO,6424,explícito,1120.0,5
2026-02-16,segunda-feira,0,PH SUL (PF),HB,618,explícito,300.0,1
2026-02-16,segunda-feira,0,PH SUL (PF),HB,623,explícito,960.0,2
2026-02-16,segunda-feira,0,PH SUL (PF),IFCO,6424,explícito,1120.0,1
2026-02-16,segunda-feira,0,TREB. MINAS,HB,618,explícito,550.0,34
2026-02-16,segunda-feira,0,TREB. MINAS,HB,623,explícito,68.0,4
2026-02-17,terça-feira,1,PH CASCAVEL,IFCO,6424,explícito,1864.0,8
2026-02-17,terça-feira,1,PH SUL (PF),HB,618,explícito,300.0,1
2026-02-17,terça-feira,1,PH SUL (PF),HB,623,explícito,1010.0,2
2026-02-17,terça-feira,1,PH SUL (PF),IFCO,6416,explícito,378.0,4
2026-02-17,terça-feira,1,PH SUL (PF),IFCO,6424,explícito,640.0,1
2026-02-17,terça-feira,1,PH UBAJARA,HB,618,explícito,195.0,16
2026-02-17,terça-feira,1,PH UBAJARA,HB,623,explícito,41.0,6
2026-02-17,terça-feira,1,PH UBAJARA,IFCO,6416,explícito,27.0,13
2026-02-17,terça-feira,1,PH UBAJARA,IFCO,6424,explícito,159.0,17
2026-02-18,quarta-feira,2,AGROINDUSTRIA TREBESCHI,IFCO,6424,explícito,390.0,3
2026-02-18,quarta-feira,2,PH SUL (PF),HB,618,explícito,300.0,1
2026-02-18,quarta-feira,2,PH SUL (PF),HB,623,explícito,690.0,1
2026-02-18,quarta-feira,2,PH SUL (PF),IFCO,6416,explícito,177.0,4
2026-02-18,quarta-feira,2,PH SUL (PF),IFCO,6424,explícito,2445.0,9
2026-02-18,quarta-feira,2,TREB. MINAS,HB,618,explícito,569.0,26
2026-02-18,quarta-feira,2,TREB. MINAS,HB,623,explícito,97.0,7
2026-02-18,quarta-feira,2,TREB. MINAS,IFCO,6416,explícito,333.0,146
2026-02-18,quarta-feira,2,TREB. MINAS,IFCO,6424,explícito,155.0,5
2026-02-19,quinta-feira,3,PH CASCAVEL,IFCO,6424,explícito,1597.0,4
2026-02-19,quinta-feira,3,PH CORUMBA (PF),IFCO,6424,explícito,140.0,2
2026-02-19,quinta-feira,3,PH SUL (PF),HB,618,explícito,400.0,1
2026-02-19,quinta-feira,3,PH SUL (PF),HB,623,explícito,240.0,1
2026-02-19,quinta-feira,3,PH SUL (PF),IFCO,6424,explícito,2240.0,2
2026-02-19,quinta-feira,3,PH UBAJARA,HB,618,explícito,146.0,26
2026-02-19,quinta-feira,3,PH UBAJARA,IFCO,6416,explícito,272.0,37
2026-02-19,quinta-feira,3,PH UBAJARA,IFCO,6424,explícito,277.0,7
2026-02-19,quinta-feira,3,TREB. MINAS,HB,618,explícito,855.0,41
2026-02-19,quinta-feira,3,TREB. MINAS,HB,618,rateio_por_capacidade,46.52942316511001,7
2026-02-19,quinta-feira,3,TREB. MINAS,HB,623,explícito,196.0,11
2026-02-19,quinta-feira,3,TREB. MINAS,HB,623,rateio_por_capacidade,6.470576834889989,6
2026-02-19,quinta-feira,3,TREB. MINAS,IFCO,6416,explícito,28.0,4
2026-02-19,quinta-feira,3,TREB. MINAS,IFCO,6424,explícito,161.0,6
2026-02-20,sexta-feira,4,PH SUL (PF),HB,618,explícito,400.0,1
2026-02-20,sexta-feira,4,PH SUL (PF),HB,623,explícito,720.0,1
2026-02-20,sexta-feira,4,PH SUL (PF),IFCO,6416,explícito,399.0,5
2026-02-20,sexta-feira,4,PH SUL (PF),IFCO,6424,explícito,7600.0,9
2026-02-20,sexta-feira,4,PH UBAJARA,IFCO,6416,explícito,308.0,62
2026-02-20,sexta-feira,4,PH UBAJARA,IFCO,6424,explícito,253.0,43
2026-02-20,sexta-feira,4,TREB. MINAS,HB,618,explícito,420.0,21
2026-02-20,sexta-feira,4,TREB. MINAS,HB,623,explícito,86.0,4
2026-02-21,sábado,5,AGROINDUSTRIA TREBESCHI,IFCO,6416,explícito,5.0,4
2026-02-21,sábado,5,AGROINDUSTRIA TREBESCHI,IFCO,6424,explícito,920.0,2
2026-02-21,sábado,5,PH CASCAVEL,HB,623,explícito,690.0,1
2026-02-21,sábado,5,PH CASCAVEL,IFCO,6424,explícito,568.0,5
2026-02-21,sábado,5,PH CORUMBA (PF),IFCO,6424,explícito,621.0,2
2026-02-21,sábado,5,PH SUL (PF),HB,618,explícito,400.0,1
2026-02-21,sábado,5,PH SUL (PF),HB,623,explícito,930.0,2
2026-02-21,sábado,5,PH SUL (PF),IFCO,6416,explícito,468.0,3
2026-02-21,sábado,5,PH SUL (PF),IFCO,6424,explícito,1760.0,2
2026-02-21,sábado,5,PH UBAJARA,HB,618,explícito,230.0,34
2026-02-21,sábado,5,PH UBAJARA,HB,623,explícito,337.0,7
2026-02-21,sábado,5,PH UBAJARA,IFCO,6416,explícito,483.1333333333333,56
2026-02-21,sábado,5,PH UBAJARA,IFCO,6424,explícito,905.0,54
2026-02-21,sábado,5,TREB. CEARA,HB,618,explícito,60.0,1
2026-02-21,sábado,5,TREB. MINAS,HB,618,explícito,813.0,35
2026-02-21,sábado,5,TREB. MINAS,HB,618,rateio_por_capacidade,140.75576007225789,6
2026-02-21,sábado,5,TREB. MINAS,HB,623,explícito,444.0,36
2026-02-21,sábado,5,TREB. MINAS,HB,623,rateio_por_capacidade,33.244239927742115,7
2026-02-21,sábado,5,TREB. MINAS,IFCO,6416,explícito,221.0,41
2026-02-21,sábado,5,TREB. MINAS,IFCO,6424,explícito,326.0,12
2026-02-23,segunda-feira,0,PH CASCAVEL,IFCO,6424,explícito,590.0,2
2026-02-23,segunda-feira,0,PH SUL (PF),HB,623,explícito,320.0,1
2026-02-23,segunda-feira,0,PH SUL (PF),IFCO,6416,explícito,248.0,4
2026-02-23,segunda-feira,0,PH UBAJARA,HB,618,explícito,72.0,20
2026-02-23,segunda-feira,0,PH UBAJARA,IFCO,6416,explícito,132.0,6
2026-02-23,segunda-feira,0,PH UBAJARA,IFCO,6424,explícito,20.0,15
2026-02-23,segunda-feira,0,TREB. MINAS,HB,618,explícito,698.0,28
2026-02-23,segunda-feira,0,TREB. MINAS,HB,623,explícito,146.0,4
2026-02-24,terça-feira,1,PH CASCAVEL,HB,623,explícito,520.0,4
2026-02-24,terça-feira,1,PH CASCAVEL,IFCO,6424,explícito,708.0,6
2026-02-24,terça-feira,1,PH CORUMBA (PF),HB,623,explícito,600.0,1
2026-02-24,terça-feira,1,PH SUL (PF),HB,618,explícito,400.0,1
2026-02-24,terça-feira,1,PH SUL (PF),HB,623,explícito,240.0,1
2026-02-24,terça-feira,1,PH SUL (PF),IFCO,6416,explícito,428.0,5
2026-02-24,terça-feira,1,PH UBAJARA,HB,618,explícito,164.0,16
2026-02-24,terça-feira,1,PH UBAJARA,HB,623,explícito,346.0,7
2026-02-24,terça-feira,1,PH UBAJARA,IFCO,6416,explícito,51.0,8
2026-02-24,terça-feira,1,PH UBAJARA,IFCO,6424,explícito,313.5,41
2026-02-24,terça-feira,1,TREB. MINAS,HB,618,explícito,642.0,34
2026-02-24,terça-feira,1,TREB. MINAS,HB,618,rateio_por_capacidade,26.905376296356962,8
2026-02-24,terça-feira,1,TREB. MINAS,HB,623,explícito,123.0,13
2026-02-24,terça-feira,1,TREB. MINAS,HB,623,rateio_por_capacidade,3.0946237036430384,7
2026-02-24,terça-feira,1,TREB. MINAS,IFCO,6416,explícito,156.0,107
2026-02-24,terça-feira,1,TREB. MINAS,IFCO,6424,explícito,111.0,6
2026-02-25,quarta-feira,2,AGROINDUSTRIA TREBESCHI,IFCO,6424,explícito,1.0,1
2026-02-25,quarta-feira,2,PH CASCAVEL,IFCO,6424,explícito,980.0,3
2026-02-25,quarta-feira,2,PH SUL (PF),HB,623,explícito,1260.0,1
2026-02-25,quarta-feira,2,PH SUL (PF),IFCO,6416,explícito,143.0,5
2026-02-25,quarta-feira,2,PH SUL (PF),IFCO,6424,explícito,515.0,5
2026-02-25,quarta-feira,2,PH UBAJARA,IFCO,6416,explícito,157.0,17
2026-02-25,quarta-feira,2,PH UBAJARA,IFCO,6424,explícito,130.0,13
2026-02-25,quarta-feira,2,TREB. MINAS,HB,618,explícito,495.0,11
2026-02-25,quarta-feira,2,TREB. MINAS,HB,623,explícito,26.0,3
2026-02-25,quarta-feira,2,TREB. MINAS,IFCO,6416,explícito,150.0,19
2026-02-25,quarta-feira,2,TREB. MINAS,IFCO,6424,explícito,112.0,10
2026-02-26,quinta-feira,3,PH CASCAVEL,IFCO,6424,explícito,1803.0,7
2026-02-26,quinta-feira,3,PH CORUMBA (PF),IFCO,6424,explícito,157.0,2
2026-02-26,quinta-feira,3,PH SUL (PF),HB,618,explícito,200.0,1
2026-02-26,quinta-feira,3,PH SUL (PF),HB,623,explícito,1460.0,2
2026-02-26,quinta-feira,3,PH UBAJARA,HB,618,explícito,110.0,24
2026-02-26,quinta-feira,3,PH UBAJARA,IFCO,6416,explícito,297.0,52
2026-02-26,quinta-feira,3,PH UBAJARA,IFCO,6424,explícito,407.0,28
2026-02-26,quinta-feira,3,TREB. MINAS,HB,618,explícito,908.0,43
2026-02-26,quinta-feira,3,TREB. MINAS,HB,618,rateio_por_capacidade,102.56353838412794,7
2026-02-26,quinta-feira,3,TREB. MINAS,HB,623,explícito,329.0,23
2026-02-26,quinta-feira,3,TREB. MINAS,HB,623,rateio_por_capacidade,19.436461615872076,6
2026-02-26,quinta-feira,3,TREB. MINAS,IFCO,6416,explícito,28.0,4
2026-02-26,quinta-feira,3,TREB. MINAS,IFCO,6424,explícito,34.0,4
2026-02-27,sexta-feira,4,PH CASCAVEL,HB,623,explícito,360.0,2
2026-02-27,sexta-feira,4,PH SUL (PF),HB,618,explícito,300.0,1
2026-02-27,sexta-feira,4,PH SUL (PF),HB,623,explícito,960.0,2
2026-02-27,sexta-feira,4,PH SUL (PF),IFCO,6416,explícito,420.0,4
2026-02-27,sexta-feira,4,PH SUL (PF),IFCO,6424,explícito,1865.0,5
2026-02-27,sexta-feira,4,PH UBAJARA,IFCO,6416,explícito,117.0,17
2026-02-27,sexta-feira,4,PH UBAJARA,IFCO,6424,explícito,760.0,53
2026-02-27,sexta-feira,4,TREB. MINAS,HB,618,explícito,367.0,20
2026-02-27,sexta-feira,4,TREB. MINAS,HB,623,explícito,25.0,3
2026-02-28,sábado,5,AGROINDUSTRIA TREBESCHI,IFCO,6424,explícito,200.0,1
2026-02-28,sábado,5,PH CASCAVEL,HB,623,explícito,410.0,2
2026-02-28,sábado,5,PH CASCAVEL,IFCO,6424,explícito,647.0,22
2026-02-28,sábado,5,PH CORUMBA (PF),IFCO,6424,explícito,250.0,2
2026-02-28,sábado,5,PH SUL (PF),HB,618,explícito,150.0,1
2026-02-28,sábado,5,PH SUL (PF),HB,623,explícito,800.0,2
2026-02-28,sábado,5,PH SUL (PF),IFCO,6416,explícito,522.0,3
2026-02-28,sábado,5,PH SUL (PF),IFCO,6424,explícito,160.0,1
2026-02-28,sábado,5,PH UBAJARA,HB,618,explícito,330.0,41
2026-02-28,sábado,5,PH UBAJARA,HB,623,explícito,117.0,8
2026-02-28,sábado,5,PH UBAJARA,IFCO,6416,explícito,586.1666666666666,60
2026-02-28,sábado,5,PH UBAJARA,IFCO,6424,explícito,542.0,122
2026-02-28,sábado,5,TREB. CEARA,IFCO,6416,explícito,182.0,4
2026-02-28,sábado,5,TREB. MINAS,HB,618,explícito,868.0,38
2026-02-28,sábado,5,TREB. MINAS,HB,618,rateio_por_capacidade,81.08591505540335,3
2026-02-28,sábado,5,TREB. MINAS,HB,623,explícito,88.0,9
2026-02-28,sábado,5,TREB. MINAS,HB,623,rateio_por_capacidade,11.914084944596667,3
2026-02-28,sábado,5,TREB. MINAS,IFCO,6416,explícito,462.5,23
2026-02-28,sábado,5,TREB. MINAS,IFCO,6424,explícito,160.0,2
2026-03-02,segunda-feira,0,PH CASCAVEL,IFCO,6424,explícito,1380.0,4
2026-03-02,segunda-feira,0,PH CORUMBA (PF),HB,623,explícito,690.0,1
2026-03-02,segunda-feira,0,PH CORUMBA (PF),IFCO,6424,explícito,640.0,1
2026-03-02,segunda-feira,0,PH SUL (PF),HB,618,explícito,100.0,1
2026-03-02,segunda-feira,0,PH SUL (PF),HB,623,explícito,700.0,2
2026-03-02,segunda-feira,0,PH SUL (PF),IFCO,6416,explícito,190.0,4
2026-03-02,segunda-feira,0,PH UBAJARA,HB,618,explícito,158.0,24
2026-03-02,segunda-feira,0,PH UBAJARA,HB,623,explícito,6.0,1
2026-03-02,segunda-feira,0,TREB. MINAS,HB,618,explícito,661.0,26
2026-03-02,segunda-feira,0,TREB. MINAS,HB,618,rateio_por_capacidade,9.156011717188264,2
2026-03-02,segunda-feira,0,TREB. MINAS,HB,623,explícito,107.0,16
2026-03-02,segunda-feira,0,TREB. MINAS,HB,623,rateio_por_capacidade,0.8439882828117377,1
2026-03-03,terça-feira,1,PH CASCAVEL,HB,623,explícito,280.0,2
2026-03-03,terça-feira,1,PH CASCAVEL,IFCO,6424,explícito,485.0,4
2026-03-03,terça-feira,1,PH CORUMBA (PF),HB,623,explícito,690.0,1
2026-03-03,terça-feira,1,PH SUL (PF),HB,618,explícito,200.0,1
2026-03-03,terça-feira,1,PH SUL (PF),HB,623,explícito,240.0,1
2026-03-03,terça-feira,1,PH SUL (PF),IFCO,6416,explícito,458.0,4
2026-03-03,terça-feira,1,PH UBAJARA,HB,618,explícito,362.0,16
2026-03-03,terça-feira,1,PH UBAJARA,HB,623,explícito,53.0,6
2026-03-03,terça-feira,1,PH UBAJARA,IFCO,6416,explícito,159.0,33
2026-03-03,terça-feira,1,PH UBAJARA,IFCO,6424,explícito,544.0,34
2026-03-03,terça-feira,1,TREB. MINAS,HB,618,explícito,719.0,37
2026-03-03,terça-feira,1,TREB. MINAS,HB,618,rateio_por_capacidade,30.76471158255501,9
2026-03-03,terça-feira,1,TREB. MINAS,HB,623,explícito,107.0,10
2026-03-03,terça-feira,1,TREB. MINAS,HB,623,rateio_por_capacidade,3.2352884174449947,8
2026-03-03,terça-feira,1,TREB. MINAS,IFCO,6416,explícito,155.0,130
2026-03-04,quarta-feira,2,AGROINDUSTRIA TREBESCHI,IFCO,6424,explícito,12.0,1
2026-03-04,quarta-feira,2,PH CASCAVEL,HB,623,explícito,140.0,1
2026-03-04,quarta-feira,2,PH CORUMBA (PF),HB,618,explícito,272.0,1
2026-03-04,quarta-feira,2,PH CORUMBA (PF),HB,623,explícito,690.0,2
2026-03-04,quarta-feira,2,PH CORUMBA (PF),IFCO,6416,explícito,1200.0,1
2026-03-04,quarta-feira,2,PH SUL (PF),HB,618,explícito,200.0,1
2026-03-04,quarta-feira,2,PH SUL (PF),HB,623,explícito,240.0,1
2026-03-04,quarta-feira,2,PH SUL (PF),IFCO,6416,explícito,1652.0,4
2026-03-04,quarta-feira,2,PH UBAJARA,IFCO,6416,explícito,266.0,20
2026-03-04,quarta-feira,2,PH UBAJARA,IFCO,6424,explícito,124.0,15
2026-03-04,quarta-feira,2,TREB. CEARA,IFCO,6416,explícito,112.0,3
2026-03-04,quarta-feira,2,TREB. MINAS,HB,618,explícito,437.0,11
2026-03-04,quarta-feira,2,TREB. MINAS,HB,623,explícito,49.0,3
2026-03-04,quarta-feira,2,TREB. MINAS,IFCO,6416,explícito,70.0,19
2026-03-04,quarta-feira,2,TREB. MINAS,IFCO,6424,explícito,75.0,5
2026-03-05,quinta-feira,3,PH CASCAVEL,IFCO,6424,explícito,420.0,24
2026-03-05,quinta-feira,3,PH UBAJARA,HB,618,explícito,85.0,11
2026-03-05,quinta-feira,3,PH UBAJARA,HB,623,explícito,1.0,1
2026-03-05,quinta-feira,3,PH UBAJARA,IFCO,6416,explícito,364.3273156089194,47
2026-03-05,quinta-feira,3,PH UBAJARA,IFCO,6424,explícito,135.0,9
2026-03-05,quinta-feira,3,TREB. MINAS,HB,618,explícito,920.0,41
2026-03-05,quinta-feira,3,TREB. MINAS,HB,618,rateio_por_capacidade,84.05927766272877,9
2026-03-05,quinta-feira,3,TREB. MINAS,HB,623,explícito,562.0,34
2026-03-05,quinta-feira,3,TREB. MINAS,HB,623,rateio_por_capacidade,116.94072233727123,12
2026-03-05,quinta-feira,3,TREB. MINAS,IFCO,6416,explícito,31.0,4
2026-03-05,quinta-feira,3,TREB. MINAS,IFCO,6424,explícito,0.0,4
2026-03-06,sexta-feira,4,PH CASCAVEL,IFCO,6424,explícito,1280.0,4
2026-03-06,sexta-feira,4,PH CORUMBA (PF),HB,623,explícito,690.0,1
2026-03-06,sexta-feira,4,PH SUL (PF),HB,618,explícito,300.0,1
2026-03-06,sexta-feira,4,PH SUL (PF),HB,623,explícito,240.0,1
2026-03-06,sexta-feira,4,PH SUL (PF),IFCO,6416,explícito,368.0,4
2026-03-06,sexta-feira,4,PH SUL (PF),IFCO,6424,explícito,970.0,3
2026-03-06,sexta-feira,4,PH UBAJARA,HB,618,explícito,146.0,17
2026-03-06,sexta-feira,4,PH UBAJARA,HB,623,explícito,1.0,1
2026-03-06,sexta-feira,4,PH UBAJARA,IFCO,6416,explícito,394.0,23
2026-03-06,sexta-feira,4,PH UBAJARA,IFCO,6424,explícito,581.0,17
2026-03-06,sexta-feira,4,TREB. CEAGESP,IFCO,6424,explícito,490.0,2
2026-03-06,sexta-feira,4,TREB. CEARA,IFCO,6416,explícito,72.0,5
2026-03-06,sexta-feira,4,TREB. MINAS,HB,618,explícito,554.0,25
2026-03-06,sexta-feira,4,TREB. MINAS,HB,623,explícito,129.0,9
2026-03-06,sexta-feira,4,TREB. MINAS,IFCO,6416,explícito,8.0,1
2026-03-07,sábado,5,PH CASCAVEL,IFCO,6424,explícito,520.0,3
2026-03-07,sábado,5,PH CORUMBA (PF),HB,623,explícito,1330.0,2
2026-03-07,sábado,5,PH SUL (PF),HB,618,explícito,300.0,1
2026-03-07,sábado,5,PH SUL (PF),HB,623,explícito,240.0,1
2026-03-07,sábado,5,PH SUL (PF),IFCO,6416,explícito,469.0,3
2026-03-07,sábado,5,PH UBAJARA,HB,618,explícito,169.0,10
2026-03-07,sábado,5,PH UBAJARA,HB,623,explícito,67.0,5
2026-03-07,sábado,5,PH UBAJARA,IFCO,6416,explícito,431.0,44
2026-03-07,sábado,5,PH UBAJARA,IFCO,6424,explícito,276.0,32
2026-03-07,sábado,5,TREB. MINAS,HB,618,explícito,617.0,24
2026-03-07,sábado,5,TREB. MINAS,HB,623,explícito,148.0,10
2026-03-07,sábado,5,TREB. MINAS,IFCO,6416,explícito,196.0,44
2026-03-07,sábado,5,TREB. MINAS,IFCO,6424,explícito,53.0,6
2026-03-09,segunda-feira,0,AGROINDUSTRIA TREBESCHI,IFCO,6424,explícito,480.0,1
2026-03-09,segunda-feira,0,PH CASCAVEL,IFCO,6424,explícito,1760.0,2
2026-03-09,segunda-feira,0,PH CORUMBA (PF),HB,623,explícito,690.0,1
2026-03-09,segunda-feira,0,PH CORUMBA (PF),IFCO,6424,explícito,640.0,1
2026-03-09,segunda-feira,0,PH SUL (PF),HB,618,explícito,150.0,1
2026-03-09,segunda-feira,0,PH SUL (PF),HB,623,explícito,200.0,1
2026-03-09,segunda-feira,0,PH SUL (PF),IFCO,6416,explícito,294.0,5
2026-03-09,segunda-feira,0,PH UBAJARA,HB,618,explícito,75.0,12
2026-03-09,segunda-feira,0,PH UBAJARA,IFCO,6416,explícito,27.276190476190475,8
2026-03-09,segunda-feira,0,PH UBAJARA,IFCO,6424,explícito,514.0,39
2026-03-09,segunda-feira,0,TREB. MINAS,HB,618,explícito,568.0,41
2026-03-09,segunda-feira,0,TREB. MINAS,HB,618,rateio_por_capacidade,3.437341144792175,4
2026-03-09,segunda-feira,0,TREB. MINAS,HB,623,explícito,120.0,5
2026-03-09,segunda-feira,0,TREB. MINAS,HB,623,rateio_por_capacidade,0.5626588552078251,4
2026-03-09,segunda-feira,0,TREB. MINAS,IFCO,6424,explícito,80.0,1
2026-03-10,terça-feira,1,PH CASCAVEL,HB,623,explícito,690.0,2
2026-03-10,terça-feira,1,PH CASCAVEL,IFCO,6424,explícito,16.0,1
2026-03-10,terça-feira,1,PH CORUMBA (PF),HB,618,explícito,350.0,1
2026-03-10,terça-feira,1,PH CORUMBA (PF),HB,623,explícito,320.0,1
2026-03-10,terça-feira,1,PH SUL (PF),HB,618,explícito,200.0,1
2026-03-10,terça-feira,1,PH SUL (PF),HB,623,explícito,200.0,1
2026-03-10,terça-feira,1,PH SUL (PF),IFCO,6416,explícito,490.0,4
2026-03-10,terça-feira,1,PH UBAJARA,HB,618,explícito,182.0,10
2026-03-10,terça-feira,1,PH UBAJARA,HB,623,explícito,40.0,4
2026-03-10,terça-feira,1,PH UBAJARA,IFCO,6416,explícito,46.40842490842491,21
2026-03-10,terça-feira,1,PH UBAJARA,IFCO,6424,explícito,269.0,15
2026-03-10,terça-feira,1,TREB. CEAGESP,IFCO,6424,explícito,437.0,1
2026-03-10,terça-feira,1,TREB. CEARA,IFCO,6416,explícito,74.0,3
2026-03-10,terça-feira,1,TREB. MINAS,HB,618,explícito,708.0,24
2026-03-10,terça-feira,1,TREB. MINAS,HB,618,rateio_por_capacidade,32.26803515156479,5
2026-03-10,terça-feira,1,TREB. MINAS,HB,623,explícito,105.0,9
2026-03-10,terça-feira,1,TREB. MINAS,HB,623,rateio_por_capacidade,6.731964848435213,4
2026-03-10,terça-feira,1,TREB. MINAS,IFCO,6416,explícito,20.0,1
2026-03-11,quarta-feira,2,AGROINDUSTRIA TREBESCHI,IFCO,6424,explícito,12.0,1
2026-03-11,quarta-feira,2,PH CASCAVEL,IFCO,6424,explícito,769.0,29
2026-03-11,quarta-feira,2,PH CORUMBA (PF),HB,618,explícito,350.0,1
2026-03-11,quarta-feira,2,PH CORUMBA (PF),HB,623,explícito,360.0,1
2026-03-11,quarta-feira,2,PH CORUMBA (PF),IFCO,6416,explícito,1680.0,1
2026-03-11,quarta-feira,2,PH SUL (PF),IFCO,6416,explícito,323.0,5
2026-03-11,quarta-feira,2,PH SUL (PF),IFCO,6424,explícito,1280.0,4
2026-03-11,quarta-feira,2,PH UBAJARA,IFCO,6416,explícito,351.0,15
2026-03-11,quarta-feira,2,PH UBAJARA,IFCO,6424,explícito,276.0833333333333,14
2026-03-11,quarta-feira,2,TREB. MINAS,HB,618,explícito,249.0,10
2026-03-11,quarta-feira,2,TREB. MINAS,HB,618,rateio_por_capacidade,63.45558206328722,6
2026-03-11,quarta-feira,2,TREB. MINAS,HB,623,explícito,247.0,14
2026-03-11,quarta-feira,2,TREB. MINAS,HB,623,rateio_por_capacidade,23.544417936712787,8
2026-03-11,quarta-feira,2,TREB. MINAS,IFCO,6416,explícito,133.0,20
2026-03-11,quarta-feira,2,TREB. MINAS,IFCO,6424,explícito,85.0,6
2026-03-12,quinta-feira,3,PH CASCAVEL,IFCO,6424,explícito,812.0,2
2026-03-12,quinta-feira,3,PH CORUMBA (PF),HB,623,explícito,450.0,1
2026-03-12,quinta-feira,3,PH UBAJARA,HB,618,explícito,220.0,25
2026-03-12,quinta-feira,3,PH UBAJARA,HB,623,explícito,2.0,1
2026-03-12,quinta-feira,3,PH UBAJARA,IFCO,6416,explícito,135.0,29
2026-03-12,quinta-feira,3,PH UBAJARA,IFCO,6424,explícito,15.0,5
2026-03-12,quinta-feira,3,TREB. MINAS,HB,618,explícito,502.0,41
2026-03-12,quinta-feira,3,TREB. MINAS,HB,618,rateio_por_capacidade,11.38552977483141,3
2026-03-12,quinta-feira,3,TREB. MINAS,HB,623,explícito,292.0,23
2026-03-12,quinta-feira,3,TREB. MINAS,HB,623,rateio_por_capacidade,0.6144702251685907,2
2026-03-12,quinta-feira,3,TREB. MINAS,IFCO,6416,explícito,42.0,4
2026-03-12,quinta-feira,3,TREB. MINAS,IFCO,6424,explícito,0.0,4
2026-03-13,sexta-feira,4,PH CASCAVEL,HB,623,explícito,80.0,1
2026-03-13,sexta-feira,4,PH CASCAVEL,IFCO,6424,explícito,80.0,1
2026-03-13,sexta-feira,4,PH CORUMBA (PF),HB,618,explícito,360.0,1
2026-03-13,sexta-feira,4,PH CORUMBA (PF),HB,623,explícito,300.0,1
2026-03-13,sexta-feira,4,PH SUL (PF),HB,623,explícito,720.0,1
2026-03-13,sexta-feira,4,PH SUL (PF),IFCO,6416,explícito,362.0,4
2026-03-13,sexta-feira,4,TREB. MINAS,HB,618,explícito,308.0,9
2026-03-13,sexta-feira,4,TREB. MINAS,HB,623,explícito,56.0,3
2026-03-13,sexta-feira,4,TREB. MINAS,IFCO,6416,explícito,244.0,39
2026-03-13,sexta-feira,4,TREB. MINAS,IFCO,6424,explícito,281.0,28
2026-03-14,sábado,5,AGROINDUSTRIA TREBESCHI,IFCO,6416,explícito,4.0,2
2026-03-14,sábado,5,PH CASCAVEL,HB,623,explícito,240.0,2
2026-03-14,sábado,5,PH CASCAVEL,IFCO,6424,explícito,1072.0,5
2026-03-14,sábado,5,PH CORUMBA (PF),HB,618,explícito,400.0,1
2026-03-14,sábado,5,PH CORUMBA (PF),HB,623,explícito,690.0,1
2026-03-14,sábado,5,PH SUL (PF),IFCO,6416,explícito,424.0,3
2026-03-14,sábado,5,PH UBAJARA,HB,618,explícito,375.0,39
2026-03-14,sábado,5,PH UBAJARA,HB,623,explícito,76.0,8
2026-03-14,sábado,5,PH UBAJARA,IFCO,6416,explícito,160.13333333333333,24
2026-03-14,sábado,5,PH UBAJARA,IFCO,6424,explícito,541.0,31
2026-03-14,sábado,5,TREB. CEARA,IFCO,6416,explícito,164.0,5
2026-03-14,sábado,5,TREB. MINAS,HB,618,explícito,803.0,34
2026-03-14,sábado,5,TREB. MINAS,HB,618,rateio_por_capacidade,12.339092159559835,1
2026-03-14,sábado,5,TREB. MINAS,HB,623,explícito,165.0,8
2026-03-14,sábado,5,TREB. MINAS,HB,623,rateio_por_capacidade,0.660907840440165,1
2026-03-14,sábado,5,TREB. MINAS,IFCO,6416,explícito,32.0,11
2026-03-14,sábado,5,TREB. MINAS,IFCO,6424,explícito,80.0,1
2026-03-16,segunda-feira,0,PH CORUMBA (PF),HB,618,explícito,400.0,1
2026-03-16,segunda-feira,0,PH CORUMBA (PF),HB,623,explícito,320.0,1
2026-03-16,segunda-feira,0,PH SUL (PF),IFCO,6416,explícito,317.0,4
2026-03-16,segunda-feira,0,PH UBAJARA,HB,618,explícito,294.0,26
2026-03-16,segunda-feira,0,PH UBAJARA,HB,623,explícito,2.0,1
2026-03-16,segunda-feira,0,PH UBAJARA,IFCO,6416,explícito,0.0809523809523809,2
2026-03-16,segunda-feira,0,TREB. MINAS,HB,618,explícito,415.0,38
2026-03-16,segunda-feira,0,TREB. MINAS,HB,623,explícito,195.0,15
2026-03-16,segunda-feira,0,TREB. MINAS,HB,623,rateio_por_capacidade,0.0,2
2026-03-16,segunda-feira,0,TREB. MINAS,IFCO,6416,explícito,0.0666666666666667,1
2026-03-17,terça-feira,1,AGROINDUSTRIA TREBESCHI,IFCO,6424,explícito,5.0,1
2026-03-17,terça-feira,1,PH CASCAVEL,HB,623,explícito,200.0,2
2026-03-17,terça-feira,1,PH CASCAVEL,IFCO,6424,explícito,486.0,3
2026-03-17,terça-feira,1,PH SUL (PF),IFCO,6416,explícito,475.0,4
2026-03-17,terça-feira,1,PH UBAJARA,HB,618,explícito,141.0,18
2026-03-17,terça-feira,1,PH UBAJARA,HB,623,explícito,45.0,7
2026-03-17,terça-feira,1,PH UBAJARA,IFCO,6416,explícito,372.0,39
2026-03-17,terça-feira,1,PH UBAJARA,IFCO,6424,explícito,232.0,29
2026-03-17,terça-feira,1,TREB. MINAS,HB,618,explícito,380.0,20
2026-03-17,terça-feira,1,TREB. MINAS,HB,618,rateio_por_capacidade,6.015347003386307,5
2026-03-17,terça-feira,1,TREB. MINAS,HB,623,explícito,75.0,7
2026-03-17,terça-feira,1,TREB. MINAS,HB,623,rateio_por_capacidade,0.9846529966136939,4
2026-03-17,terça-feira,1,TREB. MINAS,IFCO,6416,explícito,48.0,3
2026-03-17,terça-feira,1,TREB. MINAS,IFCO,6424,explícito,13.0,5
2026-03-18,quarta-feira,2,AGROINDUSTRIA TREBESCHI,IFCO,6416,explícito,123.0,4
2026-03-18,quarta-feira,2,AGROINDUSTRIA TREBESCHI,IFCO,6424,explícito,250.0,2
2026-03-18,quarta-feira,2,PH CASCAVEL,IFCO,6424,explícito,200.0,24
2026-03-18,quarta-feira,2,PH CORUMBA (PF),HB,618,explícito,400.0,1
2026-03-18,quarta-feira,2,PH CORUMBA (PF),HB,623,explícito,320.0,1
2026-03-18,quarta-feira,2,PH SUL (PF),HB,623,explícito,690.0,1
2026-03-18,quarta-feira,2,PH SUL (PF),IFCO,6416,explícito,284.0,4
2026-03-18,quarta-feira,2,PH UBAJARA,IFCO,6424,explícito,1.0,1
2026-03-18,quarta-feira,2,TREB. CEAGESP,IFCO,6424,explícito,629.0,1
2026-03-18,quarta-feira,2,TREB. MINAS,HB,618,explícito,209.0,8
2026-03-18,quarta-feira,2,TREB. MINAS,HB,623,explícito,20.0,3
2026-03-18,quarta-feira,2,TREB. MINAS,IFCO,6416,explícito,104.0,17
2026-03-18,quarta-feira,2,TREB. MINAS,IFCO,6424,explícito,689.0,12
2026-03-19,quinta-feira,3,AGROINDUSTRIA TREBESCHI,HB,618,explícito,53.0,2
2026-03-19,quinta-feira,3,PH CASCAVEL,IFCO,6424,explícito,1134.0,5
2026-03-19,quinta-feira,3,PH CORUMBA (PF),HB,623,explícito,320.0,1
2026-03-19,quinta-feira,3,PH SUL (PF),IFCO,6424,explícito,640.0,1
2026-03-19,quinta-feira,3,PH UBAJARA,HB,618,explícito,405.0,27
2026-03-19,quinta-feira,3,PH UBAJARA,HB,623,explícito,8.0,1
2026-03-19,quinta-feira,3,PH UBAJARA,IFCO,6416,explícito,272.0,39
2026-03-19,quinta-feira,3,PH UBAJARA,IFCO,6424,explícito,54.0,5
2026-03-19,quinta-feira,3,TREB. CEAGESP,IFCO,6424,explícito,272.0,1
2026-03-19,quinta-feira,3,TREB. MINAS,HB,618,explícito,462.0,28
2026-03-19,quinta-feira,3,TREB. MINAS,HB,618,rateio_por_capacidade,116.62293385730074,6
2026-03-19,quinta-feira,3,TREB. MINAS,HB,623,explícito,174.0,12
2026-03-19,quinta-feira,3,TREB. MINAS,HB,623,rateio_por_capacidade,30.377066142699274,8
2026-03-19,quinta-feira,3,TREB. MINAS,IFCO,6416,explícito,42.0,4
2026-03-19,quinta-feira,3,TREB. MINAS,IFCO,6424,explícito,58.0,4
2026-03-20,sexta-feira,4,AGROINDUSTRIA TREBESCHI,HB,618,explícito,37.0,3
2026-03-20,sexta-feira,4,PH CASCAVEL,HB,623,explícito,630.0,1
2026-03-20,sexta-feira,4,PH CASCAVEL,IFCO,6424,explícito,640.0,1
2026-03-20,sexta-feira,4,PH CORUMBA (PF),IFCO,6416,explícito,1680.0,1
2026-03-20,sexta-feira,4,PH SUL (PF),IFCO,6416,explícito,394.0,4
2026-03-20,sexta-feira,4,PH UBAJARA,IFCO,6416,explícito,62.0,12
2026-03-20,sexta-feira,4,PH UBAJARA,IFCO,6424,explícito,145.0,11
2026-03-20,sexta-feira,4,TREB. MINAS,HB,618,explícito,255.0,6
2026-03-20,sexta-feira,4,TREB. MINAS,HB,623,explícito,10.0,2
2026-03-21,sábado,5,AGROINDUSTRIA TREBESCHI,HB,618,explícito,173.0,3
2026-03-21,sábado,5,PH CASCAVEL,HB,623,explícito,120.0,1
2026-03-21,sábado,5,PH CASCAVEL,IFCO,6424,explícito,484.0,3
2026-03-21,sábado,5,PH CORUMBA (PF),HB,618,explícito,400.0,1
2026-03-21,sábado,5,PH CORUMBA (PF),HB,623,explícito,320.0,1
2026-03-21,sábado,5,PH SUL (PF),HB,623,explícito,1330.0,2
2026-03-21,sábado,5,PH SUL (PF),IFCO,6416,explícito,519.0,3
2026-03-21,sábado,5,PH UBAJARA,HB,618,explícito,318.0,48
2026-03-21,sábado,5,PH UBAJARA,HB,623,explícito,47.0,8
2026-03-21,sábado,5,PH UBAJARA,IFCO,6416,explícito,366.0,87
2026-03-21,sábado,5,PH UBAJARA,IFCO,6424,explícito,1423.0,66
2026-03-21,sábado,5,TREB. CEAGESP,IFCO,6424,explícito,440.0,1
2026-03-21,sábado,5,TREB. CEARA,IFCO,6416,explícito,10.0,4
2026-03-21,sábado,5,TREB. MINAS,HB,618,explícito,653.0,37
2026-03-21,sábado,5,TREB. MINAS,HB,623,explícito,88.0,12
2026-03-21,sábado,5,TREB. MINAS,IFCO,6416,explícito,64.0,13
2026-03-23,segunda-feira,0,AGROINDUSTRIA TREBESCHI,HB,618,explícito,92.0,3
2026-03-23,segunda-feira,0,PH ALHO/CEBOLA,HB,618,explícito,10.0,1
2026-03-23,segunda-feira,0,PH CORUMBA (PF),HB,618,explícito,148.0,1
2026-03-23,segunda-feira,0,PH CORUMBA (PF),HB,623,explícito,320.0,1
2026-03-23,segunda-feira,0,PH SUL (PF),IFCO,6416,explícito,292.0,5
2026-03-23,segunda-feira,0,PH UBAJARA,HB,618,explícito,135.0,26
2026-03-23,segunda-feira,0,PH UBAJARA,HB,623,explícito,4.0,1
2026-03-23,segunda-feira,0,PH UBAJARA,IFCO,6416,explícito,186.0,5
2026-03-23,segunda-feira,0,PH UBAJARA,IFCO,6424,explícito,5.0,1
2026-03-23,segunda-feira,0,TREB. CEARA,IFCO,6416,explícito,13.0,2
2026-03-23,segunda-feira,0,TREB. MINAS,HB,618,explícito,418.0,22
2026-03-23,segunda-feira,0,TREB. MINAS,HB,623,explícito,49.0,3
2026-03-23,segunda-feira,0,TREB. MINAS,IFCO,6416,explícito,11.0,1
2026-03-23,segunda-feira,0,TREB. MINAS,IFCO,6424,explícito,21.0,2
2026-03-24,terça-feira,1,AGROINDUSTRIA TREBESCHI,HB,618,explícito,45.0,2
2026-03-24,terça-feira,1,AGROINDUSTRIA TREBESCHI,IFCO,6424,explícito,280.0,2
2026-03-24,terça-feira,1,PH CASCAVEL,HB,623,explícito,360.0,2
2026-03-24,terça-feira,1,PH CASCAVEL,IFCO,6424,explícito,500.0,3
2026-03-24,terça-feira,1,PH SUL (PF),IFCO,6416,explícito,563.0,5
2026-03-24,terça-feira,1,PH UBAJARA,HB,618,explícito,136.0,20
2026-03-24,terça-feira,1,PH UBAJARA,HB,623,explícito,50.0,12
2026-03-24,terça-feira,1,PH UBAJARA,IFCO,6416,explícito,158.0,41
2026-03-24,terça-feira,1,PH UBAJARA,IFCO,6424,explícito,122.0,50
2026-03-24,terça-feira,1,TREB. MINAS,HB,618,explícito,848.0,22
2026-03-24,terça-feira,1,TREB. MINAS,HB,618,rateio_por_capacidade,20.890029292970656,5
2026-03-24,terça-feira,1,TREB. MINAS,HB,623,explícito,172.0,9
2026-03-24,terça-feira,1,TREB. MINAS,HB,623,rateio_por_capacidade,2.109970707029344,4
2026-03-24,terça-feira,1,TREB. MINAS,IFCO,6416,explícito,40.0,1
2026-03-24,terça-feira,1,TREB. MINAS,IFCO,6424,explícito,280.0,2
2026-03-25,quarta-feira,2,AGROINDUSTRIA TREBESCHI,HB,618,explícito,66.0,3
2026-03-25,quarta-feira,2,AGROINDUSTRIA TREBESCHI,IFCO,6424,explícito,9.0,1
2026-03-25,quarta-feira,2,PH CORUMBA (PF),HB,618,explícito,205.0,1
2026-03-25,quarta-feira,2,PH CORUMBA (PF),HB,623,explícito,1010.0,3
2026-03-25,quarta-feira,2,PH SUL (PF),IFCO,6424,explícito,514.0,2
2026-03-25,quarta-feira,2,PH UBAJARA,IFCO,6416,explícito,70.0,6
2026-03-25,quarta-feira,2,PH UBAJARA,IFCO,6424,explícito,1444.0,55
2026-03-25,quarta-feira,2,TREB. MINAS,HB,618,explícito,200.0,8
2026-03-25,quarta-feira,2,TREB. MINAS,HB,618,rateio_por_capacidade,14.015347003386307,2
2026-03-25,quarta-feira,2,TREB. MINAS,HB,623,explícito,177.0,20
2026-03-25,quarta-feira,2,TREB. MINAS,HB,623,rateio_por_capacidade,0.9846529966136939,1
2026-03-25,quarta-feira,2,TREB. MINAS,IFCO,6416,explícito,319.0,26
2026-03-25,quarta-feira,2,TREB. MINAS,IFCO,6424,explícito,189.0,11
2026-03-26,quinta-feira,3,AGROINDUSTRIA TREBESCHI,HB,618,explícito,20.0,2
2026-03-26,quinta-feira,3,PH CASCAVEL,IFCO,6424,explícito,1106.0,5
2026-03-26,quinta-feira,3,PH UBAJARA,HB,618,explícito,175.0,16
2026-03-26,quinta-feira,3,PH UBAJARA,HB,623,explícito,6.0,1
2026-03-26,quinta-feira,3,PH UBAJARA,IFCO,6416,explícito,34.0,6
2026-03-26,quinta-feira,3,PH UBAJARA,IFCO,6424,explícito,240.0,38
2026-03-26,quinta-feira,3,TREB. CEARA,IFCO,6416,explícito,5.0,1
2026-03-26,quinta-feira,3,TREB. CEARA,IFCO,6424,explícito,16.0,6
2026-03-26,quinta-feira,3,TREB. MINAS,HB,618,explícito,739.0,34
2026-03-26,quinta-feira,3,TREB. MINAS,HB,618,rateio_por_capacidade,32.78005858594131,3
2026-03-26,quinta-feira,3,TREB. MINAS,HB,623,explícito,310.0,11
2026-03-26,quinta-feira,3,TREB. MINAS,HB,623,rateio_por_capacidade,4.219941414058688,2
2026-03-26,quinta-feira,3,TREB. MINAS,IFCO,6416,explícito,32.0,4
2026-03-26,quinta-feira,3,TREB. MINAS,IFCO,6424,explícito,103.0,7
2026-03-27,sexta-feira,4,AGROINDUSTRIA TREBESCHI,HB,618,explícito,37.0,3
2026-03-27,sexta-feira,4,PH CASCAVEL,IFCO,6424,explícito,2240.0,4
2026-03-27,sexta-feira,4,PH SUL (PF),IFCO,6416,explícito,365.0,4
2026-03-27,sexta-feira,4,PH UBAJARA,IFCO,6416,explícito,566.0,27
2026-03-27,sexta-feira,4,PH UBAJARA,IFCO,6424,explícito,586.0,23
2026-03-27,sexta-feira,4,TREB. CEARA,IFCO,6416,explícito,285.0,5
2026-03-27,sexta-feira,4,TREB. MINAS,HB,618,explícito,250.0,7
2026-03-27,sexta-feira,4,TREB. MINAS,HB,623,explícito,1413.0,17
2026-03-27,sexta-feira,4,TREB. MINAS,HB,623,rateio_por_capacidade,41.0,2
2026-03-28,sábado,5,AGROINDUSTRIA TREBESCHI,HB,618,explícito,45.0,5
2026-03-28,sábado,5,AGROINDUSTRIA TREBESCHI,IFCO,6416,explícito,23.0,4
2026-03-28,sábado,5,AGROINDUSTRIA TREBESCHI,IFCO,6424,explícito,120.0,1
2026-03-28,sábado,5,PH CASCAVEL,HB,623,explícito,200.0,1
2026-03-28,sábado,5,PH CASCAVEL,IFCO,6424,explícito,360.0,3
2026-03-28,sábado,5,PH SUL (PF),IFCO,6416,explícito,587.0,3
2026-03-28,sábado,5,PH SUL (PF),IFCO,6424,explícito,598.0,1
2026-03-28,sábado,5,PH UBAJARA,HB,618,explícito,393.0,28
2026-03-28,sábado,5,PH UBAJARA,HB,623,explícito,75.0,8
2026-03-28,sábado,5,PH UBAJARA,IFCO,6416,explícito,242.6415094339623,65
2026-03-28,sábado,5,PH UBAJARA,IFCO,6424,explícito,156.0,121
2026-03-28,sábado,5,TREB. MINAS,HB,618,explícito,1779.0,28
2026-03-28,sábado,5,TREB. MINAS,HB,618,rateio_por_capacidade,215.73578604507733,6
2026-03-28,sábado,5,TREB. MINAS,HB,623,explícito,878.0,19
2026-03-28,sábado,5,TREB. MINAS,HB,623,rateio_por_capacidade,38.26421395492271,8
2026-03-28,sábado,5,TREB. MINAS,IFCO,6416,explícito,94.0,31
2026-03-28,sábado,5,TREB. MINAS,IFCO,6424,explícito,708.0,7
2026-03-30,segunda-feira,0,AGROINDUSTRIA TREBESCHI,HB,618,explícito,254.0,3
2026-03-30,segunda-feira,0,PH CORUMBA (PF),HB,618,explícito,250.0,1
2026-03-30,segunda-feira,0,PH CORUMBA (PF),HB,623,explícito,320.0,1
2026-03-30,segunda-feira,0,PH SUL (PF),IFCO,6416,explícito,334.0,4
2026-03-30,segunda-feira,0,PH UBAJARA,HB,618,explícito,154.0,31
2026-03-30,segunda-feira,0,PH UBAJARA,HB,623,explícito,1.0,1
2026-03-30,segunda-feira,0,PH UBAJARA,IFCO,6416,explícito,177.0,21
2026-03-30,segunda-feira,0,PH UBAJARA,IFCO,6424,explícito,56.0,22
2026-03-30,segunda-feira,0,TREB. CEARA,IFCO,6416,explícito,5.0,1
2026-03-30,segunda-feira,0,TREB. CEARA,IFCO,6424,explícito,2.0,1
2026-03-30,segunda-feira,0,TREB. MINAS,HB,618,explícito,1006.0,28
2026-03-30,segunda-feira,0,TREB. MINAS,HB,623,explícito,300.0,5
2026-03-30,segunda-feira,0,TREB. MINAS,IFCO,6424,explícito,400.0,1
2026-03-31,terça-feira,1,AGROINDUSTRIA TREBESCHI,HB,618,explícito,62.0,4
2026-03-31,terça-feira,1,PH CASCAVEL,HB,623,explícito,160.0,1
2026-03-31,terça-feira,1,PH CASCAVEL,IFCO,6424,explícito,1095.0,6
2026-03-31,terça-feira,1,PH CORUMBA (PF),HB,618,explícito,250.0,1
2026-03-31,terça-feira,1,PH CORUMBA (PF),HB,623,explícito,320.0,1
2026-03-31,terça-feira,1,PH CORUMBA (PF),IFCO,6424,explícito,145.0,1
2026-03-31,terça-feira,1,PH SUL (PF),IFCO,6416,explícito,581.0,5
2026-03-31,terça-feira,1,PH UBAJARA,HB,618,explícito,100.0,16
2026-03-31,terça-feira,1,PH UBAJARA,HB,623,explícito,27.0,6
2026-03-31,terça-feira,1,PH UBAJARA,IFCO,6416,explícito,312.0,21
2026-03-31,terça-feira,1,PH UBAJARA,IFCO,6424,explícito,244.0,21
2026-03-31,terça-feira,1,TREB. MINAS,HB,618,explícito,733.0,30
2026-03-31,terça-feira,1,TREB. MINAS,HB,618,rateio_por_capacidade,21.312023434376528,4
2026-03-31,terça-feira,1,TREB. MINAS,HB,623,explícito,497.0,14
2026-03-31,terça-feira,1,TREB. MINAS,HB,623,rateio_por_capacidade,1.6879765656234753,3
2026-03-31,terça-feira,1,TREB. MINAS,IFCO,6416,explícito,40.0,1
2026-03-31,terça-feira,1,TREB. MINAS,IFCO,6424,explícito,200.0,1
2026-04-01,quarta-feira,2,AGROINDUSTRIA TREBESCHI,HB,618,explícito,241.0,4
2026-04-01,quarta-feira,2,AGROINDUSTRIA TREBESCHI,IFCO,6416,explícito,18.0,2
2026-04-01,quarta-feira,2,AGROINDUSTRIA TREBESCHI,IFCO,6424,explícito,18.0,2
2026-04-01,quarta-feira,2,PH CASCAVEL,IFCO,6424,explícito,900.0,1
2026-04-01,quarta-feira,2,PH CORUMBA (PF),HB,623,explícito,690.0,1
2026-04-01,quarta-feira,2,PH CORUMBA (PF),IFCO,6424,explícito,150.0,1
2026-04-01,quarta-feira,2,PH UBAJARA,HB,618,explícito,114.0,22
2026-04-01,quarta-feira,2,PH UBAJARA,HB,623,explícito,1.0,1
2026-04-01,quarta-feira,2,TREB. MINAS,HB,618,explícito,284.0,18
2026-04-01,quarta-feira,2,TREB. MINAS,HB,623,explícito,839.0,5
2026-04-01,quarta-feira,2,TREB. MINAS,IFCO,6416,explícito,80.5,20
2026-04-01,quarta-feira,2,TREB. MINAS,IFCO,6424,explícito,116.0,11
2026-04-02,quinta-feira,3,AGROINDUSTRIA TREBESCHI,HB,618,explícito,26.0,3
2026-04-02,quinta-feira,3,AGROINDUSTRIA TREBESCHI,IFCO,6416,explícito,80.0,2
2026-04-02,quinta-feira,3,AGROINDUSTRIA TREBESCHI,IFCO,6424,explícito,320.0,1
2026-04-02,quinta-feira,3,PH CASCAVEL,HB,623,explícito,690.0,1
2026-04-02,quinta-feira,3,PH UBAJARA,IFCO,6416,explícito,50.0,4
2026-04-02,quinta-feira,3,PH UBAJARA,IFCO,6424,explícito,333.0,20
2026-04-02,quinta-feira,3,TREB. CEARA,IFCO,6424,explícito,7.0,2
2026-04-02,quinta-feira,3,TREB. MINAS,HB,618,explícito,580.0,16
2026-04-02,quinta-feira,3,TREB. MINAS,HB,623,explícito,394.0,8
2026-04-02,quinta-feira,3,TREB. MINAS,IFCO,6424,explícito,400.0,1
2026-04-03,sexta-feira,4,AGROINDUSTRIA TREBESCHI,HB,618,explícito,31.0,3
2026-04-03,sexta-feira,4,TREB. MINAS,HB,618,explícito,282.0,6
2026-04-03,sexta-feira,4,TREB. MINAS,HB,623,explícito,96.0,4
2026-04-04,sábado,5,AGROINDUSTRIA TREBESCHI,HB,618,explícito,49.0,4
2026-04-04,sábado,5,PH CASCAVEL,IFCO,6424,explícito,640.0,2
2026-04-04,sábado,5,PH UBAJARA,HB,618,explícito,261.0,39
2026-04-04,sábado,5,PH UBAJARA,HB,623,explícito,54.0,8
2026-04-04,sábado,5,PH UBAJARA,IFCO,6416,explícito,600.2,110
2026-04-04,sábado,5,PH UBAJARA,IFCO,6424,explícito,421.0,73
2026-04-04,sábado,5,TREB. CEARA,IFCO,6416,explícito,47.0,6
2026-04-04,sábado,5,TREB. MINAS,HB,618,explícito,806.0,15
2026-04-04,sábado,5,TREB. MINAS,HB,618,rateio_por_capacidade,149.61690317253135,4
2026-04-04,sábado,5,TREB. MINAS,HB,623,explícito,622.0,13
2026-04-04,sábado,5,TREB. MINAS,HB,623,rateio_por_capacidade,30.383096827468677,5
2026-04-04,sábado,5,TREB. MINAS,IFCO,6416,explícito,460.0,16
2026-04-06,segunda-feira,0,AGROINDUSTRIA TREBESCHI,HB,618,explícito,45.0,3
2026-04-06,segunda-feira,0,PH CASCAVEL,IFCO,6424,explícito,1895.0,5
2026-04-06,segunda-feira,0,PH CORUMBA (PF),HB,623,explícito,690.0,1
2026-04-06,segunda-feira,0,PH UBAJARA,HB,618,explícito,47.0,14
2026-04-06,segunda-feira,0,PH UBAJARA,IFCO,6424,explícito,5.0,2
2026-04-06,segunda-feira,0,TREB. CEARA,IFCO,6416,explícito,7.0,3
2026-04-06,segunda-feira,0,TREB. MINAS,HB,618,explícito,793.0,24
2026-04-06,segunda-feira,0,TREB. MINAS,HB,623,explícito,306.0,5
2026-04-06,segunda-feira,0,TREB. MINAS,IFCO,6416,explícito,396.0,6
2026-04-07,terça-feira,1,AGROINDUSTRIA TREBESCHI,HB,618,explícito,48.0,4
2026-04-07,terça-feira,1,PH CASCAVEL,HB,623,explícito,690.0,1
2026-04-07,terça-feira,1,PH UBAJARA,HB,618,explícito,207.0,10
2026-04-07,terça-feira,1,PH UBAJARA,HB,623,explícito,66.0,7
2026-04-07,terça-feira,1,PH UBAJARA,IFCO,6416,explícito,57.0,26
2026-04-07,terça-feira,1,PH UBAJARA,IFCO,6424,explícito,44.0,16
2026-04-07,terça-feira,1,TREB. MINAS,HB,618,explícito,490.0,9
2026-04-07,terça-feira,1,TREB. MINAS,HB,618,rateio_por_capacidade,20.030694006772613,4
2026-04-07,terça-feira,1,TREB. MINAS,HB,623,explícito,312.0,7
2026-04-07,terça-feira,1,TREB. MINAS,HB,623,rateio_por_capacidade,1.9693059932273878,3
2026-04-07,terça-feira,1,TREB. MINAS,IFCO,6416,explícito,366.0,5
2026-04-08,quarta-feira,2,AGROINDUSTRIA TREBESCHI,HB,618,explícito,30.0,2
2026-04-08,quarta-feira,2,AGROINDUSTRIA TREBESCHI,IFCO,6424,explícito,29.0,3
2026-04-08,quarta-feira,2,PH CASCAVEL,HB,623,explícito,690.0,2
2026-04-08,quarta-feira,2,PH CASCAVEL,IFCO,6424,explícito,865.0,21
2026-04-08,quarta-feira,2,PH CORUMBA (PF),IFCO,6424,explícito,632.0,2
2026-04-08,quarta-feira,2,PH UBAJARA,IFCO,6416,explícito,345.0,29
2026-04-08,quarta-feira,2,PH UBAJARA,IFCO,6424,explícito,563.0,53
2026-04-08,quarta-feira,2,TREB. MINAS,HB,618,explícito,633.0,9
2026-04-08,quarta-feira,2,TREB. MINAS,HB,618,rateio_por_capacidade,20.643953196214436,3
2026-04-08,quarta-feira,2,TREB. MINAS,HB,623,explícito,465.0,19
2026-04-08,quarta-feira,2,TREB. MINAS,HB,623,rateio_por_capacidade,1.356046803785563,2
2026-04-08,quarta-feira,2,TREB. MINAS,IFCO,6416,explícito,547.0,35
2026-04-08,quarta-feira,2,TREB. MINAS,IFCO,6424,explícito,545.0,8
2026-04-09,quinta-feira,3,AGROINDUSTRIA TREBESCHI,HB,618,explícito,24.0,3
2026-04-09,quinta-feira,3,PH CASCAVEL,IFCO,6424,explícito,264.0,2
2026-04-09,quinta-feira,3,PH CORUMBA (PF),HB,623,explícito,690.0,1
2026-04-09,quinta-feira,3,PH UBAJARA,HB,618,explícito,96.0,18
2026-04-09,quinta-feira,3,PH UBAJARA,HB,623,explícito,1.0,1
2026-04-09,quinta-feira,3,PH UBAJARA,IFCO,6416,explícito,140.0,27
2026-04-09,quinta-feira,3,PH UBAJARA,IFCO,6424,explícito,26.0,8
2026-04-09,quinta-feira,3,TREB. MINAS,HB,618,explícito,1172.0,46
2026-04-09,quinta-feira,3,TREB. MINAS,HB,623,explícito,447.0,12
2026-04-09,quinta-feira,3,TREB. MINAS,IFCO,6424,explícito,800.0,2
2026-04-10,sexta-feira,4,AGROINDUSTRIA TREBESCHI,HB,618,explícito,28.0,2
2026-04-10,sexta-feira,4,AGROINDUSTRIA TREBESCHI,IFCO,6416,explícito,80.0,2
2026-04-10,sexta-feira,4,AGROINDUSTRIA TREBESCHI,IFCO,6424,explícito,480.0,1
2026-04-10,sexta-feira,4,PH CASCAVEL,IFCO,6424,explícito,2880.0,3
2026-04-10,sexta-feira,4,PH UBAJARA,IFCO,6416,explícito,55.0,7
2026-04-10,sexta-feira,4,PH UBAJARA,IFCO,6424,explícito,107.0,10
2026-04-10,sexta-feira,4,TREB. CEARA,IFCO,6416,explícito,1.0,1
2026-04-10,sexta-feira,4,TREB. MINAS,HB,618,explícito,442.0,8
2026-04-10,sexta-feira,4,TREB. MINAS,HB,623,explícito,799.0,13
2026-04-10,sexta-feira,4,TREB. MINAS,IFCO,6416,explícito,323.0,4
2026-04-10,sexta-feira,4,TREB. MINAS,IFCO,6424,explícito,520.0,2
2026-04-11,sábado,5,AGROINDUSTRIA TREBESCHI,HB,618,explícito,50.0,4
2026-04-11,sábado,5,AGROINDUSTRIA TREBESCHI,IFCO,6424,explícito,80.0,1
2026-04-11,sábado,5,PH CASCAVEL,HB,623,explícito,270.0,1
2026-04-11,sábado,5,PH CASCAVEL,IFCO,6424,explícito,2362.0,8
2026-04-11,sábado,5,PH CORUMBA (PF),HB,623,explícito,585.0,1
2026-04-11,sábado,5,PH UBAJARA,HB,618,explícito,310.0,33
2026-04-11,sábado,5,PH UBAJARA,HB,623,explícito,62.0,8
2026-04-11,sábado,5,PH UBAJARA,IFCO,6416,explícito,428.0,96
2026-04-11,sábado,5,PH UBAJARA,IFCO,6424,explícito,436.0,61
2026-04-11,sábado,5,TREB. CEARA,IFCO,6416,explícito,38.0,3
2026-04-11,sábado,5,TREB. MINAS,HB,618,explícito,939.0,31
2026-04-11,sábado,5,TREB. MINAS,HB,618,rateio_por_capacidade,73.6439106663822,5
2026-04-11,sábado,5,TREB. MINAS,HB,623,explícito,523.0,15
2026-04-11,sábado,5,TREB. MINAS,HB,623,rateio_por_capacidade,14.35608933361782,6
2026-04-11,sábado,5,TREB. MINAS,IFCO,6416,explícito,457.0,20
2026-04-11,sábado,5,TREB. MINAS,IFCO,6424,explícito,140.0,2
2026-04-13,segunda-feira,0,AGROINDUSTRIA TREBESCHI,HB,618,explícito,82.0,4
2026-04-13,segunda-feira,0,PH CASCAVEL,IFCO,6424,explícito,1661.0,4
2026-04-13,segunda-feira,0,PH UBAJARA,HB,618,explícito,156.0,17
2026-04-13,segunda-feira,0,TREB. MINAS,HB,618,explícito,619.0,18
2026-04-13,segunda-feira,0,TREB. MINAS,HB,623,explícito,266.0,5
2026-04-13,segunda-feira,0,TREB. MINAS,IFCO,6416,explícito,251.0,9
2026-04-13,segunda-feira,0,TREB. MINAS,IFCO,6424,explícito,22.0,4
2026-04-14,terça-feira,1,AGROINDUSTRIA TREBESCHI,HB,618,explícito,70.0,4
2026-04-14,terça-feira,1,PH CASCAVEL,HB,623,explícito,260.0,1
2026-04-14,terça-feira,1,PH CASCAVEL,IFCO,6424,explícito,2768.0,9
2026-04-14,terça-feira,1,PH CORUMBA (PF),HB,623,explícito,690.0,1
2026-04-14,terça-feira,1,PH UBAJARA,HB,618,explícito,147.0,10
2026-04-14,terça-feira,1,PH UBAJARA,HB,623,explícito,41.0,7
2026-04-14,terça-feira,1,PH UBAJARA,IFCO,6416,explícito,146.0,20
2026-04-14,terça-feira,1,PH UBAJARA,IFCO,6424,explícito,158.0,20
2026-04-14,terça-feira,1,TREB. MINAS,HB,618,explícito,860.0,20
2026-04-14,terça-feira,1,TREB. MINAS,HB,623,explícito,440.0,8
2026-04-14,terça-feira,1,TREB. MINAS,IFCO,6416,explícito,531.0,7
2026-04-14,terça-feira,1,TREB. MINAS,IFCO,6424,explícito,80.0,1
2026-04-15,quarta-feira,2,AGROINDUSTRIA TREBESCHI,HB,618,explícito,69.0,4
2026-04-15,quarta-feira,2,AGROINDUSTRIA TREBESCHI,IFCO,6416,explícito,14.0,5
2026-04-15,quarta-feira,2,AGROINDUSTRIA TREBESCHI,IFCO,6424,explícito,22.0,2
2026-04-15,quarta-feira,2,PH CASCAVEL,HB,623,explícito,40.0,1
2026-04-15,quarta-feira,2,PH CASCAVEL,IFCO,6424,explícito,400.0,2
2026-04-15,quarta-feira,2,PH CORUMBA (PF),IFCO,6424,explícito,1010.0,3
2026-04-15,quarta-feira,2,TREB. MINAS,HB,618,explícito,406.0,6
2026-04-15,quarta-feira,2,TREB. MINAS,HB,623,explícito,133.0,4
2026-04-15,quarta-feira,2,TREB. MINAS,IFCO,6416,explícito,237.0,31
2026-04-15,quarta-feira,2,TREB. MINAS,IFCO,6424,explícito,121.0,7
2026-04-16,quinta-feira,3,AGROINDUSTRIA TREBESCHI,HB,618,explícito,69.0,4
2026-04-16,quinta-feira,3,PH CORUMBA (PF),HB,623,explícito,690.0,1
2026-04-16,quinta-feira,3,PH UBAJARA,HB,618,explícito,148.0,11
2026-04-16,quinta-feira,3,PH UBAJARA,IFCO,6416,explícito,140.0,24
2026-04-16,quinta-feira,3,PH UBAJARA,IFCO,6424,explícito,23.0,6
2026-04-16,quinta-feira,3,TREB. MINAS,HB,618,explícito,1187.0,40
2026-04-16,quinta-feira,3,TREB. MINAS,HB,623,explícito,1121.0,18
2026-04-16,quinta-feira,3,TREB. MINAS,IFCO,6416,explícito,33.0,4
2026-04-16,quinta-feira,3,TREB. MINAS,IFCO,6424,explícito,341.0,5
2026-04-17,sexta-feira,4,AGROINDUSTRIA TREBESCHI,HB,618,explícito,33.0,3
2026-04-17,sexta-feira,4,PH CASCAVEL,HB,623,explícito,720.0,1
2026-04-17,sexta-feira,4,PH CASCAVEL,IFCO,6424,explícito,165.0,2
2026-04-17,sexta-feira,4,PH CORUMBA (PF),IFCO,6424,explícito,560.0,1
2026-04-17,sexta-feira,4,PH UBAJARA,IFCO,6416,explícito,264.0,47
2026-04-17,sexta-feira,4,PH UBAJARA,IFCO,6424,explícito,168.0,30
2026-04-17,sexta-feira,4,TREB. CEARA,IFCO,6416,explícito,3.0,2
2026-04-17,sexta-feira,4,TREB. MINAS,HB,618,explícito,490.0,8
2026-04-17,sexta-feira,4,TREB. MINAS,HB,623,explícito,929.0,5
2026-04-17,sexta-feira,4,TREB. MINAS,IFCO,6416,explícito,433.0,4
2026-04-18,sábado,5,AGROINDUSTRIA TREBESCHI,HB,618,explícito,41.0,4
2026-04-18,sábado,5,PH CASCAVEL,IFCO,6424,explícito,580.0,4
2026-04-18,sábado,5,PH UBAJARA,HB,618,explícito,339.0,37
2026-04-18,sábado,5,PH UBAJARA,HB,623,explícito,27.0,7
2026-04-18,sábado,5,PH UBAJARA,IFCO,6416,explícito,264.0,53
2026-04-18,sábado,5,PH UBAJARA,IFCO,6424,explícito,811.0,75
2026-04-18,sábado,5,PH UBAJARA,IFCO,NAO_INFORMADO,explícito,1.0,1
2026-04-18,sábado,5,TREB. CEARA,IFCO,6416,explícito,37.0,4
2026-04-18,sábado,5,TREB. CEARA,IFCO,6424,explícito,20.0,1
2026-04-18,sábado,5,TREB. MINAS,HB,618,explícito,1274.0,31
2026-04-18,sábado,5,TREB. MINAS,HB,618,rateio_por_capacidade,114.77534490647912,6
2026-04-18,sábado,5,TREB. MINAS,HB,623,explícito,1063.0,26
2026-04-18,sábado,5,TREB. MINAS,HB,623,rateio_por_capacidade,30.224655093520905,8
2026-04-18,sábado,5,TREB. MINAS,IFCO,6416,explícito,96.0,19
2026-04-18,sábado,5,TREB. MINAS,IFCO,6424,explícito,200.0,2
2026-04-20,segunda-feira,0,AGROINDUSTRIA TREBESCHI,HB,618,explícito,78.0,8
2026-04-20,segunda-feira,0,AGROINDUSTRIA TREBESCHI,IFCO,6424,explícito,40.0,1
2026-04-20,segunda-feira,0,PH CASCAVEL,HB,623,explícito,960.0,1
2026-04-20,segunda-feira,0,PH UBAJARA,HB,618,explícito,95.0,13
2026-04-20,segunda-feira,0,PH UBAJARA,HB,623,explícito,1.0,1
2026-04-20,segunda-feira,0,PH UBAJARA,IFCO,6416,explícito,21.0,4
2026-04-20,segunda-feira,0,PH UBAJARA,IFCO,6424,explícito,457.0,34
2026-04-20,segunda-feira,0,TREB. MINAS,HB,618,explícito,1547.0,41
2026-04-20,segunda-feira,0,TREB. MINAS,HB,618,rateio_por_capacidade,9.0,1
2026-04-20,segunda-feira,0,TREB. MINAS,HB,623,explícito,1175.0,21
2026-04-20,segunda-feira,0,TREB. MINAS,IFCO,6416,explícito,491.0,7
2026-04-20,segunda-feira,0,TREB. MINAS,IFCO,6424,explícito,100.0,1
2026-04-21,terça-feira,1,PH UBAJARA,HB,618,explícito,127.0,13
2026-04-21,terça-feira,1,PH UBAJARA,HB,623,explícito,33.0,6
2026-04-21,terça-feira,1,PH UBAJARA,IFCO,6416,explícito,19.0,10
2026-04-21,terça-feira,1,PH UBAJARA,IFCO,6424,explícito,96.0,12
2026-04-22,quarta-feira,2,AGROINDUSTRIA TREBESCHI,HB,618,explícito,65.0,4
2026-04-22,quarta-feira,2,AGROINDUSTRIA TREBESCHI,IFCO,6424,explícito,3.27272727272727,1
2026-04-22,quarta-feira,2,PH CASCAVEL,IFCO,6424,explícito,645.0,3
2026-04-22,quarta-feira,2,PH CORUMBA (PF),IFCO,6416,explícito,960.0,3
2026-04-22,quarta-feira,2,PH SUL (PF),HB,623,explícito,171.0,5
2026-04-22,quarta-feira,2,PH UBAJARA,IFCO,6416,explícito,287.0,23
2026-04-22,quarta-feira,2,PH UBAJARA,IFCO,6424,explícito,159.0,12
2026-04-22,quarta-feira,2,TREB. CEAGESP,IFCO,6424,explícito,160.0,1
2026-04-22,quarta-feira,2,TREB. MINAS,HB,618,explícito,626.0,13
2026-04-22,quarta-feira,2,TREB. MINAS,HB,623,explícito,357.0,7
2026-04-22,quarta-feira,2,TREB. MINAS,IFCO,6416,explícito,2071.0,24
2026-04-22,quarta-feira,2,TREB. MINAS,IFCO,6424,explícito,89.0,3
2026-04-23,quinta-feira,3,AGROINDUSTRIA TREBESCHI,HB,618,explícito,45.0,4
2026-04-23,quinta-feira,3,AGROINDUSTRIA TREBESCHI,IFCO,6416,explícito,3.0,1
2026-04-23,quinta-feira,3,AGROINDUSTRIA TREBESCHI,IFCO,6424,explícito,16.0,1
2026-04-23,quinta-feira,3,PH CASCAVEL,IFCO,6424,explícito,80.0,1
2026-04-23,quinta-feira,3,PH SUL (PF),HB,623,explícito,307.0,5
2026-04-23,quinta-feira,3,PH UBAJARA,HB,618,explícito,27.0,12
2026-04-23,quinta-feira,3,PH UBAJARA,HB,623,explícito,1.0,1
2026-04-23,quinta-feira,3,PH UBAJARA,IFCO,6416,explícito,165.0,27
2026-04-23,quinta-feira,3,PH UBAJARA,IFCO,6424,explícito,46.5,5
2026-04-23,quinta-feira,3,TREB. MINAS,HB,618,explícito,743.0,25
2026-04-23,quinta-feira,3,TREB. MINAS,HB,618,rateio_por_capacidade,15.015347003386307,3
2026-04-23,quinta-feira,3,TREB. MINAS,HB,623,explícito,154.0,9
2026-04-23,quinta-feira,3,TREB. MINAS,HB,623,rateio_por_capacidade,0.9846529966136939,2
2026-04-23,quinta-feira,3,TREB. MINAS,IFCO,6416,explícito,42.0,5
2026-04-23,quinta-feira,3,TREB. MINAS,IFCO,6424,explícito,31.0,4
2026-04-24,sexta-feira,4,AGROINDUSTRIA TREBESCHI,HB,618,explícito,29.0,3
2026-04-24,sexta-feira,4,AGROINDUSTRIA TREBESCHI,IFCO,6424,explícito,403.0,2
2026-04-24,sexta-feira,4,PH CASCAVEL,IFCO,6424,explícito,640.0,2
2026-04-24,sexta-feira,4,PH CORUMBA (PF),IFCO,6424,explícito,1120.0,1
2026-04-24,sexta-feira,4,PH SUL (PF),HB,623,explícito,76.0,4
2026-04-24,sexta-feira,4,PH UBAJARA,IFCO,6416,explícito,368.0,49
2026-04-24,sexta-feira,4,PH UBAJARA,IFCO,6424,explícito,325.0,29
2026-04-24,sexta-feira,4,TREB. CEARA,IFCO,6416,explícito,108.0,6
2026-04-24,sexta-feira,4,TREB. MINAS,HB,618,explícito,465.0,7
2026-04-24,sexta-feira,4,TREB. MINAS,HB,623,explícito,741.0,9
2026-04-24,sexta-feira,4,TREB. MINAS,IFCO,6416,explícito,346.0,4
2026-04-24,sexta-feira,4,TREB. MINAS,IFCO,6424,explícito,280.0,2
2026-04-25,sábado,5,AGROINDUSTRIA TREBESCHI,HB,618,explícito,75.0,4
2026-04-25,sábado,5,AGROINDUSTRIA TREBESCHI,IFCO,6416,explícito,3.0,1
2026-04-25,sábado,5,PH CORUMBA (PF),HB,623,explícito,720.0,1
2026-04-25,sábado,5,PH CORUMBA (PF),IFCO,6424,explícito,630.0,6
2026-04-25,sábado,5,PH UBAJARA,HB,618,explícito,341.0,38
2026-04-25,sábado,5,PH UBAJARA,HB,623,explícito,64.0,8
2026-04-25,sábado,5,PH UBAJARA,IFCO,6416,explícito,60.0,32
2026-04-25,sábado,5,PH UBAJARA,IFCO,6424,explícito,297.0,40
2026-04-25,sábado,5,TREB. MINAS,HB,618,explícito,1095.0,43
2026-04-25,sábado,5,TREB. MINAS,HB,618,rateio_por_capacidade,5.694965612104539,1
2026-04-25,sábado,5,TREB. MINAS,HB,623,explícito,398.0,15
2026-04-25,sábado,5,TREB. MINAS,HB,623,rateio_por_capacidade,0.3050343878954608,1
2026-04-25,sábado,5,TREB. MINAS,IFCO,6416,explícito,512.0,24
2026-04-25,sábado,5,TREB. MINAS,IFCO,6424,explícito,100.0,1
2026-04-27,segunda-feira,0,AGROINDUSTRIA TREBESCHI,HB,618,explícito,78.0,4
2026-04-27,segunda-feira,0,PH CORUMBA (PF),IFCO,6424,explícito,640.0,2
2026-04-27,segunda-feira,0,PH SUL (PF),HB,623,explícito,76.0,4
2026-04-27,segunda-feira,0,PH UBAJARA,IFCO,6424,explícito,1.0,1
2026-04-27,segunda-feira,0,TREB. MINAS,HB,618,explícito,741.0,40
2026-04-27,segunda-feira,0,TREB. MINAS,HB,618,rateio_por_capacidade,170.04463705037963,6
2026-04-27,segunda-feira,0,TREB. MINAS,HB,623,explícito,836.0,14
2026-04-27,segunda-feira,0,TREB. MINAS,HB,623,rateio_por_capacidade,37.95536294962037,8
2026-04-27,segunda-feira,0,TREB. MINAS,IFCO,6416,explícito,171.0,8
2026-04-27,segunda-feira,0,TREB. MINAS,IFCO,6424,explícito,41.0,4
2026-04-28,terça-feira,1,AGROINDUSTRIA TREBESCHI,HB,618,explícito,41.0,2
2026-04-28,terça-feira,1,AGROINDUSTRIA TREBESCHI,IFCO,6424,explícito,40.0,1
2026-04-28,terça-feira,1,PH CASCAVEL,HB,623,explícito,240.0,1
2026-04-28,terça-feira,1,PH CASCAVEL,IFCO,6424,explícito,690.0,3
2026-04-28,terça-feira,1,PH CORUMBA (PF),IFCO,6424,explícito,240.0,1
2026-04-28,terça-feira,1,PH UBAJARA,HB,618,explícito,142.0,10
2026-04-28,terça-feira,1,PH UBAJARA,HB,623,explícito,58.0,7
2026-04-28,terça-feira,1,PH UBAJARA,IFCO,6416,explícito,295.0,34
2026-04-28,terça-feira,1,PH UBAJARA,IFCO,6424,explícito,875.0,25
2026-04-28,terça-feira,1,TREB. MINAS,HB,618,explícito,595.0,17
2026-04-28,terça-feira,1,TREB. MINAS,HB,623,explícito,432.0,9
2026-04-28,terça-feira,1,TREB. MINAS,IFCO,6416,explícito,551.0,6
2026-04-28,terça-feira,1,TREB. MINAS,IFCO,6424,explícito,80.0,2
2026-04-29,quarta-feira,2,AGROINDUSTRIA TREBESCHI,HB,618,explícito,118.0,4
2026-04-29,quarta-feira,2,AGROINDUSTRIA TREBESCHI,IFCO,6424,explícito,11.0,1
2026-04-29,quarta-feira,2,PH CORUMBA (PF),IFCO,6424,explícito,60.0,2
2026-04-29,quarta-feira,2,PH UBAJARA,HB,618,explícito,161.0,12
2026-04-29,quarta-feira,2,PH UBAJARA,IFCO,6424,explícito,2.0,2
2026-04-29,quarta-feira,2,TREB. MINAS,HB,618,explícito,769.0,23
2026-04-29,quarta-feira,2,TREB. MINAS,HB,623,explícito,1749.0,8
2026-04-29,quarta-feira,2,TREB. MINAS,IFCO,6416,explícito,159.0,26
2026-04-29,quarta-feira,2,TREB. MINAS,IFCO,6424,explícito,1085.0,13
2026-04-30,quinta-feira,3,AGROINDUSTRIA TREBESCHI,HB,618,explícito,106.0,8
2026-04-30,quinta-feira,3,AGROINDUSTRIA TREBESCHI,IFCO,6424,explícito,360.0,1
2026-04-30,quinta-feira,3,PH UBAJARA,IFCO,6416,explícito,12.0,6
2026-04-30,quinta-feira,3,PH UBAJARA,IFCO,6424,explícito,3.0,3
2026-04-30,quinta-feira,3,TREB. MINAS,HB,618,explícito,750.0,22
2026-04-30,quinta-feira,3,TREB. MINAS,HB,623,explícito,414.0,12
2026-04-30,quinta-feira,3,TREB. MINAS,IFCO,6424,explícito,760.0,2
2026-05-01,sexta-feira,4,PH CORUMBA (PF),IFCO,6424,explícito,1097.0,2
2026-05-01,sexta-feira,4,TREB. MINAS,HB,623,explícito,690.0,1
2026-05-01,sexta-feira,4,TREB. MINAS,IFCO,6424,explícito,618.0,3
2026-05-02,sábado,5,AGROINDUSTRIA TREBESCHI,HB,618,explícito,124.0,7
2026-05-02,sábado,5,AGROINDUSTRIA TREBESCHI,IFCO,6416,explícito,5.0,2
2026-05-02,sábado,5,AGROINDUSTRIA TREBESCHI,IFCO,6424,explícito,40.0,1
2026-05-02,sábado,5,PH CASCAVEL,IFCO,6424,explícito,640.0,4
2026-05-02,sábado,5,PH UBAJARA,HB,618,explícito,405.0,52
2026-05-02,sábado,5,PH UBAJARA,HB,623,explícito,64.0,10
2026-05-02,sábado,5,PH UBAJARA,IFCO,6416,explícito,459.0,77
2026-05-02,sábado,5,PH UBAJARA,IFCO,6424,explícito,614.0,110
2026-05-02,sábado,5,TREB. CEARA,IFCO,6416,explícito,70.0,9
2026-05-02,sábado,5,TREB. MINAS,HB,618,explícito,858.0,24
2026-05-02,sábado,5,TREB. MINAS,HB,623,explícito,1012.0,8
2026-05-02,sábado,5,TREB. MINAS,IFCO,6416,explícito,442.0,22
2026-05-02,sábado,5,TREB. MINAS,IFCO,6424,explícito,720.0,2
2026-05-04,segunda-feira,0,AGROINDUSTRIA TREBESCHI,HB,618,explícito,77.0,4
2026-05-04,segunda-feira,0,PH UBAJARA,IFCO,6416,explícito,50.0,8
2026-05-04,segunda-feira,0,PH UBAJARA,IFCO,6424,explícito,420.0,50
2026-05-04,segunda-feira,0,TREB. CEARA,IFCO,6424,explícito,50.0,6
2026-05-04,segunda-feira,0,TREB. MINAS,HB,618,explícito,537.0,20
2026-05-04,segunda-feira,0,TREB. MINAS,HB,623,explícito,226.0,5
2026-05-04,segunda-feira,0,TREB. MINAS,IFCO,6416,explícito,177.0,4
2026-05-05,terça-feira,1,AGROINDUSTRIA TREBESCHI,HB,618,explícito,57.0,4
2026-05-05,terça-feira,1,AGROINDUSTRIA TREBESCHI,IFCO,6424,explícito,40.0,1
2026-05-05,terça-feira,1,PH CASCAVEL,HB,623,explícito,120.0,1
2026-05-05,terça-feira,1,PH CASCAVEL,IFCO,6424,explícito,342.0,3
2026-05-05,terça-feira,1,PH CORUMBA (PF),IFCO,6424,explícito,240.0,1
2026-05-05,terça-feira,1,PH UBAJARA,HB,618,explícito,179.0,10
2026-05-05,terça-feira,1,PH UBAJARA,HB,623,explícito,58.0,7
2026-05-05,terça-feira,1,PH UBAJARA,IFCO,6416,explícito,340.0,32
2026-05-05,terça-feira,1,PH UBAJARA,IFCO,6424,explícito,471.0,22
2026-05-05,terça-feira,1,TREB. CEARA,IFCO,6424,explícito,32.0,1
2026-05-05,terça-feira,1,TREB. MINAS,HB,618,explícito,397.0,29
2026-05-05,terça-feira,1,TREB. MINAS,HB,618,rateio_por_capacidade,6.015347003386307,1
2026-05-05,terça-feira,1,TREB. MINAS,HB,623,explícito,330.0,26
2026-05-05,terça-feira,1,TREB. MINAS,HB,623,rateio_por_capacidade,0.9846529966136939,1
2026-05-05,terça-feira,1,TREB. MINAS,IFCO,6416,explícito,489.0,5
2026-05-05,terça-feira,1,TREB. MINAS,IFCO,6424,explícito,80.0,1
2026-05-06,quarta-feira,2,AGROINDUSTRIA TREBESCHI,HB,618,explícito,59.0,4
2026-05-06,quarta-feira,2,AGROINDUSTRIA TREBESCHI,IFCO,6416,explícito,6.0,1
2026-05-06,quarta-feira,2,AGROINDUSTRIA TREBESCHI,IFCO,6424,explícito,20.0,2
2026-05-06,quarta-feira,2,PH CASCAVEL,IFCO,6424,explícito,350.0,1
2026-05-06,quarta-feira,2,PH UBAJARA,IFCO,6416,explícito,22.0,3
2026-05-06,quarta-feira,2,PH UBAJARA,IFCO,6424,explícito,282.0,36
2026-05-06,quarta-feira,2,TREB. CEARA,IFCO,6416,explícito,76.0,4
2026-05-06,quarta-feira,2,TREB. CEARA,IFCO,6424,explícito,27.0,6
2026-05-06,quarta-feira,2,TREB. MINAS,HB,618,explícito,624.0,9
2026-05-06,quarta-feira,2,TREB. MINAS,HB,618,rateio_por_capacidade,32.37797077199683,3
2026-05-06,quarta-feira,2,TREB. MINAS,HB,623,explícito,1855.0,14
2026-05-06,quarta-feira,2,TREB. MINAS,HB,623,rateio_por_capacidade,12.62202922800317,4
2026-05-06,quarta-feira,2,TREB. MINAS,IFCO,6416,explícito,306.0,27
2026-05-06,quarta-feira,2,TREB. MINAS,IFCO,6424,explícito,173.0,8
2026-05-07,quinta-feira,3,AGROINDUSTRIA TREBESCHI,HB,618,explícito,31.0,4
2026-05-07,quinta-feira,3,PH CASCAVEL,IFCO,6424,explícito,330.0,3
2026-05-07,quinta-feira,3,PH UBAJARA,HB,618,explícito,47.0,23
2026-05-07,quinta-feira,3,PH UBAJARA,HB,623,explícito,3.0,2
2026-05-07,quinta-feira,3,PH UBAJARA,IFCO,6416,explícito,233.0,27
2026-05-07,quinta-feira,3,PH UBAJARA,IFCO,6424,explícito,39.0,8
2026-05-07,quinta-feira,3,PH UBAJARA,IFCO,NAO_INFORMADO,explícito,1.0,1
2026-05-07,quinta-feira,3,TREB. CEARA,IFCO,6416,explícito,6.33333333333333,2
2026-05-07,quinta-feira,3,TREB. MINAS,HB,618,explícito,554.0,18
2026-05-07,quinta-feira,3,TREB. MINAS,HB,618,rateio_por_capacidade,34.32805468021189,5
2026-05-07,quinta-feira,3,TREB. MINAS,HB,623,explícito,298.0,8
2026-05-07,quinta-feira,3,TREB. MINAS,HB,623,rateio_por_capacidade,7.671945319788109,4
2026-05-07,quinta-feira,3,TREB. MINAS,IFCO,6416,explícito,22.0,2
2026-05-07,quinta-feira,3,TREB. MINAS,IFCO,6424,explícito,25.0,3
2026-05-08,sexta-feira,4,AGROINDUSTRIA TREBESCHI,HB,618,explícito,37.0,3
2026-05-08,sexta-feira,4,PH CASCAVEL,IFCO,6424,explícito,240.0,3
2026-05-08,sexta-feira,4,PH UBAJARA,IFCO,6416,explícito,124.0,19
2026-05-08,sexta-feira,4,TREB. CEARA,IFCO,6416,explícito,1.0,1
2026-05-08,sexta-feira,4,TREB. MINAS,HB,618,explícito,384.0,7
2026-05-08,sexta-feira,4,TREB. MINAS,HB,623,explícito,966.0,14
2026-05-08,sexta-feira,4,TREB. MINAS,IFCO,6416,explícito,342.0,5
2026-05-09,sábado,5,AGROINDUSTRIA TREBESCHI,HB,618,explícito,138.0,7
2026-05-09,sábado,5,AGROINDUSTRIA TREBESCHI,IFCO,6416,explícito,6.0,1
2026-05-09,sábado,5,AGROINDUSTRIA TREBESCHI,IFCO,6424,explícito,40.0,1
2026-05-09,sábado,5,F. BICAME,IFCO,6424,explícito,1170.0,2
2026-05-09,sábado,5,PH CASCAVEL,IFCO,6424,explícito,1295.0,4
2026-05-09,sábado,5,PH UBAJARA,HB,618,explícito,251.0,27
2026-05-09,sábado,5,PH UBAJARA,HB,623,explícito,61.0,8
2026-05-09,sábado,5,PH UBAJARA,IFCO,6416,explícito,457.0,55
2026-05-09,sábado,5,PH UBAJARA,IFCO,6424,explícito,657.0,50
2026-05-09,sábado,5,TREB. CEARA,IFCO,6416,explícito,45.0,5
2026-05-09,sábado,5,TREB. MINAS,HB,618,explícito,949.0,32
2026-05-09,sábado,5,TREB. MINAS,HB,618,rateio_por_capacidade,13.28825309491059,1
2026-05-09,sábado,5,TREB. MINAS,HB,623,explícito,1664.0,12
2026-05-09,sábado,5,TREB. MINAS,HB,623,rateio_por_capacidade,0.7117469050894084,1
2026-05-09,sábado,5,TREB. MINAS,IFCO,6416,explícito,569.0,25
2026-05-09,sábado,5,TREB. MINAS,IFCO,6424,explícito,636.0,1
2026-05-11,segunda-feira,0,AGROINDUSTRIA TREBESCHI,HB,618,explícito,74.0,4
2026-05-11,segunda-feira,0,F. BICAME,HB,623,explícito,480.0,1
2026-05-11,segunda-feira,0,PH CORUMBA (PF),HB,623,explícito,360.0,1
2026-05-11,segunda-feira,0,PH UBAJARA,HB,618,explícito,135.0,12
2026-05-11,segunda-feira,0,PH UBAJARA,HB,623,explícito,3.0,1
2026-05-11,segunda-feira,0,PH UBAJARA,IFCO,6424,explícito,14.0,11
2026-05-11,segunda-feira,0,TREB. MINAS,HB,618,explícito,456.0,18
2026-05-11,segunda-feira,0,TREB. MINAS,HB,623,explícito,170.0,5
2026-05-11,segunda-feira,0,TREB. MINAS,IFCO,6416,explícito,171.0,3
2026-05-12,terça-feira,1,AGROINDUSTRIA TREBESCHI,HB,618,explícito,72.0,4
2026-05-12,terça-feira,1,PH CASCAVEL,IFCO,6424,explícito,554.0,4
2026-05-12,terça-feira,1,PH UBAJARA,HB,618,explícito,165.0,10
2026-05-12,terça-feira,1,PH UBAJARA,HB,623,explícito,53.0,6
2026-05-12,terça-feira,1,PH UBAJARA,IFCO,6416,explícito,73.0,33
2026-05-12,terça-feira,1,PH UBAJARA,IFCO,6424,explícito,210.0,33
2026-05-12,terça-feira,1,TREB. MINAS,HB,618,explícito,530.0,16
2026-05-12,terça-feira,1,TREB. MINAS,HB,623,explícito,224.0,7
2026-05-12,terça-feira,1,TREB. MINAS,IFCO,6416,explícito,510.0,7
2026-05-12,terça-feira,1,TREB. MINAS,IFCO,6424,explícito,640.0,1
2026-05-13,quarta-feira,2,AGROINDUSTRIA TREBESCHI,HB,618,explícito,77.0,4
2026-05-13,quarta-feira,2,AGROINDUSTRIA TREBESCHI,IFCO,6416,explícito,20.0,3
2026-05-13,quarta-feira,2,AGROINDUSTRIA TREBESCHI,IFCO,6424,explícito,27.0,2
2026-05-13,quarta-feira,2,PH CORUMBA (PF),IFCO,6424,explícito,636.0,1
2026-05-13,quarta-feira,2,PH UBAJARA,IFCO,6416,explícito,223.0,22
2026-05-13,quarta-feira,2,PH UBAJARA,IFCO,6424,explícito,107.0,15
2026-05-13,quarta-feira,2,TREB. CEARA,IFCO,6416,explícito,109.0,7
2026-05-13,quarta-feira,2,TREB. MINAS,HB,618,explícito,439.0,8
2026-05-13,quarta-feira,2,TREB. MINAS,HB,623,explícito,832.0,5
2026-05-13,quarta-feira,2,TREB. MINAS,IFCO,6416,explícito,634.0,37
2026-05-13,quarta-feira,2,TREB. MINAS,IFCO,6424,explícito,543.0,12
2026-05-14,quinta-feira,3,AGROINDUSTRIA TREBESCHI,HB,618,explícito,51.0,3
2026-05-14,quinta-feira,3,AGROINDUSTRIA TREBESCHI,IFCO,6416,explícito,80.0,1
2026-05-14,quinta-feira,3,AGROINDUSTRIA TREBESCHI,IFCO,6424,explícito,360.0,1
2026-05-14,quinta-feira,3,PH CASCAVEL,IFCO,6424,explícito,940.0,2
2026-05-14,quinta-feira,3,PH UBAJARA,HB,618,explícito,88.0,12
2026-05-14,quinta-feira,3,PH UBAJARA,HB,623,explícito,1.0,1
2026-05-14,quinta-feira,3,PH UBAJARA,IFCO,6416,explícito,107.0,28
2026-05-14,quinta-feira,3,PH UBAJARA,IFCO,6424,explícito,18.0,5
2026-05-14,quinta-feira,3,TREB. MINAS,HB,618,explícito,603.0,32
2026-05-14,quinta-feira,3,TREB. MINAS,HB,623,explícito,199.0,7
2026-05-14,quinta-feira,3,TREB. MINAS,IFCO,6416,explícito,28.0,4
2026-05-14,quinta-feira,3,TREB. MINAS,IFCO,6424,explícito,244.0,4
2026-05-15,sexta-feira,4,AGROINDUSTRIA TREBESCHI,HB,618,explícito,28.0,3
2026-05-15,sexta-feira,4,F. BICAME,IFCO,6424,explícito,1120.0,1
2026-05-15,sexta-feira,4,PH ALHO/CEBOLA,IFCO,6424,explícito,240.0,3
2026-05-15,sexta-feira,4,PH CORUMBA (PF),IFCO,6424,explícito,553.0,2
2026-05-15,sexta-feira,4,PH UBAJARA,IFCO,6416,explícito,294.0,12
2026-05-15,sexta-feira,4,PH UBAJARA,IFCO,6424,explícito,200.0,6
2026-05-15,sexta-feira,4,TREB. CEARA,IFCO,6416,explícito,26.0,3
2026-05-15,sexta-feira,4,TREB. MINAS,HB,618,explícito,406.0,7
2026-05-15,sexta-feira,4,TREB. MINAS,HB,623,explícito,103.0,4
2026-05-15,sexta-feira,4,TREB. MINAS,IFCO,6416,explícito,619.0,5
2026-05-15,sexta-feira,4,TREB. MINAS,IFCO,6424,explícito,580.0,4
2026-05-16,sábado,5,AGROINDUSTRIA TREBESCHI,HB,618,explícito,78.0,4
2026-05-16,sábado,5,PH CORUMBA (PF),HB,623,explícito,500.0,1
2026-05-16,sábado,5,PH UBAJARA,HB,618,explícito,448.0,35
2026-05-16,sábado,5,PH UBAJARA,HB,623,explícito,44.0,5
2026-05-16,sábado,5,PH UBAJARA,IFCO,6416,explícito,158.0,63
2026-05-16,sábado,5,PH UBAJARA,IFCO,6424,explícito,183.0,33
2026-05-16,sábado,5,TREB. CEARA,IFCO,6416,explícito,12.0,2
2026-05-16,sábado,5,TREB. MINAS,HB,618,explícito,748.0,27
2026-05-16,sábado,5,TREB. MINAS,HB,623,explícito,646.0,9
2026-05-16,sábado,5,TREB. MINAS,IFCO,6416,explícito,640.0,20
2026-05-16,sábado,5,TREB. MINAS,IFCO,6424,explícito,80.0,1
2026-05-18,segunda-feira,0,AGROINDUSTRIA TREBESCHI,HB,618,explícito,114.0,4
2026-05-18,segunda-feira,0,TREB. MINAS,HB,618,explícito,405.0,21
2026-05-18,segunda-feira,0,TREB. MINAS,HB,618,rateio_por_capacidade,16.156011717188264,2
2026-05-18,segunda-feira,0,TREB. MINAS,HB,623,explícito,360.0,25
2026-05-18,segunda-feira,0,TREB. MINAS,HB,623,rateio_por_capacidade,0.8439882828117377,1
2026-05-18,segunda-feira,0,TREB. MINAS,IFCO,6416,explícito,232.0,8
2026-05-18,segunda-feira,0,TREB. MINAS,IFCO,6424,explícito,10.0,4
2026-05-19,terça-feira,1,AGROINDUSTRIA TREBESCHI,HB,618,explícito,66.0,4
2026-05-19,terça-feira,1,AGROINDUSTRIA TREBESCHI,HB,623,explícito,45.0,3
2026-05-19,terça-feira,1,AGROINDUSTRIA TREBESCHI,IFCO,6424,explícito,40.0,1
2026-05-19,terça-feira,1,PH CASCAVEL,IFCO,6424,explícito,460.0,4
2026-05-19,terça-feira,1,PH UBAJARA,HB,618,explícito,136.0,10
2026-05-19,terça-feira,1,PH UBAJARA,HB,623,explícito,69.0,7
2026-05-19,terça-feira,1,PH UBAJARA,IFCO,6416,explícito,24.0,13
2026-05-19,terça-feira,1,PH UBAJARA,IFCO,6424,explícito,361.0,15
2026-05-19,terça-feira,1,TREB. CEARA,IFCO,6424,explícito,21.0,1
2026-05-19,terça-feira,1,TREB. MINAS,HB,618,explícito,510.0,30
2026-05-19,terça-feira,1,TREB. MINAS,HB,618,rateio_por_capacidade,58.578768082782645,4
2026-05-19,terça-feira,1,TREB. MINAS,HB,623,explícito,678.0,18
2026-05-19,terça-feira,1,TREB. MINAS,HB,623,rateio_por_capacidade,21.421231917217362,5
2026-05-19,terça-feira,1,TREB. MINAS,IFCO,6416,explícito,503.0,5
2026-05-19,terça-feira,1,TREB. MINAS,IFCO,6424,explícito,790.0,2
2026-05-20,quarta-feira,2,AGROINDUSTRIA TREBESCHI,HB,618,explícito,98.0,4
2026-05-20,quarta-feira,2,AGROINDUSTRIA TREBESCHI,IFCO,6416,explícito,13.0,4
2026-05-20,quarta-feira,2,AGROINDUSTRIA TREBESCHI,IFCO,6424,explícito,20.0,2
2026-05-20,quarta-feira,2,PH CORUMBA (PF),HB,623,explícito,690.0,1
2026-05-20,quarta-feira,2,PH UBAJARA,IFCO,6416,explícito,147.0,12
2026-05-20,quarta-feira,2,PH UBAJARA,IFCO,6424,explícito,74.0,6
2026-05-20,quarta-feira,2,TREB. MINAS,HB,618,explícito,260.0,8
2026-05-20,quarta-feira,2,TREB. MINAS,HB,623,explícito,743.0,14
2026-05-20,quarta-feira,2,TREB. MINAS,IFCO,6416,explícito,545.0,34
2026-05-20,quarta-feira,2,TREB. MINAS,IFCO,6424,explícito,552.0,14
2026-05-21,quinta-feira,3,AGROINDUSTRIA TREBESCHI,HB,618,explícito,64.0,4
2026-05-21,quinta-feira,3,AGROINDUSTRIA TREBESCHI,IFCO,6424,explícito,360.0,1
2026-05-21,quinta-feira,3,F. BICAME,IFCO,6424,explícito,39.0,1
2026-05-21,quinta-feira,3,PH UBAJARA,HB,618,explícito,141.0,14
2026-05-21,quinta-feira,3,PH UBAJARA,HB,623,explícito,3.0,1
2026-05-21,quinta-feira,3,PH UBAJARA,IFCO,6416,explícito,152.0,28
2026-05-21,quinta-feira,3,PH UBAJARA,IFCO,6424,explícito,33.0,8
2026-05-21,quinta-feira,3,TREB. MINAS,HB,618,explícito,397.0,20
2026-05-21,quinta-feira,3,TREB. MINAS,HB,623,explícito,225.0,8
2026-05-21,quinta-feira,3,TREB. MINAS,IFCO,6424,explícito,120.0,1
2026-05-22,sexta-feira,4,AGROINDUSTRIA TREBESCHI,HB,618,explícito,55.0,4
2026-05-22,sexta-feira,4,PH CORUMBA (PF),HB,623,explícito,120.0,1
2026-05-22,sexta-feira,4,PH CORUMBA (PF),IFCO,6424,explícito,518.0,3
2026-05-22,sexta-feira,4,PH UBAJARA,IFCO,6416,explícito,179.0,12
2026-05-22,sexta-feira,4,PH UBAJARA,IFCO,6424,explícito,161.0,9
2026-05-22,sexta-feira,4,TREB. CEARA,IFCO,6416,explícito,121.0,3
2026-05-22,sexta-feira,4,TREB. MINAS,HB,618,explícito,204.0,6
2026-05-22,sexta-feira,4,TREB. MINAS,HB,623,explícito,62.0,3
2026-05-22,sexta-feira,4,TREB. MINAS,IFCO,6416,explícito,627.0,10
2026-05-22,sexta-feira,4,TREB. MINAS,IFCO,6424,explícito,478.0,11
2026-05-23,sábado,5,AGROINDUSTRIA TREBESCHI,HB,618,explícito,73.0,4
2026-05-23,sábado,5,AGROINDUSTRIA TREBESCHI,IFCO,6424,explícito,80.0,1
2026-05-23,sábado,5,F. BICAME,HB,623,explícito,630.0,1
2026-05-23,sábado,5,PH CASCAVEL,IFCO,6424,explícito,551.0,4
2026-05-23,sábado,5,PH CORUMBA (PF),HB,623,explícito,500.0,1
2026-05-23,sábado,5,PH CORUMBA (PF),IFCO,6424,explícito,636.0,1
2026-05-23,sábado,5,PH UBAJARA,HB,618,explícito,374.0,40
2026-05-23,sábado,5,PH UBAJARA,HB,623,explícito,60.0,9
2026-05-23,sábado,5,PH UBAJARA,IFCO,6416,explícito,348.0,71
2026-05-23,sábado,5,PH UBAJARA,IFCO,6424,explícito,534.0,54
2026-05-23,sábado,5,TREB. CEARA,IFCO,6424,explícito,25.0,1
2026-05-23,sábado,5,TREB. MINAS,HB,618,explícito,765.0,27
2026-05-23,sábado,5,TREB. MINAS,HB,623,explícito,269.0,10
2026-05-23,sábado,5,TREB. MINAS,IFCO,6416,explícito,442.0,26
2026-05-23,sábado,5,TREB. MINAS,IFCO,6424,explícito,160.0,1
2026-05-25,segunda-feira,0,AGROINDUSTRIA TREBESCHI,HB,618,explícito,142.0,7
2026-05-25,segunda-feira,0,PH UBAJARA,IFCO,6416,explícito,105.0,5
2026-05-25,segunda-feira,0,PH UBAJARA,IFCO,6424,explícito,567.0,53
2026-05-25,segunda-feira,0,TREB. CEARA,IFCO,6424,explícito,27.0,9
2026-05-25,segunda-feira,0,TREB. MINAS,HB,618,explícito,415.0,28
2026-05-25,segunda-feira,0,TREB. MINAS,HB,618,rateio_por_capacidade,70.95673885477947,5
2026-05-25,segunda-feira,0,TREB. MINAS,HB,623,explícito,903.0,16
2026-05-25,segunda-feira,0,TREB. MINAS,HB,623,rateio_por_capacidade,34.043261145220534,6
2026-05-25,segunda-feira,0,TREB. MINAS,IFCO,6416,explícito,428.0,6
2026-05-26,terça-feira,1,AGROINDUSTRIA TREBESCHI,HB,618,explícito,65.0,5
2026-05-26,terça-feira,1,PH ALHO/CEBOLA,HB,623,explícito,200.0,1
2026-05-26,terça-feira,1,PH ALHO/CEBOLA,IFCO,6424,explícito,1560.0,3
2026-05-26,terça-feira,1,PH CASCAVEL,IFCO,6424,explícito,310.0,3
2026-05-26,terça-feira,1,PH CORUMBA (PF),HB,623,explícito,120.0,1
2026-05-26,terça-feira,1,PH CORUMBA (PF),IFCO,6424,explícito,1636.0,16
2026-05-26,terça-feira,1,PH UBAJARA,HB,618,explícito,94.0,11
2026-05-26,terça-feira,1,PH UBAJARA,HB,623,explícito,57.0,6
2026-05-26,terça-feira,1,PH UBAJARA,IFCO,6416,explícito,66.0,32
2026-05-26,terça-feira,1,PH UBAJARA,IFCO,6424,explícito,485.0,33
2026-05-26,terça-feira,1,TREB. CEARA,IFCO,6424,explícito,20.0,1
2026-05-26,terça-feira,1,TREB. MINAS,HB,618,explícito,424.0,15
2026-05-26,terça-feira,1,TREB. MINAS,HB,623,explícito,222.0,7
2026-05-26,terça-feira,1,TREB. MINAS,IFCO,6416,explícito,556.0,7
2026-05-27,quarta-feira,2,AGROINDUSTRIA TREBESCHI,HB,618,explícito,87.0,4
2026-05-27,quarta-feira,2,AGROINDUSTRIA TREBESCHI,IFCO,6424,explícito,16.0,2
2026-05-27,quarta-feira,2,PH CORUMBA (PF),IFCO,6424,explícito,900.0,1
2026-05-27,quarta-feira,2,PH UBAJARA,HB,618,explícito,166.0,15
2026-05-27,quarta-feira,2,PH UBAJARA,HB,623,explícito,2.0,1
2026-05-27,quarta-feira,2,PH UBAJARA,IFCO,6416,explícito,211.0,14
2026-05-27,quarta-feira,2,PH UBAJARA,IFCO,6424,explícito,148.0,7
2026-05-27,quarta-feira,2,TREB. CEARA,IFCO,6416,explícito,83.0,7
2026-05-27,quarta-feira,2,TREB. MINAS,HB,618,explícito,428.0,7
2026-05-27,quarta-feira,2,TREB. MINAS,HB,623,explícito,208.0,5
2026-05-27,quarta-feira,2,TREB. MINAS,IFCO,6416,explícito,422.0,30
2026-05-27,quarta-feira,2,TREB. MINAS,IFCO,6424,explícito,137.0,8
2026-05-28,quinta-feira,3,AGROINDUSTRIA TREBESCHI,HB,618,explícito,87.0,7
2026-05-28,quinta-feira,3,PH CORUMBA (PF),HB,623,explícito,1200.0,3
2026-05-28,quinta-feira,3,PH CORUMBA (PF),IFCO,6424,explícito,1255.0,2
2026-05-28,quinta-feira,3,PH UBAJARA,IFCO,6416,explícito,292.0,44
2026-05-28,quinta-feira,3,PH UBAJARA,IFCO,6424,explícito,73.0,9
2026-05-28,quinta-feira,3,TREB. CEAGESP,IFCO,6424,explícito,155.0,1
2026-05-28,quinta-feira,3,TREB. CEARA,IFCO,6416,explícito,5.0,3
2026-05-28,quinta-feira,3,TREB. MINAS,HB,618,explícito,721.0,33
2026-05-28,quinta-feira,3,TREB. MINAS,HB,623,explícito,177.0,5
2026-05-28,quinta-feira,3,TREB. MINAS,IFCO,6424,explícito,749.0,79
2026-05-29,sexta-feira,4,AGROINDUSTRIA TREBESCHI,HB,618,explícito,48.0,4
2026-05-29,sexta-feira,4,AGROINDUSTRIA TREBESCHI,IFCO,6424,explícito,240.0,1
2026-05-29,sexta-feira,4,F. BICAME,IFCO,6424,explícito,32.0,1
2026-05-29,sexta-feira,4,PH CASCAVEL,IFCO,6424,explícito,43.0,1
2026-05-29,sexta-feira,4,PH CORUMBA (PF),HB,623,explícito,160.0,1
2026-05-29,sexta-feira,4,PH CORUMBA (PF),IFCO,6424,explícito,1120.0,2
2026-05-29,sexta-feira,4,PH UBAJARA,IFCO,6416,explícito,229.0,13
2026-05-29,sexta-feira,4,PH UBAJARA,IFCO,6424,explícito,206.0,7
2026-05-29,sexta-feira,4,TREB. CEARA,IFCO,6416,explícito,55.0,3
2026-05-29,sexta-feira,4,TREB. MINAS,HB,618,explícito,84.0,6
2026-05-29,sexta-feira,4,TREB. MINAS,HB,623,explícito,40.0,2
2026-05-29,sexta-feira,4,TREB. MINAS,IFCO,6416,explícito,640.0,5
2026-05-29,sexta-feira,4,TREB. MINAS,IFCO,6424,explícito,480.0,2
2026-05-30,sábado,5,AGROINDUSTRIA TREBESCHI,HB,618,explícito,151.0,7
2026-05-30,sábado,5,AGROINDUSTRIA TREBESCHI,IFCO,6416,explícito,7.0,2
2026-05-30,sábado,5,AGROINDUSTRIA TREBESCHI,IFCO,6424,explícito,50.0,1
2026-05-30,sábado,5,PH CASCAVEL,IFCO,6424,explícito,193.0,1
2026-05-30,sábado,5,PH CORUMBA (PF),IFCO,6424,explícito,310.0,3
2026-05-30,sábado,5,PH UBAJARA,HB,618,explícito,428.0,39
2026-05-30,sábado,5,PH UBAJARA,HB,623,explícito,42.0,8
2026-05-30,sábado,5,PH UBAJARA,IFCO,6416,explícito,10.0,8
2026-05-30,sábado,5,PH UBAJARA,IFCO,6424,explícito,333.0,13
2026-05-30,sábado,5,TREB. CEARA,IFCO,6424,explícito,20.0,1
2026-05-30,sábado,5,TREB. MINAS,HB,618,explícito,644.0,29
2026-05-30,sábado,5,TREB. MINAS,HB,623,explícito,201.0,7
2026-05-30,sábado,5,TREB. MINAS,IFCO,6416,explícito,718.0,66
2026-05-30,sábado,5,TREB. MINAS,IFCO,6424,explícito,20.0,17
2026-06-01,segunda-feira,0,AGROINDUSTRIA TREBESCHI,HB,618,explícito,105.0,4
2026-06-01,segunda-feira,0,PH ALHO/CEBOLA,IFCO,6424,explícito,560.0,2
2026-06-01,segunda-feira,0,PH UBAJARA,HB,623,explícito,220.0,2
2026-06-01,segunda-feira,0,PH UBAJARA,IFCO,6416,explícito,54.0,50
2026-06-01,segunda-feira,0,PH UBAJARA,IFCO,6424,explícito,30.0,23
2026-06-01,segunda-feira,0,TREB. MINAS,HB,618,explícito,478.0,25
2026-06-01,segunda-feira,0,TREB. MINAS,HB,623,explícito,628.0,6
2026-06-01,segunda-feira,0,TREB. MINAS,IFCO,6416,explícito,331.0,8
2026-06-01,segunda-feira,0,TREB. MINAS,IFCO,6424,explícito,31.0,3
2026-06-02,terça-feira,1,AGROINDUSTRIA TREBESCHI,HB,618,explícito,128.0,4
2026-06-02,terça-feira,1,PH CORUMBA (PF),HB,623,explícito,440.0,1
2026-06-02,terça-feira,1,PH CORUMBA (PF),IFCO,6424,explícito,880.0,5
2026-06-02,terça-feira,1,PH UBAJARA,HB,618,explícito,185.0,16
2026-06-02,terça-feira,1,PH UBAJARA,HB,623,explícito,68.0,7
2026-06-02,terça-feira,1,PH UBAJARA,IFCO,6416,explícito,52.0,18
2026-06-02,terça-feira,1,PH UBAJARA,IFCO,6424,explícito,265.0,33
2026-06-02,terça-feira,1,TREB. CEARA,IFCO,6424,explícito,41.0,1
2026-06-02,terça-feira,1,TREB. MINAS,HB,618,explícito,483.0,28
2026-06-02,terça-feira,1,TREB. MINAS,HB,618,rateio_por_capacidade,100.06809949427802,7
2026-06-02,terça-feira,1,TREB. MINAS,HB,623,explícito,1215.0,31
2026-06-02,terça-feira,1,TREB. MINAS,HB,623,rateio_por_capacidade,38.93190050572199,8
2026-06-03,quarta-feira,2,AGROINDUSTRIA TREBESCHI,HB,618,explícito,72.0,4
2026-06-03,quarta-feira,2,AGROINDUSTRIA TREBESCHI,IFCO,6416,explícito,8.0,1
2026-06-03,quarta-feira,2,AGROINDUSTRIA TREBESCHI,IFCO,6424,explícito,49.0,3
2026-06-03,quarta-feira,2,PH CORUMBA (PF),HB,618,explícito,150.0,1
2026-06-03,quarta-feira,2,PH CORUMBA (PF),HB,623,explícito,1080.0,2
2026-06-03,quarta-feira,2,PH CORUMBA (PF),IFCO,6424,explícito,280.0,2
2026-06-03,quarta-feira,2,PH UBAJARA,HB,618,explícito,160.0,14
2026-06-03,quarta-feira,2,PH UBAJARA,HB,623,explícito,2.0,1
2026-06-03,quarta-feira,2,PH UBAJARA,IFCO,6416,explícito,241.0,18
2026-06-03,quarta-feira,2,PH UBAJARA,IFCO,6424,explícito,80.0,10
2026-06-03,quarta-feira,2,TREB. CEARA,HB,618,explícito,9.0,1
2026-06-03,quarta-feira,2,TREB. CEARA,IFCO,6416,explícito,32.0,1
2026-06-03,quarta-feira,2,TREB. MINAS,HB,618,explícito,414.0,5
2026-06-03,quarta-feira,2,TREB. MINAS,HB,623,explícito,85.0,4
2026-06-03,quarta-feira,2,TREB. MINAS,IFCO,6416,explícito,300.0,32
2026-06-03,quarta-feira,2,TREB. MINAS,IFCO,6424,explícito,118.0,8
2026-06-04,quinta-feira,3,AGROINDUSTRIA TREBESCHI,HB,618,explícito,57.0,4
2026-06-04,quinta-feira,3,PH CORUMBA (PF),IFCO,6424,explícito,560.0,1
2026-06-04,quinta-feira,3,PH UBAJARA,IFCO,6416,explícito,112.0,25
2026-06-04,quinta-feira,3,PH UBAJARA,IFCO,6424,explícito,8.0,1
2026-06-04,quinta-feira,3,TREB. CEARA,IFCO,6416,explícito,1.0,1
2026-06-04,quinta-feira,3,TREB. MINAS,HB,618,explícito,433.0,33
2026-06-04,quinta-feira,3,TREB. MINAS,HB,623,explícito,100.0,4
2026-06-04,quinta-feira,3,TREB. MINAS,IFCO,6416,explícito,22.0,4
2026-06-04,quinta-feira,3,TREB. MINAS,IFCO,6424,explícito,34.0,5
2026-06-05,sexta-feira,4,AGROINDUSTRIA TREBESCHI,HB,618,explícito,39.0,4
2026-06-05,sexta-feira,4,AGROINDUSTRIA TREBESCHI,IFCO,6416,explícito,40.0,1
2026-06-05,sexta-feira,4,AGROINDUSTRIA TREBESCHI,IFCO,6424,explícito,520.0,1
2026-06-05,sexta-feira,4,PH CORUMBA (PF),HB,623,explícito,120.0,2
2026-06-05,sexta-feira,4,PH UBAJARA,IFCO,6416,explícito,169.0,35
2026-06-05,sexta-feira,4,PH UBAJARA,IFCO,6424,explícito,51.0,13
2026-06-05,sexta-feira,4,TREB. CEARA,IFCO,6416,explícito,25.0,2
2026-06-05,sexta-feira,4,TREB. MINAS,HB,618,explícito,119.0,5
2026-06-05,sexta-feira,4,TREB. MINAS,HB,623,explícito,562.0,5
2026-06-05,sexta-feira,4,TREB. MINAS,IFCO,6416,explícito,668.0,6
2026-06-06,sábado,5,AGROINDUSTRIA TREBESCHI,HB,618,explícito,176.0,7
2026-06-06,sábado,5,AGROINDUSTRIA TREBESCHI,IFCO,6424,explícito,100.0,1
2026-06-06,sábado,5,PH CORUMBA (PF),IFCO,6424,explícito,310.0,4
2026-06-06,sábado,5,PH UBAJARA,HB,618,explícito,340.0,30
2026-06-06,sábado,5,PH UBAJARA,HB,623,explícito,47.0,9
2026-06-06,sábado,5,PH UBAJARA,IFCO,6416,explícito,3.0,1
2026-06-06,sábado,5,PH UBAJARA,IFCO,6424,explícito,191.0,15
2026-06-06,sábado,5,TREB. CEARA,HB,618,explícito,25.0,1
2026-06-06,sábado,5,TREB. CEARA,IFCO,6424,explícito,41.0,1
2026-06-06,sábado,5,TREB. MINAS,HB,618,explícito,666.0,24
2026-06-06,sábado,5,TREB. MINAS,HB,623,explícito,270.0,6
2026-06-06,sábado,5,TREB. MINAS,IFCO,6416,explícito,682.0,22
2026-06-06,sábado,5,TREB. MINAS,IFCO,6424,explícito,440.0,4
2026-06-08,segunda-feira,0,AGROINDUSTRIA TREBESCHI,HB,618,explícito,82.0,5
2026-06-08,segunda-feira,0,PH CORUMBA (PF),HB,623,explícito,450.0,1
2026-06-08,segunda-feira,0,PH CORUMBA (PF),IFCO,6424,explícito,80.0,4
2026-06-08,segunda-feira,0,PH UBAJARA,IFCO,6424,explícito,5.0,3
2026-06-08,segunda-feira,0,TREB. MINAS,HB,618,explícito,532.0,26
2026-06-08,segunda-feira,0,TREB. MINAS,HB,623,explícito,192.0,6
2026-06-08,segunda-feira,0,TREB. MINAS,IFCO,6416,explícito,389.0,5
2026-06-09,terça-feira,1,AGROINDUSTRIA TREBESCHI,HB,618,explícito,351.0,7
2026-06-09,terça-feira,1,AGROINDUSTRIA TREBESCHI,IFCO,6424,explícito,40.0,1
2026-06-09,terça-feira,1,PH CORUMBA (PF),IFCO,6424,explícito,240.0,2
2026-06-09,terça-feira,1,PH UBAJARA,HB,618,explícito,96.0,9
2026-06-09,terça-feira,1,PH UBAJARA,HB,623,explícito,43.0,7
2026-06-09,terça-feira,1,PH UBAJARA,IFCO,6424,explícito,120.0,14
2026-06-09,terça-feira,1,TREB. MINAS,HB,618,explícito,678.0,24
2026-06-09,terça-feira,1,TREB. MINAS,HB,618,rateio_por_capacidade,83.81788195505293,4
2026-06-09,terça-feira,1,TREB. MINAS,HB,623,explícito,1252.0,21
2026-06-09,terça-feira,1,TREB. MINAS,HB,623,rateio_por_capacidade,21.18211804494709,6
2026-06-09,terça-feira,1,TREB. MINAS,IFCO,6416,explícito,520.0,15
2026-06-09,terça-feira,1,TREB. MINAS,IFCO,6424,explícito,1248.0,10
2026-06-10,quarta-feira,2,AGROINDUSTRIA TREBESCHI,HB,618,explícito,68.0,4
2026-06-10,quarta-feira,2,AGROINDUSTRIA TREBESCHI,IFCO,6416,explícito,12.0,4
2026-06-10,quarta-feira,2,AGROINDUSTRIA TREBESCHI,IFCO,6424,explícito,866.0,3
2026-06-10,quarta-feira,2,PH CORUMBA (PF),HB,623,explícito,80.0,1
2026-06-10,quarta-feira,2,PH CORUMBA (PF),IFCO,6424,explícito,440.0,9
2026-06-10,quarta-feira,2,PH UBAJARA,HB,618,explícito,149.0,14
2026-06-10,quarta-feira,2,PH UBAJARA,HB,623,explícito,2.0,1
2026-06-10,quarta-feira,2,PH UBAJARA,IFCO,6416,explícito,346.0,28
2026-06-10,quarta-feira,2,PH UBAJARA,IFCO,6424,explícito,180.0,7
2026-06-10,quarta-feira,2,TREB. CEARA,IFCO,6416,explícito,71.0,3
2026-06-10,quarta-feira,2,TREB. MINAS,HB,618,explícito,66.0,6
2026-06-10,quarta-feira,2,TREB. MINAS,HB,623,explícito,88.0,4
2026-06-10,quarta-feira,2,TREB. MINAS,IFCO,6416,explícito,320.0,30
2026-06-10,quarta-feira,2,TREB. MINAS,IFCO,6424,explícito,1195.0,15
2026-06-11,quinta-feira,3,AGROINDUSTRIA TREBESCHI,HB,618,explícito,301.0,6
2026-06-11,quinta-feira,3,PH CORUMBA (PF),HB,623,explícito,890.0,3
2026-06-11,quinta-feira,3,PH CORUMBA (PF),IFCO,6424,explícito,74.0,1
2026-06-11,quinta-feira,3,PH UBAJARA,IFCO,6416,explícito,401.0,35
2026-06-11,quinta-feira,3,PH UBAJARA,IFCO,6424,explícito,315.0,23
2026-06-11,quinta-feira,3,TREB. CEARA,IFCO,6416,explícito,54.0,8
2026-06-11,quinta-feira,3,TREB. CEARA,IFCO,6424,explícito,83.0,9
2026-06-11,quinta-feira,3,TREB. MINAS,HB,618,explícito,588.0,23
2026-06-11,quinta-feira,3,TREB. MINAS,HB,623,explícito,168.0,6
2026-06-11,quinta-feira,3,TREB. MINAS,IFCO,6416,explícito,31.0,4
2026-06-11,quinta-feira,3,TREB. MINAS,IFCO,6424,explícito,81.0,8
2026-06-12,sexta-feira,4,AGROINDUSTRIA TREBESCHI,HB,618,explícito,46.0,4
2026-06-12,sexta-feira,4,PH CORUMBA (PF),HB,623,explícito,640.0,1
2026-06-12,sexta-feira,4,PH UBAJARA,IFCO,6416,explícito,20.0,2
2026-06-12,sexta-feira,4,PH UBAJARA,IFCO,6424,explícito,686.0,31
2026-06-12,sexta-feira,4,TREB. MINAS,HB,618,explícito,113.0,5
2026-06-12,sexta-feira,4,TREB. MINAS,HB,623,explícito,73.0,4
2026-06-12,sexta-feira,4,TREB. MINAS,IFCO,6416,explícito,453.0,5
2026-06-13,sábado,5,AGROINDUSTRIA TREBESCHI,HB,618,explícito,190.0,6
2026-06-13,sábado,5,AGROINDUSTRIA TREBESCHI,IFCO,6424,explícito,100.0,1
2026-06-13,sábado,5,PH CORUMBA (PF),IFCO,6424,explícito,240.0,2
2026-06-13,sábado,5,PH UBAJARA,HB,618,explícito,332.0,39
2026-06-13,sábado,5,PH UBAJARA,HB,623,explícito,37.0,9
2026-06-13,sábado,5,PH UBAJARA,IFCO,6416,explícito,292.0,71
2026-06-13,sábado,5,PH UBAJARA,IFCO,6424,explícito,307.0,53
2026-06-13,sábado,5,TREB. CEARA,HB,618,explícito,11.0,2
2026-06-13,sábado,5,TREB. CEARA,IFCO,6416,explícito,65.0,4
2026-06-13,sábado,5,TREB. MINAS,HB,618,explícito,633.0,29
2026-06-13,sábado,5,TREB. MINAS,HB,623,explícito,239.0,8
2026-06-13,sábado,5,TREB. MINAS,IFCO,6416,explícito,438.0,43
2026-06-13,sábado,5,TREB. MINAS,IFCO,6424,explícito,112.0,13
2026-06-15,segunda-feira,0,PH CORUMBA (PF),HB,623,explícito,810.0,1
2026-06-15,segunda-feira,0,PH CORUMBA (PF),IFCO,6424,explícito,280.0,3
2026-06-15,segunda-feira,0,PH UBAJARA,HB,618,explícito,80.0,2
2026-06-15,segunda-feira,0,PH UBAJARA,IFCO,6416,explícito,89.0,88
2026-06-15,segunda-feira,0,PH UBAJARA,IFCO,6424,explícito,134.0,35
2026-06-15,segunda-feira,0,TREB. MINAS,HB,618,explícito,311.0,11
2026-06-15,segunda-feira,0,TREB. MINAS,HB,623,explícito,178.0,6
2026-06-15,segunda-feira,0,TREB. MINAS,IFCO,6416,explícito,347.0,4
2026-06-16,terça-feira,1,AGROINDUSTRIA TREBESCHI,HB,618,explícito,210.0,3
2026-06-16,terça-feira,1,PH CORUMBA (PF),IFCO,6424,explícito,1590.0,7
2026-06-16,terça-feira,1,PH UBAJARA,HB,618,explícito,89.0,14
2026-06-16,terça-feira,1,PH UBAJARA,HB,623,explícito,22.0,5
2026-06-16,terça-feira,1,PH UBAJARA,IFCO,6416,explícito,7.0,7
2026-06-16,terça-feira,1,PH UBAJARA,IFCO,6424,explícito,403.0,22
2026-06-16,terça-feira,1,TREB. CEARA,HB,618,explícito,125.0,4
2026-06-16,terça-feira,1,TREB. MINAS,HB,618,explícito,708.0,24
2026-06-16,terça-feira,1,TREB. MINAS,HB,618,rateio_por_capacidade,10.578005858594132,2
2026-06-16,terça-feira,1,TREB. MINAS,HB,623,explícito,307.0,25
2026-06-16,terça-feira,1,TREB. MINAS,HB,623,rateio_por_capacidade,0.42199414140586883,1
2026-06-16,terça-feira,1,TREB. MINAS,IFCO,6416,explícito,408.0,7
2026-06-17,quarta-feira,2,AGROINDUSTRIA TREBESCHI,HB,618,explícito,300.0,1
2026-06-17,quarta-feira,2,AGROINDUSTRIA TREBESCHI,IFCO,6416,explícito,91.0,6
2026-06-17,quarta-feira,2,AGROINDUSTRIA TREBESCHI,IFCO,6424,explícito,231.0,3
2026-06-17,quarta-feira,2,F. BICAME,HB,623,explícito,450.0,1
2026-06-17,quarta-feira,2,PH CORUMBA (PF),HB,623,explícito,810.0,1
2026-06-17,quarta-feira,2,PH CORUMBA (PF),IFCO,6424,explícito,1120.0,2
2026-06-17,quarta-feira,2,PH UBAJARA,HB,618,explícito,77.0,13
2026-06-17,quarta-feira,2,PH UBAJARA,HB,623,explícito,2.0,1
2026-06-17,quarta-feira,2,PH UBAJARA,IFCO,6416,explícito,227.0,15
2026-06-17,quarta-feira,2,PH UBAJARA,IFCO,6424,explícito,198.0,13
2026-06-17,quarta-feira,2,TREB. CEARA,HB,618,explícito,7.0,2
2026-06-17,quarta-feira,2,TREB. CEARA,IFCO,6416,explícito,56.0,3
2026-06-17,quarta-feira,2,TREB. MINAS,HB,618,explícito,154.0,7
2026-06-17,quarta-feira,2,TREB. MINAS,HB,623,explícito,57.0,4
2026-06-17,quarta-feira,2,TREB. MINAS,IFCO,6416,explícito,581.0,32
2026-06-17,quarta-feira,2,TREB. MINAS,IFCO,6424,explícito,1366.0,18
2026-06-18,quinta-feira,3,AGROINDUSTRIA TREBESCHI,HB,618,explícito,29.0,1
2026-06-18,quinta-feira,3,PH CORUMBA (PF),HB,623,explícito,881.0,3
2026-06-18,quinta-feira,3,PH CORUMBA (PF),IFCO,6424,explícito,1272.0,2
2026-06-18,quinta-feira,3,PH UBAJARA,IFCO,6416,explícito,78.0,15
2026-06-18,quinta-feira,3,PH UBAJARA,IFCO,6424,explícito,206.0,2
2026-06-18,quinta-feira,3,TREB. CEARA,IFCO,6416,explícito,14.0,2
2026-06-18,quinta-feira,3,TREB. MINAS,HB,618,explícito,757.0,45
2026-06-18,quinta-feira,3,TREB. MINAS,HB,618,rateio_por_capacidade,14.183706045201378,3
2026-06-18,quinta-feira,3,TREB. MINAS,HB,623,explícito,216.0,16
2026-06-18,quinta-feira,3,TREB. MINAS,HB,623,rateio_por_capacidade,6.816293954798623,3
2026-06-18,quinta-feira,3,TREB. MINAS,IFCO,6416,explícito,507.0,9
2026-06-18,quinta-feira,3,TREB. MINAS,IFCO,6424,explícito,28.0,3
2026-06-19,sexta-feira,4,AGROINDUSTRIA TREBESCHI,HB,618,explícito,250.0,3
2026-06-19,sexta-feira,4,PH ALHO/CEBOLA,IFCO,6424,explícito,640.0,4
2026-06-19,sexta-feira,4,PH CORUMBA (PF),IFCO,6424,explícito,280.0,3
2026-06-19,sexta-feira,4,PH UBAJARA,HB,618,explícito,24.0,2
2026-06-19,sexta-feira,4,TREB. MINAS,HB,618,explícito,177.0,5
2026-06-19,sexta-feira,4,TREB. MINAS,HB,623,explícito,203.0,5
2026-06-19,sexta-feira,4,TREB. MINAS,IFCO,6424,explícito,520.0,4
2026-06-20,sábado,5,AGROINDUSTRIA TREBESCHI,HB,618,explícito,35.0,3
2026-06-20,sábado,5,AGROINDUSTRIA TREBESCHI,IFCO,6424,explícito,2.0,1
2026-06-20,sábado,5,PH CORUMBA (PF),IFCO,6424,explícito,2370.0,7
2026-06-20,sábado,5,PH UBAJARA,HB,618,explícito,336.0,49
2026-06-20,sábado,5,PH UBAJARA,HB,623,explícito,38.0,7
2026-06-20,sábado,5,PH UBAJARA,IFCO,6416,explícito,310.0,61
2026-06-20,sábado,5,PH UBAJARA,IFCO,6424,explícito,405.0,53
2026-06-20,sábado,5,TREB. CEARA,HB,618,explícito,50.0,3
2026-06-20,sábado,5,TREB. CEARA,IFCO,6416,explícito,106.0,4
2026-06-20,sábado,5,TREB. CEARA,IFCO,6424,explícito,12.0,3
2026-06-20,sábado,5,TREB. MINAS,HB,618,explícito,749.0,38
2026-06-20,sábado,5,TREB. MINAS,HB,618,rateio_por_capacidade,14.183706045201378,3
2026-06-20,sábado,5,TREB. MINAS,HB,623,explícito,396.0,20
2026-06-20,sábado,5,TREB. MINAS,HB,623,rateio_por_capacidade,6.816293954798623,3
2026-06-20,sábado,5,TREB. MINAS,IFCO,6416,explícito,479.0,26
2026-06-20,sábado,5,TREB. MINAS,IFCO,6424,explícito,1528.0,7
2026-06-22,segunda-feira,0,PH UBAJARA,IFCO,6416,explícito,337.0,76
2026-06-22,segunda-feira,0,PH UBAJARA,IFCO,6424,explícito,31.0,20
2026-06-22,segunda-feira,0,TREB. MINAS,HB,618,explícito,334.0,7
2026-06-22,segunda-feira,0,TREB. MINAS,HB,623,explícito,991.0,7
2026-06-22,segunda-feira,0,TREB. MINAS,IFCO,6416,explícito,282.0,4
2026-06-23,terça-feira,1,AGROINDUSTRIA TREBESCHI,HB,618,explícito,2.0,1
2026-06-23,terça-feira,1,PH ALHO/CEBOLA,IFCO,6424,explícito,1040.0,5
2026-06-23,terça-feira,1,PH CORUMBA (PF),IFCO,6424,explícito,540.0,4
2026-06-23,terça-feira,1,PH UBAJARA,HB,618,explícito,122.0,15
2026-06-23,terça-feira,1,PH UBAJARA,HB,623,explícito,42.0,6
2026-06-23,terça-feira,1,PH UBAJARA,IFCO,6416,explícito,12.0,2
2026-06-23,terça-feira,1,PH UBAJARA,IFCO,6424,explícito,198.0,24
2026-06-23,terça-feira,1,TREB. CEARA,HB,618,explícito,28.0,1
2026-06-23,terça-feira,1,TREB. MINAS,HB,618,explícito,604.0,23
2026-06-23,terça-feira,1,TREB. MINAS,HB,618,rateio_por_capacidade,20.0,2
2026-06-23,terça-feira,1,TREB. MINAS,HB,623,explícito,887.0,23
2026-06-23,terça-feira,1,TREB. MINAS,IFCO,6416,explícito,391.0,7
2026-06-23,terça-feira,1,TREB. MINAS,IFCO,6424,explícito,2888.0,10
2026-06-24,quarta-feira,2,AGROINDUSTRIA TREBESCHI,IFCO,6416,explícito,53.0,5
2026-06-24,quarta-feira,2,AGROINDUSTRIA TREBESCHI,IFCO,6424,explícito,217.0,3
2026-06-24,quarta-feira,2,PH CORUMBA (PF),HB,623,explícito,690.0,1
2026-06-24,quarta-feira,2,PH UBAJARA,HB,618,explícito,104.0,11
2026-06-24,quarta-feira,2,PH UBAJARA,HB,623,explícito,1.0,1
2026-06-24,quarta-feira,2,PH UBAJARA,IFCO,6416,explícito,222.0,24
2026-06-24,quarta-feira,2,PH UBAJARA,IFCO,6424,explícito,693.0,42
2026-06-24,quarta-feira,2,TREB. CEARA,HB,618,explícito,10.0,2
2026-06-24,quarta-feira,2,TREB. CEARA,IFCO,6416,explícito,62.0,2
2026-06-24,quarta-feira,2,TREB. MINAS,HB,618,explícito,194.0,6
2026-06-24,quarta-feira,2,TREB. MINAS,HB,623,explícito,145.0,5
2026-06-24,quarta-feira,2,TREB. MINAS,IFCO,6416,explícito,464.0,26
2026-06-24,quarta-feira,2,TREB. MINAS,IFCO,6424,explícito,2817.0,19
2026-06-25,quinta-feira,3,PH CORUMBA (PF),HB,623,explícito,280.0,1
2026-06-25,quinta-feira,3,PH CORUMBA (PF),IFCO,6424,explícito,3448.0,7
2026-06-25,quinta-feira,3,PH UBAJARA,IFCO,6416,explícito,128.0,26
2026-06-25,quinta-feira,3,PH UBAJARA,IFCO,6424,explícito,263.0,21
2026-06-25,quinta-feira,3,TREB. MINAS,HB,618,explícito,463.0,35
2026-06-25,quinta-feira,3,TREB. MINAS,HB,623,explícito,113.0,6
2026-06-25,quinta-feira,3,TREB. MINAS,IFCO,6416,explícito,180.0,1
2026-06-25,quinta-feira,3,TREB. MINAS,IFCO,6424,explícito,2500.0,5
2026-06-26,sexta-feira,4,PH CASCAVEL,HB,623,explícito,80.0,1
2026-06-26,sexta-feira,4,PH CASCAVEL,IFCO,6424,explícito,1200.0,6
2026-06-26,sexta-feira,4,TREB. MINAS,HB,618,explícito,148.0,5
2026-06-26,sexta-feira,4,TREB. MINAS,HB,623,explícito,18.0,3
2026-06-26,sexta-feira,4,TREB. MINAS,IFCO,6424,explícito,2638.0,4
2026-06-27,sábado,5,AGROINDUSTRIA TREBESCHI,IFCO,6416,explícito,2.0,2
2026-06-27,sábado,5,AGROINDUSTRIA TREBESCHI,IFCO,6424,explícito,40.0,1
2026-06-27,sábado,5,PH CASCAVEL,IFCO,6424,explícito,970.0,2
2026-06-27,sábado,5,PH CORUMBA (PF),HB,623,explícito,640.0,1
2026-06-27,sábado,5,PH CORUMBA (PF),IFCO,6424,explícito,350.0,2
2026-06-27,sábado,5,PH UBAJARA,HB,618,explícito,263.0,37
2026-06-27,sábado,5,PH UBAJARA,HB,623,explícito,33.0,7
2026-06-27,sábado,5,PH UBAJARA,IFCO,6416,explícito,229.0,70
2026-06-27,sábado,5,PH UBAJARA,IFCO,6424,explícito,145.0,65
2026-06-27,sábado,5,TREB. CEARA,HB,618,explícito,14.0,1
2026-06-27,sábado,5,TREB. CEARA,IFCO,6424,explícito,1.0,1
2026-06-27,sábado,5,TREB. MINAS,HB,618,explícito,552.0,28
2026-06-27,sábado,5,TREB. MINAS,HB,618,rateio_por_capacidade,110.13284151631167,6
2026-06-27,sábado,5,TREB. MINAS,HB,623,explícito,1512.0,31
2026-06-27,sábado,5,TREB. MINAS,HB,623,rateio_por_capacidade,21.86715848368834,6
2026-06-27,sábado,5,TREB. MINAS,IFCO,6416,explícito,105.0,31
2026-06-27,sábado,5,TREB. MINAS,IFCO,6424,explícito,400.0,2
2026-06-29,segunda-feira,0,AGROINDUSTRIA TREBESCHI,HB,623,explícito,16.0,1
2026-06-29,segunda-feira,0,PH CASCAVEL,HB,623,explícito,80.0,1
2026-06-29,segunda-feira,0,PH CASCAVEL,IFCO,6424,explícito,560.0,3
2026-06-29,segunda-feira,0,PH UBAJARA,IFCO,6416,explícito,171.0,28
2026-06-29,segunda-feira,0,PH UBAJARA,IFCO,6424,explícito,191.0,15
2026-06-29,segunda-feira,0,TREB. CEARA,IFCO,6416,explícito,62.0,4
2026-06-29,segunda-feira,0,TREB. MINAS,HB,618,explícito,551.0,22
2026-06-29,segunda-feira,0,TREB. MINAS,HB,623,explícito,784.0,6
2026-06-29,segunda-feira,0,TREB. MINAS,IFCO,6416,explícito,18.0,4
2026-06-29,segunda-feira,0,TREB. MINAS,IFCO,6424,explícito,28.0,3
2026-06-30,terça-feira,1,AGROINDUSTRIA TREBESCHI,HB,618,explícito,178.0,4
2026-06-30,terça-feira,1,AGROINDUSTRIA TREBESCHI,IFCO,6424,explícito,100.0,1
2026-06-30,terça-feira,1,PH CASCAVEL,IFCO,6424,explícito,90.0,1
2026-06-30,terça-feira,1,PH CORUMBA (PF),IFCO,6424,explícito,450.0,2
2026-06-30,terça-feira,1,PH UBAJARA,HB,618,explícito,89.0,9
2026-06-30,terça-feira,1,PH UBAJARA,HB,623,explícito,33.0,6
2026-06-30,terça-feira,1,PH UBAJARA,IFCO,6416,explícito,26.0,13
2026-06-30,terça-feira,1,PH UBAJARA,IFCO,6424,explícito,161.0,23
2026-06-30,terça-feira,1,TREB. CEARA,IFCO,6424,explícito,3.0,1
2026-06-30,terça-feira,1,TREB. MINAS,HB,618,explícito,338.0,23
2026-06-30,terça-feira,1,TREB. MINAS,HB,623,explícito,226.0,10
2026-06-30,terça-feira,1,TREB. MINAS,IFCO,6416,explícito,100.0,3
2026-06-30,terça-feira,1,TREB. MINAS,IFCO,6424,explícito,80.0,2
2026-07-01,quarta-feira,2,AGROINDUSTRIA TREBESCHI,HB,618,explícito,168.0,3
2026-07-01,quarta-feira,2,AGROINDUSTRIA TREBESCHI,IFCO,6416,explícito,11.0,1
2026-07-01,quarta-feira,2,AGROINDUSTRIA TREBESCHI,IFCO,6424,explícito,12.0,2
2026-07-01,quarta-feira,2,PH CORUMBA (PF),HB,623,explícito,1901.0,3
2026-07-01,quarta-feira,2,PH CORUMBA (PF),IFCO,6424,explícito,640.0,1
2026-07-01,quarta-feira,2,PH UBAJARA,HB,618,explícito,69.0,13
2026-07-01,quarta-feira,2,PH UBAJARA,HB,623,explícito,1.0,1
2026-07-01,quarta-feira,2,PH UBAJARA,IFCO,6416,explícito,52.0,9
2026-07-01,quarta-feira,2,PH UBAJARA,IFCO,6424,explícito,34.0,6
2026-07-01,quarta-feira,2,TREB. MINAS,HB,618,explícito,413.0,7
2026-07-01,quarta-feira,2,TREB. MINAS,HB,623,explícito,2672.0,7
2026-07-01,quarta-feira,2,TREB. MINAS,IFCO,6416,explícito,1797.0,31
2026-07-01,quarta-feira,2,TREB. MINAS,IFCO,6424,explícito,936.0,18
2026-07-02,quinta-feira,3,AGROINDUSTRIA TREBESCHI,HB,618,explícito,279.0,5
2026-07-02,quinta-feira,3,AGROINDUSTRIA TREBESCHI,IFCO,6424,explícito,40.0,1
2026-07-02,quinta-feira,3,PH CORUMBA (PF),HB,623,explícito,1540.0,2
2026-07-02,quinta-feira,3,PH CORUMBA (PF),IFCO,6424,explícito,41.0,1
2026-07-02,quinta-feira,3,PH UBAJARA,HB,618,explícito,55.0,4
2026-07-02,quinta-feira,3,PH UBAJARA,IFCO,6416,explícito,319.0,45
2026-07-02,quinta-feira,3,PH UBAJARA,IFCO,6424,explícito,188.0,17
2026-07-02,quinta-feira,3,TREB. CEARA,IFCO,6416,explícito,42.0,5
2026-07-02,quinta-feira,3,TREB. MINAS,HB,618,explícito,428.0,35
2026-07-02,quinta-feira,3,TREB. MINAS,HB,623,explícito,2768.0,8
2026-07-02,quinta-feira,3,TREB. MINAS,IFCO,6416,explícito,27.0,4
2026-07-02,quinta-feira,3,TREB. MINAS,IFCO,6424,explícito,1037.0,7
2026-07-03,sexta-feira,4,AGROINDUSTRIA TREBESCHI,HB,618,explícito,46.0,3
2026-07-03,sexta-feira,4,PH CASCAVEL,IFCO,6424,explícito,880.0,1
2026-07-03,sexta-feira,4,PH CORUMBA (PF),HB,623,explícito,690.0,1
2026-07-03,sexta-feira,4,PH UBAJARA,IFCO,6416,explícito,15.0,1
2026-07-03,sexta-feira,4,PH UBAJARA,IFCO,6424,explícito,195.0,13
2026-07-03,sexta-feira,4,TREB. MINAS,HB,618,explícito,364.0,5
2026-07-03,sexta-feira,4,TREB. MINAS,HB,623,explícito,1323.0,4
2026-07-03,sexta-feira,4,TREB. MINAS,IFCO,6416,explícito,468.0,5
2026-07-03,sexta-feira,4,TREB. MINAS,IFCO,6424,explícito,640.0,2
2026-07-04,sábado,5,AGROINDUSTRIA TREBESCHI,HB,618,explícito,18.0,3
2026-07-04,sábado,5,AGROINDUSTRIA TREBESCHI,HB,623,explícito,7.0,1
2026-07-04,sábado,5,AGROINDUSTRIA TREBESCHI,IFCO,6424,explícito,80.0,1
2026-07-04,sábado,5,PH CASCAVEL,IFCO,6424,explícito,880.0,3
2026-07-04,sábado,5,PH UBAJARA,HB,618,explícito,343.0,38
2026-07-04,sábado,5,PH UBAJARA,HB,623,explícito,35.0,7
2026-07-04,sábado,5,PH UBAJARA,IFCO,6416,explícito,110.0,27
2026-07-04,sábado,5,PH UBAJARA,IFCO,6424,explícito,373.0,37
2026-07-04,sábado,5,TREB. CEARA,HB,618,explícito,19.0,2
2026-07-04,sábado,5,TREB. MINAS,HB,618,explícito,677.0,33
2026-07-04,sábado,5,TREB. MINAS,HB,623,explícito,2017.0,14
2026-07-04,sábado,5,TREB. MINAS,IFCO,6416,explícito,404.0,22
2026-07-04,sábado,5,TREB. MINAS,IFCO,6424,explícito,80.0,1
2026-07-06,segunda-feira,0,AGROINDUSTRIA TREBESCHI,HB,618,explícito,400.0,2
2026-07-06,segunda-feira,0,AGROINDUSTRIA TREBESCHI,HB,623,explícito,71.0,3
2026-07-06,segunda-feira,0,PH UBAJARA,IFCO,6416,explícito,447.0,193
2026-07-06,segunda-feira,0,PH UBAJARA,IFCO,6424,explícito,235.0,63
2026-07-06,segunda-feira,0,TREB. CEARA,IFCO,6416,explícito,67.0,4
2026-07-06,segunda-feira,0,TREB. MINAS,HB,618,explícito,336.0,8
2026-07-06,segunda-feira,0,TREB. MINAS,HB,618,rateio_por_capacidade,23.183706045201376,4
2026-07-06,segunda-feira,0,TREB. MINAS,HB,623,explícito,676.0,30
2026-07-06,segunda-feira,0,TREB. MINAS,HB,623,rateio_por_capacidade,9.816293954798624,4
2026-07-06,segunda-feira,0,TREB. MINAS,IFCO,6416,explícito,186.0,5
2026-07-07,terça-feira,1,AGROINDUSTRIA TREBESCHI,HB,618,explícito,54.0,3
2026-07-07,terça-feira,1,PH CASCAVEL,IFCO,6424,explícito,240.0,2
2026-07-07,terça-feira,1,PH CORUMBA (PF),IFCO,6424,explícito,480.0,1
2026-07-07,terça-feira,1,PH UBAJARA,HB,618,explícito,108.0,13
2026-07-07,terça-feira,1,PH UBAJARA,HB,623,explícito,41.0,6
2026-07-07,terça-feira,1,PH UBAJARA,IFCO,6416,explícito,57.0,24
2026-07-07,terça-feira,1,PH UBAJARA,IFCO,6424,explícito,97.0,28
2026-07-07,terça-feira,1,TREB. CEARA,HB,618,explícito,18.0,1
2026-07-07,terça-feira,1,TREB. CEARA,IFCO,6424,explícito,28.0,3
2026-07-07,terça-feira,1,TREB. MINAS,HB,618,explícito,390.0,24
2026-07-07,terça-feira,1,TREB. MINAS,HB,623,explícito,1965.0,11
2026-07-07,terça-feira,1,TREB. MINAS,IFCO,6416,explícito,40.0,2
2026-07-07,terça-feira,1,TREB. MINAS,IFCO,6424,explícito,80.0,1
2026-07-08,quarta-feira,2,AGROINDUSTRIA TREBESCHI,HB,618,explícito,65.0,3
2026-07-08,quarta-feira,2,AGROINDUSTRIA TREBESCHI,IFCO,6416,explícito,7.0,2
2026-07-08,quarta-feira,2,AGROINDUSTRIA TREBESCHI,IFCO,6424,explícito,9.0,1
2026-07-08,quarta-feira,2,PH CORUMBA (PF),IFCO,6424,explícito,480.0,1
2026-07-08,quarta-feira,2,PH UBAJARA,HB,618,explícito,146.0,14
2026-07-08,quarta-feira,2,PH UBAJARA,HB,623,explícito,1.0,1
2026-07-08,quarta-feira,2,PH UBAJARA,IFCO,6416,explícito,235.0,21
2026-07-08,quarta-feira,2,PH UBAJARA,IFCO,6424,explícito,214.0,19
2026-07-08,quarta-feira,2,TREB. CEARA,HB,618,explícito,7.0,2
2026-07-08,quarta-feira,2,TREB. CEARA,IFCO,6416,explícito,13.0,5
2026-07-08,quarta-feira,2,TREB. MINAS,HB,618,explícito,473.0,7
2026-07-08,quarta-feira,2,TREB. MINAS,HB,623,explícito,75.0,4
2026-07-08,quarta-feira,2,TREB. MINAS,IFCO,6416,explícito,208.0,33
2026-07-08,quarta-feira,2,TREB. MINAS,IFCO,6424,explícito,955.0,15
2026-07-09,quinta-feira,3,AGROINDUSTRIA TREBESCHI,HB,618,explícito,56.0,3
2026-07-09,quinta-feira,3,PH CASCAVEL,IFCO,6424,explícito,1120.0,2
2026-07-09,quinta-feira,3,PH CORUMBA (PF),HB,623,explícito,360.0,1
2026-07-09,quinta-feira,3,PH CORUMBA (PF),IFCO,6424,explícito,50.0,1
2026-07-09,quinta-feira,3,PH UBAJARA,IFCO,6416,explícito,140.0,37
2026-07-09,quinta-feira,3,PH UBAJARA,IFCO,6424,explícito,7.0,5
2026-07-09,quinta-feira,3,TREB. CEARA,IFCO,6416,explícito,1.0,1
2026-07-09,quinta-feira,3,TREB. MINAS,HB,618,explícito,372.0,23
2026-07-09,quinta-feira,3,TREB. MINAS,HB,623,explícito,4102.0,8
2026-07-09,quinta-feira,3,TREB. MINAS,IFCO,6416,explícito,26.0,4
2026-07-09,quinta-feira,3,TREB. MINAS,IFCO,6424,explícito,195.0,6
2026-07-10,sexta-feira,4,AGROINDUSTRIA TREBESCHI,HB,618,explícito,46.0,3
2026-07-10,sexta-feira,4,AGROINDUSTRIA TREBESCHI,IFCO,6416,explícito,80.0,2
2026-07-10,sexta-feira,4,PH CASCAVEL,HB,623,explícito,280.0,1
2026-07-10,sexta-feira,4,PH CASCAVEL,IFCO,6424,explícito,880.0,1
2026-07-10,sexta-feira,4,PH CORUMBA (PF),HB,623,explícito,1260.0,1
2026-07-10,sexta-feira,4,TREB. MINAS,HB,618,explícito,261.0,7
2026-07-10,sexta-feira,4,TREB. MINAS,HB,623,explícito,2574.0,6
2026-07-10,sexta-feira,4,TREB. MINAS,IFCO,6416,explícito,398.0,4
2026-07-10,sexta-feira,4,TREB. MINAS,IFCO,6424,explícito,1280.1333333333332,5
2026-07-11,sábado,5,AGROINDUSTRIA TREBESCHI,HB,618,explícito,70.0,3
2026-07-11,sábado,5,AGROINDUSTRIA TREBESCHI,HB,623,explícito,9.0,1
2026-07-11,sábado,5,AGROINDUSTRIA TREBESCHI,IFCO,6424,explícito,40.0,1
2026-07-11,sábado,5,PH CASCAVEL,IFCO,6424,explícito,1120.0,3
2026-07-11,sábado,5,PH CORUMBA (PF),IFCO,6424,explícito,560.0,2
2026-07-11,sábado,5,PH UBAJARA,HB,618,explícito,401.0,42
2026-07-11,sábado,5,PH UBAJARA,HB,623,explícito,48.0,7
2026-07-11,sábado,5,PH UBAJARA,IFCO,6416,explícito,213.0,58
2026-07-11,sábado,5,PH UBAJARA,IFCO,6424,explícito,306.0,45
2026-07-11,sábado,5,TREB. CEARA,HB,618,explícito,29.0,3
2026-07-11,sábado,5,TREB. CEARA,IFCO,6424,explícito,25.0,1
2026-07-11,sábado,5,TREB. MINAS,HB,618,explícito,440.0,8
2026-07-11,sábado,5,TREB. MINAS,HB,623,explícito,1465.0,6
2026-07-11,sábado,5,TREB. MINAS,IFCO,6416,explícito,508.0,22
2026-07-11,sábado,5,TREB. MINAS,IFCO,6424,explícito,810.0,3
2026-07-13,segunda-feira,0,PH CORUMBA (PF),IFCO,6424,explícito,520.0,1
2026-07-13,segunda-feira,0,PH UBAJARA,IFCO,6416,explícito,127.0,15
2026-07-13,segunda-feira,0,PH UBAJARA,IFCO,6424,explícito,79.0,8
2026-07-13,segunda-feira,0,TREB. CEARA,IFCO,6416,explícito,90.0,4
2026-07-13,segunda-feira,0,TREB. MINAS,HB,618,explícito,402.0,7
2026-07-13,segunda-feira,0,TREB. MINAS,HB,623,explícito,785.0,5
2026-07-13,segunda-feira,0,TREB. MINAS,IFCO,6416,explícito,150.0,9
2026-07-13,segunda-feira,0,TREB. MINAS,IFCO,6424,explícito,964.0,7
2026-07-14,terça-feira,1,AGROINDUSTRIA TREBESCHI,HB,618,explícito,300.0,1
2026-07-14,terça-feira,1,AGROINDUSTRIA TREBESCHI,IFCO,6424,explícito,30.0,1
2026-07-14,terça-feira,1,PH CASCAVEL,HB,623,explícito,120.0,1
2026-07-14,terça-feira,1,PH CASCAVEL,IFCO,6424,explícito,530.0,6
2026-07-14,terça-feira,1,PH CORUMBA (PF),HB,623,explícito,690.0,1
2026-07-14,terça-feira,1,PH CORUMBA (PF),IFCO,6424,explícito,640.0,2
2026-07-14,terça-feira,1,PH UBAJARA,HB,618,explícito,184.0,15
2026-07-14,terça-feira,1,PH UBAJARA,HB,623,explícito,51.0,6
2026-07-14,terça-feira,1,PH UBAJARA,IFCO,6416,explícito,32.0,9
2026-07-14,terça-feira,1,PH UBAJARA,IFCO,6424,explícito,446.0,41
2026-07-14,terça-feira,1,TREB. CEARA,HB,618,explícito,16.0,1
2026-07-14,terça-feira,1,TREB. MINAS,HB,618,explícito,519.0,17
2026-07-14,terça-feira,1,TREB. MINAS,HB,618,rateio_por_capacidade,13.784617910016394,3
2026-07-14,terça-feira,1,TREB. MINAS,HB,623,explícito,822.0,18
2026-07-14,terça-feira,1,TREB. MINAS,HB,623,rateio_por_capacidade,16.215382089983606,4
2026-07-14,terça-feira,1,TREB. MINAS,IFCO,6416,explícito,382.0,6
2026-07-14,terça-feira,1,TREB. MINAS,IFCO,6424,explícito,520.0,2
2026-07-15,quarta-feira,2,AGROINDUSTRIA TREBESCHI,HB,618,explícito,63.0,3
2026-07-15,quarta-feira,2,AGROINDUSTRIA TREBESCHI,IFCO,6416,explícito,8.0,4
2026-07-15,quarta-feira,2,AGROINDUSTRIA TREBESCHI,IFCO,6424,explícito,48.0,2
2026-07-15,quarta-feira,2,PH CASCAVEL,IFCO,6424,explícito,1520.0,3
2026-07-15,quarta-feira,2,PH CORUMBA (PF),IFCO,6424,explícito,640.0,1
2026-07-15,quarta-feira,2,PH UBAJARA,HB,618,explícito,128.0,13
2026-07-15,quarta-feira,2,PH UBAJARA,IFCO,6416,explícito,60.0,4
2026-07-15,quarta-feira,2,PH UBAJARA,IFCO,6424,explícito,645.0,38
2026-07-15,quarta-feira,2,TREB. CEARA,HB,618,explícito,8.0,2
2026-07-15,quarta-feira,2,TREB. CEARA,IFCO,6424,explícito,15.0,2
2026-07-15,quarta-feira,2,TREB. MINAS,HB,618,explícito,457.0,7
2026-07-15,quarta-feira,2,TREB. MINAS,HB,623,explícito,1031.0,7
2026-07-15,quarta-feira,2,TREB. MINAS,IFCO,6416,explícito,2058.0,34
2026-07-15,quarta-feira,2,TREB. MINAS,IFCO,6424,explícito,342.0,10
2026-07-16,quinta-feira,3,AGROINDUSTRIA TREBESCHI,HB,618,explícito,57.0,5
2026-07-16,quinta-feira,3,AGROINDUSTRIA TREBESCHI,IFCO,6416,explícito,50.0,2
2026-07-16,quinta-feira,3,AGROINDUSTRIA TREBESCHI,IFCO,6424,explícito,200.0,1
2026-07-16,quinta-feira,3,PH CORUMBA (PF),HB,623,explícito,540.0,1
2026-07-16,quinta-feira,3,PH CORUMBA (PF),IFCO,6424,explícito,65.0,1
2026-07-16,quinta-feira,3,PH UBAJARA,IFCO,6416,explícito,357.0,49
2026-07-16,quinta-feira,3,PH UBAJARA,IFCO,6424,explícito,204.0,13
2026-07-16,quinta-feira,3,TREB. CEARA,IFCO,6416,explícito,71.0,5
2026-07-16,quinta-feira,3,TREB. MINAS,HB,618,explícito,571.0,33
2026-07-16,quinta-feira,3,TREB. MINAS,HB,623,explícito,2546.0,11
2026-07-16,quinta-feira,3,TREB. MINAS,IFCO,6424,explícito,1841.0,6
2026-07-17,sexta-feira,4,AGROINDUSTRIA TREBESCHI,HB,618,explícito,56.0,3
2026-07-17,sexta-feira,4,PH CASCAVEL,HB,623,explícito,200.0,1
2026-07-17,sexta-feira,4,PH CORUMBA (PF),HB,623,explícito,900.0,1
2026-07-17,sexta-feira,4,PH UBAJARA,IFCO,6416,explícito,66.0,20
2026-07-17,sexta-feira,4,PH UBAJARA,IFCO,6424,explícito,19.0,17
2026-07-17,sexta-feira,4,TREB. MINAS,HB,618,explícito,351.0,5
2026-07-17,sexta-feira,4,TREB. MINAS,HB,623,explícito,2610.0,4
2026-07-17,sexta-feira,4,TREB. MINAS,IFCO,6416,explícito,390.0,4
2026-07-18,sábado,5,AGROINDUSTRIA TREBESCHI,HB,618,explícito,37.0,4
2026-07-18,sábado,5,PH ALHO/CEBOLA,IFCO,6424,explícito,120.0,2
2026-07-18,sábado,5,PH CASCAVEL,HB,623,explícito,160.0,1
2026-07-18,sábado,5,PH CASCAVEL,IFCO,6424,explícito,410.0,3
2026-07-18,sábado,5,PH UBAJARA,HB,618,explícito,361.0,40
2026-07-18,sábado,5,PH UBAJARA,HB,623,explícito,53.0,7
2026-07-18,sábado,5,PH UBAJARA,IFCO,6416,explícito,57.0,33
2026-07-18,sábado,5,PH UBAJARA,IFCO,6424,explícito,119.0,35
2026-07-18,sábado,5,TREB. CEARA,HB,618,explícito,7.0,3
2026-07-18,sábado,5,TREB. CEARA,IFCO,6416,explícito,3.0,1
2026-07-18,sábado,5,TREB. MINAS,HB,618,explícito,811.0,28
2026-07-18,sábado,5,TREB. MINAS,HB,618,rateio_por_capacidade,95.06344074089242,6
2026-07-18,sábado,5,TREB. MINAS,HB,623,explícito,3085.0,27
2026-07-18,sábado,5,TREB. MINAS,HB,623,rateio_por_capacidade,18.936559259107597,4
2026-07-18,sábado,5,TREB. MINAS,IFCO,6416,explícito,497.0,23
2026-07-18,sábado,5,TREB. MINAS,IFCO,6424,explícito,2140.0,2
2026-07-20,segunda-feira,0,AGROINDUSTRIA TREBESCHI,HB,618,explícito,10.0,3
2026-07-20,segunda-feira,0,PH CASCAVEL,IFCO,6424,explícito,920.0,2
2026-07-20,segunda-feira,0,PH CORUMBA (PF),HB,623,explícito,720.0,1
2026-07-20,segunda-feira,0,PH UBAJARA,HB,618,explícito,68.0,4
2026-07-20,segunda-feira,0,PH UBAJARA,IFCO,6416,explícito,225.0,34
2026-07-20,segunda-feira,0,PH UBAJARA,IFCO,6424,explícito,287.0,15
2026-07-20,segunda-feira,0,TREB. CEARA,IFCO,6416,explícito,32.0,4
2026-07-20,segunda-feira,0,TREB. MINAS,HB,618,explícito,669.0,25
2026-07-20,segunda-feira,0,TREB. MINAS,HB,618,rateio_por_capacidade,78.04809373750611,4
2026-07-20,segunda-feira,0,TREB. MINAS,HB,623,explícito,380.0,7
2026-07-20,segunda-feira,0,TREB. MINAS,HB,623,rateio_por_capacidade,17.9519062624939,3
2026-07-20,segunda-feira,0,TREB. MINAS,IFCO,6416,explícito,216.0,6
2026-07-21,terça-feira,1,AGROINDUSTRIA TREBESCHI,HB,618,explícito,26.0,4
2026-07-21,terça-feira,1,PH CASCAVEL,HB,623,explícito,400.0,1
2026-07-21,terça-feira,1,PH CASCAVEL,IFCO,6424,explícito,250.0,2
2026-07-21,terça-feira,1,PH CORUMBA (PF),IFCO,6424,explícito,575.0,3
2026-07-21,terça-feira,1,PH UBAJARA,HB,618,explícito,119.0,14
2026-07-21,terça-feira,1,PH UBAJARA,HB,623,explícito,42.0,6
2026-07-21,terça-feira,1,PH UBAJARA,IFCO,6416,explícito,30.0,20
2026-07-21,terça-feira,1,PH UBAJARA,IFCO,6424,explícito,113.0,30
2026-07-21,terça-feira,1,TREB. CEARA,HB,618,explícito,11.0,1
2026-07-21,terça-feira,1,TREB. CEARA,IFCO,6424,explícito,1.0,1
2026-07-21,terça-feira,1,TREB. MINAS,HB,618,explícito,426.0,25
2026-07-21,terça-feira,1,TREB. MINAS,HB,623,explícito,1562.0,10
2026-07-21,terça-feira,1,TREB. MINAS,IFCO,6416,explícito,351.0,5
2026-07-21,terça-feira,1,TREB. MINAS,IFCO,6424,explícito,636.0,2
2026-07-22,quarta-feira,2,AGROINDUSTRIA TREBESCHI,HB,618,explícito,16.0,3
2026-07-22,quarta-feira,2,AGROINDUSTRIA TREBESCHI,IFCO,6416,explícito,6.0,1
2026-07-22,quarta-feira,2,PH ALHO/CEBOLA,IFCO,6424,explícito,640.0,1
2026-07-22,quarta-feira,2,PH CORUMBA (PF),HB,623,explícito,2520.0,2
2026-07-22,quarta-feira,2,PH UBAJARA,HB,618,explícito,82.0,13
2026-07-22,quarta-feira,2,PH UBAJARA,HB,618,rateio_por_capacidade,1.7186705723960876,1
2026-07-22,quarta-feira,2,PH UBAJARA,HB,623,rateio_por_capacidade,0.28132942760391255,1
2026-07-22,quarta-feira,2,PH UBAJARA,IFCO,6416,explícito,161.0,15
2026-07-22,quarta-feira,2,PH UBAJARA,IFCO,6424,explícito,206.0,12
2026-07-22,quarta-feira,2,TREB. CEARA,HB,618,explícito,5.0,2
2026-07-22,quarta-feira,2,TREB. CEARA,IFCO,6416,explícito,105.0,4
2026-07-22,quarta-feira,2,TREB. MINAS,HB,618,explícito,334.0,7
2026-07-22,quarta-feira,2,TREB. MINAS,HB,623,explícito,160.0,4
2026-07-22,quarta-feira,2,TREB. MINAS,IFCO,6416,explícito,4011.0,35
2026-07-22,quarta-feira,2,TREB. MINAS,IFCO,6424,explícito,1952.0,19
2026-07-23,quinta-feira,3,AGROINDUSTRIA TREBESCHI,HB,618,explícito,17.0,4
2026-07-23,quinta-feira,3,PH CASCAVEL,IFCO,6424,explícito,640.0,2
2026-07-23,quinta-feira,3,PH CORUMBA (PF),HB,623,explícito,1900.0,3
2026-07-23,quinta-feira,3,PH CORUMBA (PF),IFCO,6424,explícito,20.0,1
2026-07-23,quinta-feira,3,PH UBAJARA,IFCO,6416,explícito,156.0,33
2026-07-23,quinta-feira,3,PH UBAJARA,IFCO,6424,explícito,82.0,8
2026-07-23,quinta-feira,3,TREB. CEARA,IFCO,6416,explícito,1.0,1
2026-07-23,quinta-feira,3,TREB. MINAS,HB,618,explícito,845.0,42
2026-07-23,quinta-feira,3,TREB. MINAS,HB,623,explícito,5272.0,13
2026-07-23,quinta-feira,3,TREB. MINAS,IFCO,6416,explícito,26.0,6
2026-07-23,quinta-feira,3,TREB. MINAS,IFCO,6424,explícito,1520.0,5
2026-07-24,sexta-feira,4,AGROINDUSTRIA TREBESCHI,HB,618,explícito,12.0,3
2026-07-24,sexta-feira,4,PH CASCAVEL,HB,623,explícito,160.0,1
2026-07-24,sexta-feira,4,PH CORUMBA (PF),IFCO,6424,explícito,3360.0,3
2026-07-24,sexta-feira,4,PH UBAJARA,IFCO,6416,explícito,132.0,26
2026-07-24,sexta-feira,4,PH UBAJARA,IFCO,6424,explícito,94.0,14
2026-07-24,sexta-feira,4,TREB. MINAS,HB,618,explícito,426.0,8
2026-07-24,sexta-feira,4,TREB. MINAS,HB,623,explícito,1768.0,6
2026-07-24,sexta-feira,4,TREB. MINAS,IFCO,6416,explícito,296.0,4
2026-07-24,sexta-feira,4,TREB. MINAS,IFCO,6424,explícito,1120.0,1
2026-07-25,sábado,5,AGROINDUSTRIA TREBESCHI,HB,618,explícito,18.0,4
2026-07-25,sábado,5,AGROINDUSTRIA TREBESCHI,HB,623,explícito,20.0,2
2026-07-25,sábado,5,AGROINDUSTRIA TREBESCHI,IFCO,6416,explícito,2.0,2
2026-07-25,sábado,5,PH CASCAVEL,IFCO,6424,explícito,250.0,2
2026-07-25,sábado,5,PH UBAJARA,HB,618,explícito,408.0,50
2026-07-25,sábado,5,PH UBAJARA,HB,623,explícito,46.0,8
2026-07-25,sábado,5,PH UBAJARA,IFCO,6416,explícito,14.0,6
2026-07-25,sábado,5,PH UBAJARA,IFCO,6424,explícito,232.0,28
2026-07-25,sábado,5,TREB. CEARA,HB,618,explícito,36.0,3
2026-07-25,sábado,5,TREB. MINAS,HB,618,explícito,935.0,39
2026-07-25,sábado,5,TREB. MINAS,HB,618,rateio_por_capacidade,28.362623768610526,5
2026-07-25,sábado,5,TREB. MINAS,HB,623,explícito,3142.0,38
2026-07-25,sábado,5,TREB. MINAS,HB,623,rateio_por_capacidade,10.637376231389476,5
2026-07-25,sábado,5,TREB. MINAS,IFCO,6416,explícito,444.0,35
2026-07-25,sábado,5,TREB. MINAS,IFCO,6424,explícito,100.0,1
2026-07-27,segunda-feira,0,AGROINDUSTRIA TREBESCHI,HB,618,explícito,73.0,4
2026-07-27,segunda-feira,0,PH CASCAVEL,IFCO,6424,explícito,1040.0,3
2026-07-27,segunda-feira,0,PH UBAJARA,HB,623,explícito,40.0,1
2026-07-27,segunda-feira,0,PH UBAJARA,IFCO,6416,explícito,286.0,97
2026-07-27,segunda-feira,0,PH UBAJARA,IFCO,6424,explícito,141.0,45
2026-07-27,segunda-feira,0,TREB. CEARA,IFCO,6416,explícito,41.0,4
2026-07-27,segunda-feira,0,TREB. MINAS,HB,618,explícito,535.0,9
2026-07-27,segunda-feira,0,TREB. MINAS,HB,623,explícito,1155.0,5
2026-07-27,segunda-feira,0,TREB. MINAS,IFCO,6416,explícito,186.0,4
2026-07-27,segunda-feira,0,TREB. MINAS,IFCO,6424,explícito,850.0,2
2026-07-28,terça-feira,1,AGROINDUSTRIA TREBESCHI,HB,618,explícito,82.0,6
2026-07-28,terça-feira,1,AGROINDUSTRIA TREBESCHI,IFCO,6424,explícito,20.0,1
2026-07-28,terça-feira,1,PH CASCAVEL,IFCO,6424,explícito,240.0,2
2026-07-28,terça-feira,1,PH CORUMBA (PF),HB,623,explícito,720.0,1
2026-07-28,terça-feira,1,PH CORUMBA (PF),IFCO,6424,explícito,54.0,1
2026-07-28,terça-feira,1,PH UBAJARA,HB,618,explícito,162.0,15
2026-07-28,terça-feira,1,PH UBAJARA,HB,623,explícito,59.0,6
2026-07-28,terça-feira,1,PH UBAJARA,IFCO,6416,explícito,38.0,9
2026-07-28,terça-feira,1,PH UBAJARA,IFCO,6424,explícito,192.0,25
2026-07-28,terça-feira,1,TREB. CEARA,HB,618,explícito,13.0,1
2026-07-28,terça-feira,1,TREB. CEARA,IFCO,6424,explícito,0.0,1
2026-07-28,terça-feira,1,TREB. MINAS,HB,618,explícito,610.0,36
2026-07-28,terça-feira,1,TREB. MINAS,HB,623,explícito,570.0,11
2026-07-28,terça-feira,1,TREB. MINAS,IFCO,6416,explícito,344.0,5
2026-07-28,terça-feira,1,TREB. MINAS,IFCO,6424,explícito,640.0,1
2026-07-29,quarta-feira,2,AGROINDUSTRIA TREBESCHI,HB,618,explícito,26.0,4
2026-07-29,quarta-feira,2,AGROINDUSTRIA TREBESCHI,IFCO,6416,explícito,3.0,1
2026-07-29,quarta-feira,2,AGROINDUSTRIA TREBESCHI,IFCO,6424,explícito,6.0,1
2026-07-29,quarta-feira,2,PH CASCAVEL,HB,623,explícito,320.0,1
2026-07-29,quarta-feira,2,PH CASCAVEL,IFCO,6424,explícito,640.0,1
2026-07-29,quarta-feira,2,PH SUL (PF),IFCO,6424,explícito,170.0,1
2026-07-29,quarta-feira,2,PH UBAJARA,HB,618,explícito,116.0,14
2026-07-29,quarta-feira,2,PH UBAJARA,HB,623,explícito,3.0,1
2026-07-29,quarta-feira,2,PH UBAJARA,IFCO,6416,explícito,177.0,22
2026-07-29,quarta-feira,2,PH UBAJARA,IFCO,6424,explícito,252.0,19
2026-07-29,quarta-feira,2,TREB. CEARA,IFCO,6416,explícito,55.0,4
2026-07-29,quarta-feira,2,TREB. MINAS,HB,618,explícito,505.0,6
2026-07-29,quarta-feira,2,TREB. MINAS,HB,623,explícito,2040.0,5
2026-07-29,quarta-feira,2,TREB. MINAS,IFCO,6416,explícito,670.0,30
2026-07-29,quarta-feira,2,TREB. MINAS,IFCO,6424,explícito,1658.0,11
2026-07-30,quinta-feira,3,AGROINDUSTRIA TREBESCHI,HB,618,explícito,54.0,3
2026-07-30,quinta-feira,3,AGROINDUSTRIA TREBESCHI,IFCO,6416,explícito,120.0,2
2026-07-30,quinta-feira,3,PH CORUMBA (PF),HB,623,explícito,690.0,1
2026-07-30,quinta-feira,3,PH CORUMBA (PF),IFCO,6424,explícito,50.0,1
2026-07-30,quinta-feira,3,PH SUL (PF),IFCO,6424,explícito,113.0,5
2026-07-30,quinta-feira,3,PH UBAJARA,IFCO,6416,explícito,268.0,137
2026-07-30,quinta-feira,3,PH UBAJARA,IFCO,6424,explícito,67.0,25
2026-07-30,quinta-feira,3,TREB. MINAS,HB,618,explícito,349.0,17
2026-07-30,quinta-feira,3,TREB. MINAS,HB,623,explícito,3062.0,10
2026-07-30,quinta-feira,3,TREB. MINAS,IFCO,6424,explícito,1460.0,3
2026-07-31,sexta-feira,4,AGROINDUSTRIA TREBESCHI,HB,618,explícito,34.0,3
2026-07-31,sexta-feira,4,PH CASCAVEL,IFCO,6424,explícito,640.0,2
2026-07-31,sexta-feira,4,PH SUL (PF),IFCO,6424,explícito,41.0,2
2026-07-31,sexta-feira,4,PH UBAJARA,HB,623,explícito,1.0,1
2026-07-31,sexta-feira,4,PH UBAJARA,IFCO,6416,explícito,155.0,40
2026-07-31,sexta-feira,4,PH UBAJARA,IFCO,6424,explícito,521.0,65
2026-07-31,sexta-feira,4,TREB. MINAS,HB,618,explícito,227.0,8
2026-07-31,sexta-feira,4,TREB. MINAS,HB,623,explícito,3608.0,7
2026-07-31,sexta-feira,4,TREB. MINAS,IFCO,6416,explícito,402.0,4
2026-07-31,sexta-feira,4,TREB. MINAS,IFCO,6424,explícito,640.0,2
2026-08-01,sábado,5,AGROINDUSTRIA TREBESCHI,HB,618,explícito,22.0,7
2026-08-01,sábado,5,AGROINDUSTRIA TREBESCHI,HB,623,explícito,14.0,1
2026-08-01,sábado,5,AGROINDUSTRIA TREBESCHI,IFCO,6424,explícito,20.0,1
2026-08-01,sábado,5,PH CASCAVEL,IFCO,6424,explícito,850.0,3
2026-08-01,sábado,5,PH CORUMBA (PF),HB,623,explícito,690.0,1
2026-08-01,sábado,5,PH CORUMBA (PF),IFCO,6424,explícito,300.0,2
2026-08-01,sábado,5,PH SUL (PF),IFCO,6424,explícito,280.0,8
2026-08-01,sábado,5,PH UBAJARA,HB,618,explícito,314.0,39
2026-08-01,sábado,5,PH UBAJARA,HB,623,explícito,26.0,6
2026-08-01,sábado,5,PH UBAJARA,IFCO,6416,explícito,10.0,6
2026-08-01,sábado,5,PH UBAJARA,IFCO,6424,explícito,270.0,27
2026-08-01,sábado,5,TREB. CEARA,HB,618,explícito,56.0,5
2026-08-01,sábado,5,TREB. MINAS,HB,618,explícito,899.0,30
2026-08-01,sábado,5,TREB. MINAS,HB,618,rateio_por_capacidade,13.718670572396087,2
2026-08-01,sábado,5,TREB. MINAS,HB,623,explícito,2874.0,22
2026-08-01,sábado,5,TREB. MINAS,HB,623,rateio_por_capacidade,0.28132942760391255,1
2026-08-01,sábado,5,TREB. MINAS,IFCO,6416,explícito,333.0,22
2026-08-01,sábado,5,TREB. MINAS,IFCO,6424,explícito,300.0,1
2026-08-03,segunda-feira,0,AGROINDUSTRIA TREBESCHI,HB,618,explícito,47.0,4
2026-08-03,segunda-feira,0,PH CASCAVEL,IFCO,6424,explícito,880.0,1
2026-08-03,segunda-feira,0,PH SUL (PF),IFCO,6424,explícito,72.0,5
2026-08-03,segunda-feira,0,PH UBAJARA,IFCO,6416,explícito,90.0,13
2026-08-03,segunda-feira,0,PH UBAJARA,IFCO,6424,explícito,156.0,14
2026-08-03,segunda-feira,0,TREB. CEARA,IFCO,6416,explícito,19.0,3
2026-08-03,segunda-feira,0,TREB. MINAS,HB,618,explícito,766.0,29
2026-08-03,segunda-feira,0,TREB. MINAS,HB,623,explícito,905.0,5
2026-08-03,segunda-feira,0,TREB. MINAS,IFCO,6416,explícito,192.0,2
2026-08-04,terça-feira,1,AGROINDUSTRIA TREBESCHI,HB,618,explícito,16.0,3
2026-08-04,terça-feira,1,AGROINDUSTRIA TREBESCHI,IFCO,6424,explícito,20.0,1
2026-08-04,terça-feira,1,PH CASCAVEL,HB,623,explícito,200.0,1
2026-08-04,terça-feira,1,PH CASCAVEL,IFCO,6424,explícito,1100.0,3
2026-08-04,terça-feira,1,PH SUL (PF),IFCO,6424,explícito,124.0,6
2026-08-04,terça-feira,1,PH UBAJARA,HB,618,explícito,171.0,17
2026-08-04,terça-feira,1,PH UBAJARA,HB,623,explícito,26.0,4
2026-08-04,terça-feira,1,PH UBAJARA,IFCO,6416,explícito,35.0,22
2026-08-04,terça-feira,1,PH UBAJARA,IFCO,6424,explícito,214.0,31
2026-08-04,terça-feira,1,TREB. MINAS,HB,618,explícito,638.0,33
2026-08-04,terça-feira,1,TREB. MINAS,HB,623,explícito,1011.0,12
2026-08-04,terça-feira,1,TREB. MINAS,IFCO,6416,explícito,326.0,5
2026-08-05,quarta-feira,2,AGROINDUSTRIA TREBESCHI,HB,618,explícito,16.0,3
2026-08-05,quarta-feira,2,AGROINDUSTRIA TREBESCHI,IFCO,6416,explícito,19.0,4
2026-08-05,quarta-feira,2,AGROINDUSTRIA TREBESCHI,IFCO,6424,explícito,46.0,2
2026-08-05,quarta-feira,2,PH CASCAVEL,IFCO,6424,explícito,60.0,2
2026-08-05,quarta-feira,2,PH SUL (PF),IFCO,6424,explícito,67.0,2
2026-08-05,quarta-feira,2,PH UBAJARA,HB,618,explícito,128.0,14
2026-08-05,quarta-feira,2,PH UBAJARA,HB,623,explícito,2.0,1
2026-08-05,quarta-feira,2,PH UBAJARA,IFCO,6424,explícito,35.0,3
2026-08-05,quarta-feira,2,TREB. CEARA,HB,618,explícito,6.0,2
2026-08-05,quarta-feira,2,TREB. MINAS,HB,618,explícito,610.0,8
2026-08-05,quarta-feira,2,TREB. MINAS,HB,623,explícito,175.0,4
2026-08-05,quarta-feira,2,TREB. MINAS,IFCO,6416,explícito,741.0,28
2026-08-05,quarta-feira,2,TREB. MINAS,IFCO,6424,explícito,1703.0,10
2026-08-06,quinta-feira,3,AGROINDUSTRIA TREBESCHI,HB,618,explícito,13.0,4
2026-08-06,quinta-feira,3,PH CASCAVEL,IFCO,6424,explícito,151.0,5
2026-08-06,quinta-feira,3,PH CORUMBA (PF),HB,623,explícito,2520.0,2
2026-08-06,quinta-feira,3,PH CORUMBA (PF),IFCO,6424,explícito,395.0,2
2026-08-06,quinta-feira,3,PH SUL (PF),IFCO,6424,explícito,5.0,1
2026-08-06,quinta-feira,3,PH UBAJARA,HB,618,explícito,15.0,1
2026-08-06,quinta-feira,3,PH UBAJARA,IFCO,6416,explícito,404.0,62
2026-08-06,quinta-feira,3,PH UBAJARA,IFCO,6424,explícito,631.0,56
2026-08-06,quinta-feira,3,TREB. CEARA,IFCO,6416,explícito,60.0,3
2026-08-06,quinta-feira,3,TREB. MINAS,HB,618,explícito,390.0,16
2026-08-06,quinta-feira,3,TREB. MINAS,HB,618,rateio_por_capacidade,27.569235820032787,3
2026-08-06,quinta-feira,3,TREB. MINAS,HB,623,explícito,2302.0,13
2026-08-06,quinta-feira,3,TREB. MINAS,HB,623,rateio_por_capacidade,22.430764179967213,4
2026-08-06,quinta-feira,3,TREB. MINAS,IFCO,6424,explícito,1260.0,2
2026-08-07,sexta-feira,4,AGROINDUSTRIA TREBESCHI,HB,618,explícito,7.0,4
2026-08-07,sexta-feira,4,PH CORUMBA (PF),HB,623,explícito,3210.0,3
2026-08-07,sexta-feira,4,PH UBAJARA,IFCO,6416,explícito,131.0,26
2026-08-07,sexta-feira,4,PH UBAJARA,IFCO,6424,explícito,55.0,12
2026-08-07,sexta-feira,4,TREB. MINAS,HB,618,explícito,635.0,6
2026-08-07,sexta-feira,4,TREB. MINAS,HB,623,explícito,3330.0,8
2026-08-07,sexta-feira,4,TREB. MINAS,IFCO,6416,explícito,551.0,4
2026-08-07,sexta-feira,4,TREB. MINAS,IFCO,6424,explícito,720.0,2
2026-08-08,sábado,5,AGROINDUSTRIA TREBESCHI,HB,618,explícito,25.0,6
2026-08-08,sábado,5,AGROINDUSTRIA TREBESCHI,HB,623,explícito,14.0,1
2026-08-08,sábado,5,AGROINDUSTRIA TREBESCHI,IFCO,6424,explícito,80.0,1
2026-08-08,sábado,5,PH CASCAVEL,IFCO,6424,explícito,220.0,2
2026-08-08,sábado,5,PH UBAJARA,HB,618,explícito,372.0,43
2026-08-08,sábado,5,PH UBAJARA,HB,623,explícito,39.0,7
2026-08-08,sábado,5,PH UBAJARA,IFCO,6416,explícito,46.0,33
2026-08-08,sábado,5,PH UBAJARA,IFCO,6424,explícito,176.0,33
2026-08-08,sábado,5,TREB. CEARA,HB,618,explícito,2.0,1
2026-08-08,sábado,5,TREB. MINAS,HB,618,explícito,933.0,31
2026-08-08,sábado,5,TREB. MINAS,HB,623,explícito,2118.0,11
2026-08-08,sábado,5,TREB. MINAS,IFCO,6416,explícito,315.0,27
2026-08-08,sábado,5,TREB. MINAS,IFCO,6424,explícito,400.0,1
2026-08-10,segunda-feira,0,AGROINDUSTRIA TREBESCHI,HB,618,explícito,21.0,4
2026-08-10,segunda-feira,0,PH CORUMBA (PF),HB,623,explícito,720.0,1
2026-08-10,segunda-feira,0,PH CORUMBA (PF),IFCO,6424,explícito,50.0,1
2026-08-10,segunda-feira,0,PH UBAJARA,IFCO,6416,explícito,210.0,72
2026-08-10,segunda-feira,0,PH UBAJARA,IFCO,6424,explícito,228.0,39
2026-08-10,segunda-feira,0,TREB. CEARA,IFCO,6416,explícito,82.0,4
2026-08-10,segunda-feira,0,TREB. MINAS,HB,618,explícito,512.0,28
2026-08-10,segunda-feira,0,TREB. MINAS,HB,623,explícito,790.0,4
2026-08-10,segunda-feira,0,TREB. MINAS,IFCO,6416,explícito,252.0,6
2026-08-10,segunda-feira,0,TREB. MINAS,IFCO,6424,explícito,25.0,5
2026-08-11,terça-feira,1,AGROINDUSTRIA TREBESCHI,HB,618,explícito,153.0,3
2026-08-11,terça-feira,1,AGROINDUSTRIA TREBESCHI,IFCO,6424,explícito,20.0,1
2026-08-11,terça-feira,1,PH CASCAVEL,IFCO,6424,explícito,220.0,2
2026-08-11,terça-feira,1,PH CORUMBA (PF),IFCO,6424,explícito,50.0,1
2026-08-11,terça-feira,1,PH SUL (PF),HB,623,explícito,182.0,3
2026-08-11,terça-feira,1,PH UBAJARA,HB,618,explícito,143.0,15
2026-08-11,terça-feira,1,PH UBAJARA,HB,623,explícito,36.0,6
2026-08-11,terça-feira,1,PH UBAJARA,IFCO,6416,explícito,32.0,16
2026-08-11,terça-feira,1,PH UBAJARA,IFCO,6424,explícito,190.0,24
2026-08-11,terça-feira,1,TREB. MINAS,HB,618,explícito,403.0,28
2026-08-11,terça-feira,1,TREB. MINAS,HB,623,explícito,1910.0,13
2026-08-11,terça-feira,1,TREB. MINAS,IFCO,6416,explícito,420.0,6
2026-08-11,terça-feira,1,TREB. MINAS,IFCO,6424,explícito,640.0,1
2026-08-12,quarta-feira,2,AGROINDUSTRIA TREBESCHI,HB,618,explícito,159.0,3
2026-08-12,quarta-feira,2,AGROINDUSTRIA TREBESCHI,IFCO,6424,explícito,14.0,1
2026-08-12,quarta-feira,2,PH CORUMBA (PF),HB,623,explícito,690.0,1
2026-08-12,quarta-feira,2,PH CORUMBA (PF),IFCO,6424,explícito,1260.0,2
2026-08-12,quarta-feira,2,PH SUL (PF),HB,623,explícito,25.0,1
2026-08-12,quarta-feira,2,PH UBAJARA,HB,618,explícito,112.0,11
2026-08-12,quarta-feira,2,TREB. CEARA,HB,618,explícito,5.0,2
2026-08-12,quarta-feira,2,TREB. MINAS,HB,618,explícito,392.0,7
2026-08-12,quarta-feira,2,TREB. MINAS,HB,623,explícito,1610.0,5
2026-08-12,quarta-feira,2,TREB. MINAS,IFCO,6416,explícito,2035.0,30
2026-08-12,quarta-feira,2,TREB. MINAS,IFCO,6424,explícito,1167.0,7
2026-08-13,quinta-feira,3,AGROINDUSTRIA TREBESCHI,HB,618,explícito,118.0,4
2026-08-13,quinta-feira,3,AGROINDUSTRIA TREBESCHI,IFCO,6416,explícito,4.0,1
2026-08-13,quinta-feira,3,AGROINDUSTRIA TREBESCHI,IFCO,6424,explícito,22.0,1
2026-08-13,quinta-feira,3,PH CORUMBA (PF),HB,623,explícito,640.0,1
2026-08-13,quinta-feira,3,PH SUL (PF),HB,623,explícito,143.0,5
2026-08-13,quinta-feira,3,PH UBAJARA,HB,623,explícito,40.0,1
2026-08-13,quinta-feira,3,PH UBAJARA,IFCO,6416,explícito,387.0,53
2026-08-13,quinta-feira,3,PH UBAJARA,IFCO,6424,explícito,219.0,19
2026-08-13,quinta-feira,3,TREB. CEARA,IFCO,6416,explícito,44.0,3
2026-08-13,quinta-feira,3,TREB. MINAS,HB,618,explícito,576.0,46
2026-08-13,quinta-feira,3,TREB. MINAS,HB,623,explícito,162.0,9
2026-08-13,quinta-feira,3,TREB. MINAS,IFCO,6416,explícito,37.0,3
2026-08-13,quinta-feira,3,TREB. MINAS,IFCO,6424,explícito,1171.0,7
2026-08-14,sexta-feira,4,AGROINDUSTRIA TREBESCHI,HB,618,explícito,118.0,4
2026-08-14,sexta-feira,4,PH CORUMBA (PF),HB,623,explícito,640.0,1
2026-08-14,sexta-feira,4,PH SUL (PF),HB,623,explícito,166.0,9
2026-08-14,sexta-feira,4,PH UBAJARA,IFCO,6416,explícito,165.0,46
2026-08-14,sexta-feira,4,PH UBAJARA,IFCO,6424,explícito,29.0,15
2026-08-14,sexta-feira,4,TREB. MINAS,HB,623,explícito,1950.0,2
2026-08-14,sexta-feira,4,TREB. MINAS,IFCO,6416,explícito,1864.0,5
2026-08-15,sábado,5,AGROINDUSTRIA TREBESCHI,HB,618,explícito,74.0,4
2026-08-15,sábado,5,AGROINDUSTRIA TREBESCHI,HB,623,explícito,4.0,1
2026-08-15,sábado,5,AGROINDUSTRIA TREBESCHI,IFCO,6424,explícito,20.0,1
2026-08-15,sábado,5,PH CASCAVEL,IFCO,6424,explícito,220.0,2
2026-08-15,sábado,5,PH CORUMBA (PF),IFCO,6424,explícito,1294.0,3
2026-08-15,sábado,5,PH UBAJARA,HB,618,explícito,394.0,39
2026-08-15,sábado,5,PH UBAJARA,HB,623,explícito,36.0,7
2026-08-15,sábado,5,PH UBAJARA,IFCO,6416,explícito,74.0,51
2026-08-15,sábado,5,PH UBAJARA,IFCO,6424,explícito,225.0,40
2026-08-15,sábado,5,TREB. CEARA,HB,618,explícito,6.0,2
2026-08-15,sábado,5,TREB. MINAS,HB,618,explícito,818.0,39
2026-08-15,sábado,5,TREB. MINAS,HB,618,rateio_por_capacidade,40.00657696482496,5
2026-08-15,sábado,5,TREB. MINAS,HB,623,explícito,1186.0,31
2026-08-15,sábado,5,TREB. MINAS,HB,623,rateio_por_capacidade,22.993423035175038,5
2026-08-15,sábado,5,TREB. MINAS,IFCO,6416,explícito,615.0,31
2026-08-15,sábado,5,TREB. MINAS,IFCO,6424,explícito,560.0,2
2026-08-17,segunda-feira,0,AGROINDUSTRIA TREBESCHI,HB,618,explícito,169.0,4
2026-08-17,segunda-feira,0,PH SUL (PF),HB,623,explícito,156.0,6
2026-08-17,segunda-feira,0,PH UBAJARA,IFCO,6416,explícito,279.0,36
2026-08-17,segunda-feira,0,PH UBAJARA,IFCO,6424,explícito,704.0,61
2026-08-17,segunda-feira,0,TREB. CEARA,IFCO,6416,explícito,64.0,4
2026-08-17,segunda-feira,0,TREB. MINAS,HB,618,explícito,779.0,29
2026-08-17,segunda-feira,0,TREB. MINAS,HB,623,explícito,336.0,5
2026-08-17,segunda-feira,0,TREB. MINAS,IFCO,6416,explícito,209.0,3
2026-08-17,segunda-feira,0,TREB. MINAS,IFCO,6424,explícito,200.0,1
2026-08-18,terça-feira,1,AGROINDUSTRIA TREBESCHI,HB,618,explícito,71.0,4
2026-08-18,terça-feira,1,AGROINDUSTRIA TREBESCHI,IFCO,6424,explícito,20.0,1
2026-08-18,terça-feira,1,PH CASCAVEL,IFCO,6424,explícito,220.0,2
2026-08-18,terça-feira,1,PH SUL (PF),HB,623,explícito,21.0,4
2026-08-18,terça-feira,1,PH UBAJARA,HB,618,explícito,130.0,14
2026-08-18,terça-feira,1,PH UBAJARA,HB,623,explícito,56.0,6
2026-08-18,terça-feira,1,PH UBAJARA,IFCO,6416,explícito,10.0,9
2026-08-18,terça-feira,1,PH UBAJARA,IFCO,6424,explícito,189.0,24
2026-08-18,terça-feira,1,TREB. CEARA,HB,618,explícito,52.0,3
2026-08-18,terça-feira,1,TREB. MINAS,HB,618,explícito,610.0,17
2026-08-18,terça-feira,1,TREB. MINAS,HB,623,explícito,342.0,7
2026-08-18,terça-feira,1,TREB. MINAS,IFCO,6416,explícito,385.0,5
2026-08-19,quarta-feira,2,AGROINDUSTRIA TREBESCHI,HB,618,explícito,147.0,4
2026-08-19,quarta-feira,2,AGROINDUSTRIA TREBESCHI,IFCO,6416,explícito,3.0,1
2026-08-19,quarta-feira,2,AGROINDUSTRIA TREBESCHI,IFCO,6424,explícito,27.0,2
2026-08-19,quarta-feira,2,PH SUL (PF),HB,623,explícito,276.0,4
2026-08-19,quarta-feira,2,PH UBAJARA,HB,618,explícito,82.0,10
2026-08-19,quarta-feira,2,TREB. CEARA,HB,618,explícito,3.0,1
2026-08-19,quarta-feira,2,TREB. MINAS,HB,618,explícito,520.0,7
2026-08-19,quarta-feira,2,TREB. MINAS,HB,623,explícito,915.0,5
2026-08-19,quarta-feira,2,TREB. MINAS,IFCO,6416,explícito,681.0,25
2026-08-19,quarta-feira,2,TREB. MINAS,IFCO,6424,explícito,2009.0,12
2026-08-20,quinta-feira,3,AGROINDUSTRIA TREBESCHI,HB,618,explícito,68.0,5
2026-08-20,quinta-feira,3,PH CORUMBA (PF),HB,623,explícito,640.0,1
2026-08-20,quinta-feira,3,PH SUL (PF),IFCO,6424,explícito,5.0,1
2026-08-20,quinta-feira,3,PH UBAJARA,IFCO,6416,explícito,203.0,36
2026-08-20,quinta-feira,3,PH UBAJARA,IFCO,6424,explícito,103.0,14
2026-08-20,quinta-feira,3,TREB. CEARA,IFCO,6416,explícito,36.0,4
2026-08-20,quinta-feira,3,TREB. MINAS,HB,618,explícito,940.0,39
2026-08-20,quinta-feira,3,TREB. MINAS,HB,623,explícito,1707.0,19
2026-08-20,quinta-feira,3,TREB. MINAS,IFCO,6424,explícito,1081.0,3
2026-08-21,sexta-feira,4,AGROINDUSTRIA TREBESCHI,HB,618,explícito,43.0,3
2026-08-21,sexta-feira,4,PH ALHO/CEBOLA,IFCO,6424,explícito,480.0,2
2026-08-21,sexta-feira,4,PH CORUMBA (PF),IFCO,6424,explícito,640.0,1
2026-08-21,sexta-feira,4,PH UBAJARA,IFCO,6416,explícito,124.0,37
2026-08-21,sexta-feira,4,PH UBAJARA,IFCO,6424,explícito,12.0,11
2026-08-21,sexta-feira,4,TREB. MINAS,HB,618,explícito,252.0,6
2026-08-21,sexta-feira,4,TREB. MINAS,HB,623,explícito,3495.0,8
2026-08-21,sexta-feira,4,TREB. MINAS,IFCO,6416,explícito,570.0,3
2026-08-22,sábado,5,AGROINDUSTRIA TREBESCHI,HB,618,explícito,130.0,4
2026-08-22,sábado,5,AGROINDUSTRIA TREBESCHI,HB,623,explícito,19.0,3
2026-08-22,sábado,5,AGROINDUSTRIA TREBESCHI,IFCO,6424,explícito,20.0,1
2026-08-22,sábado,5,PH CASCAVEL,IFCO,6424,explícito,220.0,2
2026-08-22,sábado,5,PH CORUMBA (PF),IFCO,6424,explícito,640.0,1
2026-08-22,sábado,5,PH UBAJARA,HB,618,explícito,347.0,45
2026-08-22,sábado,5,PH UBAJARA,HB,623,explícito,16.0,6
2026-08-22,sábado,5,PH UBAJARA,IFCO,6416,explícito,130.0,43
2026-08-22,sábado,5,PH UBAJARA,IFCO,6424,explícito,266.0,44
2026-08-22,sábado,5,TREB. CEARA,HB,618,explícito,2.0,1
2026-08-22,sábado,5,TREB. MINAS,HB,618,explícito,718.0,18
2026-08-22,sábado,5,TREB. MINAS,HB,618,rateio_por_capacidade,11.578005858594132,2
2026-08-22,sábado,5,TREB. MINAS,HB,623,explícito,708.0,19
2026-08-22,sábado,5,TREB. MINAS,HB,623,rateio_por_capacidade,0.42199414140586883,1
2026-08-22,sábado,5,TREB. MINAS,IFCO,6416,explícito,666.0,28
2026-08-22,sábado,5,TREB. MINAS,IFCO,6424,explícito,637.0,1
2026-08-24,segunda-feira,0,AGROINDUSTRIA TREBESCHI,HB,618,explícito,76.0,3
2026-08-24,segunda-feira,0,AGROINDUSTRIA TREBESCHI,IFCO,6424,explícito,120.0,1
2026-08-24,segunda-feira,0,PH CORUMBA (PF),IFCO,6424,explícito,1280.0,2
2026-08-24,segunda-feira,0,TREB. MINAS,HB,618,explícito,450.0,8
2026-08-24,segunda-feira,0,TREB. MINAS,HB,623,explícito,1195.0,5
2026-08-24,segunda-feira,0,TREB. MINAS,IFCO,6416,explícito,403.0,3
2026-08-24,segunda-feira,0,TREB. MINAS,IFCO,6424,explícito,1120.0,2
2026-08-25,terça-feira,1,AGROINDUSTRIA TREBESCHI,HB,618,explícito,94.0,4
2026-08-25,terça-feira,1,AGROINDUSTRIA TREBESCHI,IFCO,6424,explícito,20.0,1
2026-08-25,terça-feira,1,PH CASCAVEL,IFCO,6424,explícito,70.0,1
2026-08-25,terça-feira,1,PH CORUMBA (PF),HB,623,explícito,690.0,1
2026-08-25,terça-feira,1,PH CORUMBA (PF),IFCO,6424,explícito,640.0,1
2026-08-25,terça-feira,1,PH SUL (PF),HB,623,explícito,238.0,4
2026-08-25,terça-feira,1,PH UBAJARA,HB,618,explícito,116.0,15
2026-08-25,terça-feira,1,PH UBAJARA,HB,623,explícito,55.0,6
2026-08-25,terça-feira,1,PH UBAJARA,IFCO,6416,explícito,443.0,212
2026-08-25,terça-feira,1,PH UBAJARA,IFCO,6424,explícito,362.0,99
2026-08-25,terça-feira,1,TREB. CEARA,IFCO,6416,explícito,128.0,4
2026-08-25,terça-feira,1,TREB. MINAS,HB,618,explícito,610.0,18
2026-08-25,terça-feira,1,TREB. MINAS,HB,618,rateio_por_capacidade,11.578005858594132,2
2026-08-25,terça-feira,1,TREB. MINAS,HB,623,explícito,300.0,20
2026-08-25,terça-feira,1,TREB. MINAS,HB,623,rateio_por_capacidade,0.42199414140586883,1
2026-08-25,terça-feira,1,TREB. MINAS,IFCO,6416,explícito,414.0,5
2026-08-25,terça-feira,1,TREB. MINAS,IFCO,6424,explícito,1120.0,2
2026-08-26,quarta-feira,2,AGROINDUSTRIA TREBESCHI,HB,618,explícito,94.0,3
2026-08-26,quarta-feira,2,AGROINDUSTRIA TREBESCHI,HB,623,explícito,6.0,1
2026-08-26,quarta-feira,2,AGROINDUSTRIA TREBESCHI,IFCO,6416,explícito,10.0,4
2026-08-26,quarta-feira,2,AGROINDUSTRIA TREBESCHI,IFCO,6424,explícito,16.0,2
2026-08-26,quarta-feira,2,PH CORUMBA (PF),HB,623,explícito,720.0,1
2026-08-26,quarta-feira,2,PH SUL (PF),HB,623,explícito,65.0,2
2026-08-26,quarta-feira,2,PH UBAJARA,HB,618,explícito,106.0,20
2026-08-26,quarta-feira,2,PH UBAJARA,IFCO,6416,explícito,40.0,2
2026-08-26,quarta-feira,2,PH UBAJARA,IFCO,6424,explícito,371.0,24
2026-08-26,quarta-feira,2,TREB. MINAS,HB,618,explícito,333.0,9
2026-08-26,quarta-feira,2,TREB. MINAS,HB,623,explícito,240.0,4
2026-08-26,quarta-feira,2,TREB. MINAS,IFCO,6416,explícito,835.0,33
2026-08-26,quarta-feira,2,TREB. MINAS,IFCO,6424,explícito,2817.0,12
2026-08-27,quinta-feira,3,AGROINDUSTRIA TREBESCHI,HB,618,explícito,84.0,4
2026-08-27,quinta-feira,3,PH CORUMBA (PF),IFCO,6424,explícito,640.0,1
2026-08-27,quinta-feira,3,PH SUL (PF),HB,623,explícito,177.0,6
2026-08-27,quinta-feira,3,PH UBAJARA,IFCO,6416,explícito,209.0,27
2026-08-27,quinta-feira,3,PH UBAJARA,IFCO,6424,explícito,114.0,11
2026-08-27,quinta-feira,3,TREB. CEARA,IFCO,6416,explícito,12.0,1
2026-08-27,quinta-feira,3,TREB. MINAS,HB,618,explícito,947.0,34
2026-08-27,quinta-feira,3,TREB. MINAS,HB,623,explícito,419.0,8
2026-08-27,quinta-feira,3,TREB. MINAS,IFCO,6416,explícito,17.0,2
2026-08-27,quinta-feira,3,TREB. MINAS,IFCO,6424,explícito,1443.0,6
2026-08-28,sexta-feira,4,AGROINDUSTRIA TREBESCHI,HB,618,explícito,35.0,4
2026-08-28,sexta-feira,4,PH CORUMBA (PF),IFCO,6424,explícito,2491.0,4
2026-08-28,sexta-feira,4,PH SUL (PF),HB,623,explícito,60.0,3
2026-08-28,sexta-feira,4,PH UBAJARA,IFCO,6416,explícito,148.0,41
2026-08-28,sexta-feira,4,PH UBAJARA,IFCO,6424,explícito,4.0,4
2026-08-28,sexta-feira,4,TREB. MINAS,HB,618,explícito,90.0,5
2026-08-28,sexta-feira,4,TREB. MINAS,HB,623,explícito,95.0,3
2026-08-28,sexta-feira,4,TREB. MINAS,IFCO,6416,explícito,677.0,4
2026-08-28,sexta-feira,4,TREB. MINAS,IFCO,6424,explícito,2238.0,3
2026-08-29,sábado,5,AGROINDUSTRIA TREBESCHI,HB,618,explícito,19.0,2
2026-08-29,sábado,5,AGROINDUSTRIA TREBESCHI,IFCO,6416,explícito,2.0,2
2026-08-29,sábado,5,AGROINDUSTRIA TREBESCHI,IFCO,6424,explícito,20.0,1
2026-08-29,sábado,5,PH CASCAVEL,IFCO,6424,explícito,220.0,2
2026-08-29,sábado,5,PH CORUMBA (PF),HB,623,explícito,1260.0,1
2026-08-29,sábado,5,PH SUL (PF),HB,623,explícito,56.0,3
2026-08-29,sábado,5,PH UBAJARA,HB,618,explícito,275.0,40
2026-08-29,sábado,5,PH UBAJARA,HB,623,explícito,35.0,6
2026-08-29,sábado,5,PH UBAJARA,IFCO,6416,explícito,46.0,25
2026-08-29,sábado,5,PH UBAJARA,IFCO,6424,explícito,265.0,55
2026-08-29,sábado,5,TREB. CEARA,HB,618,explícito,15.0,3
2026-08-29,sábado,5,TREB. CEARA,IFCO,6424,explícito,3.0,2
2026-08-29,sábado,5,TREB. MINAS,HB,618,explícito,631.0,15
2026-08-29,sábado,5,TREB. MINAS,HB,618,rateio_por_capacidade,17.569235820032787,2
2026-08-29,sábado,5,TREB. MINAS,HB,623,explícito,1411.0,25
2026-08-29,sábado,5,TREB. MINAS,HB,623,rateio_por_capacidade,22.430764179967213,4
2026-08-29,sábado,5,TREB. MINAS,IFCO,6416,explícito,492.0,25
2026-08-31,segunda-feira,0,AGROINDUSTRIA TREBESCHI,HB,618,explícito,85.0,4
2026-08-31,segunda-feira,0,PH UBAJARA,IFCO,6416,explícito,191.0,31
2026-08-31,segunda-feira,0,PH UBAJARA,IFCO,6424,explícito,268.0,15
2026-08-31,segunda-feira,0,TREB. CEARA,IFCO,6416,explícito,66.0,2
2026-08-31,segunda-feira,0,TREB. MINAS,HB,618,explícito,357.0,8
2026-08-31,segunda-feira,0,TREB. MINAS,HB,623,explícito,285.0,4
2026-08-31,segunda-feira,0,TREB. MINAS,IFCO,6416,explícito,481.0,4
2026-09-01,terça-feira,1,AGROINDUSTRIA TREBESCHI,HB,618,explícito,166.0,6
2026-09-01,terça-feira,1,PH CASCAVEL,IFCO,6424,explícito,230.0,2
2026-09-01,terça-feira,1,PH CORUMBA (PF),HB,623,explícito,1260.0,1
2026-09-01,terça-feira,1,PH UBAJARA,HB,618,explícito,104.0,11
2026-09-01,terça-feira,1,PH UBAJARA,HB,623,explícito,30.0,5
2026-09-01,terça-feira,1,PH UBAJARA,IFCO,6416,explícito,26.0,4
2026-09-01,terça-feira,1,PH UBAJARA,IFCO,6424,explícito,494.0,63
2026-09-01,terça-feira,1,TREB. MINAS,HB,618,explícito,329.0,15
2026-09-01,terça-feira,1,TREB. MINAS,HB,623,explícito,321.0,6
2026-09-01,terça-feira,1,TREB. MINAS,IFCO,6416,explícito,623.0,6
2026-09-02,quarta-feira,2,AGROINDUSTRIA TREBESCHI,HB,618,explícito,12.0,2
2026-09-02,quarta-feira,2,AGROINDUSTRIA TREBESCHI,IFCO,6416,explícito,8.0,1
2026-09-02,quarta-feira,2,F. BICAME,IFCO,6424,explícito,403.0,2
2026-09-02,quarta-feira,2,PH CORUMBA (PF),HB,623,explícito,1260.0,1
2026-09-02,quarta-feira,2,TREB. MINAS,HB,618,explícito,455.0,8
2026-09-02,quarta-feira,2,TREB. MINAS,HB,623,explícito,1046.0,15
2026-09-02,quarta-feira,2,TREB. MINAS,IFCO,6416,explícito,650.0,32
2026-09-02,quarta-feira,2,TREB. MINAS,IFCO,6424,explícito,1050.0,12
2026-09-03,quinta-feira,3,AGROINDUSTRIA TREBESCHI,HB,618,explícito,12.0,3
2026-09-03,quinta-feira,3,F. BICAME,IFCO,6424,explícito,1537.0,3
2026-09-03,quinta-feira,3,PH CORUMBA (PF),HB,623,explícito,360.0,1
2026-09-03,quinta-feira,3,PH CORUMBA (PF),IFCO,6424,explícito,960.0,2
2026-09-03,quinta-feira,3,PH UBAJARA,HB,618,explícito,118.0,16
2026-09-03,quinta-feira,3,PH UBAJARA,HB,623,explícito,2.0,1
2026-09-03,quinta-feira,3,PH UBAJARA,IFCO,6416,explícito,188.0,39
2026-09-03,quinta-feira,3,PH UBAJARA,IFCO,6420,explícito,5.0,1
2026-09-03,quinta-feira,3,PH UBAJARA,IFCO,6424,explícito,159.0,14
2026-09-03,quinta-feira,3,TREB. CEARA,IFCO,6416,explícito,9.0,1
2026-09-03,quinta-feira,3,TREB. MINAS,HB,618,explícito,637.0,14
2026-09-03,quinta-feira,3,TREB. MINAS,HB,623,explícito,2276.0,8
2026-09-03,quinta-feira,3,TREB. MINAS,IFCO,6416,explícito,17.0,2
2026-09-03,quinta-feira,3,TREB. MINAS,IFCO,6424,explícito,1161.0,11
2026-09-04,sexta-feira,4,AGROINDUSTRIA TREBESCHI,HB,618,explícito,47.0,4
2026-09-04,sexta-feira,4,F. BICAME,IFCO,6424,explícito,720.0,4
2026-09-04,sexta-feira,4,PH ALHO/CEBOLA,HB,618,explícito,3.0,1
2026-09-04,sexta-feira,4,PH CORUMBA (PF),IFCO,6424,explícito,240.0,2
2026-09-04,sexta-feira,4,PH UBAJARA,IFCO,6416,explícito,126.0,35
2026-09-04,sexta-feira,4,PH UBAJARA,IFCO,6424,explícito,6.0,6
2026-09-04,sexta-feira,4,TREB. MINAS,HB,618,explícito,390.0,5
2026-09-04,sexta-feira,4,TREB. MINAS,HB,623,explícito,940.0,5
2026-09-04,sexta-feira,4,TREB. MINAS,IFCO,6424,explícito,5.0,1
2026-09-05,sábado,5,AGROINDUSTRIA TREBESCHI,HB,618,explícito,94.0,7
2026-09-05,sábado,5,AGROINDUSTRIA TREBESCHI,HB,623,explícito,8.0,1
2026-09-05,sábado,5,AGROINDUSTRIA TREBESCHI,IFCO,6416,explícito,7.0,3
2026-09-05,sábado,5,AGROINDUSTRIA TREBESCHI,IFCO,6424,explícito,20.0,1
2026-09-05,sábado,5,F. BICAME,IFCO,6424,explícito,586.0,3
2026-09-05,sábado,5,PH CORUMBA (PF),IFCO,6424,explícito,397.0,1
2026-09-05,sábado,5,PH UBAJARA,HB,618,explícito,334.0,39
2026-09-05,sábado,5,PH UBAJARA,HB,623,explícito,82.0,6
2026-09-05,sábado,5,PH UBAJARA,IFCO,6424,explícito,177.0,47
2026-09-05,sábado,5,TREB. MINAS,HB,618,explícito,982.0,23
2026-09-05,sábado,5,TREB. MINAS,HB,623,explícito,480.0,7
2026-09-05,sábado,5,TREB. MINAS,IFCO,6416,explícito,127.0,22
2026-09-07,segunda-feira,0,TREB. MINAS,HB,618,explícito,495.0,7
2026-09-07,segunda-feira,0,TREB. MINAS,HB,623,explícito,190.0,3
2026-09-07,segunda-feira,0,TREB. MINAS,IFCO,6416,explícito,474.0,6
2026-09-08,terça-feira,1,AGROINDUSTRIA TREBESCHI,HB,618,explícito,94.0,4
2026-09-08,terça-feira,1,PH CORUMBA (PF),HB,623,explícito,630.0,1
2026-09-08,terça-feira,1,PH UBAJARA,IFCO,6416,explícito,279.0,41
2026-09-08,terça-feira,1,PH UBAJARA,IFCO,6424,explícito,229.0,20
2026-09-08,terça-feira,1,TREB. CEARA,IFCO,6416,explícito,11.0,1
2026-09-08,terça-feira,1,TREB. MINAS,HB,618,explícito,474.0,9
2026-09-08,terça-feira,1,TREB. MINAS,HB,623,explícito,1950.0,18
2026-09-08,terça-feira,1,TREB. MINAS,IFCO,6416,explícito,680.0,6
2026-09-09,quarta-feira,2,AGROINDUSTRIA TREBESCHI,IFCO,6416,explícito,5.0,1
2026-09-09,quarta-feira,2,AGROINDUSTRIA TREBESCHI,IFCO,6424,explícito,34.0,3
2026-09-09,quarta-feira,2,F. BICAME,IFCO,6424,explícito,440.0,1
2026-09-09,quarta-feira,2,PH CORUMBA (PF),IFCO,6424,explícito,1170.0,5
2026-09-09,quarta-feira,2,PH UBAJARA,HB,618,explícito,165.0,10
2026-09-09,quarta-feira,2,PH UBAJARA,HB,623,explícito,35.0,5
2026-09-09,quarta-feira,2,PH UBAJARA,IFCO,6416,explícito,6.0,4
2026-09-09,quarta-feira,2,PH UBAJARA,IFCO,6424,explícito,200.0,32
2026-09-09,quarta-feira,2,TREB. MINAS,HB,618,explícito,551.0,19
2026-09-09,quarta-feira,2,TREB. MINAS,HB,623,explícito,190.0,4
2026-09-09,quarta-feira,2,TREB. MINAS,IFCO,6416,explícito,1567.0,28
2026-09-09,quarta-feira,2,TREB. MINAS,IFCO,6424,explícito,263.0,7
2026-09-10,quinta-feira,3,AGROINDUSTRIA TREBESCHI,HB,618,explícito,67.0,4
2026-09-10,quinta-feira,3,PH CORUMBA (PF),HB,623,explícito,1950.0,2
2026-09-10,quinta-feira,3,PH CORUMBA (PF),IFCO,6424,explícito,900.0,1
2026-09-10,quinta-feira,3,PH UBAJARA,HB,618,explícito,117.0,18
2026-09-10,quinta-feira,3,PH UBAJARA,HB,623,explícito,46.0,2
2026-09-10,quinta-feira,3,PH UBAJARA,IFCO,6416,explícito,352.0,45
2026-09-10,quinta-feira,3,PH UBAJARA,IFCO,6420,explícito,8.0,1
2026-09-10,quinta-feira,3,PH UBAJARA,IFCO,6424,explícito,107.0,10
2026-09-10,quinta-feira,3,TREB. CEARA,IFCO,6416,explícito,30.0,2
2026-09-10,quinta-feira,3,TREB. MINAS,HB,618,explícito,639.0,14
2026-09-10,quinta-feira,3,TREB. MINAS,HB,618,rateio_por_capacidade,17.569235820032787,2
2026-09-10,quinta-feira,3,TREB. MINAS,HB,623,explícito,77211.0,15
2026-09-10,quinta-feira,3,TREB. MINAS,HB,623,rateio_por_capacidade,22.430764179967213,4
2026-09-10,quinta-feira,3,TREB. MINAS,IFCO,6424,explícito,596.0,2
2026-09-11,sexta-feira,4,AGROINDUSTRIA TREBESCHI,HB,618,explícito,52.0,3
2026-09-11,sexta-feira,4,AGROINDUSTRIA TREBESCHI,IFCO,6416,explícito,80.0,2
2026-09-11,sexta-feira,4,AGROINDUSTRIA TREBESCHI,IFCO,6424,explícito,160.0,1
2026-09-11,sexta-feira,4,PH CORUMBA (PF),IFCO,6424,explícito,915.0,5
2026-09-11,sexta-feira,4,TREB. MINAS,HB,618,explícito,210.0,5
2026-09-11,sexta-feira,4,TREB. MINAS,HB,623,explícito,830.0,5
2026-09-11,sexta-feira,4,TREB. MINAS,IFCO,6416,explícito,828.0,5
2026-09-11,sexta-feira,4,TREB. MINAS,IFCO,6424,explícito,40.0,1
2026-09-12,sábado,5,AGROINDUSTRIA TREBESCHI,HB,618,explícito,130.0,7
2026-09-12,sábado,5,AGROINDUSTRIA TREBESCHI,IFCO,6424,explícito,20.0,1
2026-09-12,sábado,5,F. BICAME,IFCO,6424,explícito,453.0,3
2026-09-12,sábado,5,PH CORUMBA (PF),HB,623,explícito,640.0,1
2026-09-12,sábado,5,PH CORUMBA (PF),IFCO,6424,explícito,900.0,1
2026-09-12,sábado,5,PH UBAJARA,HB,618,explícito,413.0,36
2026-09-12,sábado,5,PH UBAJARA,HB,623,explícito,63.0,7
2026-09-12,sábado,5,PH UBAJARA,IFCO,6416,explícito,116.0,41
2026-09-12,sábado,5,PH UBAJARA,IFCO,6424,explícito,256.0,35
2026-09-12,sábado,5,TREB. MINAS,HB,618,explícito,775.0,20
2026-09-12,sábado,5,TREB. MINAS,HB,623,explícito,1325.0,9
2026-09-12,sábado,5,TREB. MINAS,IFCO,6416,explícito,724.0,23
2026-09-12,sábado,5,TREB. MINAS,IFCO,6424,explícito,80.0,1
2026-09-14,segunda-feira,0,F. BICAME,IFCO,6424,explícito,680.0,3
2026-09-14,segunda-feira,0,PH CORUMBA (PF),HB,623,explícito,630.0,1
2026-09-14,segunda-feira,0,PH CORUMBA (PF),IFCO,6424,explícito,850.0,4
2026-09-14,segunda-feira,0,PH UBAJARA,IFCO,6416,explícito,40.0,4
2026-09-14,segunda-feira,0,PH UBAJARA,IFCO,6424,explícito,513.0,46
2026-09-14,segunda-feira,0,TREB. MINAS,HB,618,explícito,405.0,7
2026-09-14,segunda-feira,0,TREB. MINAS,HB,623,explícito,860.0,4
2026-09-14,segunda-feira,0,TREB. MINAS,IFCO,6416,explícito,494.0,5
2026-09-14,segunda-feira,0,TREB. MINAS,IFCO,6424,explícito,240.0,1
2026-09-15,terça-feira,1,AGROINDUSTRIA TREBESCHI,HB,618,explícito,45.0,3
2026-09-15,terça-feira,1,AGROINDUSTRIA TREBESCHI,HB,623,explícito,22.0,3
2026-09-15,terça-feira,1,PH UBAJARA,HB,618,explícito,127.0,11
2026-09-15,terça-feira,1,PH UBAJARA,HB,623,explícito,43.0,6
2026-09-15,terça-feira,1,PH UBAJARA,IFCO,6416,explícito,24.0,5
2026-09-15,terça-feira,1,PH UBAJARA,IFCO,6424,explícito,113.0,26
2026-09-15,terça-feira,1,TREB. CEARA,HB,618,explícito,20.0,2
2026-09-15,terça-feira,1,TREB. CEARA,IFCO,6424,explícito,3.0,1
2026-09-15,terça-feira,1,TREB. MINAS,HB,618,explícito,569.0,34
2026-09-15,terça-feira,1,TREB. MINAS,HB,618,rateio_por_capacidade,3.437341144792175,1
2026-09-15,terça-feira,1,TREB. MINAS,HB,623,explícito,788.0,21
2026-09-15,terça-feira,1,TREB. MINAS,HB,623,rateio_por_capacidade,0.5626588552078251,1
2026-09-15,terça-feira,1,TREB. MINAS,IFCO,6416,explícito,698.0,7
2026-09-15,terça-feira,1,TREB. MINAS,IFCO,6424,explícito,400.0,2
2026-09-16,quarta-feira,2,AGROINDUSTRIA TREBESCHI,HB,623,explícito,20.0,1
2026-09-16,quarta-feira,2,AGROINDUSTRIA TREBESCHI,IFCO,6416,explícito,4.0,1
2026-09-16,quarta-feira,2,AGROINDUSTRIA TREBESCHI,IFCO,6424,explícito,43.0,3
2026-09-16,quarta-feira,2,PH CORUMBA (PF),HB,623,explícito,1000.0,3
2026-09-16,quarta-feira,2,PH CORUMBA (PF),IFCO,6424,explícito,900.0,1
2026-09-16,quarta-feira,2,PH UBAJARA,HB,618,explícito,149.0,16
2026-09-16,quarta-feira,2,PH UBAJARA,HB,623,explícito,1.0,1
2026-09-16,quarta-feira,2,PH UBAJARA,IFCO,6424,explícito,70.0,1
2026-09-16,quarta-feira,2,TREB. CEARA,HB,618,explícito,5.0,2
2026-09-16,quarta-feira,2,TREB. MINAS,HB,618,explícito,228.0,6
2026-09-16,quarta-feira,2,TREB. MINAS,HB,623,explícito,870.0,4
2026-09-16,quarta-feira,2,TREB. MINAS,IFCO,6416,explícito,503.0,29
2026-09-16,quarta-feira,2,TREB. MINAS,IFCO,6424,explícito,2124.0,16
2026-09-17,quinta-feira,3,AGROINDUSTRIA TREBESCHI,HB,618,explícito,44.0,4
2026-09-17,quinta-feira,3,F. BICAME,IFCO,6424,explícito,466.0,2
2026-09-17,quinta-feira,3,PH CORUMBA (PF),HB,623,explícito,1320.0,3
2026-09-17,quinta-feira,3,PH CORUMBA (PF),IFCO,6424,explícito,1260.0,1
2026-09-17,quinta-feira,3,PH UBAJARA,IFCO,6416,explícito,552.0,47
2026-09-17,quinta-feira,3,PH UBAJARA,IFCO,6420,explícito,10.0,1
2026-09-17,quinta-feira,3,PH UBAJARA,IFCO,6424,explícito,341.0,13
2026-09-17,quinta-feira,3,TREB. CEARA,IFCO,6416,explícito,99.0,5
2026-09-17,quinta-feira,3,TREB. MINAS,HB,618,explícito,552.0,22
2026-09-17,quinta-feira,3,TREB. MINAS,HB,623,explícito,1253.0,12
