data,dia_semana,numero_dia_semana,origem,familia_caixa,modelo_caixa,quantidade_caixas,registros_origem
2023-01-02,segunda-feira,0,F. TAQUARIVAI,IFCO,6416,537.0,5
2023-01-02,segunda-feira,0,F. TAQUARIVAI,IFCO,6424,320.0,1
2023-01-02,segunda-feira,0,TREB. CEAGESP,IFCO,6424,5.0,1
2023-01-02,segunda-feira,0,TREB. MINAS,IFCO,6416,1147.6666666666665,60
2023-01-02,segunda-feira,0,TREB. MINAS,IFCO,6424,74.0,54
2023-01-02,segunda-feira,0,TREB. MINAS,IFCO,NAO_INFORMADO,16.0,1
2023-01-03,terça-feira,1,F. TAQUARIVAI,HB,623,580.0,2
2023-01-03,terça-feira,1,F. TAQUARIVAI,IFCO,6416,628.0,5
2023-01-03,terça-feira,1,F. TAQUARIVAI,IFCO,6424,560.0,2
2023-01-03,terça-feira,1,PH UBAJARA,IFCO,6416,978.0,77
2023-01-03,terça-feira,1,PH UBAJARA,IFCO,6424,260.0,20
2023-01-03,terça-feira,1,PH UBAJARA,IFCO,NAO_INFORMADO,26.0,1
2023-01-03,terça-feira,1,TREB. MINAS,HB,NAO_INFORMADO,444.0,1
2023-01-03,terça-feira,1,TREB. MINAS,IFCO,6416,425.0,20
2023-01-03,terça-feira,1,TREB. MINAS,IFCO,6424,1.0,1
2023-01-03,terça-feira,1,TREB. MINAS,IFCO,NAO_INFORMADO,10.0,1
2023-01-04,quarta-feira,2,F. TAQUARIVAI,IFCO,6416,474.0,5
2023-01-04,quarta-feira,2,F. TAQUARIVAI,IFCO,6424,960.0,2
2023-01-04,quarta-feira,2,PH CORUMBA (PF),IFCO,6416,10.0,1
2023-01-04,quarta-feira,2,PH CORUMBA (PF),IFCO,6424,83.0,31
2023-01-04,quarta-feira,2,PH UBAJARA,IFCO,6416,682.0,72
2023-01-04,quarta-feira,2,PH UBAJARA,IFCO,6424,242.0,9
2023-01-04,quarta-feira,2,TREB. MINAS,HB,623,500.0,1
2023-01-04,quarta-feira,2,TREB. MINAS,HB,NAO_INFORMADO,719.0,22
2023-01-04,quarta-feira,2,TREB. MINAS,IFCO,6416,1563.0,117
2023-01-04,quarta-feira,2,TREB. MINAS,IFCO,6424,163.0,32
2023-01-04,quarta-feira,2,TREB. MINAS,IFCO,NAO_INFORMADO,18.0,1
2023-01-05,quinta-feira,3,F. TAQUARIVAI,IFCO,6424,320.0,1
2023-01-05,quinta-feira,3,PH CORUMBA (PF),IFCO,6416,11.0,2
2023-01-05,quinta-feira,3,PH CORUMBA (PF),IFCO,6424,1.0,1
2023-01-05,quinta-feira,3,PH UBAJARA,IFCO,6416,88.0,23
2023-01-05,quinta-feira,3,PH UBAJARA,IFCO,6424,25.0,10
2023-01-05,quinta-feira,3,TREB. MINAS,HB,NAO_INFORMADO,281.0,20
2023-01-05,quinta-feira,3,TREB. MINAS,IFCO,6416,507.0,19
2023-01-05,quinta-feira,3,TREB. MINAS,IFCO,6424,2.0,1
2023-01-05,quinta-feira,3,TREB. MINAS,IFCO,NAO_INFORMADO,10.0,1
2023-01-06,sexta-feira,4,F. TAQUARIVAI,IFCO,6416,831.0,4
2023-01-06,sexta-feira,4,F. TAQUARIVAI,IFCO,6424,260.0,3
2023-01-06,sexta-feira,4,TREB. MINAS,IFCO,6416,818.0,54
2023-01-06,sexta-feira,4,TREB. MINAS,IFCO,6424,49.0,3
2023-01-06,sexta-feira,4,TREB. MINAS,IFCO,NAO_INFORMADO,8.0,2
2023-01-07,sábado,5,F. TAQUARIVAI,HB,623,690.0,2
2023-01-07,sábado,5,F. TAQUARIVAI,IFCO,6416,898.0,4
2023-01-07,sábado,5,PH SUL (PF),IFCO,6424,640.0,1
2023-01-07,sábado,5,PH UBAJARA,IFCO,6416,17.0,1
2023-01-07,sábado,5,TREB. MINAS,HB,NAO_INFORMADO,534.0,8
2023-01-07,sábado,5,TREB. MINAS,IFCO,6416,2019.0,95
2023-01-07,sábado,5,TREB. MINAS,IFCO,6424,395.0,11
2023-01-09,segunda-feira,0,F. TAQUARIVAI,HB,623,690.0,1
2023-01-09,segunda-feira,0,F. TAQUARIVAI,IFCO,6416,606.0,5
2023-01-09,segunda-feira,0,PH UBAJARA,IFCO,6416,492.0,29
2023-01-09,segunda-feira,0,PH UBAJARA,IFCO,6424,444.0,14
2023-01-09,segunda-feira,0,TREB. MINAS,HB,NAO_INFORMADO,85.0,1
2023-01-09,segunda-feira,0,TREB. MINAS,IFCO,6416,733.0,49
2023-01-09,segunda-feira,0,TREB. MINAS,IFCO,6424,80.0,30
2023-01-09,segunda-feira,0,TREB. MINAS,IFCO,NAO_INFORMADO,15.0,1
2023-01-10,terça-feira,1,F. TAQUARIVAI,IFCO,6416,665.0,5
2023-01-10,terça-feira,1,F. TAQUARIVAI,IFCO,6424,400.0,1
2023-01-10,terça-feira,1,PH SUL (PF),HB,623,360.0,1
2023-01-10,terça-feira,1,PH UBAJARA,IFCO,6416,957.0,62
2023-01-10,terça-feira,1,PH UBAJARA,IFCO,6424,258.0,14
2023-01-10,terça-feira,1,PH UBAJARA,IFCO,NAO_INFORMADO,29.0,1
2023-01-10,terça-feira,1,TREB. MINAS,IFCO,6416,534.0,25
2023-01-10,terça-feira,1,TREB. MINAS,IFCO,6424,1.0,1
2023-01-10,terça-feira,1,TREB. MINAS,IFCO,NAO_INFORMADO,10.0,1
2023-01-11,quarta-feira,2,F. TAQUARIVAI,HB,623,690.0,1
2023-01-11,quarta-feira,2,F. TAQUARIVAI,IFCO,6416,561.0,5
2023-01-11,quarta-feira,2,PH CORUMBA (PF),IFCO,6424,48.0,27
2023-01-11,quarta-feira,2,PH UBAJARA,IFCO,6416,1516.0,92
2023-01-11,quarta-feira,2,PH UBAJARA,IFCO,6424,286.0,10
2023-01-11,quarta-feira,2,TREB. MINAS,IFCO,6416,1005.0,96
2023-01-11,quarta-feira,2,TREB. MINAS,IFCO,6424,420.0,31
2023-01-11,quarta-feira,2,TREB. MINAS,IFCO,NAO_INFORMADO,14.0,1
2023-01-12,quinta-feira,3,PH CORUMBA (PF),IFCO,6416,22.0,3
2023-01-12,quinta-feira,3,PH CORUMBA (PF),IFCO,6424,37.0,5
2023-01-12,quinta-feira,3,PH SUL (PF),IFCO,6424,640.0,1
2023-01-12,quinta-feira,3,PH UBAJARA,IFCO,6416,123.0,33
2023-01-12,quinta-feira,3,PH UBAJARA,IFCO,6424,31.0,11
2023-01-12,quinta-feira,3,TREB. MINAS,HB,NAO_INFORMADO,452.0,24
2023-01-12,quinta-feira,3,TREB. MINAS,IFCO,6416,363.0,17
2023-01-12,quinta-feira,3,TREB. MINAS,IFCO,6424,1.0,1
2023-01-12,quinta-feira,3,TREB. MINAS,IFCO,NAO_INFORMADO,14.0,1
2023-01-13,sexta-feira,4,F. TAQUARIVAI,IFCO,6416,727.0,4
2023-01-13,sexta-feira,4,TREB. MINAS,IFCO,6416,566.0,33
2023-01-13,sexta-feira,4,TREB. MINAS,IFCO,6424,2.0,2
2023-01-13,sexta-feira,4,TREB. MINAS,IFCO,NAO_INFORMADO,13.0,2
2023-01-14,sábado,5,F. TAQUARIVAI,IFCO,6416,794.0,4
2023-01-14,sábado,5,PH SUL (PF),IFCO,6424,320.0,1
2023-01-14,sábado,5,TREB. MINAS,HB,NAO_INFORMADO,1200.0,43
2023-01-14,sábado,5,TREB. MINAS,IFCO,6416,887.0,62
2023-01-14,sábado,5,TREB. MINAS,IFCO,6424,835.0,12
2023-01-16,segunda-feira,0,F. TAQUARIVAI,IFCO,6416,650.0,5
2023-01-16,segunda-feira,0,PH SUL (PF),IFCO,6424,320.0,1
2023-01-16,segunda-feira,0,PH UBAJARA,IFCO,6416,693.0,21
2023-01-16,segunda-feira,0,PH UBAJARA,IFCO,6424,45.0,1
2023-01-16,segunda-feira,0,TREB. MINAS,IFCO,6416,1580.0,61
2023-01-16,segunda-feira,0,TREB. MINAS,IFCO,6424,66.0,23
2023-01-16,segunda-feira,0,TREB. MINAS,IFCO,NAO_INFORMADO,14.0,1
2023-01-17,terça-feira,1,F. TAQUARIVAI,IFCO,6416,642.0,6
2023-01-17,terça-feira,1,PH SUL (PF),HB,623,690.0,1
2023-01-17,terça-feira,1,PH SUL (PF),IFCO,6424,320.0,1
2023-01-17,terça-feira,1,PH UBAJARA,IFCO,6416,888.0,63
2023-01-17,terça-feira,1,PH UBAJARA,IFCO,6424,212.0,16
2023-01-17,terça-feira,1,PH UBAJARA,IFCO,NAO_INFORMADO,31.0,1
2023-01-17,terça-feira,1,TREB. MINAS,HB,623,450.0,1
2023-01-17,terça-feira,1,TREB. MINAS,HB,NAO_INFORMADO,270.0,1
2023-01-17,terça-feira,1,TREB. MINAS,IFCO,6416,478.0,27
2023-01-17,terça-feira,1,TREB. MINAS,IFCO,6424,32.0,7
2023-01-17,terça-feira,1,TREB. MINAS,IFCO,NAO_INFORMADO,9.0,1
2023-01-18,quarta-feira,2,F. TAQUARIVAI,IFCO,6416,507.0,6
2023-01-18,quarta-feira,2,PH CORUMBA (PF),IFCO,6424,78.0,26
2023-01-18,quarta-feira,2,PH SUL (PF),HB,623,690.0,2
2023-01-18,quarta-feira,2,PH SUL (PF),IFCO,6424,480.0,2
2023-01-18,quarta-feira,2,PH UBAJARA,IFCO,6416,819.0,86
2023-01-18,quarta-feira,2,PH UBAJARA,IFCO,6424,519.0,13
2023-01-18,quarta-feira,2,TREB. MINAS,HB,NAO_INFORMADO,288.0,20
2023-01-18,quarta-feira,2,TREB. MINAS,IFCO,6416,831.5333333333333,92
2023-01-18,quarta-feira,2,TREB. MINAS,IFCO,6424,68.0,22
2023-01-18,quarta-feira,2,TREB. MINAS,IFCO,NAO_INFORMADO,12.0,1
2023-01-19,quinta-feira,3,PH CORUMBA (PF),IFCO,6416,21.0,3
2023-01-19,quinta-feira,3,PH CORUMBA (PF),IFCO,6424,48.0,4
2023-01-19,quinta-feira,3,PH SUL (PF),HB,623,640.0,2
2023-01-19,quinta-feira,3,PH SUL (PF),IFCO,6424,640.0,1
2023-01-19,quinta-feira,3,PH UBAJARA,IFCO,6416,327.0,36
2023-01-19,quinta-feira,3,PH UBAJARA,IFCO,6424,45.0,9
2023-01-19,quinta-feira,3,TREB. MINAS,IFCO,6416,360.0,18
2023-01-19,quinta-feira,3,TREB. MINAS,IFCO,6424,1.0,1
2023-01-19,quinta-feira,3,TREB. MINAS,IFCO,NAO_INFORMADO,11.0,1
2023-01-20,sexta-feira,4,PH SUL (PF),IFCO,6416,644.0,4
2023-01-20,sexta-feira,4,PH SUL (PF),IFCO,6424,640.0,3
2023-01-20,sexta-feira,4,TREB. MINAS,IFCO,6416,684.0,37
2023-01-20,sexta-feira,4,TREB. MINAS,IFCO,6424,6.0,4
2023-01-20,sexta-feira,4,TREB. MINAS,IFCO,NAO_INFORMADO,10.0,2
2023-01-21,sábado,5,PH SUL (PF),HB,623,1046.0,3
2023-01-21,sábado,5,PH SUL (PF),IFCO,6416,1076.0,5
2023-01-21,sábado,5,PH SUL (PF),IFCO,6424,1240.0,5
2023-01-21,sábado,5,TREB. MINAS,HB,NAO_INFORMADO,1259.0,61
2023-01-21,sábado,5,TREB. MINAS,IFCO,6416,1394.0,60
2023-01-21,sábado,5,TREB. MINAS,IFCO,6424,263.0,10
2023-01-21,sábado,5,TREB. MINAS,IFCO,NAO_INFORMADO,7.0,1
2023-01-23,segunda-feira,0,PH SUL (PF),HB,623,690.0,2
2023-01-23,segunda-feira,0,PH SUL (PF),IFCO,6416,178.0,8
2023-01-23,segunda-feira,0,PH SUL (PF),IFCO,6424,720.0,3
2023-01-23,segunda-feira,0,PH SUL (PF),IFCO,NAO_INFORMADO,15.0,1
2023-01-23,segunda-feira,0,PH UBAJARA,IFCO,6416,24.0,4
2023-01-23,segunda-feira,0,PH UBAJARA,IFCO,6424,68.0,4
2023-01-23,segunda-feira,0,TREB. MINAS,IFCO,6416,1664.0,57
2023-01-23,segunda-feira,0,TREB. MINAS,IFCO,6424,169.0,40
2023-01-24,terça-feira,1,PH CORUMBA (PF),IFCO,6416,100.0,1
2023-01-24,terça-feira,1,PH SUL (PF),HB,623,1147.0,3
2023-01-24,terça-feira,1,PH SUL (PF),IFCO,6416,97.0,8
2023-01-24,terça-feira,1,PH SUL (PF),IFCO,6424,1920.0,8
2023-01-24,terça-feira,1,PH SUL (PF),IFCO,NAO_INFORMADO,7.0,1
2023-01-24,terça-feira,1,PH UBAJARA,IFCO,6416,1079.0666666666666,70
2023-01-24,terça-feira,1,PH UBAJARA,IFCO,6424,374.3,18
2023-01-24,terça-feira,1,PH UBAJARA,IFCO,NAO_INFORMADO,41.0,1
2023-01-24,terça-feira,1,TREB. CEAGESP,IFCO,6416,30.0,1
2023-01-24,terça-feira,1,TREB. MINAS,HB,NAO_INFORMADO,634.0,10
2023-01-24,terça-feira,1,TREB. MINAS,IFCO,6416,638.0,16
2023-01-24,terça-feira,1,TREB. MINAS,IFCO,6424,2.0,1
2023-01-25,quarta-feira,2,PH CORUMBA (PF),IFCO,6416,5.0,1
2023-01-25,quarta-feira,2,PH CORUMBA (PF),IFCO,6424,67.0,29
2023-01-25,quarta-feira,2,PH SUL (PF),HB,623,1545.0,3
2023-01-25,quarta-feira,2,PH SUL (PF),IFCO,6416,648.0,14
2023-01-25,quarta-feira,2,PH SUL (PF),IFCO,6424,2200.0,4
2023-01-25,quarta-feira,2,PH SUL (PF),IFCO,NAO_INFORMADO,2.0,1
2023-01-25,quarta-feira,2,PH UBAJARA,IFCO,6416,1001.0,82
2023-01-25,quarta-feira,2,PH UBAJARA,IFCO,6424,604.0,23
2023-01-25,quarta-feira,2,TREB. MINAS,HB,NAO_INFORMADO,423.0,23
2023-01-25,quarta-feira,2,TREB. MINAS,IFCO,6416,778.0333333333333,105
2023-01-25,quarta-feira,2,TREB. MINAS,IFCO,6424,173.0,21
2023-01-26,quinta-feira,3,PH CORUMBA (PF),IFCO,6416,12.0,2
2023-01-26,quinta-feira,3,PH CORUMBA (PF),IFCO,6424,1.0,1
2023-01-26,quinta-feira,3,PH SUL (PF),HB,623,690.0,2
2023-01-26,quinta-feira,3,PH SUL (PF),IFCO,6416,188.0,8
2023-01-26,quinta-feira,3,PH SUL (PF),IFCO,6424,3760.0,7
2023-01-26,quinta-feira,3,PH SUL (PF),IFCO,NAO_INFORMADO,5.0,1
2023-01-26,quinta-feira,3,PH UBAJARA,IFCO,6416,243.0,48
2023-01-26,quinta-feira,3,PH UBAJARA,IFCO,6424,28.0,11
2023-01-26,quinta-feira,3,TREB. MINAS,IFCO,6416,538.0,15
2023-01-26,quinta-feira,3,TREB. MINAS,IFCO,6424,3.0,1
2023-01-27,sexta-feira,4,PH SUL (PF),HB,623,1050.0,3
2023-01-27,sexta-feira,4,PH SUL (PF),IFCO,6416,930.0,20
2023-01-27,sexta-feira,4,PH SUL (PF),IFCO,6424,4480.0,7
2023-01-27,sexta-feira,4,PH SUL (PF),IFCO,NAO_INFORMADO,4.0,2
2023-01-27,sexta-feira,4,PH UBAJARA,IFCO,6416,412.0,23
2023-01-27,sexta-feira,4,PH UBAJARA,IFCO,6424,282.0,17
2023-01-27,sexta-feira,4,TREB. MINAS,IFCO,6416,1363.8,63
2023-01-27,sexta-feira,4,TREB. MINAS,IFCO,6424,356.85,15
2023-01-28,sábado,5,F. TAQUARIVAI,HB,623,318.0,1
2023-01-28,sábado,5,PH SUL (PF),HB,623,1380.0,2
2023-01-28,sábado,5,PH SUL (PF),IFCO,6416,1107.0,21
2023-01-28,sábado,5,PH SUL (PF),IFCO,6424,4010.0,7
2023-01-28,sábado,5,PH SUL (PF),IFCO,NAO_INFORMADO,3.0,1
2023-01-28,sábado,5,TREB. MINAS,IFCO,6416,1084.0,55
2023-01-28,sábado,5,TREB. MINAS,IFCO,6424,103.0,11
2023-01-29,domingo,6,PH SUL (PF),IFCO,6416,99.0,9
2023-01-29,domingo,6,TREB. MINAS,IFCO,6416,30.0,1
2023-01-30,segunda-feira,0,PH SUL (PF),HB,623,1380.0,2
2023-01-30,segunda-feira,0,PH SUL (PF),IFCO,6416,1038.0,15
2023-01-30,segunda-feira,0,PH SUL (PF),IFCO,6424,2520.0,6
2023-01-30,segunda-feira,0,PH SUL (PF),IFCO,NAO_INFORMADO,2.0,1
2023-01-30,segunda-feira,0,PH UBAJARA,IFCO,6416,16.0,1
2023-01-30,segunda-feira,0,TREB. MINAS,IFCO,6416,682.0,42
2023-01-30,segunda-feira,0,TREB. MINAS,IFCO,6424,274.0,34
2023-01-31,terça-feira,1,PH SUL (PF),HB,623,690.0,2
2023-01-31,terça-feira,1,PH SUL (PF),IFCO,6416,932.0,14
2023-01-31,terça-feira,1,PH SUL (PF),IFCO,6424,160.0,1
2023-01-31,terça-feira,1,PH SUL (PF),IFCO,NAO_INFORMADO,2.0,1
2023-01-31,terça-feira,1,PH UBAJARA,IFCO,6416,1741.0,139
2023-01-31,terça-feira,1,PH UBAJARA,IFCO,6424,482.0,27
2023-01-31,terça-feira,1,PH UBAJARA,IFCO,NAO_INFORMADO,47.0,1
2023-01-31,terça-feira,1,TREB. MINAS,IFCO,6416,298.0,10
2023-01-31,terça-feira,1,TREB. MINAS,IFCO,6424,2.0,1
2023-02-01,quarta-feira,2,F. TAQUARIVAI,HB,623,680.0,2
2023-02-01,quarta-feira,2,PH CORUMBA (PF),IFCO,6416,16.0,5
2023-02-01,quarta-feira,2,PH CORUMBA (PF),IFCO,6424,75.0,31
2023-02-01,quarta-feira,2,PH SUL (PF),HB,623,2220.0,8
2023-02-01,quarta-feira,2,PH SUL (PF),IFCO,6416,819.0,13
2023-02-01,quarta-feira,2,PH SUL (PF),IFCO,6424,280.0,1
2023-02-01,quarta-feira,2,PH SUL (PF),IFCO,NAO_INFORMADO,6.0,1
2023-02-01,quarta-feira,2,PH UBAJARA,IFCO,6416,831.0,69
2023-02-01,quarta-feira,2,PH UBAJARA,IFCO,6424,178.0,12
2023-02-01,quarta-feira,2,TREB. MINAS,HB,NAO_INFORMADO,976.0,57
2023-02-01,quarta-feira,2,TREB. MINAS,IFCO,6416,1191.0,94
2023-02-01,quarta-feira,2,TREB. MINAS,IFCO,6424,134.0,31
2023-02-02,quinta-feira,3,PH SUL (PF),HB,623,450.0,2
2023-02-02,quinta-feira,3,PH SUL (PF),IFCO,6416,178.0,9
2023-02-02,quinta-feira,3,PH SUL (PF),IFCO,6424,3112.0,7
2023-02-02,quinta-feira,3,PH SUL (PF),IFCO,NAO_INFORMADO,10.0,1
2023-02-02,quinta-feira,3,PH UBAJARA,IFCO,6416,29.0,5
2023-02-02,quinta-feira,3,TREB. MINAS,IFCO,6416,298.0,10
2023-02-02,quinta-feira,3,TREB. MINAS,IFCO,6424,3.0,1
2023-02-03,sexta-feira,4,PH SUL (PF),HB,623,1470.0,4
2023-02-03,sexta-feira,4,PH SUL (PF),HB,NAO_INFORMADO,159.777777777778,1
2023-02-03,sexta-feira,4,PH SUL (PF),IFCO,6416,1024.0,20
2023-02-03,sexta-feira,4,PH SUL (PF),IFCO,6424,960.0,2
2023-02-03,sexta-feira,4,PH SUL (PF),IFCO,NAO_INFORMADO,4.0,2
2023-02-03,sexta-feira,4,PH UBAJARA,IFCO,6416,2.0,1
2023-02-03,sexta-feira,4,TREB. MINAS,IFCO,6416,633.0,31
2023-02-03,sexta-feira,4,TREB. MINAS,IFCO,6424,64.0,3
2023-02-04,sábado,5,PH SUL (PF),HB,623,1660.0,5
2023-02-04,sábado,5,PH SUL (PF),IFCO,6416,1132.0,21
2023-02-04,sábado,5,PH SUL (PF),IFCO,6424,1896.0,5
2023-02-04,sábado,5,TREB. MINAS,HB,NAO_INFORMADO,68.0,7
2023-02-04,sábado,5,TREB. MINAS,IFCO,6416,1120.3333333333333,52
2023-02-04,sábado,5,TREB. MINAS,IFCO,6424,265.0,8
2023-02-06,segunda-feira,0,F. TAQUARIVAI,IFCO,6424,640.0,1
2023-02-06,segunda-feira,0,PH SUL (PF),HB,623,1310.0,3
2023-02-06,segunda-feira,0,PH SUL (PF),IFCO,6416,813.0,14
2023-02-06,segunda-feira,0,PH SUL (PF),IFCO,6424,2000.0,4
2023-02-06,segunda-feira,0,PH SUL (PF),IFCO,NAO_INFORMADO,6.0,1
2023-02-06,segunda-feira,0,PH UBAJARA,IFCO,6416,575.0,89
2023-02-06,segunda-feira,0,PH UBAJARA,IFCO,6424,77.0,19
2023-02-06,segunda-feira,0,TREB. CEAGESP,HB,623,30.0,2
2023-02-06,segunda-feira,0,TREB. MINAS,IFCO,6416,345.0,30
2023-02-06,segunda-feira,0,TREB. MINAS,IFCO,6424,429.0,30
2023-02-07,terça-feira,1,PH SUL (PF),HB,623,1340.0,3
2023-02-07,terça-feira,1,PH SUL (PF),IFCO,6416,873.0,14
2023-02-07,terça-feira,1,PH SUL (PF),IFCO,6424,3272.0,12
2023-02-07,terça-feira,1,PH SUL (PF),IFCO,NAO_INFORMADO,2.0,1
2023-02-07,terça-feira,1,PH UBAJARA,IFCO,6416,1025.0,57
2023-02-07,terça-feira,1,PH UBAJARA,IFCO,6424,118.0,12
2023-02-07,terça-feira,1,PH UBAJARA,IFCO,NAO_INFORMADO,41.0,1
2023-02-07,terça-feira,1,TREB. MINAS,HB,NAO_INFORMADO,229.0,8
2023-02-07,terça-feira,1,TREB. MINAS,IFCO,6416,253.0,9
2023-02-07,terça-feira,1,TREB. MINAS,IFCO,6424,1.0,1
2023-02-08,quarta-feira,2,PH SUL (PF),IFCO,6416,501.0,11
2023-02-08,quarta-feira,2,PH SUL (PF),IFCO,6424,1280.0,3
2023-02-08,quarta-feira,2,PH SUL (PF),IFCO,NAO_INFORMADO,4.0,1
2023-02-08,quarta-feira,2,PH UBAJARA,IFCO,6416,559.0,60
2023-02-08,quarta-feira,2,PH UBAJARA,IFCO,6424,21.0,6
2023-02-08,quarta-feira,2,TREB. MINAS,HB,NAO_INFORMADO,559.0,40
2023-02-08,quarta-feira,2,TREB. MINAS,IFCO,6416,582.0,73
2023-02-08,quarta-feira,2,TREB. MINAS,IFCO,6424,149.0,31
2023-02-09,quinta-feira,3,F. TAQUARIVAI,HB,623,670.0,1
2023-02-09,quinta-feira,3,PH CORUMBA (PF),IFCO,6416,39.0,11
2023-02-09,quinta-feira,3,PH CORUMBA (PF),IFCO,6424,106.0,32
2023-02-09,quinta-feira,3,PH SUL (PF),HB,623,2160.0,4
2023-02-09,quinta-feira,3,PH SUL (PF),IFCO,6416,248.0,9
2023-02-09,quinta-feira,3,PH SUL (PF),IFCO,6424,1516.0,3
2023-02-09,quinta-feira,3,PH SUL (PF),IFCO,NAO_INFORMADO,3.0,1
2023-02-09,quinta-feira,3,PH UBAJARA,IFCO,6416,1398.0,75
2023-02-09,quinta-feira,3,PH UBAJARA,IFCO,6424,96.0,12
2023-02-09,quinta-feira,3,TREB. MINAS,HB,NAO_INFORMADO,120.0,8
2023-02-09,quinta-feira,3,TREB. MINAS,IFCO,6416,1061.0,35
2023-02-09,quinta-feira,3,TREB. MINAS,IFCO,6424,2.0,1
2023-02-10,sexta-feira,4,PH SUL (PF),HB,623,670.0,1
2023-02-10,sexta-feira,4,PH SUL (PF),IFCO,6416,1117.0,19
2023-02-10,sexta-feira,4,PH SUL (PF),IFCO,6424,880.0,3
2023-02-10,sexta-feira,4,PH SUL (PF),IFCO,NAO_INFORMADO,4.0,2
2023-02-10,sexta-feira,4,TREB. MINAS,IFCO,6416,334.54347826086956,26
2023-02-10,sexta-feira,4,TREB. MINAS,IFCO,6424,2.0,2
2023-02-11,sábado,5,F. TAQUARIVAI,HB,623,670.0,2
2023-02-11,sábado,5,F. TAQUARIVAI,IFCO,6424,640.0,1
2023-02-11,sábado,5,PH SUL (PF),IFCO,6416,1013.0,12
2023-02-11,sábado,5,PH SUL (PF),IFCO,6424,1120.0,2
2023-02-11,sábado,5,PH SUL (PF),IFCO,NAO_INFORMADO,2.0,1
2023-02-11,sábado,5,TREB. MINAS,IFCO,6416,869.0,51
2023-02-11,sábado,5,TREB. MINAS,IFCO,6424,106.0,9
2023-02-13,segunda-feira,0,PH SUL (PF),HB,623,670.0,1
2023-02-13,segunda-feira,0,PH SUL (PF),IFCO,6416,900.0,14
2023-02-13,segunda-feira,0,PH SUL (PF),IFCO,6424,1240.0,2
2023-02-13,segunda-feira,0,PH SUL (PF),IFCO,NAO_INFORMADO,6.0,1
2023-02-13,segunda-feira,0,PH UBAJARA,IFCO,6416,177.0,33
2023-02-13,segunda-feira,0,PH UBAJARA,IFCO,6424,44.0,4
2023-02-13,segunda-feira,0,TREB. MINAS,IFCO,6416,380.0,39
2023-02-13,segunda-feira,0,TREB. MINAS,IFCO,6424,88.90625,28
2023-02-14,terça-feira,1,F. TAQUARIVAI,IFCO,6424,640.0,2
2023-02-14,terça-feira,1,PH SUL (PF),HB,623,670.0,2
2023-02-14,terça-feira,1,PH SUL (PF),IFCO,6416,883.0,14
2023-02-14,terça-feira,1,PH SUL (PF),IFCO,6424,1920.0,4
2023-02-14,terça-feira,1,PH SUL (PF),IFCO,NAO_INFORMADO,5.0,1
2023-02-14,terça-feira,1,PH UBAJARA,IFCO,6416,1082.0,70
2023-02-14,terça-feira,1,PH UBAJARA,IFCO,6424,212.0,18
2023-02-14,terça-feira,1,PH UBAJARA,IFCO,NAO_INFORMADO,46.0,1
2023-02-14,terça-feira,1,TREB. MINAS,HB,NAO_INFORMADO,312.0,31
2023-02-14,terça-feira,1,TREB. MINAS,IFCO,6416,275.0,9
2023-02-14,terça-feira,1,TREB. MINAS,IFCO,6424,1.0,1
2023-02-15,quarta-feira,2,F. TAQUARIVAI,IFCO,6424,80.0,1
2023-02-15,quarta-feira,2,PH CASCAVEL,IFCO,6424,1580.0,6
2023-02-15,quarta-feira,2,PH SUL (PF),HB,623,670.0,1
2023-02-15,quarta-feira,2,PH SUL (PF),IFCO,6416,774.0,15
2023-02-15,quarta-feira,2,PH SUL (PF),IFCO,6424,2100.0,3
2023-02-15,quarta-feira,2,PH SUL (PF),IFCO,NAO_INFORMADO,7.0,1
2023-02-15,quarta-feira,2,PH UBAJARA,IFCO,6416,663.0,73
2023-02-15,quarta-feira,2,PH UBAJARA,IFCO,6424,36.0,6
2023-02-15,quarta-feira,2,TREB. MINAS,HB,NAO_INFORMADO,700.0,23
2023-02-15,quarta-feira,2,TREB. MINAS,IFCO,6416,389.0,46
2023-02-15,quarta-feira,2,TREB. MINAS,IFCO,6424,59.0,25
2023-02-16,quinta-feira,3,F. TAQUARIVAI,HB,623,700.0,1
2023-02-16,quinta-feira,3,PH CORUMBA (PF),IFCO,6416,9.0,2
2023-02-16,quinta-feira,3,PH CORUMBA (PF),IFCO,6424,66.0,30
2023-02-16,quinta-feira,3,PH SUL (PF),HB,623,300.0,2
2023-02-16,quinta-feira,3,PH SUL (PF),IFCO,6416,442.0,20
2023-02-16,quinta-feira,3,PH SUL (PF),IFCO,6424,1120.0,3
2023-02-16,quinta-feira,3,PH SUL (PF),IFCO,NAO_INFORMADO,4.0,1
2023-02-16,quinta-feira,3,PH UBAJARA,IFCO,6416,835.0,36
2023-02-16,quinta-feira,3,PH UBAJARA,IFCO,6424,64.0,10
2023-02-16,quinta-feira,3,TREB. MINAS,HB,NAO_INFORMADO,200.0,1
2023-02-16,quinta-feira,3,TREB. MINAS,IFCO,6416,342.0,17
2023-02-16,quinta-feira,3,TREB. MINAS,IFCO,6424,141.0,11
2023-02-17,sexta-feira,4,PH SUL (PF),HB,623,1270.0,3
2023-02-17,sexta-feira,4,PH SUL (PF),IFCO,6416,1039.0,22
2023-02-17,sexta-feira,4,PH SUL (PF),IFCO,6424,1996.0,4
2023-02-17,sexta-feira,4,PH SUL (PF),IFCO,NAO_INFORMADO,2.0,2
2023-02-17,sexta-feira,4,PH UBAJARA,IFCO,6416,14.0,1
2023-02-17,sexta-feira,4,TREB. MINAS,IFCO,6416,1023.0,45
2023-02-17,sexta-feira,4,TREB. MINAS,IFCO,6424,2.0,2
2023-02-18,sábado,5,PH SUL (PF),HB,623,3080.0,9
2023-02-18,sábado,5,PH SUL (PF),IFCO,6416,618.0,12
2023-02-18,sábado,5,PH SUL (PF),IFCO,6424,2160.0,4
2023-02-18,sábado,5,PH SUL (PF),IFCO,NAO_INFORMADO,10.0,1
2023-02-18,sábado,5,TREB. MINAS,HB,NAO_INFORMADO,300.0,1
2023-02-18,sábado,5,TREB. MINAS,IFCO,6416,1804.0,61
2023-02-18,sábado,5,TREB. MINAS,IFCO,6424,184.0,9
2023-02-20,segunda-feira,0,PH SUL (PF),HB,623,1570.0,5
2023-02-20,segunda-feira,0,PH SUL (PF),IFCO,6416,245.0,7
2023-02-20,segunda-feira,0,PH SUL (PF),IFCO,6424,1121.0,2
2023-02-20,segunda-feira,0,TREB. MINAS,IFCO,6416,448.0,44
2023-02-20,segunda-feira,0,TREB. MINAS,IFCO,6424,95.0,31
2023-02-21,terça-feira,1,F. TAQUARIVAI,IFCO,6424,640.0,3
2023-02-21,terça-feira,1,PH SUL (PF),HB,623,830.0,2
2023-02-21,terça-feira,1,PH SUL (PF),IFCO,6416,1058.0,14
2023-02-21,terça-feira,1,PH SUL (PF),IFCO,6424,241.0,2
2023-02-21,terça-feira,1,PH SUL (PF),IFCO,NAO_INFORMADO,1.0,1
2023-02-21,terça-feira,1,PH UBAJARA,IFCO,6416,1442.0,85
2023-02-21,terça-feira,1,PH UBAJARA,IFCO,6424,331.0,18
2023-02-21,terça-feira,1,PH UBAJARA,IFCO,NAO_INFORMADO,53.0,1
2023-02-21,terça-feira,1,TREB. CEAGESP,IFCO,6424,240.0,1
2023-02-21,terça-feira,1,TREB. MINAS,IFCO,6416,215.0,8
2023-02-22,quarta-feira,2,PH SUL (PF),IFCO,6416,777.0,14
2023-02-22,quarta-feira,2,PH SUL (PF),IFCO,6424,3432.0,7
2023-02-22,quarta-feira,2,PH SUL (PF),IFCO,NAO_INFORMADO,3.0,1
2023-02-22,quarta-feira,2,PH UBAJARA,IFCO,6416,689.0,73
2023-02-22,quarta-feira,2,PH UBAJARA,IFCO,6424,75.0,8
2023-02-22,quarta-feira,2,TREB. MINAS,HB,NAO_INFORMADO,704.0,37
2023-02-22,quarta-feira,2,TREB. MINAS,IFCO,6416,306.0,38
2023-02-22,quarta-feira,2,TREB. MINAS,IFCO,6424,48.0,26
2023-02-23,quinta-feira,3,PH CORUMBA (PF),IFCO,6424,74.0,30
2023-02-23,quinta-feira,3,PH SUL (PF),HB,623,640.0,2
2023-02-23,quinta-feira,3,PH SUL (PF),IFCO,6416,344.0,16
2023-02-23,quinta-feira,3,PH SUL (PF),IFCO,6424,3120.0,5
2023-02-23,quinta-feira,3,PH SUL (PF),IFCO,NAO_INFORMADO,4.0,1
2023-02-23,quinta-feira,3,PH UBAJARA,IFCO,6416,456.0,16
2023-02-23,quinta-feira,3,PH UBAJARA,IFCO,6424,48.0,1
2023-02-23,quinta-feira,3,TREB. MINAS,HB,NAO_INFORMADO,188.0,14
2023-02-23,quinta-feira,3,TREB. MINAS,IFCO,6416,786.0,33
2023-02-23,quinta-feira,3,TREB. MINAS,IFCO,6424,151.0,14
2023-02-24,sexta-feira,4,F. TAQUARIVAI,IFCO,6424,800.0,3
2023-02-24,sexta-feira,4,PH SUL (PF),HB,623,1340.0,2
2023-02-24,sexta-feira,4,PH SUL (PF),IFCO,6416,298.0,16
2023-02-24,sexta-feira,4,PH SUL (PF),IFCO,6424,3600.0,5
2023-02-24,sexta-feira,4,PH SUL (PF),IFCO,NAO_INFORMADO,3.0,2
2023-02-24,sexta-feira,4,PH UBAJARA,IFCO,6416,13.0,3
2023-02-24,sexta-feira,4,TREB. MINAS,HB,NAO_INFORMADO,357.0,7
2023-02-24,sexta-feira,4,TREB. MINAS,IFCO,6416,658.0,32
2023-02-24,sexta-feira,4,TREB. MINAS,IFCO,6424,61.0,4
2023-02-25,sábado,5,PH CASCAVEL,IFCO,6424,440.0,4
2023-02-25,sábado,5,PH SUL (PF),HB,623,1350.0,3
2023-02-25,sábado,5,PH SUL (PF),IFCO,6416,1469.0,23
2023-02-25,sábado,5,PH SUL (PF),IFCO,6424,340.0,1
2023-02-25,sábado,5,PH SUL (PF),IFCO,NAO_INFORMADO,3.0,1
2023-02-25,sábado,5,PH UBAJARA,IFCO,6416,558.0,18
2023-02-25,sábado,5,PH UBAJARA,IFCO,6424,557.0,24
2023-02-25,sábado,5,TREB. MINAS,IFCO,6416,1115.0,54
2023-02-25,sábado,5,TREB. MINAS,IFCO,6424,102.0,9
2023-02-27,segunda-feira,0,F. TAQUARIVAI,HB,623,670.0,1
2023-02-27,segunda-feira,0,PH SUL (PF),HB,623,1550.0,5
2023-02-27,segunda-feira,0,PH SUL (PF),IFCO,6416,1046.0,13
2023-02-27,segunda-feira,0,PH SUL (PF),IFCO,6424,2560.0,4
2023-02-27,segunda-feira,0,PH SUL (PF),IFCO,NAO_INFORMADO,4.0,1
2023-02-27,segunda-feira,0,PH UBAJARA,IFCO,6416,441.0,48
2023-02-27,segunda-feira,0,PH UBAJARA,IFCO,6424,51.0,11
2023-02-27,segunda-feira,0,TREB. MINAS,IFCO,6416,634.0,44
2023-02-27,segunda-feira,0,TREB. MINAS,IFCO,6424,87.57142857142857,30
2023-02-28,terça-feira,1,PH SUL (PF),HB,623,870.0,4
2023-02-28,terça-feira,1,PH SUL (PF),IFCO,6416,1015.0,14
2023-02-28,terça-feira,1,PH SUL (PF),IFCO,6424,1120.0,4
2023-02-28,terça-feira,1,PH SUL (PF),IFCO,NAO_INFORMADO,3.0,1
2023-02-28,terça-feira,1,PH UBAJARA,IFCO,6416,942.0,58
2023-02-28,terça-feira,1,PH UBAJARA,IFCO,6424,222.0,14
2023-02-28,terça-feira,1,PH UBAJARA,IFCO,NAO_INFORMADO,49.0,1
2023-02-28,terça-feira,1,TREB. MINAS,HB,NAO_INFORMADO,745.0,8
2023-02-28,terça-feira,1,TREB. MINAS,IFCO,6416,275.0,8
2023-02-28,terça-feira,1,TREB. MINAS,IFCO,6424,2.0,1
2023-03-01,quarta-feira,2,PH CORUMBA (PF),IFCO,6416,12.0,6
2023-03-01,quarta-feira,2,PH CORUMBA (PF),IFCO,6424,52.0,27
2023-03-01,quarta-feira,2,PH SUL (PF),HB,623,870.0,4
2023-03-01,quarta-feira,2,PH SUL (PF),IFCO,6416,1052.0,16
2023-03-01,quarta-feira,2,PH SUL (PF),IFCO,6424,560.0,2
2023-03-01,quarta-feira,2,PH SUL (PF),IFCO,NAO_INFORMADO,10.0,1
2023-03-01,quarta-feira,2,PH UBAJARA,IFCO,6416,627.0,65
2023-03-01,quarta-feira,2,PH UBAJARA,IFCO,6424,68.0,9
2023-03-01,quarta-feira,2,TREB. MINAS,HB,NAO_INFORMADO,233.0,13
2023-03-01,quarta-feira,2,TREB. MINAS,IFCO,6416,375.0,46
2023-03-01,quarta-feira,2,TREB. MINAS,IFCO,6424,138.0,37
2023-03-02,quinta-feira,3,F. TAQUARIVAI,HB,623,670.0,2
2023-03-02,quinta-feira,3,PH CORUMBA (PF),IFCO,6416,12.0,2
2023-03-02,quinta-feira,3,PH CORUMBA (PF),IFCO,6424,24.0,5
2023-03-02,quinta-feira,3,PH SUL (PF),HB,623,200.0,2
2023-03-02,quinta-feira,3,PH SUL (PF),IFCO,6416,112.0,8
2023-03-02,quinta-feira,3,PH SUL (PF),IFCO,6424,3200.0,6
2023-03-02,quinta-feira,3,PH UBAJARA,IFCO,6416,146.0,34
2023-03-02,quinta-feira,3,PH UBAJARA,IFCO,6424,66.0,11
2023-03-02,quinta-feira,3,TREB. MINAS,HB,NAO_INFORMADO,124.0,12
2023-03-02,quinta-feira,3,TREB. MINAS,IFCO,6416,1402.0,26
2023-03-02,quinta-feira,3,TREB. MINAS,IFCO,6424,2.0,1
2023-03-03,sexta-feira,4,F. TAQUARIVAI,IFCO,6424,640.0,3
2023-03-03,sexta-feira,4,PH SUL (PF),IFCO,6416,1192.0,21
2023-03-03,sexta-feira,4,PH SUL (PF),IFCO,6424,876.0,2
2023-03-03,sexta-feira,4,PH UBAJARA,IFCO,6416,360.0,13
2023-03-03,sexta-feira,4,PH UBAJARA,IFCO,6424,57.0,5
2023-03-03,sexta-feira,4,TREB. MINAS,IFCO,6416,827.0,34
2023-03-03,sexta-feira,4,TREB. MINAS,IFCO,6424,94.0,15
2023-03-04,sábado,5,F. TAQUARIVAI,HB,623,500.0,1
2023-03-04,sábado,5,PH CASCAVEL,IFCO,6424,160.0,1
2023-03-04,sábado,5,PH SUL (PF),HB,623,1340.0,3
2023-03-04,sábado,5,PH SUL (PF),IFCO,6416,1318.0,14
2023-03-04,sábado,5,PH SUL (PF),IFCO,6424,3330.0,7
2023-03-04,sábado,5,PH SUL (PF),IFCO,NAO_INFORMADO,2.0,1
2023-03-04,sábado,5,TREB. MINAS,IFCO,6416,952.0,49
2023-03-04,sábado,5,TREB. MINAS,IFCO,6424,98.0,8
2023-03-06,segunda-feira,0,F. TAQUARIVAI,IFCO,6424,100.0,1
2023-03-06,segunda-feira,0,PH SUL (PF),HB,623,615.0,2
2023-03-06,segunda-feira,0,PH SUL (PF),IFCO,6416,1002.0,13
2023-03-06,segunda-feira,0,PH SUL (PF),IFCO,6424,1118.0,3
2023-03-06,segunda-feira,0,PH UBAJARA,IFCO,6416,846.0,51
2023-03-06,segunda-feira,0,PH UBAJARA,IFCO,6424,175.0,15
2023-03-06,segunda-feira,0,TREB. MINAS,IFCO,6416,316.0,47
2023-03-06,segunda-feira,0,TREB. MINAS,IFCO,6424,108.0,49
2023-03-07,terça-feira,1,PH SUL (PF),HB,623,670.0,1
2023-03-07,terça-feira,1,PH SUL (PF),IFCO,6416,952.0,15
2023-03-07,terça-feira,1,PH SUL (PF),IFCO,6424,960.0,2
2023-03-07,terça-feira,1,PH SUL (PF),IFCO,NAO_INFORMADO,3.0,1
2023-03-07,terça-feira,1,PH UBAJARA,IFCO,6416,1161.0,72
2023-03-07,terça-feira,1,PH UBAJARA,IFCO,6424,191.0,16
2023-03-07,terça-feira,1,PH UBAJARA,IFCO,NAO_INFORMADO,49.0,1
2023-03-07,terça-feira,1,TREB. MINAS,HB,NAO_INFORMADO,231.0,9
2023-03-07,terça-feira,1,TREB. MINAS,IFCO,6416,587.0,13
2023-03-07,terça-feira,1,TREB. MINAS,IFCO,6424,59.0,10
2023-03-08,quarta-feira,2,PH CORUMBA (PF),HB,623,500.0,2
2023-03-08,quarta-feira,2,PH CORUMBA (PF),IFCO,6416,12.0,2
2023-03-08,quarta-feira,2,PH CORUMBA (PF),IFCO,6424,719.0,37
2023-03-08,quarta-feira,2,PH SUL (PF),IFCO,6416,794.0,16
2023-03-08,quarta-feira,2,PH SUL (PF),IFCO,6424,1832.0,4
2023-03-08,quarta-feira,2,PH SUL (PF),IFCO,NAO_INFORMADO,8.0,1
2023-03-08,quarta-feira,2,PH UBAJARA,IFCO,6416,816.5,76
2023-03-08,quarta-feira,2,PH UBAJARA,IFCO,6424,273.0,11
2023-03-08,quarta-feira,2,TREB. MINAS,HB,NAO_INFORMADO,913.0,42
2023-03-08,quarta-feira,2,TREB. MINAS,IFCO,6416,280.0,42
2023-03-08,quarta-feira,2,TREB. MINAS,IFCO,6424,46.0,22
2023-03-09,quinta-feira,3,PH CORUMBA (PF),HB,623,540.0,2
2023-03-09,quinta-feira,3,PH CORUMBA (PF),HB,NAO_INFORMADO,65.0,3
2023-03-09,quinta-feira,3,PH CORUMBA (PF),IFCO,6424,520.0,1
2023-03-09,quinta-feira,3,PH SUL (PF),IFCO,6416,127.0,9
2023-03-09,quinta-feira,3,PH SUL (PF),IFCO,6424,1280.0,4
2023-03-09,quinta-feira,3,PH SUL (PF),IFCO,NAO_INFORMADO,5.0,1
2023-03-09,quinta-feira,3,PH UBAJARA,IFCO,6416,352.0,42
2023-03-09,quinta-feira,3,PH UBAJARA,IFCO,6424,53.0,11
2023-03-09,quinta-feira,3,TREB. MINAS,HB,NAO_INFORMADO,205.0,3
2023-03-09,quinta-feira,3,TREB. MINAS,IFCO,6416,955.0,34
2023-03-09,quinta-feira,3,TREB. MINAS,IFCO,6424,1.0,1
2023-03-10,sexta-feira,4,PH CORUMBA (PF),HB,623,660.0,2
2023-03-10,sexta-feira,4,PH SUL (PF),IFCO,6416,1109.0,21
2023-03-10,sexta-feira,4,PH SUL (PF),IFCO,6424,1600.0,3
2023-03-10,sexta-feira,4,PH SUL (PF),IFCO,NAO_INFORMADO,3.0,2
2023-03-10,sexta-feira,4,PH UBAJARA,IFCO,6416,2.0,1
2023-03-10,sexta-feira,4,TREB. MINAS,IFCO,6416,465.0,21
2023-03-10,sexta-feira,4,TREB. MINAS,IFCO,6424,2.0,2
2023-03-11,sábado,5,PH CASCAVEL,IFCO,6424,400.0,2
2023-03-11,sábado,5,PH CORUMBA (PF),IFCO,6424,640.0,2
2023-03-11,sábado,5,PH SUL (PF),HB,623,670.0,2
2023-03-11,sábado,5,PH SUL (PF),IFCO,6416,1071.0,18
2023-03-11,sábado,5,PH SUL (PF),IFCO,6424,920.0,3
2023-03-11,sábado,5,PH SUL (PF),IFCO,NAO_INFORMADO,2.0,1
2023-03-11,sábado,5,PH UBAJARA,IFCO,6416,854.0,24
2023-03-11,sábado,5,PH UBAJARA,IFCO,NAO_INFORMADO,55.0,1
2023-03-11,sábado,5,TREB. MINAS,IFCO,6416,1155.0,51
2023-03-11,sábado,5,TREB. MINAS,IFCO,6424,201.0,11
2023-03-13,segunda-feira,0,PH SUL (PF),HB,623,200.0,2
2023-03-13,segunda-feira,0,PH SUL (PF),IFCO,6416,1024.0,22
2023-03-13,segunda-feira,0,PH SUL (PF),IFCO,6424,2323.0,6
2023-03-13,segunda-feira,0,PH SUL (PF),IFCO,NAO_INFORMADO,6.0,1
2023-03-13,segunda-feira,0,PH UBAJARA,IFCO,6416,22.0,6
2023-03-13,segunda-feira,0,TREB. MINAS,IFCO,6416,763.0,43
2023-03-13,segunda-feira,0,TREB. MINAS,IFCO,6424,188.0,53
2023-03-14,terça-feira,1,PH CORUMBA (PF),HB,623,670.0,2
2023-03-14,terça-feira,1,PH SUL (PF),HB,623,870.0,4
2023-03-14,terça-feira,1,PH SUL (PF),IFCO,6416,999.0,16
2023-03-14,terça-feira,1,PH SUL (PF),IFCO,6424,2873.0,7
2023-03-14,terça-feira,1,PH SUL (PF),IFCO,NAO_INFORMADO,2.0,1
2023-03-14,terça-feira,1,PH UBAJARA,IFCO,6416,788.0,53
2023-03-14,terça-feira,1,PH UBAJARA,IFCO,6424,400.0,24
2023-03-14,terça-feira,1,TREB. MINAS,IFCO,6416,214.38888888888889,11
2023-03-14,terça-feira,1,TREB. MINAS,IFCO,6424,2.0,1
2023-03-15,quarta-feira,2,PH CORUMBA (PF),HB,623,1170.0,4
2023-03-15,quarta-feira,2,PH CORUMBA (PF),IFCO,6416,11.0,2
2023-03-15,quarta-feira,2,PH CORUMBA (PF),IFCO,6424,2.0,1
2023-03-15,quarta-feira,2,PH SUL (PF),HB,623,1440.0,4
2023-03-15,quarta-feira,2,PH SUL (PF),IFCO,6416,801.0,13
2023-03-15,quarta-feira,2,PH SUL (PF),IFCO,6424,300.0,1
2023-03-15,quarta-feira,2,PH SUL (PF),IFCO,NAO_INFORMADO,3.0,1
2023-03-15,quarta-feira,2,PH UBAJARA,IFCO,6416,1043.0,113
2023-03-15,quarta-feira,2,PH UBAJARA,IFCO,6424,303.0,18
2023-03-15,quarta-feira,2,TREB. MINAS,HB,NAO_INFORMADO,700.0,17
2023-03-15,quarta-feira,2,TREB. MINAS,IFCO,6416,770.0,56
2023-03-15,quarta-feira,2,TREB. MINAS,IFCO,6424,29.0,8
2023-03-16,quinta-feira,3,PH SUL (PF),HB,623,200.0,2
2023-03-16,quinta-feira,3,PH SUL (PF),IFCO,6416,346.0,9
2023-03-16,quinta-feira,3,PH SUL (PF),IFCO,6424,4400.0,7
2023-03-16,quinta-feira,3,PH SUL (PF),IFCO,NAO_INFORMADO,6.0,1
2023-03-16,quinta-feira,3,PH UBAJARA,IFCO,6416,299.0,57
2023-03-16,quinta-feira,3,PH UBAJARA,IFCO,6424,88.0,14
2023-03-16,quinta-feira,3,TREB. MINAS,HB,NAO_INFORMADO,565.0,19
2023-03-16,quinta-feira,3,TREB. MINAS,IFCO,6416,394.0,14
2023-03-16,quinta-feira,3,TREB. MINAS,IFCO,6424,5.0,3
2023-03-17,sexta-feira,4,PH SUL (PF),IFCO,6416,981.0,16
2023-03-17,sexta-feira,4,PH SUL (PF),IFCO,6424,2000.0,5
2023-03-17,sexta-feira,4,PH SUL (PF),IFCO,NAO_INFORMADO,5.0,2
2023-03-17,sexta-feira,4,TREB. MINAS,HB,NAO_INFORMADO,9.0,9
2023-03-17,sexta-feira,4,TREB. MINAS,IFCO,6416,922.0,41
2023-03-17,sexta-feira,4,TREB. MINAS,IFCO,6424,66.0,4
2023-03-18,sábado,5,PH CORUMBA (PF),HB,623,1018.0,3
2023-03-18,sábado,5,PH SUL (PF),HB,623,670.0,2
2023-03-18,sábado,5,PH SUL (PF),IFCO,6416,1813.0,19
2023-03-18,sábado,5,PH SUL (PF),IFCO,6424,2825.0,5
2023-03-18,sábado,5,PH SUL (PF),IFCO,NAO_INFORMADO,7.0,1
2023-03-18,sábado,5,TREB. MINAS,HB,NAO_INFORMADO,792.0,18
2023-03-18,sábado,5,TREB. MINAS,IFCO,6416,961.0,44
2023-03-18,sábado,5,TREB. MINAS,IFCO,6424,143.0,9
2023-03-20,segunda-feira,0,PH CASCAVEL,IFCO,6424,430.0,1
2023-03-20,segunda-feira,0,PH SUL (PF),IFCO,6416,668.0,13
2023-03-20,segunda-feira,0,PH SUL (PF),IFCO,6424,1760.0,2
2023-03-20,segunda-feira,0,PH SUL (PF),IFCO,NAO_INFORMADO,8.0,1
2023-03-20,segunda-feira,0,PH UBAJARA,IFCO,6416,617.0,50
2023-03-20,segunda-feira,0,PH UBAJARA,IFCO,6424,105.0,2
2023-03-20,segunda-feira,0,PH UBAJARA,IFCO,NAO_INFORMADO,27.0,1
2023-03-20,segunda-feira,0,TREB. MINAS,IFCO,6416,1054.0,40
2023-03-20,segunda-feira,0,TREB. MINAS,IFCO,6424,145.0,27
2023-03-21,terça-feira,1,PH CORUMBA (PF),HB,623,670.0,2
2023-03-21,terça-feira,1,PH SUL (PF),HB,623,200.0,2
2023-03-21,terça-feira,1,PH SUL (PF),IFCO,6416,577.0,13
2023-03-21,terça-feira,1,PH SUL (PF),IFCO,6424,1596.0,3
2023-03-21,terça-feira,1,PH SUL (PF),IFCO,NAO_INFORMADO,6.0,1
2023-03-21,terça-feira,1,PH UBAJARA,IFCO,6416,404.9,54
2023-03-21,terça-feira,1,PH UBAJARA,IFCO,6424,185.0,20
2023-03-21,terça-feira,1,TREB. MINAS,HB,NAO_INFORMADO,350.0,2
2023-03-21,terça-feira,1,TREB. MINAS,IFCO,6416,792.5555555555557,11
2023-03-21,terça-feira,1,TREB. MINAS,IFCO,6424,2.0,1
2023-03-22,quarta-feira,2,PH CORUMBA (PF),HB,623,668.0,2
2023-03-22,quarta-feira,2,PH CORUMBA (PF),IFCO,6416,16.0,2
2023-03-22,quarta-feira,2,PH CORUMBA (PF),IFCO,6424,93.0,6
2023-03-22,quarta-feira,2,PH SUL (PF),HB,623,870.0,4
2023-03-22,quarta-feira,2,PH SUL (PF),IFCO,6416,923.0,14
2023-03-22,quarta-feira,2,PH SUL (PF),IFCO,6424,1140.0,4
2023-03-22,quarta-feira,2,PH SUL (PF),IFCO,NAO_INFORMADO,4.0,1
2023-03-22,quarta-feira,2,PH UBAJARA,IFCO,6416,725.0,95
2023-03-22,quarta-feira,2,PH UBAJARA,IFCO,6424,290.0,20
2023-03-22,quarta-feira,2,TREB. MINAS,HB,NAO_INFORMADO,475.0,12
2023-03-22,quarta-feira,2,TREB. MINAS,IFCO,6416,552.2777777777778,40
2023-03-22,quarta-feira,2,TREB. MINAS,IFCO,6424,82.0,10
2023-03-23,quinta-feira,3,PH SUL (PF),HB,623,830.0,4
2023-03-23,quinta-feira,3,PH SUL (PF),IFCO,6416,239.0,9
2023-03-23,quinta-feira,3,PH SUL (PF),IFCO,6424,800.0,3
2023-03-23,quinta-feira,3,PH SUL (PF),IFCO,NAO_INFORMADO,5.0,1
2023-03-23,quinta-feira,3,PH UBAJARA,IFCO,6416,530.0,39
2023-03-23,quinta-feira,3,PH UBAJARA,IFCO,6424,12.0,1
2023-03-23,quinta-feira,3,TREB. MINAS,HB,NAO_INFORMADO,913.0,25
2023-03-23,quinta-feira,3,TREB. MINAS,IFCO,6416,1125.0,31
2023-03-23,quinta-feira,3,TREB. MINAS,IFCO,6424,3.0,1
2023-03-24,sexta-feira,4,PH CORUMBA (PF),IFCO,6424,49.0,2
2023-03-24,sexta-feira,4,PH SUL (PF),HB,623,500.0,2
2023-03-24,sexta-feira,4,PH SUL (PF),IFCO,6416,1111.0,20
2023-03-24,sexta-feira,4,PH SUL (PF),IFCO,6424,876.0,3
2023-03-24,sexta-feira,4,PH SUL (PF),IFCO,NAO_INFORMADO,4.0,2
2023-03-24,sexta-feira,4,PH UBAJARA,IFCO,6416,26.0,7
2023-03-24,sexta-feira,4,PH UBAJARA,IFCO,6424,8.0,3
2023-03-24,sexta-feira,4,TREB. MINAS,IFCO,6416,491.0,31
2023-03-24,sexta-feira,4,TREB. MINAS,IFCO,6424,11.0,4
2023-03-25,sábado,5,PH CORUMBA (PF),HB,623,670.0,1
2023-03-25,sábado,5,PH SUL (PF),IFCO,6416,856.0,13
2023-03-25,sábado,5,PH SUL (PF),IFCO,6424,1714.0,4
2023-03-25,sábado,5,PH SUL (PF),IFCO,NAO_INFORMADO,2.0,1
2023-03-25,sábado,5,TREB. MINAS,HB,NAO_INFORMADO,233.0,1
2023-03-25,sábado,5,TREB. MINAS,IFCO,6416,877.0,42
2023-03-25,sábado,5,TREB. MINAS,IFCO,6424,185.0,7
2023-03-27,segunda-feira,0,PH SUL (PF),IFCO,6416,669.0,12
2023-03-27,segunda-feira,0,PH SUL (PF),IFCO,6424,480.0,2
2023-03-27,segunda-feira,0,PH SUL (PF),IFCO,NAO_INFORMADO,5.0,1
2023-03-27,segunda-feira,0,PH UBAJARA,IFCO,6416,1249.0,50
2023-03-27,segunda-feira,0,PH UBAJARA,IFCO,6424,382.0,27
2023-03-27,segunda-feira,0,TREB. MINAS,IFCO,6416,407.0,36
2023-03-27,segunda-feira,0,TREB. MINAS,IFCO,6424,82.0,42
2023-03-28,terça-feira,1,PH CASCAVEL,IFCO,6424,600.0,2
2023-03-28,terça-feira,1,PH CORUMBA (PF),HB,623,500.0,2
2023-03-28,terça-feira,1,PH CORUMBA (PF),IFCO,6424,636.0,2
2023-03-28,terça-feira,1,PH SUL (PF),IFCO,6416,695.0,14
2023-03-28,terça-feira,1,PH SUL (PF),IFCO,6424,876.0,3
2023-03-28,terça-feira,1,PH SUL (PF),IFCO,NAO_INFORMADO,3.0,1
2023-03-28,terça-feira,1,PH UBAJARA,IFCO,6416,1085.0,75
2023-03-28,terça-feira,1,PH UBAJARA,IFCO,6424,217.0,16
2023-03-28,terça-feira,1,PH UBAJARA,IFCO,NAO_INFORMADO,26.0,1
2023-03-28,terça-feira,1,TREB. MINAS,HB,NAO_INFORMADO,274.0,15
2023-03-28,terça-feira,1,TREB. MINAS,IFCO,6416,503.0,37
2023-03-28,terça-feira,1,TREB. MINAS,IFCO,6424,174.0,5
2023-03-29,quarta-feira,2,PH CORUMBA (PF),HB,623,680.0,2
2023-03-29,quarta-feira,2,PH CORUMBA (PF),IFCO,6416,24.0,4
2023-03-29,quarta-feira,2,PH CORUMBA (PF),IFCO,6424,107.0,6
2023-03-29,quarta-feira,2,PH SUL (PF),IFCO,6416,877.0,21
2023-03-29,quarta-feira,2,PH SUL (PF),IFCO,6424,780.0,2
2023-03-29,quarta-feira,2,PH SUL (PF),IFCO,NAO_INFORMADO,2.0,1
2023-03-29,quarta-feira,2,PH UBAJARA,IFCO,6416,1062.0,99
2023-03-29,quarta-feira,2,PH UBAJARA,IFCO,6424,292.0,19
2023-03-29,quarta-feira,2,TREB. MINAS,HB,623,670.0,1
2023-03-29,quarta-feira,2,TREB. MINAS,HB,NAO_INFORMADO,191.0,5
2023-03-29,quarta-feira,2,TREB. MINAS,IFCO,6416,1312.0,69
2023-03-29,quarta-feira,2,TREB. MINAS,IFCO,6424,210.0,12
2023-03-30,quinta-feira,3,PH CORUMBA (PF),IFCO,6416,200.0,1
2023-03-30,quinta-feira,3,PH SUL (PF),IFCO,6416,151.0,9
2023-03-30,quinta-feira,3,PH SUL (PF),IFCO,6424,240.0,1
2023-03-30,quinta-feira,3,PH SUL (PF),IFCO,NAO_INFORMADO,1.0,1
2023-03-30,quinta-feira,3,PH UBAJARA,IFCO,6416,299.0,38
2023-03-30,quinta-feira,3,PH UBAJARA,IFCO,6424,328.0,15
2023-03-30,quinta-feira,3,TREB. MINAS,HB,623,315.0,1
2023-03-30,quinta-feira,3,TREB. MINAS,HB,NAO_INFORMADO,654.0,28
2023-03-30,quinta-feira,3,TREB. MINAS,IFCO,6416,617.0,16
2023-03-30,quinta-feira,3,TREB. MINAS,IFCO,6424,642.0,2
2023-03-31,sexta-feira,4,PH CORUMBA (PF),IFCO,6424,640.0,1
2023-03-31,sexta-feira,4,PH SUL (PF),IFCO,6416,1115.0,21
2023-03-31,sexta-feira,4,PH SUL (PF),IFCO,6424,1360.0,2
2023-03-31,sexta-feira,4,PH SUL (PF),IFCO,NAO_INFORMADO,2.0,1
2023-03-31,sexta-feira,4,PH UBAJARA,IFCO,6416,278.0,19
2023-03-31,sexta-feira,4,PH UBAJARA,IFCO,6424,7.0,1
2023-03-31,sexta-feira,4,TREB. MINAS,HB,623,560.0,1
2023-03-31,sexta-feira,4,TREB. MINAS,IFCO,6416,373.0,22
2023-03-31,sexta-feira,4,TREB. MINAS,IFCO,6424,642.0,4
2023-04-01,sábado,5,PH CORUMBA (PF),HB,623,670.0,2
2023-04-01,sábado,5,PH SUL (PF),IFCO,6416,1272.0,10
2023-04-01,sábado,5,PH SUL (PF),IFCO,6424,878.0,2
2023-04-01,sábado,5,PH SUL (PF),IFCO,NAO_INFORMADO,9.0,1
2023-04-01,sábado,5,PH UBAJARA,IFCO,6416,1.0,1
2023-04-01,sábado,5,TREB. MINAS,HB,NAO_INFORMADO,517.0,3
2023-04-01,sábado,5,TREB. MINAS,IFCO,6416,1511.0,54
2023-04-01,sábado,5,TREB. MINAS,IFCO,6424,1466.0,22
2023-04-03,segunda-feira,0,PH CASCAVEL,IFCO,6424,1075.0,2
2023-04-03,segunda-feira,0,PH CORUMBA (PF),HB,623,670.0,2
2023-04-03,segunda-feira,0,PH SUL (PF),IFCO,6416,695.0,6
2023-04-03,segunda-feira,0,PH UBAJARA,IFCO,6416,564.0,95
2023-04-03,segunda-feira,0,PH UBAJARA,IFCO,6424,205.0,34
2023-04-03,segunda-feira,0,TREB. MINAS,HB,NAO_INFORMADO,720.0,2
2023-04-03,segunda-feira,0,TREB. MINAS,IFCO,6416,746.0,42
2023-04-03,segunda-feira,0,TREB. MINAS,IFCO,6424,822.0,46
2023-04-04,terça-feira,1,PH CORUMBA (PF),IFCO,6424,560.0,2
2023-04-04,terça-feira,1,PH SUL (PF),IFCO,6416,792.0,5
2023-04-04,terça-feira,1,PH UBAJARA,IFCO,6416,1878.0,132
2023-04-04,terça-feira,1,PH UBAJARA,IFCO,6424,348.0,13
2023-04-04,terça-feira,1,PH UBAJARA,IFCO,NAO_INFORMADO,31.0,1
2023-04-04,terça-feira,1,TREB. MINAS,HB,623,670.0,1
2023-04-04,terça-feira,1,TREB. MINAS,HB,NAO_INFORMADO,412.0,20
2023-04-04,terça-feira,1,TREB. MINAS,IFCO,6416,592.0,31
2023-04-04,terça-feira,1,TREB. MINAS,IFCO,6424,1122.0,5
2023-04-04,terça-feira,1,TREB. MINAS,IFCO,NAO_INFORMADO,3.0,1
2023-04-05,quarta-feira,2,PH CORUMBA (PF),HB,623,934.0,3
2023-04-05,quarta-feira,2,PH CORUMBA (PF),IFCO,6416,99.0,4
2023-04-05,quarta-feira,2,PH CORUMBA (PF),IFCO,6424,314.0,7
2023-04-05,quarta-feira,2,PH SUL (PF),IFCO,6424,640.0,1
2023-04-05,quarta-feira,2,PH UBAJARA,IFCO,6416,134.0,27
2023-04-05,quarta-feira,2,PH UBAJARA,IFCO,6424,72.0,13
2023-04-05,quarta-feira,2,TREB. MINAS,HB,NAO_INFORMADO,301.0,14
2023-04-05,quarta-feira,2,TREB. MINAS,IFCO,6416,1036.0,69
2023-04-05,quarta-feira,2,TREB. MINAS,IFCO,6424,552.0,10
2023-04-05,quarta-feira,2,TREB. MINAS,IFCO,NAO_INFORMADO,4.0,1
2023-04-06,quinta-feira,3,PH CORUMBA (PF),HB,623,90.0,1
2023-04-06,quinta-feira,3,PH CORUMBA (PF),IFCO,6424,569.0,3
2023-04-06,quinta-feira,3,PH SUL (PF),IFCO,6424,500.0,1
2023-04-06,quinta-feira,3,PH UBAJARA,IFCO,6416,25.0,4
2023-04-06,quinta-feira,3,TREB. MINAS,HB,623,670.0,1
2023-04-06,quinta-feira,3,TREB. MINAS,IFCO,6416,959.0,38
2023-04-06,quinta-feira,3,TREB. MINAS,IFCO,6424,1600.0,9
2023-04-06,quinta-feira,3,TREB. MINAS,IFCO,NAO_INFORMADO,5.0,1
2023-04-07,sexta-feira,4,TREB. MINAS,IFCO,6416,246.0,14
2023-04-07,sexta-feira,4,TREB. MINAS,IFCO,6424,2.0,1
2023-04-07,sexta-feira,4,TREB. MINAS,IFCO,NAO_INFORMADO,3.0,1
2023-04-08,sábado,5,PH CORUMBA (PF),HB,623,580.0,2
2023-04-08,sábado,5,PH SUL (PF),IFCO,6416,678.0,4
2023-04-08,sábado,5,TREB. MINAS,HB,623,2000.0,5
2023-04-08,sábado,5,TREB. MINAS,HB,NAO_INFORMADO,680.0,16
2023-04-08,sábado,5,TREB. MINAS,IFCO,6416,1290.0,53
2023-04-08,sábado,5,TREB. MINAS,IFCO,6424,462.0,10
2023-04-08,sábado,5,TREB. MINAS,IFCO,NAO_INFORMADO,3.0,1
2023-04-10,segunda-feira,0,PH CASCAVEL,IFCO,6424,362.0,5
2023-04-10,segunda-feira,0,PH CORUMBA (PF),HB,623,550.0,2
2023-04-10,segunda-feira,0,PH CORUMBA (PF),IFCO,6424,314.0,2
2023-04-10,segunda-feira,0,PH UBAJARA,IFCO,6416,347.0,27
2023-04-10,segunda-feira,0,PH UBAJARA,IFCO,6424,20.0,1
2023-04-10,segunda-feira,0,TREB. MINAS,IFCO,6416,1143.0,52
2023-04-10,segunda-feira,0,TREB. MINAS,IFCO,6424,1527.0,45
2023-04-10,segunda-feira,0,TREB. MINAS,IFCO,NAO_INFORMADO,9.0,1
2023-04-11,terça-feira,1,PH CORUMBA (PF),IFCO,6424,578.0,2
2023-04-11,terça-feira,1,PH UBAJARA,IFCO,6416,675.0,26
2023-04-11,terça-feira,1,PH UBAJARA,IFCO,6424,0.0,1
2023-04-11,terça-feira,1,PH UBAJARA,IFCO,NAO_INFORMADO,39.0,1
2023-04-11,terça-feira,1,TREB. MINAS,HB,623,200.0,2
2023-04-11,terça-feira,1,TREB. MINAS,IFCO,6416,1536.0,75
2023-04-11,terça-feira,1,TREB. MINAS,IFCO,6424,1242.0,22
2023-04-11,terça-feira,1,TREB. MINAS,IFCO,NAO_INFORMADO,3.0,1
2023-04-12,quarta-feira,2,PH CORUMBA (PF),HB,623,668.0,2
2023-04-12,quarta-feira,2,PH CORUMBA (PF),IFCO,6416,60.0,1
2023-04-12,quarta-feira,2,PH CORUMBA (PF),IFCO,6424,72.0,5
2023-04-12,quarta-feira,2,PH SUL (PF),IFCO,6424,579.0,1
2023-04-12,quarta-feira,2,PH UBAJARA,IFCO,6416,850.0,75
2023-04-12,quarta-feira,2,PH UBAJARA,IFCO,6424,58.0,12
2023-04-12,quarta-feira,2,TREB. MINAS,HB,623,1370.0,5
2023-04-12,quarta-feira,2,TREB. MINAS,HB,NAO_INFORMADO,623.0,28
2023-04-12,quarta-feira,2,TREB. MINAS,IFCO,6416,1334.0,72
2023-04-12,quarta-feira,2,TREB. MINAS,IFCO,6424,546.0,15
2023-04-12,quarta-feira,2,TREB. MINAS,IFCO,NAO_INFORMADO,2.0,1
2023-04-13,quinta-feira,3,PH UBAJARA,IFCO,6416,12.0,6
2023-04-13,quinta-feira,3,PH UBAJARA,IFCO,6424,120.0,1
2023-04-13,quinta-feira,3,TREB. MINAS,HB,623,200.0,2
2023-04-13,quinta-feira,3,TREB. MINAS,IFCO,6416,341.0,22
2023-04-13,quinta-feira,3,TREB. MINAS,IFCO,6424,1922.0,4
2023-04-13,quinta-feira,3,TREB. MINAS,IFCO,NAO_INFORMADO,5.0,1
2023-04-14,sexta-feira,4,PH CORUMBA (PF),IFCO,6416,20.0,1
2023-04-14,sexta-feira,4,PH CORUMBA (PF),IFCO,6424,80.0,1
2023-04-14,sexta-feira,4,TREB. MINAS,HB,623,200.0,2
2023-04-14,sexta-feira,4,TREB. MINAS,IFCO,6416,1613.0,55
2023-04-14,sexta-feira,4,TREB. MINAS,IFCO,6424,739.0,6
2023-04-14,sexta-feira,4,TREB. MINAS,IFCO,NAO_INFORMADO,6.0,2
2023-04-15,sábado,5,TREB. MINAS,HB,623,592.0,2
2023-04-15,sábado,5,TREB. MINAS,HB,NAO_INFORMADO,167.0,1
2023-04-15,sábado,5,TREB. MINAS,IFCO,6416,2648.277777777778,72
2023-04-15,sábado,5,TREB. MINAS,IFCO,6424,342.0,6
2023-04-15,sábado,5,TREB. MINAS,IFCO,NAO_INFORMADO,2.0,1
2023-04-17,segunda-feira,0,PH CORUMBA (PF),IFCO,6424,240.0,1
2023-04-17,segunda-feira,0,PH UBAJARA,IFCO,6416,180.0,31
2023-04-17,segunda-feira,0,PH UBAJARA,IFCO,6424,60.0,5
2023-04-17,segunda-feira,0,TREB. MINAS,HB,623,520.0,2
2023-04-17,segunda-feira,0,TREB. MINAS,HB,NAO_INFORMADO,350.0,2
2023-04-17,segunda-feira,0,TREB. MINAS,IFCO,6416,1686.0,66
2023-04-17,segunda-feira,0,TREB. MINAS,IFCO,6424,606.0,36
2023-04-17,segunda-feira,0,TREB. MINAS,IFCO,NAO_INFORMADO,8.0,1
2023-04-18,terça-feira,1,PH CORUMBA (PF),IFCO,6424,640.0,4
2023-04-18,terça-feira,1,PH UBAJARA,IFCO,6416,311.0,15
2023-04-18,terça-feira,1,PH UBAJARA,IFCO,NAO_INFORMADO,41.0,1
2023-04-18,terça-feira,1,TREB. MINAS,HB,623,770.0,3
2023-04-18,terça-feira,1,TREB. MINAS,HB,NAO_INFORMADO,301.0,12
2023-04-18,terça-feira,1,TREB. MINAS,IFCO,6416,1771.0,38
2023-04-18,terça-feira,1,TREB. MINAS,IFCO,6424,379.0,10
2023-04-19,quarta-feira,2,PH CORUMBA (PF),IFCO,6416,70.0,2
2023-04-19,quarta-feira,2,PH CORUMBA (PF),IFCO,6424,61.0,4
2023-04-19,quarta-feira,2,PH UBAJARA,IFCO,6416,191.0,27
2023-04-19,quarta-feira,2,PH UBAJARA,IFCO,6424,44.0,6
2023-04-19,quarta-feira,2,TREB. MINAS,HB,NAO_INFORMADO,589.0,44
2023-04-19,quarta-feira,2,TREB. MINAS,IFCO,6416,2308.0,127
2023-04-19,quarta-feira,2,TREB. MINAS,IFCO,6424,637.0,18
2023-04-19,quarta-feira,2,TREB. MINAS,IFCO,NAO_INFORMADO,12.0,1
2023-04-20,quinta-feira,3,PH CORUMBA (PF),IFCO,6416,138.0,2
2023-04-20,quinta-feira,3,PH CORUMBA (PF),IFCO,6424,41.0,1
2023-04-20,quinta-feira,3,PH UBAJARA,IFCO,6416,505.0,20
2023-04-20,quinta-feira,3,PH UBAJARA,IFCO,6424,62.0,1
2023-04-20,quinta-feira,3,TREB. MINAS,HB,623,398.0,1
2023-04-20,quinta-feira,3,TREB. MINAS,HB,NAO_INFORMADO,540.0,2
2023-04-20,quinta-feira,3,TREB. MINAS,IFCO,6416,702.0,60
2023-04-20,quinta-feira,3,TREB. MINAS,IFCO,6424,298.0,12
2023-04-21,sexta-feira,4,TREB. MINAS,IFCO,6416,836.0,69
2023-04-21,sexta-feira,4,TREB. MINAS,IFCO,6424,224.0,21
2023-04-21,sexta-feira,4,TREB. MINAS,IFCO,NAO_INFORMADO,9.0,2
2023-04-22,sábado,5,PH CORUMBA (PF),HB,623,670.0,2
2023-04-22,sábado,5,PH UBAJARA,IFCO,6416,187.0,1
2023-04-22,sábado,5,TREB. MINAS,HB,623,765.0,1
2023-04-22,sábado,5,TREB. MINAS,HB,NAO_INFORMADO,104.0,10
2023-04-22,sábado,5,TREB. MINAS,IFCO,6416,2337.0,40
2023-04-22,sábado,5,TREB. MINAS,IFCO,6424,841.0,6
2023-04-22,sábado,5,TREB. MINAS,IFCO,NAO_INFORMADO,3.0,1
2023-04-24,segunda-feira,0,PH CORUMBA (PF),HB,623,640.0,2
2023-04-24,segunda-feira,0,PH CORUMBA (PF),IFCO,6424,1565.0,8
2023-04-24,segunda-feira,0,PH UBAJARA,IFCO,6416,10.0,4
2023-04-24,segunda-feira,0,TREB. MINAS,IFCO,6416,1761.0,54
2023-04-24,segunda-feira,0,TREB. MINAS,IFCO,6424,378.0,22
2023-04-24,segunda-feira,0,TREB. MINAS,IFCO,NAO_INFORMADO,14.0,1
2023-04-25,terça-feira,1,PH CORUMBA (PF),IFCO,6424,200.0,1
2023-04-25,terça-feira,1,PH UBAJARA,IFCO,6416,604.0,33
2023-04-25,terça-feira,1,PH UBAJARA,IFCO,6424,27.0,4
2023-04-25,terça-feira,1,PH UBAJARA,IFCO,NAO_INFORMADO,40.0,1
2023-04-25,terça-feira,1,TREB. MINAS,IFCO,6416,2284.0,116
2023-04-25,terça-feira,1,TREB. MINAS,IFCO,6424,265.0,10
2023-04-25,terça-feira,1,TREB. MINAS,IFCO,NAO_INFORMADO,6.0,1
2023-04-26,quarta-feira,2,PH CORUMBA (PF),HB,623,670.0,2
2023-04-26,quarta-feira,2,PH CORUMBA (PF),IFCO,6424,709.0,6
2023-04-26,quarta-feira,2,PH UBAJARA,IFCO,6416,136.0,15
2023-04-26,quarta-feira,2,PH UBAJARA,IFCO,6424,47.0,6
2023-04-26,quarta-feira,2,TREB. MINAS,HB,NAO_INFORMADO,219.0,19
2023-04-26,quarta-feira,2,TREB. MINAS,IFCO,6416,1775.0,72
2023-04-26,quarta-feira,2,TREB. MINAS,IFCO,6424,1068.0,16
2023-04-26,quarta-feira,2,TREB. MINAS,IFCO,NAO_INFORMADO,17.0,1
2023-04-27,quinta-feira,3,PH UBAJARA,IFCO,6416,30.0,11
2023-04-27,quinta-feira,3,PH UBAJARA,IFCO,6424,5.0,2
2023-04-27,quinta-feira,3,TREB. MINAS,HB,623,670.0,2
2023-04-27,quinta-feira,3,TREB. MINAS,HB,NAO_INFORMADO,414.0,19
2023-04-27,quinta-feira,3,TREB. MINAS,IFCO,6416,513.0,24
2023-04-27,quinta-feira,3,TREB. MINAS,IFCO,6424,3.0,1
2023-04-27,quinta-feira,3,TREB. MINAS,IFCO,NAO_INFORMADO,9.0,1
2023-04-28,sexta-feira,4,PH UBAJARA,IFCO,6416,189.0,18
2023-04-28,sexta-feira,4,PH UBAJARA,IFCO,6424,12.0,3
2023-04-28,sexta-feira,4,TREB. MINAS,IFCO,6416,1735.0,80
2023-04-28,sexta-feira,4,TREB. MINAS,IFCO,6424,1635.0,25
2023-04-28,sexta-feira,4,TREB. MINAS,IFCO,NAO_INFORMADO,8.0,2
2023-04-29,sábado,5,PH CORUMBA (PF),IFCO,6424,640.0,2
2023-04-29,sábado,5,PH UBAJARA,IFCO,6416,269.0,10
2023-04-29,sábado,5,PH UBAJARA,IFCO,6424,227.0,8
2023-04-29,sábado,5,TREB. MINAS,HB,NAO_INFORMADO,112.0,10
2023-04-29,sábado,5,TREB. MINAS,IFCO,6416,2009.0,50
2023-04-29,sábado,5,TREB. MINAS,IFCO,6424,520.0,9
2023-04-29,sábado,5,TREB. MINAS,IFCO,NAO_INFORMADO,3.0,1
2023-04-30,domingo,6,PH SUL (PF),IFCO,6416,128.0,4
2023-04-30,domingo,6,TREB. MINAS,HB,NAO_INFORMADO,14.0,2
2023-04-30,domingo,6,TREB. MINAS,IFCO,6416,1.0,1
2023-04-30,domingo,6,TREB. MINAS,IFCO,6424,3.0,2
2023-05-01,segunda-feira,0,PH UBAJARA,IFCO,6416,173.0,28
2023-05-01,segunda-feira,0,TREB. MINAS,IFCO,6416,525.0,52
2023-05-01,segunda-feira,0,TREB. MINAS,IFCO,6424,89.0,33
2023-05-01,segunda-feira,0,TREB. MINAS,IFCO,NAO_INFORMADO,10.0,1
2023-05-02,terça-feira,1,PH CORUMBA (PF),IFCO,6424,640.0,2
2023-05-02,terça-feira,1,PH UBAJARA,IFCO,6416,757.0,22
2023-05-02,terça-feira,1,PH UBAJARA,IFCO,NAO_INFORMADO,33.0,1
2023-05-02,terça-feira,1,TREB. MINAS,HB,623,670.0,2
2023-05-02,terça-feira,1,TREB. MINAS,IFCO,6416,1120.0,27
2023-05-02,terça-feira,1,TREB. MINAS,IFCO,6424,242.0,2
2023-05-02,terça-feira,1,TREB. MINAS,IFCO,NAO_INFORMADO,4.0,1
2023-05-03,quarta-feira,2,PH CORUMBA (PF),IFCO,6416,45.0,3
2023-05-03,quarta-feira,2,PH CORUMBA (PF),IFCO,6424,172.0,5
2023-05-03,quarta-feira,2,PH UBAJARA,IFCO,6416,239.0,20
2023-05-03,quarta-feira,2,PH UBAJARA,IFCO,6424,12.0,1
2023-05-03,quarta-feira,2,TREB. MINAS,HB,NAO_INFORMADO,227.0,18
2023-05-03,quarta-feira,2,TREB. MINAS,IFCO,6416,2712.0,127
2023-05-03,quarta-feira,2,TREB. MINAS,IFCO,6424,1047.0,19
2023-05-03,quarta-feira,2,TREB. MINAS,IFCO,NAO_INFORMADO,14.0,1
2023-05-04,quinta-feira,3,PH UBAJARA,IFCO,6416,55.0,13
2023-05-04,quinta-feira,3,PH UBAJARA,IFCO,6424,50.0,7
2023-05-04,quinta-feira,3,TREB. MINAS,IFCO,6416,432.0,22
2023-05-04,quinta-feira,3,TREB. MINAS,IFCO,6424,362.0,3
2023-05-04,quinta-feira,3,TREB. MINAS,IFCO,NAO_INFORMADO,4.0,1
2023-05-05,sexta-feira,4,PH CORUMBA (PF),IFCO,6416,48.0,1
2023-05-05,sexta-feira,4,PH CORUMBA (PF),IFCO,6424,680.0,2
2023-05-05,sexta-feira,4,TREB. MINAS,IFCO,6416,2350.0,95
2023-05-05,sexta-feira,4,TREB. MINAS,IFCO,6424,670.0,24
2023-05-05,sexta-feira,4,TREB. MINAS,IFCO,NAO_INFORMADO,7.0,1
2023-05-06,sábado,5,PH CORUMBA (PF),HB,623,670.0,2
2023-05-06,sábado,5,PH CORUMBA (PF),IFCO,6424,80.0,1
2023-05-06,sábado,5,TREB. MINAS,HB,623,1310.0,3
2023-05-06,sábado,5,TREB. MINAS,HB,NAO_INFORMADO,239.0,10
2023-05-06,sábado,5,TREB. MINAS,IFCO,6416,2188.0,59
2023-05-06,sábado,5,TREB. MINAS,IFCO,6424,302.0,8
2023-05-06,sábado,5,TREB. MINAS,IFCO,NAO_INFORMADO,4.0,1
2023-05-08,segunda-feira,0,PH CORUMBA (PF),IFCO,6424,634.0,4
2023-05-08,segunda-feira,0,PH UBAJARA,IFCO,6416,548.0,19
2023-05-08,segunda-feira,0,TREB. MINAS,HB,NAO_INFORMADO,282.0,19
2023-05-08,segunda-feira,0,TREB. MINAS,IFCO,6416,2049.0,46
2023-05-08,segunda-feira,0,TREB. MINAS,IFCO,6424,402.0,7
2023-05-08,segunda-feira,0,TREB. MINAS,IFCO,NAO_INFORMADO,11.0,1
2023-05-09,terça-feira,1,PH CORUMBA (PF),HB,623,670.0,2
2023-05-09,terça-feira,1,PH UBAJARA,IFCO,6416,508.0,17
2023-05-09,terça-feira,1,PH UBAJARA,IFCO,NAO_INFORMADO,38.0,1
2023-05-09,terça-feira,1,TREB. MINAS,HB,NAO_INFORMADO,346.0,8
2023-05-09,terça-feira,1,TREB. MINAS,IFCO,6416,2078.0,109
2023-05-09,terça-feira,1,TREB. MINAS,IFCO,6424,955.0,16
2023-05-09,terça-feira,1,TREB. MINAS,IFCO,NAO_INFORMADO,5.0,1
2023-05-10,quarta-feira,2,PH CORUMBA (PF),HB,623,600.0,1
2023-05-10,quarta-feira,2,PH CORUMBA (PF),IFCO,6416,4.0,2
2023-05-10,quarta-feira,2,PH CORUMBA (PF),IFCO,6424,122.0,2
2023-05-10,quarta-feira,2,PH UBAJARA,IFCO,6416,227.0,32
2023-05-10,quarta-feira,2,PH UBAJARA,IFCO,6424,93.0,10
2023-05-10,quarta-feira,2,TREB. MINAS,HB,623,790.0,3
2023-05-10,quarta-feira,2,TREB. MINAS,HB,NAO_INFORMADO,330.0,14
2023-05-10,quarta-feira,2,TREB. MINAS,IFCO,6416,1069.0,58
2023-05-10,quarta-feira,2,TREB. MINAS,IFCO,6424,449.0,9
2023-05-10,quarta-feira,2,TREB. MINAS,IFCO,NAO_INFORMADO,5.0,1
2023-05-11,quinta-feira,3,PH CORUMBA (PF),IFCO,6424,613.0,3
2023-05-11,quinta-feira,3,PH UBAJARA,IFCO,6416,967.0,31
2023-05-11,quinta-feira,3,PH UBAJARA,IFCO,6424,180.0,3
2023-05-11,quinta-feira,3,TREB. MINAS,HB,623,670.0,1
2023-05-11,quinta-feira,3,TREB. MINAS,HB,NAO_INFORMADO,707.0,42
2023-05-11,quinta-feira,3,TREB. MINAS,IFCO,6416,1183.0,43
2023-05-11,quinta-feira,3,TREB. MINAS,IFCO,6424,948.0,12
2023-05-11,quinta-feira,3,TREB. MINAS,IFCO,NAO_INFORMADO,5.0,1
2023-05-12,sexta-feira,4,PH UBAJARA,IFCO,6416,211.0,4
2023-05-12,sexta-feira,4,TREB. MINAS,IFCO,6416,1591.0,71
2023-05-12,sexta-feira,4,TREB. MINAS,IFCO,6424,1036.0,19
2023-05-12,sexta-feira,4,TREB. MINAS,IFCO,NAO_INFORMADO,5.0,1
2023-05-13,sábado,5,PH UBAJARA,IFCO,6416,750.0,27
2023-05-13,sábado,5,PH UBAJARA,IFCO,6424,370.0,14
2023-05-13,sábado,5,TREB. MINAS,IFCO,6416,1788.0,51
2023-05-13,sábado,5,TREB. MINAS,IFCO,6424,435.0,11
2023-05-15,segunda-feira,0,PH CORUMBA (PF),IFCO,6424,890.0,2
2023-05-15,segunda-feira,0,PH UBAJARA,IFCO,6416,898.0,21
2023-05-15,segunda-feira,0,PH UBAJARA,IFCO,6424,19.0,2
2023-05-15,segunda-feira,0,TREB. MINAS,HB,623,658.0,2
2023-05-15,segunda-feira,0,TREB. MINAS,IFCO,6416,912.0,25
2023-05-15,segunda-feira,0,TREB. MINAS,IFCO,6424,757.0,3
2023-05-15,segunda-feira,0,TREB. MINAS,IFCO,NAO_INFORMADO,7.0,1
2023-05-16,terça-feira,1,PH CORUMBA (PF),HB,623,1270.0,3
2023-05-16,terça-feira,1,PH UBAJARA,IFCO,6416,1119.0,74
2023-05-16,terça-feira,1,PH UBAJARA,IFCO,6424,43.0,8
2023-05-16,terça-feira,1,PH UBAJARA,IFCO,NAO_INFORMADO,34.0,1
2023-05-16,terça-feira,1,TREB. MINAS,HB,623,670.0,2
2023-05-16,terça-feira,1,TREB. MINAS,HB,NAO_INFORMADO,549.0,20
2023-05-16,terça-feira,1,TREB. MINAS,IFCO,6416,1220.0,21
2023-05-16,terça-feira,1,TREB. MINAS,IFCO,6424,480.0,4
2023-05-16,terça-feira,1,TREB. MINAS,IFCO,NAO_INFORMADO,7.0,1
2023-05-17,quarta-feira,2,PH CORUMBA (PF),IFCO,6416,12.0,2
2023-05-17,quarta-feira,2,PH CORUMBA (PF),IFCO,6424,506.0,6
2023-05-17,quarta-feira,2,PH UBAJARA,IFCO,6416,116.0,92
2023-05-17,quarta-feira,2,PH UBAJARA,IFCO,6424,65.0,35
2023-05-17,quarta-feira,2,TREB. MINAS,HB,NAO_INFORMADO,358.0,20
2023-05-17,quarta-feira,2,TREB. MINAS,IFCO,6416,1879.0,95
2023-05-17,quarta-feira,2,TREB. MINAS,IFCO,6424,776.0,26
2023-05-17,quarta-feira,2,TREB. MINAS,IFCO,NAO_INFORMADO,3.0,1
2023-05-18,quinta-feira,3,PH CORUMBA (PF),IFCO,6424,860.0,3
2023-05-18,quinta-feira,3,PH UBAJARA,IFCO,6416,310.0,18
2023-05-18,quinta-feira,3,PH UBAJARA,IFCO,6424,15.0,1
2023-05-18,quinta-feira,3,TREB. MINAS,HB,623,670.0,2
2023-05-18,quinta-feira,3,TREB. MINAS,HB,NAO_INFORMADO,310.0,1
2023-05-18,quinta-feira,3,TREB. MINAS,IFCO,6416,506.0,17
2023-05-18,quinta-feira,3,TREB. MINAS,IFCO,6424,474.0,5
2023-05-18,quinta-feira,3,TREB. MINAS,IFCO,NAO_INFORMADO,5.0,1
2023-05-19,sexta-feira,4,PH UBAJARA,IFCO,6416,117.0,14
2023-05-19,sexta-feira,4,PH UBAJARA,IFCO,6424,36.0,2
2023-05-19,sexta-feira,4,TREB. MINAS,HB,623,970.0,3
2023-05-19,sexta-feira,4,TREB. MINAS,IFCO,6416,1677.0,78
2023-05-19,sexta-feira,4,TREB. MINAS,IFCO,6424,323.0,21
2023-05-19,sexta-feira,4,TREB. MINAS,IFCO,NAO_INFORMADO,3.0,2
2023-05-20,sábado,5,PH CORUMBA (PF),HB,623,400.0,1
2023-05-20,sábado,5,PH UBAJARA,IFCO,6416,305.0,12
2023-05-20,sábado,5,PH UBAJARA,IFCO,6424,222.0,11
2023-05-20,sábado,5,TREB. MINAS,HB,623,200.0,1
2023-05-20,sábado,5,TREB. MINAS,IFCO,6416,1577.0,43
2023-05-20,sábado,5,TREB. MINAS,IFCO,6424,1162.0,7
2023-05-20,sábado,5,TREB. MINAS,IFCO,NAO_INFORMADO,2.0,1
2023-05-22,segunda-feira,0,PH UBAJARA,IFCO,6416,158.0,7
2023-05-22,segunda-feira,0,PH UBAJARA,IFCO,6424,21.0,3
2023-05-22,segunda-feira,0,TREB. MINAS,HB,623,670.0,2
2023-05-22,segunda-feira,0,TREB. MINAS,IFCO,6416,833.0,27
2023-05-22,segunda-feira,0,TREB. MINAS,IFCO,6424,120.0,1
2023-05-23,terça-feira,1,PH CORUMBA (PF),IFCO,6424,636.0,1
2023-05-23,terça-feira,1,PH UBAJARA,IFCO,6416,459.0,24
2023-05-23,terça-feira,1,PH UBAJARA,IFCO,NAO_INFORMADO,35.0,1
2023-05-23,terça-feira,1,TREB. MINAS,IFCO,6416,1048.0,21
2023-05-23,terça-feira,1,TREB. MINAS,IFCO,6424,482.0,5
2023-05-24,quarta-feira,2,PH CORUMBA (PF),HB,623,550.0,2
2023-05-24,quarta-feira,2,PH CORUMBA (PF),IFCO,6416,12.0,2
2023-05-24,quarta-feira,2,PH CORUMBA (PF),IFCO,6424,42.0,6
2023-05-24,quarta-feira,2,PH UBAJARA,IFCO,6416,1619.0,87
2023-05-24,quarta-feira,2,PH UBAJARA,IFCO,6424,237.0,12
2023-05-24,quarta-feira,2,TREB. MINAS,HB,623,840.0,3
2023-05-24,quarta-feira,2,TREB. MINAS,HB,NAO_INFORMADO,1006.0,32
2023-05-24,quarta-feira,2,TREB. MINAS,IFCO,6416,1094.6333333333332,57
2023-05-24,quarta-feira,2,TREB. MINAS,IFCO,6424,173.0,9
2023-05-24,quarta-feira,2,TREB. MINAS,IFCO,NAO_INFORMADO,9.0,1
2023-05-25,quinta-feira,3,PH CORUMBA (PF),IFCO,6416,120.0,2
2023-05-25,quinta-feira,3,TREB. MINAS,HB,623,870.0,4
2023-05-25,quinta-feira,3,TREB. MINAS,IFCO,6416,1332.5428571428572,46
2023-05-25,quinta-feira,3,TREB. MINAS,IFCO,6424,1742.0,6
2023-05-25,quinta-feira,3,TREB. MINAS,IFCO,NAO_INFORMADO,8.0,1
2023-05-26,sexta-feira,4,PH UBAJARA,IFCO,6416,72.0,7
2023-05-26,sexta-feira,4,PH UBAJARA,IFCO,6424,281.0,8
2023-05-26,sexta-feira,4,TREB. MINAS,HB,623,200.0,2
2023-05-26,sexta-feira,4,TREB. MINAS,IFCO,6416,1365.0,30
2023-05-26,sexta-feira,4,TREB. MINAS,IFCO,6424,643.0,4
2023-05-26,sexta-feira,4,TREB. MINAS,IFCO,NAO_INFORMADO,10.0,2
2023-05-27,sábado,5,PH CORUMBA (PF),HB,623,550.0,1
2023-05-27,sábado,5,PH CORUMBA (PF),IFCO,6424,120.0,1
2023-05-27,sábado,5,PH UBAJARA,IFCO,6416,212.5,47
2023-05-27,sábado,5,PH UBAJARA,IFCO,6424,85.0,12
2023-05-27,sábado,5,TREB. MINAS,HB,623,670.0,1
2023-05-27,sábado,5,TREB. MINAS,HB,NAO_INFORMADO,79.10526315789474,7
2023-05-27,sábado,5,TREB. MINAS,IFCO,6416,1823.0,79
2023-05-27,sábado,5,TREB. MINAS,IFCO,6424,1876.0,14
2023-05-27,sábado,5,TREB. MINAS,IFCO,NAO_INFORMADO,3.0,1
2023-05-29,segunda-feira,0,PH CORUMBA (PF),HB,623,820.0,3
2023-05-29,segunda-feira,0,PH CORUMBA (PF),IFCO,6424,240.0,2
2023-05-29,segunda-feira,0,PH UBAJARA,IFCO,6416,405.0,19
2023-05-29,segunda-feira,0,PH UBAJARA,IFCO,6424,52.0,2
2023-05-29,segunda-feira,0,TREB. MINAS,HB,623,870.0,4
2023-05-29,segunda-feira,0,TREB. MINAS,HB,NAO_INFORMADO,239.0,10
2023-05-29,segunda-feira,0,TREB. MINAS,IFCO,6416,1005.007591442374,38
2023-05-29,segunda-feira,0,TREB. MINAS,IFCO,6424,316.0,3
2023-05-30,terça-feira,1,PH CORUMBA (PF),IFCO,6424,200.0,2
2023-05-30,terça-feira,1,PH UBAJARA,IFCO,6416,1646.0,74
2023-05-30,terça-feira,1,PH UBAJARA,IFCO,6424,160.0,7
2023-05-30,terça-feira,1,PH UBAJARA,IFCO,NAO_INFORMADO,28.0,1
2023-05-30,terça-feira,1,TREB. MINAS,HB,623,695.0,4
2023-05-30,terça-feira,1,TREB. MINAS,HB,NAO_INFORMADO,1354.0,22
2023-05-30,terça-feira,1,TREB. MINAS,IFCO,6416,1198.007591442374,35
2023-05-30,terça-feira,1,TREB. MINAS,IFCO,6424,799.0,4
2023-05-31,quarta-feira,2,PH CORUMBA (PF),IFCO,6416,9.0,2
2023-05-31,quarta-feira,2,PH CORUMBA (PF),IFCO,6424,159.0,6
2023-05-31,quarta-feira,2,PH UBAJARA,IFCO,6416,137.0,76
2023-05-31,quarta-feira,2,PH UBAJARA,IFCO,6424,67.0,29
2023-05-31,quarta-feira,2,PH UBAJARA,IFCO,NAO_INFORMADO,6.0,4
2023-05-31,quarta-feira,2,TREB. MINAS,HB,623,800.0,6
2023-05-31,quarta-feira,2,TREB. MINAS,IFCO,6416,1252.5428571428572,68
2023-05-31,quarta-feira,2,TREB. MINAS,IFCO,6424,1279.0,15
2023-06-01,quinta-feira,3,PH CORUMBA (PF),HB,623,670.0,2
2023-06-01,quinta-feira,3,PH UBAJARA,IFCO,6416,787.0,54
2023-06-01,quinta-feira,3,PH UBAJARA,IFCO,6424,72.0,14
2023-06-01,quinta-feira,3,TREB. MINAS,HB,623,200.0,2
2023-06-01,quinta-feira,3,TREB. MINAS,HB,NAO_INFORMADO,814.0,30
2023-06-01,quinta-feira,3,TREB. MINAS,IFCO,6416,704.0,30
2023-06-01,quinta-feira,3,TREB. MINAS,IFCO,6424,1822.0,7
2023-06-02,sexta-feira,4,PH UBAJARA,IFCO,6416,84.0,16
2023-06-02,sexta-feira,4,PH UBAJARA,IFCO,6424,41.0,4
2023-06-02,sexta-feira,4,TREB. MINAS,IFCO,6416,1619.0,54
2023-06-02,sexta-feira,4,TREB. MINAS,IFCO,6424,2051.0,18
2023-06-02,sexta-feira,4,TREB. MINAS,IFCO,NAO_INFORMADO,7.0,1
2023-06-03,sábado,5,PH CORUMBA (PF),IFCO,6424,640.0,1
2023-06-03,sábado,5,PH UBAJARA,IFCO,6416,870.0,4
2023-06-03,sábado,5,TREB. MINAS,HB,623,1625.0,4
2023-06-03,sábado,5,TREB. MINAS,HB,NAO_INFORMADO,316.0,7
2023-06-03,sábado,5,TREB. MINAS,IFCO,6416,1825.0,50
2023-06-03,sábado,5,TREB. MINAS,IFCO,6424,514.0,10
2023-06-03,sábado,5,TREB. MINAS,IFCO,NAO_INFORMADO,3.0,1
2023-06-05,segunda-feira,0,PH CORUMBA (PF),HB,623,600.0,2
2023-06-05,segunda-feira,0,PH UBAJARA,IFCO,6416,280.0,17
2023-06-05,segunda-feira,0,PH UBAJARA,IFCO,6424,17.0,3
2023-06-05,segunda-feira,0,TREB. MINAS,HB,623,45.0,1
2023-06-05,segunda-feira,0,TREB. MINAS,IFCO,6416,1299.2595238095237,34
2023-06-05,segunda-feira,0,TREB. MINAS,IFCO,6424,1784.0,5
2023-06-05,segunda-feira,0,TREB. MINAS,IFCO,NAO_INFORMADO,9.0,1
2023-06-06,terça-feira,1,PH CORUMBA (PF),IFCO,6424,120.0,1
2023-06-06,terça-feira,1,PH UBAJARA,IFCO,6416,571.0,24
2023-06-06,terça-feira,1,PH UBAJARA,IFCO,6424,18.0,4
2023-06-06,terça-feira,1,PH UBAJARA,IFCO,NAO_INFORMADO,38.0,1
2023-06-06,terça-feira,1,TREB. MINAS,HB,623,1876.0,7
2023-06-06,terça-feira,1,TREB. MINAS,HB,NAO_INFORMADO,786.0,31
2023-06-06,terça-feira,1,TREB. MINAS,IFCO,6416,2348.0,94
2023-06-06,terça-feira,1,TREB. MINAS,IFCO,6424,1330.0,33
2023-06-06,terça-feira,1,TREB. MINAS,IFCO,NAO_INFORMADO,3.0,1
2023-06-07,quarta-feira,2,PH CORUMBA (PF),IFCO,6416,100.0,1
2023-06-07,quarta-feira,2,PH CORUMBA (PF),IFCO,6424,386.0,6
2023-06-07,quarta-feira,2,PH UBAJARA,IFCO,6416,810.0,24
2023-06-07,quarta-feira,2,PH UBAJARA,IFCO,6424,445.0,20
2023-06-07,quarta-feira,2,TREB. MINAS,HB,623,1770.0,6
2023-06-07,quarta-feira,2,TREB. MINAS,IFCO,6416,565.0,51
2023-06-07,quarta-feira,2,TREB. MINAS,IFCO,6424,713.0,14
2023-06-07,quarta-feira,2,TREB. MINAS,IFCO,NAO_INFORMADO,2.0,1
2023-06-08,quinta-feira,3,PH CORUMBA (PF),IFCO,6416,190.0,5
2023-06-08,quinta-feira,3,PH UBAJARA,IFCO,6416,558.0,58
2023-06-08,quinta-feira,3,PH UBAJARA,IFCO,6424,44.0,13
2023-06-08,quinta-feira,3,TREB. MINAS,HB,NAO_INFORMADO,232.0,14
2023-06-08,quinta-feira,3,TREB. MINAS,IFCO,6416,960.0,39
2023-06-08,quinta-feira,3,TREB. MINAS,IFCO,6424,1.0,1
2023-06-08,quinta-feira,3,TREB. MINAS,IFCO,NAO_INFORMADO,4.0,1
2023-06-09,sexta-feira,4,PH ALHO/CEBOLA,IFCO,6424,640.0,1
2023-06-09,sexta-feira,4,PH CORUMBA (PF),HB,623,670.0,1
2023-06-09,sexta-feira,4,PH UBAJARA,IFCO,6416,16.0,3
2023-06-09,sexta-feira,4,TREB. MINAS,HB,623,600.0,2
2023-06-09,sexta-feira,4,TREB. MINAS,IFCO,6416,1817.0,80
2023-06-09,sexta-feira,4,TREB. MINAS,IFCO,6424,2482.0,19
2023-06-09,sexta-feira,4,TREB. MINAS,IFCO,NAO_INFORMADO,3.0,2
2023-06-10,sábado,5,PH CORUMBA (PF),HB,623,670.0,1
2023-06-10,sábado,5,PH UBAJARA,IFCO,6416,2.0,1
2023-06-10,sábado,5,TREB. MINAS,HB,623,1070.0,3
2023-06-10,sábado,5,TREB. MINAS,HB,NAO_INFORMADO,351.0,9
2023-06-10,sábado,5,TREB. MINAS,IFCO,6416,1694.0,54
2023-06-10,sábado,5,TREB. MINAS,IFCO,6424,1785.0,12
2023-06-10,sábado,5,TREB. MINAS,IFCO,NAO_INFORMADO,1.0,1
2023-06-12,segunda-feira,0,PH CORUMBA (PF),IFCO,6416,525.0,5
2023-06-12,segunda-feira,0,PH UBAJARA,IFCO,6416,153.0,72
2023-06-12,segunda-feira,0,PH UBAJARA,IFCO,6424,27.0,16
2023-06-12,segunda-feira,0,PH UBAJARA,IFCO,NAO_INFORMADO,3.0,3
2023-06-12,segunda-feira,0,TREB. MINAS,HB,623,612.0,1
2023-06-12,segunda-feira,0,TREB. MINAS,HB,NAO_INFORMADO,231.0,18
2023-06-12,segunda-feira,0,TREB. MINAS,IFCO,6416,406.0,22
2023-06-12,segunda-feira,0,TREB. MINAS,IFCO,6424,1763.0,4
2023-06-12,segunda-feira,0,TREB. MINAS,IFCO,NAO_INFORMADO,7.0,1
2023-06-13,terça-feira,1,PH CORUMBA (PF),HB,623,670.0,2
2023-06-13,terça-feira,1,PH CORUMBA (PF),IFCO,6416,665.0,6
2023-06-13,terça-feira,1,PH CORUMBA (PF),IFCO,6424,160.0,2
2023-06-13,terça-feira,1,PH UBAJARA,IFCO,6416,1208.0,67
2023-06-13,terça-feira,1,PH UBAJARA,IFCO,6424,170.0,4
2023-06-13,terça-feira,1,PH UBAJARA,IFCO,NAO_INFORMADO,41.0,1
2023-06-13,terça-feira,1,TREB. MINAS,HB,623,1340.0,4
2023-06-13,terça-feira,1,TREB. MINAS,IFCO,6416,941.0,37
2023-06-13,terça-feira,1,TREB. MINAS,IFCO,6424,1072.0,11
2023-06-13,terça-feira,1,TREB. MINAS,IFCO,NAO_INFORMADO,5.0,1
2023-06-14,quarta-feira,2,PH CORUMBA (PF),IFCO,6424,693.0,6
2023-06-14,quarta-feira,2,TREB. MINAS,HB,623,650.0,4
2023-06-14,quarta-feira,2,TREB. MINAS,IFCO,6416,1360.0,57
2023-06-14,quarta-feira,2,TREB. MINAS,IFCO,6424,2061.0,25
2023-06-14,quarta-feira,2,TREB. MINAS,IFCO,NAO_INFORMADO,3.0,1
2023-06-15,quinta-feira,3,PH CORUMBA (PF),IFCO,6424,720.0,1
2023-06-15,quinta-feira,3,PH UBAJARA,IFCO,6416,680.0,57
2023-06-15,quinta-feira,3,PH UBAJARA,IFCO,6424,105.0,14
2023-06-15,quinta-feira,3,TREB. MINAS,HB,NAO_INFORMADO,689.0,19
2023-06-15,quinta-feira,3,TREB. MINAS,IFCO,6416,1098.0,39
2023-06-15,quinta-feira,3,TREB. MINAS,IFCO,6424,400.0,2
2023-06-15,quinta-feira,3,TREB. MINAS,IFCO,NAO_INFORMADO,2.0,1
2023-06-16,sexta-feira,4,PH UBAJARA,IFCO,6416,95.0,2
2023-06-16,sexta-feira,4,PH UBAJARA,IFCO,6424,150.0,1
2023-06-16,sexta-feira,4,TREB. MINAS,HB,NAO_INFORMADO,7.0,1
2023-06-16,sexta-feira,4,TREB. MINAS,IFCO,6416,926.0909090909091,77
2023-06-16,sexta-feira,4,TREB. MINAS,IFCO,6424,1892.0,19
2023-06-16,sexta-feira,4,TREB. MINAS,IFCO,NAO_INFORMADO,4.0,2
2023-06-17,sábado,5,PH CORUMBA (PF),HB,623,1340.0,5
2023-06-17,sábado,5,PH UBAJARA,IFCO,6416,250.0,2
2023-06-17,sábado,5,TREB. MINAS,HB,623,700.0,3
2023-06-17,sábado,5,TREB. MINAS,HB,NAO_INFORMADO,119.0,8
2023-06-17,sábado,5,TREB. MINAS,IFCO,6416,1766.3333333333333,52
2023-06-17,sábado,5,TREB. MINAS,IFCO,6424,2642.0,13
2023-06-17,sábado,5,TREB. MINAS,IFCO,NAO_INFORMADO,1.0,1
2023-06-19,segunda-feira,0,PH CORUMBA (PF),IFCO,6424,800.0,4
2023-06-19,segunda-feira,0,PH UBAJARA,IFCO,6416,199.0,19
2023-06-19,segunda-feira,0,PH UBAJARA,IFCO,6424,3.0,2
2023-06-19,segunda-feira,0,TREB. MINAS,HB,623,920.0,4
2023-06-19,segunda-feira,0,TREB. MINAS,HB,NAO_INFORMADO,501.0,15
2023-06-19,segunda-feira,0,TREB. MINAS,IFCO,6416,974.0,23
2023-06-19,segunda-feira,0,TREB. MINAS,IFCO,6424,1283.0,5
2023-06-19,segunda-feira,0,TREB. MINAS,IFCO,NAO_INFORMADO,6.0,1
2023-06-20,terça-feira,1,PH CORUMBA (PF),HB,623,1120.0,1
2023-06-20,terça-feira,1,PH UBAJARA,IFCO,6416,1307.0,172
2023-06-20,terça-feira,1,PH UBAJARA,IFCO,6424,218.0,30
2023-06-20,terça-feira,1,PH UBAJARA,IFCO,NAO_INFORMADO,42.0,4
2023-06-20,terça-feira,1,TREB. MINAS,HB,623,920.0,4
2023-06-20,terça-feira,1,TREB. MINAS,HB,NAO_INFORMADO,264.0,19
2023-06-20,terça-feira,1,TREB. MINAS,IFCO,6416,1386.0,37
2023-06-20,terça-feira,1,TREB. MINAS,IFCO,6424,1917.0,7
2023-06-20,terça-feira,1,TREB. MINAS,IFCO,NAO_INFORMADO,2.0,1
2023-06-21,quarta-feira,2,PH CORUMBA (PF),HB,623,775.0,2
2023-06-21,quarta-feira,2,PH CORUMBA (PF),IFCO,6416,77.0,4
2023-06-21,quarta-feira,2,PH CORUMBA (PF),IFCO,6424,1093.0,6
2023-06-21,quarta-feira,2,TREB. MINAS,HB,623,870.0,4
2023-06-21,quarta-feira,2,TREB. MINAS,HB,NAO_INFORMADO,384.333333333333,11
2023-06-21,quarta-feira,2,TREB. MINAS,IFCO,6416,1640.0,87
2023-06-21,quarta-feira,2,TREB. MINAS,IFCO,6424,1415.0,33
2023-06-21,quarta-feira,2,TREB. MINAS,IFCO,NAO_INFORMADO,5.0,1
2023-06-22,quinta-feira,3,PH CORUMBA (PF),IFCO,6424,2834.0,8
2023-06-22,quinta-feira,3,PH UBAJARA,IFCO,6416,549.1666666666667,53
2023-06-22,quinta-feira,3,PH UBAJARA,IFCO,6424,84.09615384615384,16
2023-06-22,quinta-feira,3,TREB. MINAS,HB,623,200.0,2
2023-06-22,quinta-feira,3,TREB. MINAS,HB,NAO_INFORMADO,267.0,16
2023-06-22,quinta-feira,3,TREB. MINAS,IFCO,6416,514.0,20
2023-06-22,quinta-feira,3,TREB. MINAS,IFCO,6424,3118.0,6
2023-06-22,quinta-feira,3,TREB. MINAS,IFCO,NAO_INFORMADO,4.0,1
2023-06-23,sexta-feira,4,PH CORUMBA (PF),IFCO,6424,638.0,4
2023-06-23,sexta-feira,4,PH UBAJARA,IFCO,6416,94.0,17
2023-06-23,sexta-feira,4,PH UBAJARA,IFCO,6424,115.0,9
2023-06-23,sexta-feira,4,TREB. MINAS,HB,623,200.0,2
2023-06-23,sexta-feira,4,TREB. MINAS,IFCO,6416,1249.0,33
2023-06-23,sexta-feira,4,TREB. MINAS,IFCO,6424,243.0,3
2023-06-23,sexta-feira,4,TREB. MINAS,IFCO,NAO_INFORMADO,3.0,2
2023-06-24,sábado,5,PH ALHO/CEBOLA,IFCO,6424,1470.0,2
2023-06-24,sábado,5,PH CORUMBA (PF),IFCO,6424,1120.0,1
2023-06-24,sábado,5,PH UBAJARA,IFCO,6416,176.0,37
2023-06-24,sábado,5,PH UBAJARA,IFCO,6424,131.0,6
2023-06-24,sábado,5,TREB. MINAS,HB,623,1120.0,2
2023-06-24,sábado,5,TREB. MINAS,IFCO,6416,1618.0,61
2023-06-24,sábado,5,TREB. MINAS,IFCO,6424,2355.0,16
2023-06-24,sábado,5,TREB. MINAS,IFCO,NAO_INFORMADO,1.0,1
2023-06-26,segunda-feira,0,PH ALHO/CEBOLA,IFCO,6424,160.0,1
2023-06-26,segunda-feira,0,PH CORUMBA (PF),HB,623,670.0,2
2023-06-26,segunda-feira,0,PH UBAJARA,IFCO,6416,9.0,3
2023-06-26,segunda-feira,0,TREB. MINAS,IFCO,6416,983.0,22
2023-06-26,segunda-feira,0,TREB. MINAS,IFCO,6424,1163.0,4
2023-06-26,segunda-feira,0,TREB. MINAS,IFCO,NAO_INFORMADO,6.0,1
2023-06-27,terça-feira,1,PH ALHO/CEBOLA,IFCO,6424,2240.0,2
2023-06-27,terça-feira,1,PH CORUMBA (PF),HB,623,670.0,3
2023-06-27,terça-feira,1,PH UBAJARA,IFCO,6416,1364.0,76
2023-06-27,terça-feira,1,PH UBAJARA,IFCO,6424,237.0,18
2023-06-27,terça-feira,1,PH UBAJARA,IFCO,NAO_INFORMADO,33.0,2
2023-06-27,terça-feira,1,TREB. MINAS,IFCO,6416,975.0,19
2023-06-27,terça-feira,1,TREB. MINAS,IFCO,6424,1721.0,6
2023-06-27,terça-feira,1,TREB. MINAS,IFCO,NAO_INFORMADO,3.0,1
2023-06-28,quarta-feira,2,PH CORUMBA (PF),IFCO,6424,693.0,7
2023-06-28,quarta-feira,2,PH UBAJARA,IFCO,6416,22.0,3
2023-06-28,quarta-feira,2,TREB. MINAS,HB,623,1255.0,4
2023-06-28,quarta-feira,2,TREB. MINAS,HB,NAO_INFORMADO,538.0,41
2023-06-28,quarta-feira,2,TREB. MINAS,IFCO,6416,966.0,53
2023-06-28,quarta-feira,2,TREB. MINAS,IFCO,6424,106.0,10
2023-06-28,quarta-feira,2,TREB. MINAS,IFCO,NAO_INFORMADO,2.0,1
2023-06-29,quinta-feira,3,PH ALHO/CEBOLA,IFCO,6416,10.0,1
2023-06-29,quinta-feira,3,PH CORUMBA (PF),HB,623,670.0,1
2023-06-29,quinta-feira,3,PH CORUMBA (PF),IFCO,6424,640.0,1
2023-06-29,quinta-feira,3,PH UBAJARA,IFCO,6416,686.0,25
2023-06-29,quinta-feira,3,PH UBAJARA,IFCO,6424,219.0,12
2023-06-29,quinta-feira,3,TREB. MINAS,HB,623,670.0,2
2023-06-29,quinta-feira,3,TREB. MINAS,IFCO,6416,1352.0,32
2023-06-29,quinta-feira,3,TREB. MINAS,IFCO,6424,812.0,5
2023-06-29,quinta-feira,3,TREB. MINAS,IFCO,NAO_INFORMADO,8.0,1
2023-06-30,sexta-feira,4,PH ALHO/CEBOLA,IFCO,6424,1120.0,1
2023-06-30,sexta-feira,4,TREB. MINAS,IFCO,6416,1445.0,34
2023-06-30,sexta-feira,4,TREB. MINAS,IFCO,6424,242.0,3
2023-06-30,sexta-feira,4,TREB. MINAS,IFCO,NAO_INFORMADO,1.0,1
2023-07-01,sábado,5,PH ALHO/CEBOLA,IFCO,6424,1120.0,1
2023-07-01,sábado,5,PH UBAJARA,IFCO,6416,191.0,58
2023-07-01,sábado,5,PH UBAJARA,IFCO,6424,132.0,24
2023-07-01,sábado,5,TREB. MINAS,HB,623,670.0,2
2023-07-01,sábado,5,TREB. MINAS,IFCO,6416,1820.0,63
2023-07-01,sábado,5,TREB. MINAS,IFCO,6424,1428.0,14
2023-07-01,sábado,5,TREB. MINAS,IFCO,NAO_INFORMADO,1.0,1
2023-07-03,segunda-feira,0,PH ALHO/CEBOLA,IFCO,6424,300.0,1
2023-07-03,segunda-feira,0,PH UBAJARA,IFCO,6416,277.0,17
2023-07-03,segunda-feira,0,PH UBAJARA,IFCO,6424,34.0,2
2023-07-03,segunda-feira,0,TREB. MINAS,IFCO,6416,1220.0,31
2023-07-03,segunda-feira,0,TREB. MINAS,IFCO,6424,583.0,6
2023-07-03,segunda-feira,0,TREB. MINAS,IFCO,NAO_INFORMADO,8.0,1
2023-07-04,terça-feira,1,PH UBAJARA,IFCO,6416,1191.0,51
2023-07-04,terça-feira,1,PH UBAJARA,IFCO,6424,249.0,8
2023-07-04,terça-feira,1,PH UBAJARA,IFCO,NAO_INFORMADO,33.0,2
2023-07-04,terça-feira,1,TREB. MINAS,HB,623,1190.0,3
2023-07-04,terça-feira,1,TREB. MINAS,HB,NAO_INFORMADO,252.0,30
2023-07-04,terça-feira,1,TREB. MINAS,IFCO,6416,1414.0,38
2023-07-04,terça-feira,1,TREB. MINAS,IFCO,6424,1678.0,10
2023-07-04,terça-feira,1,TREB. MINAS,IFCO,NAO_INFORMADO,4.0,1
2023-07-05,quarta-feira,2,PH CORUMBA (PF),HB,623,1337.0,4
2023-07-05,quarta-feira,2,PH CORUMBA (PF),IFCO,6416,15.0,2
2023-07-05,quarta-feira,2,PH UBAJARA,IFCO,6416,129.0,24
2023-07-05,quarta-feira,2,PH UBAJARA,IFCO,6424,2.0,1
2023-07-05,quarta-feira,2,TREB. MINAS,HB,NAO_INFORMADO,804.0,22
2023-07-05,quarta-feira,2,TREB. MINAS,IFCO,6416,1158.0,61
2023-07-05,quarta-feira,2,TREB. MINAS,IFCO,6424,671.0,13
2023-07-05,quarta-feira,2,TREB. MINAS,IFCO,NAO_INFORMADO,3.0,1
2023-07-06,quinta-feira,3,PH UBAJARA,IFCO,6416,665.0,38
2023-07-06,quinta-feira,3,PH UBAJARA,IFCO,6424,86.0,17
2023-07-06,quinta-feira,3,TREB. MINAS,HB,NAO_INFORMADO,445.0,1
2023-07-06,quinta-feira,3,TREB. MINAS,IFCO,6416,1058.0,51
2023-07-06,quinta-feira,3,TREB. MINAS,IFCO,6424,998.0,5
2023-07-06,quinta-feira,3,TREB. MINAS,IFCO,NAO_INFORMADO,3.0,1
2023-07-07,sexta-feira,4,TREB. MINAS,IFCO,6416,1645.0,91
2023-07-07,sexta-feira,4,TREB. MINAS,IFCO,6424,1711.0,25
2023-07-07,sexta-feira,4,TREB. MINAS,IFCO,NAO_INFORMADO,2.0,2
2023-07-08,sábado,5,PH CORUMBA (PF),IFCO,6424,634.0,1
2023-07-08,sábado,5,TREB. MINAS,HB,623,1340.0,4
2023-07-08,sábado,5,TREB. MINAS,HB,NAO_INFORMADO,445.0,1
2023-07-08,sábado,5,TREB. MINAS,IFCO,6416,1977.0,56
2023-07-08,sábado,5,TREB. MINAS,IFCO,6424,905.0,12
2023-07-08,sábado,5,TREB. MINAS,IFCO,NAO_INFORMADO,1.0,1
2023-07-10,segunda-feira,0,PH UBAJARA,IFCO,6416,396.0,16
2023-07-10,segunda-feira,0,PH UBAJARA,IFCO,6424,35.0,3
2023-07-10,segunda-feira,0,TREB. MINAS,IFCO,6416,962.0,28
2023-07-10,segunda-feira,0,TREB. MINAS,IFCO,6424,1082.0,5
2023-07-10,segunda-feira,0,TREB. MINAS,IFCO,NAO_INFORMADO,6.0,1
2023-07-11,terça-feira,1,PH UBAJARA,IFCO,6416,727.0,20
2023-07-11,terça-feira,1,PH UBAJARA,IFCO,6424,6.0,3
2023-07-11,terça-feira,1,PH UBAJARA,IFCO,NAO_INFORMADO,33.0,1
2023-07-11,terça-feira,1,TREB. MINAS,HB,623,1047.0,5
2023-07-11,terça-feira,1,TREB. MINAS,HB,NAO_INFORMADO,491.0,36
2023-07-11,terça-feira,1,TREB. MINAS,IFCO,6416,1403.0,43
2023-07-11,terça-feira,1,TREB. MINAS,IFCO,6424,732.0,18
2023-07-11,terça-feira,1,TREB. MINAS,IFCO,NAO_INFORMADO,6.0,1
2023-07-12,quarta-feira,2,PH CORUMBA (PF),HB,623,670.0,2
2023-07-12,quarta-feira,2,PH CORUMBA (PF),IFCO,6416,5.0,1
2023-07-12,quarta-feira,2,PH CORUMBA (PF),IFCO,6424,695.0,8
2023-07-12,quarta-feira,2,PH UBAJARA,IFCO,6416,169.0,26
2023-07-12,quarta-feira,2,PH UBAJARA,IFCO,6424,1.0,1
2023-07-12,quarta-feira,2,TREB. MINAS,HB,623,670.0,2
2023-07-12,quarta-feira,2,TREB. MINAS,HB,NAO_INFORMADO,107.0,13
2023-07-12,quarta-feira,2,TREB. MINAS,IFCO,6416,1062.0,69
2023-07-12,quarta-feira,2,TREB. MINAS,IFCO,6424,1078.0,14
2023-07-13,quinta-feira,3,PH CORUMBA (PF),IFCO,6424,1120.0,1
2023-07-13,quinta-feira,3,PH UBAJARA,IFCO,6416,411.0,43
2023-07-13,quinta-feira,3,PH UBAJARA,IFCO,6424,96.0,16
2023-07-13,quinta-feira,3,TREB. MINAS,HB,623,670.0,1
2023-07-13,quinta-feira,3,TREB. MINAS,HB,NAO_INFORMADO,543.0,18
2023-07-13,quinta-feira,3,TREB. MINAS,IFCO,6416,433.0,30
2023-07-13,quinta-feira,3,TREB. MINAS,IFCO,6424,321.0,3
2023-07-13,quinta-feira,3,TREB. MINAS,IFCO,NAO_INFORMADO,4.0,1
2023-07-14,sexta-feira,4,PH ALHO/CEBOLA,IFCO,6424,440.0,2
2023-07-14,sexta-feira,4,PH CORUMBA (PF),IFCO,6416,140.0,5
2023-07-14,sexta-feira,4,PH CORUMBA (PF),IFCO,6424,660.0,2
2023-07-14,sexta-feira,4,PH UBAJARA,IFCO,6416,115.0,1
2023-07-14,sexta-feira,4,PH UBAJARA,IFCO,6424,215.0,2
2023-07-14,sexta-feira,4,TREB. MINAS,IFCO,6416,1682.0,89
2023-07-14,sexta-feira,4,TREB. MINAS,IFCO,6424,1242.0,22
2023-07-14,sexta-feira,4,TREB. MINAS,IFCO,NAO_INFORMADO,2.0,1
2023-07-15,sábado,5,PH CORUMBA (PF),IFCO,6424,160.0,2
2023-07-15,sábado,5,TREB. MINAS,HB,NAO_INFORMADO,63.0,11
2023-07-15,sábado,5,TREB. MINAS,IFCO,6416,2004.0,59
2023-07-15,sábado,5,TREB. MINAS,IFCO,6424,691.0,16
2023-07-15,sábado,5,TREB. MINAS,IFCO,NAO_INFORMADO,3.0,1
2023-07-17,segunda-feira,0,PH UBAJARA,IFCO,6416,251.0,12
2023-07-17,segunda-feira,0,PH UBAJARA,IFCO,6424,92.0,5
2023-07-17,segunda-feira,0,TREB. MINAS,HB,623,670.0,1
2023-07-17,segunda-feira,0,TREB. MINAS,HB,NAO_INFORMADO,180.0,1
2023-07-17,segunda-feira,0,TREB. MINAS,IFCO,6416,1135.0,56
2023-07-17,segunda-feira,0,TREB. MINAS,IFCO,6424,1651.0,18
2023-07-17,segunda-feira,0,TREB. MINAS,IFCO,NAO_INFORMADO,6.0,1
2023-07-18,terça-feira,1,PH CORUMBA (PF),HB,623,1940.0,5
2023-07-18,terça-feira,1,PH CORUMBA (PF),IFCO,6424,880.0,6
2023-07-18,terça-feira,1,PH UBAJARA,IFCO,6416,972.0,66
2023-07-18,terça-feira,1,PH UBAJARA,IFCO,6424,120.0,12
2023-07-18,terça-feira,1,PH UBAJARA,IFCO,NAO_INFORMADO,2.0,1
2023-07-18,terça-feira,1,TREB. MINAS,HB,623,1340.0,6
2023-07-18,terça-feira,1,TREB. MINAS,HB,NAO_INFORMADO,167.0,21
2023-07-18,terça-feira,1,TREB. MINAS,IFCO,6416,1134.0,28
2023-07-18,terça-feira,1,TREB. MINAS,IFCO,6424,1281.0,6
2023-07-18,terça-feira,1,TREB. MINAS,IFCO,NAO_INFORMADO,4.0,1
2023-07-19,quarta-feira,2,PH ALHO/CEBOLA,HB,623,1260.0,1
2023-07-19,quarta-feira,2,PH CORUMBA (PF),IFCO,6416,15.0,2
2023-07-19,quarta-feira,2,PH CORUMBA (PF),IFCO,6424,2692.0,8
2023-07-19,quarta-feira,2,TREB. MINAS,HB,623,745.0,3
2023-07-19,quarta-feira,2,TREB. MINAS,HB,NAO_INFORMADO,115.0,14
2023-07-19,quarta-feira,2,TREB. MINAS,IFCO,6416,1117.0,58
2023-07-19,quarta-feira,2,TREB. MINAS,IFCO,6424,3066.0,20
2023-07-19,quarta-feira,2,TREB. MINAS,IFCO,NAO_INFORMADO,3.0,1
2023-07-20,quinta-feira,3,PH CORUMBA (PF),IFCO,6424,3700.0,7
2023-07-20,quinta-feira,3,PH UBAJARA,IFCO,6416,487.0,55
2023-07-20,quinta-feira,3,PH UBAJARA,IFCO,6424,161.0,15
2023-07-20,quinta-feira,3,TREB. MINAS,HB,623,160.0,2
2023-07-20,quinta-feira,3,TREB. MINAS,HB,NAO_INFORMADO,306.0,20
2023-07-20,quinta-feira,3,TREB. MINAS,IFCO,6416,392.0,18
2023-07-20,quinta-feira,3,TREB. MINAS,IFCO,6424,4181.0,7
2023-07-20,quinta-feira,3,TREB. MINAS,IFCO,NAO_INFORMADO,5.0,1
2023-07-21,sexta-feira,4,PH CORUMBA (PF),IFCO,6416,140.0,4
2023-07-21,sexta-feira,4,PH CORUMBA (PF),IFCO,6424,2778.0,10
2023-07-21,sexta-feira,4,TREB. MINAS,HB,623,160.0,2
2023-07-21,sexta-feira,4,TREB. MINAS,IFCO,6416,1737.0,50
2023-07-21,sexta-feira,4,TREB. MINAS,IFCO,6424,1363.0,6
2023-07-21,sexta-feira,4,TREB. MINAS,IFCO,NAO_INFORMADO,4.0,2
2023-07-22,sábado,5,PH CORUMBA (PF),HB,623,1930.0,3
2023-07-22,sábado,5,PH CORUMBA (PF),IFCO,6424,2878.0,5
2023-07-22,sábado,5,PH UBAJARA,IFCO,6416,258.0,57
2023-07-22,sábado,5,PH UBAJARA,IFCO,6424,158.0,17
2023-07-22,sábado,5,TREB. MINAS,HB,623,200.0,2
2023-07-22,sábado,5,TREB. MINAS,HB,NAO_INFORMADO,222.0,1
2023-07-22,sábado,5,TREB. MINAS,IFCO,6416,1807.0,78
2023-07-22,sábado,5,TREB. MINAS,IFCO,6424,1808.0,16
2023-07-22,sábado,5,TREB. MINAS,IFCO,NAO_INFORMADO,1.0,1
2023-07-24,segunda-feira,0,PH CORUMBA (PF),IFCO,6424,1440.0,2
2023-07-24,segunda-feira,0,PH UBAJARA,IFCO,6416,189.0,24
2023-07-24,segunda-feira,0,PH UBAJARA,IFCO,6424,56.0,2
2023-07-24,segunda-feira,0,TREB. MINAS,HB,623,1100.0,4
2023-07-24,segunda-feira,0,TREB. MINAS,IFCO,6416,991.0,34
2023-07-24,segunda-feira,0,TREB. MINAS,IFCO,6424,2021.0,5
2023-07-24,segunda-feira,0,TREB. MINAS,IFCO,NAO_INFORMADO,6.0,1
2023-07-25,terça-feira,1,PH CORUMBA (PF),HB,623,670.0,1
2023-07-25,terça-feira,1,PH CORUMBA (PF),IFCO,6424,1120.0,1
2023-07-25,terça-feira,1,PH UBAJARA,IFCO,6416,866.0,65
2023-07-25,terça-feira,1,PH UBAJARA,IFCO,6424,203.0,11
2023-07-25,terça-feira,1,TREB. MINAS,HB,623,920.0,4
2023-07-25,terça-feira,1,TREB. MINAS,HB,NAO_INFORMADO,147.0,20
2023-07-25,terça-feira,1,TREB. MINAS,IFCO,6416,934.0,22
2023-07-25,terça-feira,1,TREB. MINAS,IFCO,6424,1707.0,6
2023-07-25,terça-feira,1,TREB. MINAS,IFCO,NAO_INFORMADO,4.0,1
2023-07-26,quarta-feira,2,PH CORUMBA (PF),IFCO,6416,14.0,2
2023-07-26,quarta-feira,2,PH CORUMBA (PF),IFCO,6424,1794.0,8
2023-07-26,quarta-feira,2,TREB. MINAS,HB,623,1438.0,4
2023-07-26,quarta-feira,2,TREB. MINAS,HB,NAO_INFORMADO,19.0,7
2023-07-26,quarta-feira,2,TREB. MINAS,IFCO,6416,1065.0,50
2023-07-26,quarta-feira,2,TREB. MINAS,IFCO,6424,1458.0,15
2023-07-26,quarta-feira,2,TREB. MINAS,IFCO,NAO_INFORMADO,4.0,1
2023-07-27,quinta-feira,3,PH CORUMBA (PF),IFCO,6424,1240.0,2
2023-07-27,quinta-feira,3,PH UBAJARA,IFCO,6416,539.0,43
2023-07-27,quinta-feira,3,PH UBAJARA,IFCO,6424,179.0,14
2023-07-27,quinta-feira,3,TREB. MINAS,HB,623,870.0,3
2023-07-27,quinta-feira,3,TREB. MINAS,HB,NAO_INFORMADO,702.0,35
2023-07-27,quinta-feira,3,TREB. MINAS,IFCO,6416,525.0,27
2023-07-27,quinta-feira,3,TREB. MINAS,IFCO,6424,4238.0,15
2023-07-27,quinta-feira,3,TREB. MINAS,IFCO,NAO_INFORMADO,5.0,1
2023-07-28,sexta-feira,4,PH ALHO/CEBOLA,IFCO,6424,100.0,1
2023-07-28,sexta-feira,4,PH CORUMBA (PF),HB,623,670.0,1
2023-07-28,sexta-feira,4,PH CORUMBA (PF),IFCO,6416,190.0,5
2023-07-28,sexta-feira,4,PH CORUMBA (PF),IFCO,6424,640.0,1
2023-07-28,sexta-feira,4,TREB. MINAS,HB,623,160.0,2
2023-07-28,sexta-feira,4,TREB. MINAS,IFCO,6416,2019.0,118
2023-07-28,sexta-feira,4,TREB. MINAS,IFCO,6424,3243.0,31
2023-07-28,sexta-feira,4,TREB. MINAS,IFCO,NAO_INFORMADO,2.0,1
2023-07-29,sábado,5,PH CORUMBA (PF),HB,623,1200.0,2
2023-07-29,sábado,5,PH CORUMBA (PF),IFCO,6424,1092.0,4
2023-07-29,sábado,5,PH UBAJARA,IFCO,6416,62.0,12
2023-07-29,sábado,5,PH UBAJARA,IFCO,6424,34.0,1
2023-07-29,sábado,5,TREB. MINAS,HB,NAO_INFORMADO,36.0,11
2023-07-29,sábado,5,TREB. MINAS,IFCO,6416,1670.0,60
2023-07-29,sábado,5,TREB. MINAS,IFCO,6424,1579.0,10
2023-07-29,sábado,5,TREB. MINAS,IFCO,NAO_INFORMADO,2.0,1
2023-07-31,segunda-feira,0,PH UBAJARA,IFCO,6416,297.0,16
2023-07-31,segunda-feira,0,PH UBAJARA,IFCO,6424,111.0,3
2023-07-31,segunda-feira,0,TREB. MINAS,HB,623,670.0,1
2023-07-31,segunda-feira,0,TREB. MINAS,IFCO,6416,925.0,28
2023-07-31,segunda-feira,0,TREB. MINAS,IFCO,6424,2731.0,9
2023-07-31,segunda-feira,0,TREB. MINAS,IFCO,NAO_INFORMADO,7.0,1
2023-08-01,terça-feira,1,PH CORUMBA (PF),HB,623,670.0,1
2023-08-01,terça-feira,1,PH CORUMBA (PF),IFCO,6424,640.0,2
2023-08-01,terça-feira,1,PH UBAJARA,IFCO,6416,898.5,84
2023-08-01,terça-feira,1,PH UBAJARA,IFCO,6424,316.0,11
2023-08-01,terça-feira,1,PH UBAJARA,IFCO,NAO_INFORMADO,3.0,1
2023-08-01,terça-feira,1,TREB. MINAS,HB,623,720.0,2
2023-08-01,terça-feira,1,TREB. MINAS,HB,NAO_INFORMADO,165.0,20
2023-08-01,terça-feira,1,TREB. MINAS,IFCO,6416,1088.0,33
2023-08-01,terça-feira,1,TREB. MINAS,IFCO,6424,523.0,5
2023-08-01,terça-feira,1,TREB. MINAS,IFCO,NAO_INFORMADO,4.0,1
2023-08-02,quarta-feira,2,PH CORUMBA (PF),IFCO,6416,166.0,7
2023-08-02,quarta-feira,2,PH CORUMBA (PF),IFCO,6424,184.0,8
2023-08-02,quarta-feira,2,TREB. MINAS,HB,623,1060.0,3
2023-08-02,quarta-feira,2,TREB. MINAS,HB,NAO_INFORMADO,1014.0,47
2023-08-02,quarta-feira,2,TREB. MINAS,IFCO,6416,1525.0,65
2023-08-02,quarta-feira,2,TREB. MINAS,IFCO,6424,1526.0,15
2023-08-02,quarta-feira,2,TREB. MINAS,IFCO,NAO_INFORMADO,4.0,1
2023-08-03,quinta-feira,3,PH UBAJARA,IFCO,6416,474.0,39
2023-08-03,quinta-feira,3,PH UBAJARA,IFCO,6424,119.0,17
2023-08-03,quinta-feira,3,TREB. MINAS,HB,623,600.0,2
2023-08-03,quinta-feira,3,TREB. MINAS,IFCO,6416,539.0,27
2023-08-03,quinta-feira,3,TREB. MINAS,IFCO,6424,122.0,2
2023-08-03,quinta-feira,3,TREB. MINAS,IFCO,NAO_INFORMADO,5.0,1
2023-08-04,sexta-feira,4,PH CORUMBA (PF),IFCO,6424,1274.0,2
2023-08-04,sexta-feira,4,TREB. MINAS,HB,623,1280.0,2
2023-08-04,sexta-feira,4,TREB. MINAS,IFCO,6416,1572.0,54
2023-08-04,sexta-feira,4,TREB. MINAS,IFCO,6424,671.0,10
2023-08-04,sexta-feira,4,TREB. MINAS,IFCO,NAO_INFORMADO,5.0,2
2023-08-05,sábado,5,PH CORUMBA (PF),IFCO,6424,120.0,2
2023-08-05,sábado,5,PH UBAJARA,IFCO,6416,530.0,16
2023-08-05,sábado,5,PH UBAJARA,IFCO,6424,110.0,3
2023-08-05,sábado,5,TREB. MINAS,HB,623,800.0,2
2023-08-05,sábado,5,TREB. MINAS,HB,NAO_INFORMADO,171.111111111111,1
2023-08-05,sábado,5,TREB. MINAS,IFCO,6416,1935.3333333333333,118
2023-08-05,sábado,5,TREB. MINAS,IFCO,6424,3797.0,58
2023-08-05,sábado,5,TREB. MINAS,IFCO,NAO_INFORMADO,6.0,1
2023-08-07,segunda-feira,0,PH CORUMBA (PF),IFCO,6416,100.0,3
2023-08-07,segunda-feira,0,PH CORUMBA (PF),IFCO,6424,20.0,1
2023-08-07,segunda-feira,0,PH UBAJARA,IFCO,6416,88.0,15
2023-08-07,segunda-feira,0,PH UBAJARA,IFCO,6424,14.0,3
2023-08-07,segunda-feira,0,TREB. MINAS,HB,623,670.0,1
2023-08-07,segunda-feira,0,TREB. MINAS,IFCO,6416,1321.0,23
2023-08-07,segunda-feira,0,TREB. MINAS,IFCO,6424,1342.0,4
2023-08-07,segunda-feira,0,TREB. MINAS,IFCO,NAO_INFORMADO,7.0,1
2023-08-08,terça-feira,1,PH UBAJARA,IFCO,6416,1331.0,79
2023-08-08,terça-feira,1,PH UBAJARA,IFCO,6424,191.0,12
2023-08-08,terça-feira,1,PH UBAJARA,IFCO,NAO_INFORMADO,5.0,1
2023-08-08,terça-feira,1,TREB. MINAS,HB,623,540.0,2
2023-08-08,terça-feira,1,TREB. MINAS,HB,NAO_INFORMADO,113.0,17
2023-08-08,terça-feira,1,TREB. MINAS,IFCO,6416,1463.0,76
2023-08-08,terça-feira,1,TREB. MINAS,IFCO,6424,1135.0,21
2023-08-09,quarta-feira,2,PH CORUMBA (PF),IFCO,6416,17.0,2
2023-08-09,quarta-feira,2,PH CORUMBA (PF),IFCO,6424,33.0,4
2023-08-09,quarta-feira,2,PH UBAJARA,IFCO,6416,49.0,16
2023-08-09,quarta-feira,2,PH UBAJARA,IFCO,6424,23.0,8
2023-08-09,quarta-feira,2,TREB. MINAS,HB,NAO_INFORMADO,38.0,8
2023-08-09,quarta-feira,2,TREB. MINAS,IFCO,6416,1367.0,55
2023-08-09,quarta-feira,2,TREB. MINAS,IFCO,6424,1542.0,22
2023-08-10,quinta-feira,3,PH CORUMBA (PF),IFCO,6424,1280.0,4
2023-08-10,quinta-feira,3,PH UBAJARA,IFCO,6416,362.0,35
2023-08-10,quinta-feira,3,PH UBAJARA,IFCO,6424,73.0,9
2023-08-10,quinta-feira,3,TREB. MINAS,HB,623,1300.0,3
2023-08-10,quinta-feira,3,TREB. MINAS,HB,NAO_INFORMADO,585.5,35
2023-08-10,quinta-feira,3,TREB. MINAS,IFCO,6416,778.0769230769231,42
2023-08-10,quinta-feira,3,TREB. MINAS,IFCO,6424,977.0,5
2023-08-11,sexta-feira,4,PH CORUMBA (PF),IFCO,6424,116.0,2
2023-08-11,sexta-feira,4,PH UBAJARA,IFCO,6416,19.0,6
2023-08-11,sexta-feira,4,TREB. MINAS,IFCO,6416,1506.0,33
2023-08-11,sexta-feira,4,TREB. MINAS,IFCO,6424,1398.0,5
2023-08-12,sábado,5,PH CORUMBA (PF),HB,623,670.0,2
2023-08-12,sábado,5,PH UBAJARA,IFCO,6416,235.0,9
2023-08-12,sábado,5,PH UBAJARA,IFCO,6424,325.0,11
2023-08-12,sábado,5,TREB. MINAS,HB,623,1170.0,5
2023-08-12,sábado,5,TREB. MINAS,HB,NAO_INFORMADO,385.111111111111,14
2023-08-12,sábado,5,TREB. MINAS,IFCO,6416,1784.0,59
2023-08-12,sábado,5,TREB. MINAS,IFCO,6424,547.0,11
2023-08-14,segunda-feira,0,PH CORUMBA (PF),IFCO,6424,638.0,4
2023-08-14,segunda-feira,0,PH UBAJARA,IFCO,6416,252.0,23
2023-08-14,segunda-feira,0,PH UBAJARA,IFCO,6424,72.0,12
2023-08-14,segunda-feira,0,TREB. MINAS,HB,623,630.0,2
2023-08-14,segunda-feira,0,TREB. MINAS,HB,NAO_INFORMADO,92.0,14
2023-08-14,segunda-feira,0,TREB. MINAS,IFCO,6416,1264.0,33
2023-08-14,segunda-feira,0,TREB. MINAS,IFCO,6424,1988.0,7
2023-08-15,terça-feira,1,PH CORUMBA (PF),IFCO,6416,110.0,2
2023-08-15,terça-feira,1,PH CORUMBA (PF),IFCO,6424,220.0,3
2023-08-15,terça-feira,1,PH UBAJARA,IFCO,6416,970.0,30
2023-08-15,terça-feira,1,PH UBAJARA,IFCO,6424,57.0,15
2023-08-15,terça-feira,1,TREB. MINAS,IFCO,6416,1174.0,22
2023-08-15,terça-feira,1,TREB. MINAS,IFCO,6424,1796.0,5
2023-08-16,quarta-feira,2,PH CORUMBA (PF),HB,623,1258.0,2
2023-08-16,quarta-feira,2,PH CORUMBA (PF),IFCO,6416,55.0,5
2023-08-16,quarta-feira,2,PH CORUMBA (PF),IFCO,6424,90.0,6
2023-08-16,quarta-feira,2,PH UBAJARA,IFCO,6416,500.0,61
2023-08-16,quarta-feira,2,PH UBAJARA,IFCO,6424,101.0,14
2023-08-16,quarta-feira,2,PH UBAJARA,IFCO,NAO_INFORMADO,3.0,1
2023-08-16,quarta-feira,2,TREB. MINAS,HB,623,670.0,1
2023-08-16,quarta-feira,2,TREB. MINAS,HB,NAO_INFORMADO,673.0,29
2023-08-16,quarta-feira,2,TREB. MINAS,IFCO,6416,1377.0,56
2023-08-16,quarta-feira,2,TREB. MINAS,IFCO,6424,1888.0,7
2023-08-16,quarta-feira,2,TREB. MINAS,IFCO,NAO_INFORMADO,8.0,1
2023-08-17,quinta-feira,3,PH CORUMBA (PF),HB,623,1260.0,1
2023-08-17,quinta-feira,3,PH CORUMBA (PF),IFCO,6424,2240.0,2
2023-08-17,quinta-feira,3,PH UBAJARA,IFCO,6416,387.0,33
2023-08-17,quinta-feira,3,PH UBAJARA,IFCO,6424,78.0,5
2023-08-17,quinta-feira,3,TREB. MINAS,IFCO,6416,586.0,26
2023-08-17,quinta-feira,3,TREB. MINAS,IFCO,6424,2082.0,7
2023-08-18,sexta-feira,4,PH CORUMBA (PF),IFCO,6424,2039.0,6
2023-08-18,sexta-feira,4,PH UBAJARA,IFCO,6416,555.0,1
2023-08-18,sexta-feira,4,TREB. MINAS,HB,623,1249.0,2
2023-08-18,sexta-feira,4,TREB. MINAS,IFCO,6416,524.0,27
2023-08-18,sexta-feira,4,TREB. MINAS,IFCO,6424,2242.0,5
2023-08-19,sábado,5,PH CORUMBA (PF),IFCO,6424,640.0,1
2023-08-19,sábado,5,PH UBAJARA,IFCO,6416,75.0,5
2023-08-19,sábado,5,PH UBAJARA,IFCO,6424,15.0,1
2023-08-19,sábado,5,TREB. MINAS,HB,623,1690.0,3
2023-08-19,sábado,5,TREB. MINAS,HB,NAO_INFORMADO,171.111111111111,1
2023-08-19,sábado,5,TREB. MINAS,IFCO,6416,1867.0,113
2023-08-19,sábado,5,TREB. MINAS,IFCO,6424,1637.0,25
2023-08-21,segunda-feira,0,PH CORUMBA (PF),IFCO,6424,120.0,2
2023-08-21,segunda-feira,0,PH UBAJARA,IFCO,6416,515.0,33
2023-08-21,segunda-feira,0,PH UBAJARA,IFCO,6424,127.0,6
2023-08-21,segunda-feira,0,TREB. MINAS,HB,623,585.0,1
2023-08-21,segunda-feira,0,TREB. MINAS,HB,NAO_INFORMADO,115.0,13
2023-08-21,segunda-feira,0,TREB. MINAS,IFCO,6416,1041.0,32
2023-08-21,segunda-feira,0,TREB. MINAS,IFCO,6424,1362.0,6
2023-08-22,terça-feira,1,PH CORUMBA (PF),IFCO,6416,140.0,3
2023-08-22,terça-feira,1,PH CORUMBA (PF),IFCO,6424,15.0,1
2023-08-22,terça-feira,1,PH UBAJARA,IFCO,6416,1172.0,94
2023-08-22,terça-feira,1,PH UBAJARA,IFCO,6424,196.0,11
2023-08-22,terça-feira,1,TREB. MINAS,HB,623,1390.0,3
2023-08-22,terça-feira,1,TREB. MINAS,HB,NAO_INFORMADO,257.0,19
2023-08-22,terça-feira,1,TREB. MINAS,IFCO,6416,1168.0,26
2023-08-22,terça-feira,1,TREB. MINAS,IFCO,6424,1442.0,4
2023-08-23,quarta-feira,2,PH CORUMBA (PF),HB,623,690.0,1
2023-08-23,quarta-feira,2,PH CORUMBA (PF),IFCO,6416,19.0,3
2023-08-23,quarta-feira,2,PH CORUMBA (PF),IFCO,6424,1120.0,1
2023-08-23,quarta-feira,2,PH UBAJARA,IFCO,6416,344.0,31
2023-08-23,quarta-feira,2,PH UBAJARA,IFCO,6424,92.0,18
2023-08-23,quarta-feira,2,TREB. MINAS,HB,623,670.0,1
2023-08-23,quarta-feira,2,TREB. MINAS,HB,NAO_INFORMADO,26.0,10
2023-08-23,quarta-feira,2,TREB. MINAS,IFCO,6416,1497.0,56
2023-08-23,quarta-feira,2,TREB. MINAS,IFCO,6424,1622.0,7
2023-08-24,quinta-feira,3,PH CORUMBA (PF),IFCO,6424,1080.0,2
2023-08-24,quinta-feira,3,PH UBAJARA,IFCO,6416,37.0,15
2023-08-24,quinta-feira,3,PH UBAJARA,IFCO,6424,25.0,8
2023-08-24,quinta-feira,3,TREB. MINAS,HB,623,300.0,2
2023-08-24,quinta-feira,3,TREB. MINAS,HB,NAO_INFORMADO,1216.8888888888891,36
2023-08-24,quinta-feira,3,TREB. MINAS,IFCO,6416,914.0,32
2023-08-24,quinta-feira,3,TREB. MINAS,IFCO,6424,1482.0,6
2023-08-25,sexta-feira,4,TREB. MINAS,HB,623,1050.0,2
2023-08-25,sexta-feira,4,TREB. MINAS,HB,NAO_INFORMADO,175.0,10
2023-08-25,sexta-feira,4,TREB. MINAS,IFCO,6416,1369.0,32
2023-08-25,sexta-feira,4,TREB. MINAS,IFCO,6424,762.0,3
2023-08-26,sábado,5,PH UBAJARA,IFCO,6416,549.0,87
2023-08-26,sábado,5,PH UBAJARA,IFCO,6424,379.0,17
2023-08-26,sábado,5,TREB. MINAS,HB,623,1870.0,6
2023-08-26,sábado,5,TREB. MINAS,HB,NAO_INFORMADO,355.0,11
2023-08-26,sábado,5,TREB. MINAS,IFCO,6416,1901.0,57
2023-08-26,sábado,5,TREB. MINAS,IFCO,6424,2086.0,10
2023-08-28,segunda-feira,0,PH CORUMBA (PF),IFCO,6424,140.0,2
2023-08-28,segunda-feira,0,PH UBAJARA,IFCO,6416,57.0,22
2023-08-28,segunda-feira,0,PH UBAJARA,IFCO,6424,21.0,6
2023-08-28,segunda-feira,0,TREB. MINAS,HB,623,1070.0,3
2023-08-28,segunda-feira,0,TREB. MINAS,HB,NAO_INFORMADO,117.0,13
2023-08-28,segunda-feira,0,TREB. MINAS,IFCO,6416,1010.0,30
2023-08-28,segunda-feira,0,TREB. MINAS,IFCO,6424,758.0,4
2023-08-29,terça-feira,1,PH CORUMBA (PF),IFCO,6416,120.0,3
2023-08-29,terça-feira,1,PH CORUMBA (PF),IFCO,6424,640.0,1
2023-08-29,terça-feira,1,PH UBAJARA,IFCO,6416,1701.0,64
2023-08-29,terça-feira,1,PH UBAJARA,IFCO,6424,52.0,6
2023-08-29,terça-feira,1,TREB. MINAS,HB,623,655.0,3
2023-08-29,terça-feira,1,TREB. MINAS,HB,NAO_INFORMADO,98.0,15
2023-08-29,terça-feira,1,TREB. MINAS,IFCO,6416,1436.0,32
2023-08-29,terça-feira,1,TREB. MINAS,IFCO,6424,2574.0,15
2023-08-30,quarta-feira,2,PH CORUMBA (PF),HB,623,670.0,2
2023-08-30,quarta-feira,2,PH CORUMBA (PF),IFCO,6416,6.0,2
2023-08-30,quarta-feira,2,PH CORUMBA (PF),IFCO,6424,84.0,2
2023-08-30,quarta-feira,2,PH SUL (PF),HB,623,65.0,1
2023-08-30,quarta-feira,2,PH UBAJARA,HB,NAO_INFORMADO,12.0,1
2023-08-30,quarta-feira,2,PH UBAJARA,IFCO,6416,456.0,40
2023-08-30,quarta-feira,2,PH UBAJARA,IFCO,6424,142.0,9
2023-08-30,quarta-feira,2,TREB. MINAS,HB,623,1930.0,7
2023-08-30,quarta-feira,2,TREB. MINAS,HB,NAO_INFORMADO,231.42857142857142,27
2023-08-30,quarta-feira,2,TREB. MINAS,IFCO,6416,1129.0,41
2023-08-30,quarta-feira,2,TREB. MINAS,IFCO,6424,843.0,6
2023-08-31,quinta-feira,3,PH CORUMBA (PF),IFCO,6416,110.0,5
2023-08-31,quinta-feira,3,PH CORUMBA (PF),IFCO,6424,720.0,3
2023-08-31,quinta-feira,3,PH UBAJARA,IFCO,6416,78.0,22
2023-08-31,quinta-feira,3,PH UBAJARA,IFCO,6424,30.0,8
2023-08-31,quinta-feira,3,PH UBAJARA,IFCO,NAO_INFORMADO,10.0,1
2023-08-31,quinta-feira,3,TREB. MINAS,HB,NAO_INFORMADO,400.0,2
2023-08-31,quinta-feira,3,TREB. MINAS,IFCO,6416,920.03125,57
2023-08-31,quinta-feira,3,TREB. MINAS,IFCO,6424,2243.0,16
2023-09-01,sexta-feira,4,PH CORUMBA (PF),HB,623,670.0,2
2023-09-01,sexta-feira,4,PH CORUMBA (PF),IFCO,6424,360.0,3
2023-09-01,sexta-feira,4,PH UBAJARA,HB,NAO_INFORMADO,6.0,1
2023-09-01,sexta-feira,4,PH UBAJARA,IFCO,6416,15.0,1
2023-09-01,sexta-feira,4,PH UBAJARA,IFCO,6424,12.0,2
2023-09-01,sexta-feira,4,TREB. MINAS,IFCO,6416,1564.0,34
2023-09-01,sexta-feira,4,TREB. MINAS,IFCO,6424,2282.0,7
2023-09-01,sexta-feira,4,TREB. MINAS,IFCO,NAO_INFORMADO,16.0,2
2023-09-02,sábado,5,PH CORUMBA (PF),IFCO,6424,640.0,2
2023-09-02,sábado,5,PH UBAJARA,IFCO,6416,511.0,21
2023-09-02,sábado,5,PH UBAJARA,IFCO,6424,67.0,1
2023-09-02,sábado,5,TREB. MINAS,HB,623,1340.0,3
2023-09-02,sábado,5,TREB. MINAS,IFCO,6416,1653.0,55
2023-09-02,sábado,5,TREB. MINAS,IFCO,6424,1231.0,8
2023-09-02,sábado,5,TREB. MINAS,IFCO,NAO_INFORMADO,6.0,1
2023-09-04,segunda-feira,0,PH CORUMBA (PF),IFCO,6424,80.0,1
2023-09-04,segunda-feira,0,PH UBAJARA,HB,NAO_INFORMADO,10.0,1
2023-09-04,segunda-feira,0,PH UBAJARA,IFCO,6416,202.0,43
2023-09-04,segunda-feira,0,PH UBAJARA,IFCO,6424,56.0,6
2023-09-04,segunda-feira,0,TREB. MINAS,HB,623,628.0,1
2023-09-04,segunda-feira,0,TREB. MINAS,IFCO,6416,1103.0,27
2023-09-04,segunda-feira,0,TREB. MINAS,IFCO,6424,2514.0,7
2023-09-04,segunda-feira,0,TREB. MINAS,IFCO,NAO_INFORMADO,10.0,1
2023-09-05,terça-feira,1,PH SUL (PF),HB,623,40.0,6
2023-09-05,terça-feira,1,PH UBAJARA,IFCO,6416,1570.0,65
2023-09-05,terça-feira,1,PH UBAJARA,IFCO,6424,53.0,9
2023-09-05,terça-feira,1,TREB. MINAS,HB,623,1300.0,3
2023-09-05,terça-feira,1,TREB. MINAS,HB,NAO_INFORMADO,107.0,14
2023-09-05,terça-feira,1,TREB. MINAS,IFCO,6416,548.0,23
2023-09-05,terça-feira,1,TREB. MINAS,IFCO,6424,1477.0,4
2023-09-05,terça-feira,1,TREB. MINAS,IFCO,NAO_INFORMADO,4.0,1
2023-09-06,quarta-feira,2,PH CORUMBA (PF),IFCO,6416,126.0,7
2023-09-06,quarta-feira,2,PH CORUMBA (PF),IFCO,6424,835.0,9
2023-09-06,quarta-feira,2,PH UBAJARA,IFCO,6416,288.0,45
2023-09-06,quarta-feira,2,PH UBAJARA,IFCO,6424,117.0,22
2023-09-06,quarta-feira,2,TREB. MINAS,HB,623,204.0,1
2023-09-06,quarta-feira,2,TREB. MINAS,HB,NAO_INFORMADO,671.8571428571429,36
2023-09-06,quarta-feira,2,TREB. MINAS,IFCO,6416,1637.0,67
2023-09-06,quarta-feira,2,TREB. MINAS,IFCO,6424,1621.0,11
2023-09-06,quarta-feira,2,TREB. MINAS,IFCO,NAO_INFORMADO,10.0,2
2023-09-07,quinta-feira,3,PH CORUMBA (PF),HB,623,516.0,1
2023-09-07,quinta-feira,3,PH UBAJARA,IFCO,6416,461.0,51
2023-09-07,quinta-feira,3,PH UBAJARA,IFCO,6424,158.0,12
2023-09-07,quinta-feira,3,PH UBAJARA,IFCO,NAO_INFORMADO,4.0,1
2023-09-08,sexta-feira,4,PH UBAJARA,IFCO,6416,218.0,1
2023-09-08,sexta-feira,4,TREB. MINAS,IFCO,6416,1676.0,32
2023-09-08,sexta-feira,4,TREB. MINAS,IFCO,6424,1880.0,7
2023-09-08,sexta-feira,4,TREB. MINAS,IFCO,NAO_INFORMADO,3.0,1
2023-09-09,sábado,5,PH UBAJARA,IFCO,6416,218.0,24
2023-09-09,sábado,5,PH UBAJARA,IFCO,6424,61.0,2
2023-09-09,sábado,5,TREB. MINAS,HB,623,830.0,4
2023-09-09,sábado,5,TREB. MINAS,HB,NAO_INFORMADO,729.0,22
2023-09-09,sábado,5,TREB. MINAS,IFCO,6416,2182.0,113
2023-09-09,sábado,5,TREB. MINAS,IFCO,6424,1512.0,24
2023-09-09,sábado,5,TREB. MINAS,IFCO,NAO_INFORMADO,2.0,1
2023-09-11,segunda-feira,0,PH CORUMBA (PF),IFCO,6424,120.0,2
2023-09-11,segunda-feira,0,PH UBAJARA,IFCO,6416,11.0,5
2023-09-11,segunda-feira,0,PH UBAJARA,IFCO,6424,6.0,2
2023-09-11,segunda-feira,0,TREB. MINAS,HB,623,1340.0,2
2023-09-11,segunda-feira,0,TREB. MINAS,HB,NAO_INFORMADO,172.0,21
2023-09-11,segunda-feira,0,TREB. MINAS,IFCO,6416,1135.0,30
2023-09-11,segunda-feira,0,TREB. MINAS,IFCO,6424,362.0,3
2023-09-11,segunda-feira,0,TREB. MINAS,IFCO,NAO_INFORMADO,4.0,1
2023-09-12,terça-feira,1,PH CORUMBA (PF),IFCO,6416,120.0,3
2023-09-12,terça-feira,1,PH CORUMBA (PF),IFCO,6424,200.0,1
2023-09-12,terça-feira,1,PH SUL (PF),HB,623,195.0,3
2023-09-12,terça-feira,1,PH UBAJARA,IFCO,6416,1181.0,67
2023-09-12,terça-feira,1,PH UBAJARA,IFCO,6424,274.0,9
2023-09-12,terça-feira,1,TREB. MINAS,HB,623,710.0,3
2023-09-12,terça-feira,1,TREB. MINAS,HB,NAO_INFORMADO,194.0,20
2023-09-12,terça-feira,1,TREB. MINAS,IFCO,6416,1335.0,23
2023-09-12,terça-feira,1,TREB. MINAS,IFCO,6424,1128.0,6
2023-09-12,terça-feira,1,TREB. MINAS,IFCO,NAO_INFORMADO,3.0,1
2023-09-13,quarta-feira,2,PH CORUMBA (PF),HB,623,670.0,1
2023-09-13,quarta-feira,2,PH CORUMBA (PF),IFCO,6416,32.0,1
2023-09-13,quarta-feira,2,PH CORUMBA (PF),IFCO,6424,688.0,5
2023-09-13,quarta-feira,2,PH SUL (PF),HB,623,74.0,10
2023-09-13,quarta-feira,2,PH UBAJARA,IFCO,6416,568.0,43
2023-09-13,quarta-feira,2,PH UBAJARA,IFCO,6424,137.0,12
2023-09-13,quarta-feira,2,TREB. MINAS,HB,NAO_INFORMADO,639.0,23
2023-09-13,quarta-feira,2,TREB. MINAS,IFCO,6416,1085.0,38
2023-09-13,quarta-feira,2,TREB. MINAS,IFCO,6424,762.0,6
2023-09-13,quarta-feira,2,TREB. MINAS,IFCO,NAO_INFORMADO,2.0,1
2023-09-14,quinta-feira,3,PH CORUMBA (PF),IFCO,6416,140.0,6
2023-09-14,quinta-feira,3,PH CORUMBA (PF),IFCO,6424,640.0,2
2023-09-14,quinta-feira,3,PH SUL (PF),HB,623,98.0,6
2023-09-14,quinta-feira,3,PH UBAJARA,IFCO,6416,21.0,2
2023-09-14,quinta-feira,3,TREB. MINAS,HB,623,670.0,1
2023-09-14,quinta-feira,3,TREB. MINAS,IFCO,6416,1132.0,58
2023-09-14,quinta-feira,3,TREB. MINAS,IFCO,6424,276.0,9
2023-09-14,quinta-feira,3,TREB. MINAS,IFCO,NAO_INFORMADO,4.0,1
2023-09-15,sexta-feira,4,PH UBAJARA,IFCO,6416,2.0,1
2023-09-15,sexta-feira,4,TREB. MINAS,HB,623,670.0,2
2023-09-15,sexta-feira,4,TREB. MINAS,IFCO,6416,1490.0,18
2023-09-15,sexta-feira,4,TREB. MINAS,IFCO,6424,705.0,3
2023-09-15,sexta-feira,4,TREB. MINAS,IFCO,NAO_INFORMADO,2.0,1
2023-09-16,sábado,5,PH CORUMBA (PF),IFCO,6424,640.0,1
2023-09-16,sábado,5,PH UBAJARA,HB,NAO_INFORMADO,2.0,1
2023-09-16,sábado,5,PH UBAJARA,IFCO,6416,522.0,19
2023-09-16,sábado,5,PH UBAJARA,IFCO,6424,72.0,2
2023-09-16,sábado,5,TREB. MINAS,HB,NAO_INFORMADO,249.0,8
2023-09-16,sábado,5,TREB. MINAS,IFCO,6416,2234.0,105
2023-09-16,sábado,5,TREB. MINAS,IFCO,6424,1341.0,31
2023-09-16,sábado,5,TREB. MINAS,IFCO,NAO_INFORMADO,13.0,2
2023-09-18,segunda-feira,0,PH SUL (PF),HB,623,21.0,4
2023-09-18,segunda-feira,0,PH SUL (PF),IFCO,6424,452.0,5
2023-09-18,segunda-feira,0,PH UBAJARA,IFCO,6416,236.0,25
2023-09-18,segunda-feira,0,PH UBAJARA,IFCO,6424,53.0,6
2023-09-18,segunda-feira,0,TREB. MINAS,HB,623,1339.0,3
2023-09-18,segunda-feira,0,TREB. MINAS,HB,NAO_INFORMADO,105.0,14
2023-09-18,segunda-feira,0,TREB. MINAS,IFCO,6416,1081.0,25
2023-09-18,segunda-feira,0,TREB. MINAS,IFCO,6424,542.0,2
2023-09-18,segunda-feira,0,TREB. MINAS,IFCO,NAO_INFORMADO,6.0,1
2023-09-19,terça-feira,1,PH CORUMBA (PF),HB,623,630.0,1
2023-09-19,terça-feira,1,PH CORUMBA (PF),HB,NAO_INFORMADO,91.0,8
2023-09-19,terça-feira,1,PH CORUMBA (PF),IFCO,6424,630.0,2
2023-09-19,terça-feira,1,PH UBAJARA,IFCO,6416,1815.0,114
2023-09-19,terça-feira,1,PH UBAJARA,IFCO,6424,464.0,40
2023-09-19,terça-feira,1,TREB. MINAS,HB,NAO_INFORMADO,255.0,14
2023-09-19,terça-feira,1,TREB. MINAS,IFCO,6416,1071.0,22
2023-09-19,terça-feira,1,TREB. MINAS,IFCO,6424,1398.0,6
2023-09-19,terça-feira,1,TREB. MINAS,IFCO,NAO_INFORMADO,3.0,1
2023-09-20,quarta-feira,2,PH CORUMBA (PF),HB,623,690.0,1
2023-09-20,quarta-feira,2,PH CORUMBA (PF),IFCO,6416,32.0,1
2023-09-20,quarta-feira,2,PH CORUMBA (PF),IFCO,6424,672.0,6
2023-09-20,quarta-feira,2,PH SUL (PF),HB,623,68.0,6
2023-09-20,quarta-feira,2,PH UBAJARA,HB,NAO_INFORMADO,2.0,1
2023-09-20,quarta-feira,2,PH UBAJARA,IFCO,6416,340.0,51
2023-09-20,quarta-feira,2,PH UBAJARA,IFCO,6424,163.0,30
2023-09-20,quarta-feira,2,PH UBAJARA,IFCO,NAO_INFORMADO,0.0,1
2023-09-20,quarta-feira,2,TREB. MINAS,HB,NAO_INFORMADO,274.55555555555554,27
2023-09-20,quarta-feira,2,TREB. MINAS,IFCO,6416,1014.0,40
2023-09-20,quarta-feira,2,TREB. MINAS,IFCO,6424,362.0,6
2023-09-20,quarta-feira,2,TREB. MINAS,IFCO,NAO_INFORMADO,18.0,2
2023-09-21,quinta-feira,3,PH CORUMBA (PF),IFCO,6416,120.0,1
2023-09-21,quinta-feira,3,PH CORUMBA (PF),IFCO,6424,640.0,1
2023-09-21,quinta-feira,3,TREB. MINAS,HB,623,1234.0,3
2023-09-21,quinta-feira,3,TREB. MINAS,HB,NAO_INFORMADO,200.0,1
2023-09-21,quinta-feira,3,TREB. MINAS,IFCO,6416,1226.09375,50
2023-09-21,quinta-feira,3,TREB. MINAS,IFCO,6424,1274.0,9
2023-09-21,quinta-feira,3,TREB. MINAS,IFCO,NAO_INFORMADO,4.0,1
2023-09-22,sexta-feira,4,PH CORUMBA (PF),IFCO,6424,640.0,1
2023-09-22,sexta-feira,4,PH UBAJARA,HB,NAO_INFORMADO,2.0,1
2023-09-22,sexta-feira,4,TREB. MINAS,HB,623,400.0,1
2023-09-22,sexta-feira,4,TREB. MINAS,HB,NAO_INFORMADO,531.0,14
2023-09-22,sexta-feira,4,TREB. MINAS,IFCO,6416,1402.03125,36
2023-09-22,sexta-feira,4,TREB. MINAS,IFCO,6424,1883.0,6
2023-09-22,sexta-feira,4,TREB. MINAS,IFCO,NAO_INFORMADO,3.0,1
2023-09-23,sábado,5,PH CORUMBA (PF),HB,623,670.0,1
2023-09-23,sábado,5,PH CORUMBA (PF),IFCO,6424,626.0,1
2023-09-23,sábado,5,TREB. MINAS,HB,NAO_INFORMADO,249.0,8
2023-09-23,sábado,5,TREB. MINAS,IFCO,6416,1741.0,46
2023-09-23,sábado,5,TREB. MINAS,IFCO,6424,161.0,3
2023-09-23,sábado,5,TREB. MINAS,IFCO,NAO_INFORMADO,11.0,2
2023-09-25,segunda-feira,0,PH CORUMBA (PF),IFCO,6416,70.0,2
2023-09-25,segunda-feira,0,PH CORUMBA (PF),IFCO,6424,120.0,1
2023-09-25,segunda-feira,0,PH UBAJARA,IFCO,6416,319.0,51
2023-09-25,segunda-feira,0,PH UBAJARA,IFCO,6424,59.0,10
2023-09-25,segunda-feira,0,TREB. MINAS,HB,623,720.0,2
2023-09-25,segunda-feira,0,TREB. MINAS,HB,NAO_INFORMADO,110.0,13
2023-09-25,segunda-feira,0,TREB. MINAS,IFCO,6416,1063.0,39
2023-09-25,segunda-feira,0,TREB. MINAS,IFCO,6424,225.0,7
2023-09-25,segunda-feira,0,TREB. MINAS,IFCO,NAO_INFORMADO,6.0,1
2023-09-26,terça-feira,1,PH CORUMBA (PF),HB,623,1210.0,3
2023-09-26,terça-feira,1,PH CORUMBA (PF),HB,NAO_INFORMADO,142.0,8
2023-09-26,terça-feira,1,PH UBAJARA,IFCO,6416,1670.0,85
2023-09-26,terça-feira,1,PH UBAJARA,IFCO,6424,129.0,5
2023-09-26,terça-feira,1,TREB. MINAS,HB,NAO_INFORMADO,106.0,9
2023-09-26,terça-feira,1,TREB. MINAS,IFCO,6416,1289.03125,30
2023-09-26,terça-feira,1,TREB. MINAS,IFCO,6424,3235.0,15
2023-09-26,terça-feira,1,TREB. MINAS,IFCO,NAO_INFORMADO,3.0,1
2023-09-27,quarta-feira,2,PH CORUMBA (PF),HB,623,670.0,1
2023-09-27,quarta-feira,2,PH CORUMBA (PF),IFCO,6416,161.0,5
2023-09-27,quarta-feira,2,PH CORUMBA (PF),IFCO,6424,27.0,3
2023-09-27,quarta-feira,2,PH UBAJARA,HB,NAO_INFORMADO,4.0,1
2023-09-27,quarta-feira,2,PH UBAJARA,IFCO,6416,365.0,19
2023-09-27,quarta-feira,2,PH UBAJARA,IFCO,6424,52.0,5
2023-09-27,quarta-feira,2,TREB. MINAS,HB,623,800.0,1
2023-09-27,quarta-feira,2,TREB. MINAS,HB,NAO_INFORMADO,1083.0,27
2023-09-27,quarta-feira,2,TREB. MINAS,IFCO,6416,1315.0625,55
2023-09-27,quarta-feira,2,TREB. MINAS,IFCO,6424,768.0,5
2023-09-27,quarta-feira,2,TREB. MINAS,IFCO,NAO_INFORMADO,3.0,1
2023-09-28,quinta-feira,3,PH CORUMBA (PF),IFCO,6416,100.0,1
2023-09-28,quinta-feira,3,PH CORUMBA (PF),IFCO,6424,830.0,2
2023-09-28,quinta-feira,3,PH UBAJARA,IFCO,6416,97.0,8
2023-09-28,quinta-feira,3,PH UBAJARA,IFCO,6424,202.0,5
2023-09-28,quinta-feira,3,TREB. MINAS,IFCO,6416,1661.0,27
2023-09-28,quinta-feira,3,TREB. MINAS,IFCO,6424,3009.0,10
2023-09-28,quinta-feira,3,TREB. MINAS,IFCO,NAO_INFORMADO,4.0,1
2023-09-29,sexta-feira,4,PH CORUMBA (PF),IFCO,6424,640.0,1
2023-09-29,sexta-feira,4,PH UBAJARA,HB,NAO_INFORMADO,3.0,1
2023-09-29,sexta-feira,4,TREB. MINAS,IFCO,6416,1395.0,33
2023-09-29,sexta-feira,4,TREB. MINAS,IFCO,6424,1848.0,4
2023-09-29,sexta-feira,4,TREB. MINAS,IFCO,NAO_INFORMADO,4.0,2
2023-09-30,sábado,5,PH CORUMBA (PF),IFCO,6424,1276.0,2
2023-09-30,sábado,5,TREB. MINAS,IFCO,6416,2063.0,52
2023-09-30,sábado,5,TREB. MINAS,IFCO,6424,2318.0,9
2023-09-30,sábado,5,TREB. MINAS,IFCO,NAO_INFORMADO,10.0,2
2023-10-02,segunda-feira,0,PH UBAJARA,IFCO,6416,541.0,58
2023-10-02,segunda-feira,0,PH UBAJARA,IFCO,6424,93.0,14
2023-10-02,segunda-feira,0,TREB. MINAS,HB,623,1435.0,2
2023-10-02,segunda-feira,0,TREB. MINAS,HB,NAO_INFORMADO,110.0,10
2023-10-02,segunda-feira,0,TREB. MINAS,IFCO,6416,1005.03125,32
2023-10-02,segunda-feira,0,TREB. MINAS,IFCO,6424,1265.0,8
2023-10-02,segunda-feira,0,TREB. MINAS,IFCO,NAO_INFORMADO,4.0,1
2023-10-03,terça-feira,1,PH CORUMBA (PF),HB,623,585.0,1
2023-10-03,terça-feira,1,PH CORUMBA (PF),HB,NAO_INFORMADO,109.0,7
2023-10-03,terça-feira,1,PH UBAJARA,IFCO,6416,875.0,55
2023-10-03,terça-feira,1,PH UBAJARA,IFCO,6424,174.0,6
2023-10-03,terça-feira,1,TREB. MINAS,HB,NAO_INFORMADO,40.0,9
2023-10-03,terça-feira,1,TREB. MINAS,IFCO,6416,1306.3125,49
2023-10-03,terça-feira,1,TREB. MINAS,IFCO,6424,1902.0,23
2023-10-03,terça-feira,1,TREB. MINAS,IFCO,NAO_INFORMADO,23.0,2
2023-10-04,quarta-feira,2,PH CORUMBA (PF),IFCO,6416,266.0,7
2023-10-04,quarta-feira,2,PH CORUMBA (PF),IFCO,6424,24.0,6
2023-10-04,quarta-feira,2,PH UBAJARA,HB,NAO_INFORMADO,3.0,1
2023-10-04,quarta-feira,2,PH UBAJARA,IFCO,6416,475.0,44
2023-10-04,quarta-feira,2,PH UBAJARA,IFCO,6424,200.0,14
2023-10-04,quarta-feira,2,PH UBAJARA,IFCO,NAO_INFORMADO,2.0,2
2023-10-04,quarta-feira,2,TREB. MINAS,HB,623,765.0,2
2023-10-04,quarta-feira,2,TREB. MINAS,HB,NAO_INFORMADO,469.0,27
2023-10-04,quarta-feira,2,TREB. MINAS,IFCO,6416,1375.0,58
2023-10-04,quarta-feira,2,TREB. MINAS,IFCO,6424,2272.0,21
2023-10-04,quarta-feira,2,TREB. MINAS,IFCO,NAO_INFORMADO,3.0,1
2023-10-05,quinta-feira,3,PH CORUMBA (PF),HB,623,670.0,2
2023-10-05,quinta-feira,3,PH CORUMBA (PF),IFCO,6416,267.0,6
2023-10-05,quinta-feira,3,PH CORUMBA (PF),IFCO,6424,164.0,2
2023-10-05,quinta-feira,3,PH UBAJARA,IFCO,6416,35.0,1
2023-10-05,quinta-feira,3,TREB. MINAS,HB,623,670.0,1
2023-10-05,quinta-feira,3,TREB. MINAS,IFCO,6416,976.34375,64
2023-10-05,quinta-feira,3,TREB. MINAS,IFCO,6424,149.0,8
2023-10-05,quinta-feira,3,TREB. MINAS,IFCO,NAO_INFORMADO,3.0,1
2023-10-06,sexta-feira,4,PH CORUMBA (PF),IFCO,6424,640.0,1
2023-10-06,sexta-feira,4,PH UBAJARA,IFCO,6416,28.0,1
2023-10-06,sexta-feira,4,TREB. MINAS,IFCO,6416,1635.0625,47
2023-10-06,sexta-feira,4,TREB. MINAS,IFCO,6424,2050.0,12
2023-10-06,sexta-feira,4,TREB. MINAS,IFCO,NAO_INFORMADO,3.0,2
2023-10-07,sábado,5,PH CORUMBA (PF),HB,623,1360.0,2
2023-10-07,sábado,5,TREB. MINAS,HB,NAO_INFORMADO,59.0,5
2023-10-07,sábado,5,TREB. MINAS,IFCO,6416,2012.0,64
2023-10-07,sábado,5,TREB. MINAS,IFCO,6424,2896.0,8
2023-10-07,sábado,5,TREB. MINAS,IFCO,NAO_INFORMADO,2.0,1
2023-10-09,segunda-feira,0,PH CORUMBA (PF),IFCO,6424,200.0,1
2023-10-09,segunda-feira,0,PH UBAJARA,IFCO,6416,555.0,29
2023-10-09,segunda-feira,0,PH UBAJARA,IFCO,6424,49.0,5
2023-10-09,segunda-feira,0,TREB. MINAS,HB,NAO_INFORMADO,209.0,9
2023-10-09,segunda-feira,0,TREB. MINAS,IFCO,6416,948.15625,42
2023-10-09,segunda-feira,0,TREB. MINAS,IFCO,6424,1248.0,14
2023-10-09,segunda-feira,0,TREB. MINAS,IFCO,NAO_INFORMADO,5.0,1
2023-10-10,terça-feira,1,PH CORUMBA (PF),HB,623,670.0,2
2023-10-10,terça-feira,1,PH CORUMBA (PF),IFCO,6416,150.0,1
2023-10-10,terça-feira,1,PH CORUMBA (PF),IFCO,6424,1120.0,2
2023-10-10,terça-feira,1,PH UBAJARA,IFCO,6416,1348.0,41
2023-10-10,terça-feira,1,PH UBAJARA,IFCO,6424,246.0,16
2023-10-10,terça-feira,1,TREB. MINAS,HB,623,670.0,1
2023-10-10,terça-feira,1,TREB. MINAS,HB,NAO_INFORMADO,163.0,23
2023-10-10,terça-feira,1,TREB. MINAS,IFCO,6416,320.0,13
2023-10-10,terça-feira,1,TREB. MINAS,IFCO,6424,1.0,1
2023-10-10,terça-feira,1,TREB. MINAS,IFCO,NAO_INFORMADO,3.0,1
2023-10-11,quarta-feira,2,PH CORUMBA (PF),HB,623,670.0,1
2023-10-11,quarta-feira,2,PH CORUMBA (PF),IFCO,6416,162.0,4
2023-10-11,quarta-feira,2,PH CORUMBA (PF),IFCO,6424,1601.0,3
2023-10-11,quarta-feira,2,PH UBAJARA,IFCO,6416,1119.0,85
2023-10-11,quarta-feira,2,PH UBAJARA,IFCO,6424,371.3125,24
2023-10-11,quarta-feira,2,TREB. MINAS,HB,NAO_INFORMADO,260.0,21
2023-10-11,quarta-feira,2,TREB. MINAS,IFCO,6416,765.5,40
2023-10-11,quarta-feira,2,TREB. MINAS,IFCO,6424,23.0,5
2023-10-11,quarta-feira,2,TREB. MINAS,IFCO,NAO_INFORMADO,17.0,2
2023-10-12,quinta-feira,3,PH UBAJARA,HB,NAO_INFORMADO,3.0,1
2023-10-12,quinta-feira,3,PH UBAJARA,IFCO,6416,48.55555555555556,19
2023-10-12,quinta-feira,3,PH UBAJARA,IFCO,6424,23.0,11
2023-10-12,quinta-feira,3,TREB. MINAS,IFCO,6416,427.0,18
2023-10-12,quinta-feira,3,TREB. MINAS,IFCO,6424,3.0,1
2023-10-13,sexta-feira,4,PH CORUMBA (PF),IFCO,6416,1106.0,4
2023-10-13,sexta-feira,4,PH CORUMBA (PF),IFCO,6424,720.0,2
2023-10-13,sexta-feira,4,TREB. MINAS,HB,623,670.0,2
2023-10-13,sexta-feira,4,TREB. MINAS,IFCO,6416,400.0,25
2023-10-13,sexta-feira,4,TREB. MINAS,IFCO,6424,2356.0,4
2023-10-13,sexta-feira,4,TREB. MINAS,IFCO,NAO_INFORMADO,9.0,2
2023-10-14,sábado,5,PH CORUMBA (PF),IFCO,6416,758.0,5
2023-10-14,sábado,5,PH CORUMBA (PF),IFCO,6424,1761.0,4
2023-10-14,sábado,5,PH UBAJARA,IFCO,6416,871.0,42
2023-10-14,sábado,5,PH UBAJARA,IFCO,6424,110.0,2
2023-10-14,sábado,5,TREB. MINAS,HB,623,670.0,1
2023-10-14,sábado,5,TREB. MINAS,HB,NAO_INFORMADO,180.0,19
2023-10-14,sábado,5,TREB. MINAS,IFCO,6416,1235.0,74
2023-10-14,sábado,5,TREB. MINAS,IFCO,6424,2156.0,5
2023-10-14,sábado,5,TREB. MINAS,IFCO,NAO_INFORMADO,3.0,1
2023-10-16,segunda-feira,0,PH CORUMBA (PF),HB,623,670.0,3
2023-10-16,segunda-feira,0,PH CORUMBA (PF),IFCO,6416,598.0,6
2023-10-16,segunda-feira,0,PH CORUMBA (PF),IFCO,6424,80.0,1
2023-10-16,segunda-feira,0,PH UBAJARA,IFCO,6416,1747.42,87
2023-10-16,segunda-feira,0,PH UBAJARA,IFCO,6424,261.0,21
2023-10-16,segunda-feira,0,TREB. MINAS,IFCO,6416,940.0,55
2023-10-16,segunda-feira,0,TREB. MINAS,IFCO,6424,45.0,7
2023-10-16,segunda-feira,0,TREB. MINAS,IFCO,NAO_INFORMADO,7.0,1
2023-10-17,terça-feira,1,PH CORUMBA (PF),IFCO,6416,730.0,6
2023-10-17,terça-feira,1,PH CORUMBA (PF),IFCO,6424,1760.0,3
2023-10-17,terça-feira,1,PH UBAJARA,IFCO,6416,50.0,7
2023-10-17,terça-feira,1,PH UBAJARA,IFCO,6424,15.0,1
2023-10-17,terça-feira,1,TREB. MINAS,HB,623,583.0,2
2023-10-17,terça-feira,1,TREB. MINAS,HB,NAO_INFORMADO,160.0,24
2023-10-17,terça-feira,1,TREB. MINAS,IFCO,6416,370.15625,26
2023-10-17,terça-feira,1,TREB. MINAS,IFCO,6424,1.0,1
2023-10-17,terça-feira,1,TREB. MINAS,IFCO,NAO_INFORMADO,4.0,1
2023-10-18,quarta-feira,2,PH CORUMBA (PF),IFCO,6416,468.0,4
2023-10-18,quarta-feira,2,PH CORUMBA (PF),IFCO,6424,1320.0,2
2023-10-18,quarta-feira,2,PH UBAJARA,IFCO,6416,403.0,48
2023-10-18,quarta-feira,2,PH UBAJARA,IFCO,6424,119.0,15
2023-10-18,quarta-feira,2,PH UBAJARA,IFCO,NAO_INFORMADO,6.0,1
2023-10-18,quarta-feira,2,TREB. MINAS,HB,NAO_INFORMADO,221.0,19
2023-10-18,quarta-feira,2,TREB. MINAS,IFCO,6416,396.0,28
2023-10-18,quarta-feira,2,TREB. MINAS,IFCO,6424,83.0,4
2023-10-18,quarta-feira,2,TREB. MINAS,IFCO,NAO_INFORMADO,19.0,2
2023-10-19,quinta-feira,3,PH CORUMBA (PF),IFCO,6416,18.0,1
2023-10-19,quinta-feira,3,PH CORUMBA (PF),IFCO,6424,1088.0,9
2023-10-19,quinta-feira,3,PH UBAJARA,HB,NAO_INFORMADO,3.0,1
2023-10-19,quinta-feira,3,PH UBAJARA,IFCO,6416,116.0,7
2023-10-19,quinta-feira,3,PH UBAJARA,IFCO,6424,140.0,14
2023-10-19,quinta-feira,3,TREB. MINAS,HB,623,670.0,1
2023-10-19,quinta-feira,3,TREB. MINAS,IFCO,6416,451.75,39
2023-10-19,quinta-feira,3,TREB. MINAS,IFCO,6424,27.0,7
2023-10-19,quinta-feira,3,TREB. MINAS,IFCO,NAO_INFORMADO,4.0,1
2023-10-20,sexta-feira,4,PH CORUMBA (PF),IFCO,6416,996.0,5
2023-10-20,sexta-feira,4,PH CORUMBA (PF),IFCO,6424,480.0,1
2023-10-20,sexta-feira,4,PH UBAJARA,IFCO,6416,49.0,3
2023-10-20,sexta-feira,4,PH UBAJARA,IFCO,6424,8.0,2
2023-10-20,sexta-feira,4,TREB. MINAS,HB,623,450.0,1
2023-10-20,sexta-feira,4,TREB. MINAS,IFCO,6416,424.0,30
2023-10-20,sexta-feira,4,TREB. MINAS,IFCO,6424,521.0,3
2023-10-20,sexta-feira,4,TREB. MINAS,IFCO,NAO_INFORMADO,7.0,1
2023-10-21,sábado,5,PH CORUMBA (PF),HB,623,1170.0,2
2023-10-21,sábado,5,PH CORUMBA (PF),IFCO,6416,771.0,4
2023-10-21,sábado,5,PH CORUMBA (PF),IFCO,6424,2060.0,3
2023-10-21,sábado,5,PH UBAJARA,IFCO,6416,414.0,21
2023-10-21,sábado,5,PH UBAJARA,IFCO,6424,103.0,4
2023-10-21,sábado,5,TREB. MINAS,HB,623,670.0,1
2023-10-21,sábado,5,TREB. MINAS,HB,NAO_INFORMADO,21.0,8
2023-10-21,sábado,5,TREB. MINAS,IFCO,6416,1688.03125,63
2023-10-21,sábado,5,TREB. MINAS,IFCO,6424,206.0,3
2023-10-21,sábado,5,TREB. MINAS,IFCO,NAO_INFORMADO,2.0,1
2023-10-23,segunda-feira,0,PH CORUMBA (PF),IFCO,6416,618.0,6
2023-10-23,segunda-feira,0,PH CORUMBA (PF),IFCO,6424,740.0,2
2023-10-23,segunda-feira,0,PH UBAJARA,IFCO,6416,1407.42,57
2023-10-23,segunda-feira,0,PH UBAJARA,IFCO,6424,96.0,5
2023-10-23,segunda-feira,0,TREB. MINAS,HB,623,645.0,1
2023-10-23,segunda-feira,0,TREB. MINAS,HB,NAO_INFORMADO,219.0,16
2023-10-23,segunda-feira,0,TREB. MINAS,IFCO,6416,501.0,35
2023-10-23,segunda-feira,0,TREB. MINAS,IFCO,6424,689.0,9
2023-10-23,segunda-feira,0,TREB. MINAS,IFCO,NAO_INFORMADO,6.0,1
2023-10-24,terça-feira,1,PH CORUMBA (PF),IFCO,6416,941.0,14
2023-10-24,terça-feira,1,PH CORUMBA (PF),IFCO,6424,1380.0,3
2023-10-24,terça-feira,1,PH UBAJARA,IFCO,6416,1522.0,84
2023-10-24,terça-feira,1,PH UBAJARA,IFCO,6424,414.0,34
2023-10-24,terça-feira,1,TREB. MINAS,HB,NAO_INFORMADO,283.0,18
2023-10-24,terça-feira,1,TREB. MINAS,IFCO,6416,552.0,29
2023-10-24,terça-feira,1,TREB. MINAS,IFCO,6424,5.0,3
2023-10-24,terça-feira,1,TREB. MINAS,IFCO,NAO_INFORMADO,5.0,1
2023-10-25,quarta-feira,2,PH CORUMBA (PF),HB,623,1340.0,2
2023-10-25,quarta-feira,2,PH CORUMBA (PF),IFCO,6416,527.0,5
2023-10-25,quarta-feira,2,PH CORUMBA (PF),IFCO,6424,36.0,5
2023-10-25,quarta-feira,2,PH UBAJARA,IFCO,6416,604.0,52
2023-10-25,quarta-feira,2,PH UBAJARA,IFCO,6424,179.0,13
2023-10-25,quarta-feira,2,TREB. MINAS,HB,623,670.0,1
2023-10-25,quarta-feira,2,TREB. MINAS,IFCO,6416,510.0,36
2023-10-25,quarta-feira,2,TREB. MINAS,IFCO,6424,88.0,7
2023-10-25,quarta-feira,2,TREB. MINAS,IFCO,NAO_INFORMADO,9.0,1
2023-10-26,quinta-feira,3,PH CORUMBA (PF),IFCO,6416,250.0,2
2023-10-26,quinta-feira,3,PH CORUMBA (PF),IFCO,6424,2165.0,4
2023-10-26,quinta-feira,3,PH UBAJARA,HB,NAO_INFORMADO,1.0,1
2023-10-26,quinta-feira,3,PH UBAJARA,IFCO,6416,296.0,4
2023-10-26,quinta-feira,3,PH UBAJARA,IFCO,6424,17.0,2
2023-10-26,quinta-feira,3,TREB. MINAS,HB,623,405.0,1
2023-10-26,quinta-feira,3,TREB. MINAS,HB,NAO_INFORMADO,622.3333333333334,50
2023-10-26,quinta-feira,3,TREB. MINAS,IFCO,6416,628.3666666666667,26
2023-10-26,quinta-feira,3,TREB. MINAS,IFCO,6424,1.0,1
2023-10-26,quinta-feira,3,TREB. MINAS,IFCO,NAO_INFORMADO,4.0,1
2023-10-27,sexta-feira,4,PH UBAJARA,IFCO,6416,249.0,5
2023-10-27,sexta-feira,4,PH UBAJARA,IFCO,6424,53.0,1
2023-10-27,sexta-feira,4,TREB. MINAS,HB,623,630.0,1
2023-10-27,sexta-feira,4,TREB. MINAS,IFCO,6416,608.0,29
2023-10-27,sexta-feira,4,TREB. MINAS,IFCO,6424,482.0,4
2023-10-27,sexta-feira,4,TREB. MINAS,IFCO,NAO_INFORMADO,10.0,2
2023-10-28,sábado,5,PH CORUMBA (PF),HB,623,690.0,1
2023-10-28,sábado,5,PH CORUMBA (PF),IFCO,6416,1783.0,8
2023-10-28,sábado,5,PH CORUMBA (PF),IFCO,6424,480.0,1
2023-10-28,sábado,5,PH UBAJARA,IFCO,6416,210.66666666666666,27
2023-10-28,sábado,5,PH UBAJARA,IFCO,6424,40.0,2
2023-10-28,sábado,5,PH UBAJARA,IFCO,NAO_INFORMADO,0.0333333333333333,1
2023-10-28,sábado,5,TREB. MINAS,HB,NAO_INFORMADO,25.0,8
2023-10-28,sábado,5,TREB. MINAS,IFCO,6416,1448.0,68
2023-10-28,sábado,5,TREB. MINAS,IFCO,6424,382.0,5
2023-10-28,sábado,5,TREB. MINAS,IFCO,NAO_INFORMADO,3.0,1
2023-10-30,segunda-feira,0,PH CORUMBA (PF),HB,623,670.0,1
2023-10-30,segunda-feira,0,PH CORUMBA (PF),IFCO,6416,536.0,5
2023-10-30,segunda-feira,0,PH CORUMBA (PF),IFCO,6424,850.0,3
2023-10-30,segunda-feira,0,PH UBAJARA,HB,NAO_INFORMADO,1.0,1
2023-10-30,segunda-feira,0,PH UBAJARA,IFCO,6416,162.0,28
2023-10-30,segunda-feira,0,PH UBAJARA,IFCO,6424,175.0,14
2023-10-30,segunda-feira,0,TREB. MINAS,HB,623,503.0,2
2023-10-30,segunda-feira,0,TREB. MINAS,HB,NAO_INFORMADO,160.0,10
2023-10-30,segunda-feira,0,TREB. MINAS,IFCO,6416,344.0,13
2023-10-30,segunda-feira,0,TREB. MINAS,IFCO,6424,1.0,1
2023-10-30,segunda-feira,0,TREB. MINAS,IFCO,NAO_INFORMADO,9.0,1
2023-10-31,terça-feira,1,PH CORUMBA (PF),IFCO,6416,82.0,5
2023-10-31,terça-feira,1,PH CORUMBA (PF),IFCO,6424,1154.0,8
2023-10-31,terça-feira,1,PH UBAJARA,IFCO,6416,735.0,37
2023-10-31,terça-feira,1,PH UBAJARA,IFCO,6424,6.0,4
2023-10-31,terça-feira,1,TREB. MINAS,IFCO,6416,779.0,39
2023-10-31,terça-feira,1,TREB. MINAS,IFCO,6424,3.0,2
2023-10-31,terça-feira,1,TREB. MINAS,IFCO,NAO_INFORMADO,5.0,1
2023-11-01,quarta-feira,2,PH CORUMBA (PF),HB,623,670.0,1
2023-11-01,quarta-feira,2,PH CORUMBA (PF),IFCO,6416,59.0,1
2023-11-01,quarta-feira,2,PH CORUMBA (PF),IFCO,6424,480.0,1
2023-11-01,quarta-feira,2,PH UBAJARA,IFCO,6416,896.0833333333333,92
2023-11-01,quarta-feira,2,PH UBAJARA,IFCO,6424,117.0,17
2023-11-01,quarta-feira,2,TREB. MINAS,HB,NAO_INFORMADO,464.0,42
2023-11-01,quarta-feira,2,TREB. MINAS,IFCO,6416,353.0,36
2023-11-01,quarta-feira,2,TREB. MINAS,IFCO,6424,29.0,6
2023-11-02,quinta-feira,3,PH UBAJARA,IFCO,6416,132.0,5
2023-11-02,quinta-feira,3,PH UBAJARA,IFCO,6424,7.0,1
2023-11-03,sexta-feira,4,PH CORUMBA (PF),IFCO,6416,960.0,4
2023-11-03,sexta-feira,4,PH CORUMBA (PF),IFCO,6424,740.0,2
2023-11-03,sexta-feira,4,TREB. MINAS,IFCO,6416,644.0,53
2023-11-03,sexta-feira,4,TREB. MINAS,IFCO,6424,332.0,13
2023-11-03,sexta-feira,4,TREB. MINAS,IFCO,NAO_INFORMADO,8.0,2
2023-11-04,sábado,5,PH CORUMBA (PF),HB,623,1200.0,2
2023-11-04,sábado,5,PH CORUMBA (PF),IFCO,6416,669.0,4
2023-11-04,sábado,5,PH UBAJARA,IFCO,6416,607.0,57
2023-11-04,sábado,5,PH UBAJARA,IFCO,6424,172.0,23
2023-11-04,sábado,5,TREB. MINAS,HB,NAO_INFORMADO,179.0,13
2023-11-04,sábado,5,TREB. MINAS,IFCO,6416,924.0,58
2023-11-04,sábado,5,TREB. MINAS,IFCO,6424,498.0,4
2023-11-04,sábado,5,TREB. MINAS,IFCO,NAO_INFORMADO,2.0,1
2023-11-05,domingo,6,PH UBAJARA,IFCO,6424,120.0,1
2023-11-06,segunda-feira,0,F. TAQUARIVAI,IFCO,6424,640.0,1
2023-11-06,segunda-feira,0,PH CORUMBA (PF),IFCO,6416,640.0,4
2023-11-06,segunda-feira,0,PH UBAJARA,HB,NAO_INFORMADO,1.0,1
2023-11-06,segunda-feira,0,PH UBAJARA,IFCO,6416,339.0,58
2023-11-06,segunda-feira,0,PH UBAJARA,IFCO,6424,153.0,18
2023-11-06,segunda-feira,0,TREB. MINAS,HB,NAO_INFORMADO,19.0,12
2023-11-06,segunda-feira,0,TREB. MINAS,IFCO,6416,437.0,22
2023-11-06,segunda-feira,0,TREB. MINAS,IFCO,6424,41.0,5
2023-11-06,segunda-feira,0,TREB. MINAS,IFCO,NAO_INFORMADO,7.0,1
2023-11-07,terça-feira,1,F. TAQUARIVAI,IFCO,6424,400.0,1
2023-11-07,terça-feira,1,PH CORUMBA (PF),IFCO,6416,678.0,4
2023-11-07,terça-feira,1,PH UBAJARA,IFCO,6416,779.0,45
2023-11-07,terça-feira,1,PH UBAJARA,IFCO,6424,35.0,5
2023-11-07,terça-feira,1,PH UBAJARA,IFCO,NAO_INFORMADO,0.0,1
2023-11-07,terça-feira,1,TREB. MINAS,HB,NAO_INFORMADO,37.0,3
2023-11-07,terça-feira,1,TREB. MINAS,IFCO,6416,575.0,22
2023-11-07,terça-feira,1,TREB. MINAS,IFCO,6424,81.0,3
2023-11-08,quarta-feira,2,F. TAQUARIVAI,IFCO,6424,400.0,1
2023-11-08,quarta-feira,2,PH CORUMBA (PF),HB,623,670.0,1
2023-11-08,quarta-feira,2,PH CORUMBA (PF),IFCO,6416,584.0,8
2023-11-08,quarta-feira,2,PH CORUMBA (PF),IFCO,6424,39.0,5
2023-11-08,quarta-feira,2,PH UBAJARA,IFCO,6416,466.0,54
2023-11-08,quarta-feira,2,PH UBAJARA,IFCO,6424,114.0,16
2023-11-08,quarta-feira,2,PH UBAJARA,IFCO,NAO_INFORMADO,0.0,1
2023-11-08,quarta-feira,2,TREB. MINAS,HB,NAO_INFORMADO,195.0,16
2023-11-08,quarta-feira,2,TREB. MINAS,IFCO,6416,380.0,25
2023-11-08,quarta-feira,2,TREB. MINAS,IFCO,6424,2.0,2
2023-11-08,quarta-feira,2,TREB. MINAS,IFCO,NAO_INFORMADO,1.0,1
2023-11-09,quinta-feira,3,F. TAQUARIVAI,IFCO,6416,50.0,1
2023-11-09,quinta-feira,3,F. TAQUARIVAI,IFCO,6424,400.0,1
2023-11-09,quinta-feira,3,PH CASCAVEL,IFCO,6424,582.0,2
2023-11-09,quinta-feira,3,PH CORUMBA (PF),IFCO,6416,91.0,4
2023-11-09,quinta-feira,3,PH CORUMBA (PF),IFCO,6424,200.0,1
2023-11-09,quinta-feira,3,PH UBAJARA,IFCO,6416,40.0,6
2023-11-09,quinta-feira,3,PH UBAJARA,IFCO,6424,14.0,3
2023-11-09,quinta-feira,3,TREB. MINAS,HB,NAO_INFORMADO,129.0,15
2023-11-09,quinta-feira,3,TREB. MINAS,IFCO,6416,772.3125,43
2023-11-09,quinta-feira,3,TREB. MINAS,IFCO,6424,1.0,1
2023-11-10,sexta-feira,4,F. TAQUARIVAI,HB,623,300.0,1
2023-11-10,sexta-feira,4,F. TAQUARIVAI,IFCO,6416,50.0,1
2023-11-10,sexta-feira,4,F. TAQUARIVAI,IFCO,6424,400.0,1
2023-11-10,sexta-feira,4,PH CASCAVEL,IFCO,6424,635.0,2
2023-11-10,sexta-feira,4,PH CORUMBA (PF),IFCO,6416,865.0,3
2023-11-10,sexta-feira,4,PH CORUMBA (PF),IFCO,6424,120.0,1
2023-11-10,sexta-feira,4,PH UBAJARA,IFCO,6416,9.0,3
2023-11-10,sexta-feira,4,PH UBAJARA,IFCO,6424,20.0,2
2023-11-10,sexta-feira,4,TREB. MINAS,HB,NAO_INFORMADO,113.0,11
2023-11-10,sexta-feira,4,TREB. MINAS,IFCO,6416,468.0,25
2023-11-10,sexta-feira,4,TREB. MINAS,IFCO,6424,321.0,2
2023-11-10,sexta-feira,4,TREB. MINAS,IFCO,NAO_INFORMADO,1.0,1
2023-11-11,sábado,5,F. TAQUARIVAI,IFCO,6416,50.0,1
2023-11-11,sábado,5,F. TAQUARIVAI,IFCO,6424,640.0,2
2023-11-11,sábado,5,PH CORUMBA (PF),HB,623,593.0,1
2023-11-11,sábado,5,PH CORUMBA (PF),IFCO,6416,822.0,4
2023-11-11,sábado,5,PH CORUMBA (PF),IFCO,6424,640.0,2
2023-11-11,sábado,5,PH UBAJARA,IFCO,6416,296.0,22
2023-11-11,sábado,5,PH UBAJARA,IFCO,6424,35.0,2
2023-11-11,sábado,5,TREB. MINAS,HB,NAO_INFORMADO,465.0,11
2023-11-11,sábado,5,TREB. MINAS,IFCO,6416,910.0,63
2023-11-11,sábado,5,TREB. MINAS,IFCO,6424,98.0,7
2023-11-13,segunda-feira,0,F. TAQUARIVAI,IFCO,6416,100.0,1
2023-11-13,segunda-feira,0,F. TAQUARIVAI,IFCO,6424,560.0,1
2023-11-13,segunda-feira,0,PH CASCAVEL,IFCO,6424,640.0,2
2023-11-13,segunda-feira,0,PH CORUMBA (PF),HB,623,690.0,1
2023-11-13,segunda-feira,0,PH UBAJARA,IFCO,6416,244.0,27
2023-11-13,segunda-feira,0,PH UBAJARA,IFCO,6424,139.0,14
2023-11-13,segunda-feira,0,TREB. MINAS,IFCO,6416,322.0,14
2023-11-13,segunda-feira,0,TREB. MINAS,IFCO,NAO_INFORMADO,5.0,1
2023-11-14,terça-feira,1,F. TAQUARIVAI,HB,623,670.0,2
2023-11-14,terça-feira,1,F. TAQUARIVAI,IFCO,6416,100.0,1
2023-11-14,terça-feira,1,F. TAQUARIVAI,IFCO,6424,1600.0,3
2023-11-14,terça-feira,1,PH CORUMBA (PF),HB,623,670.0,1
2023-11-14,terça-feira,1,PH CORUMBA (PF),IFCO,6416,525.0,4
2023-11-14,terça-feira,1,PH UBAJARA,IFCO,6416,550.0,51
2023-11-14,terça-feira,1,PH UBAJARA,IFCO,6424,172.0,16
2023-11-14,terça-feira,1,TREB. MINAS,HB,NAO_INFORMADO,440.0,33
2023-11-14,terça-feira,1,TREB. MINAS,IFCO,6416,913.0,47
2023-11-14,terça-feira,1,TREB. MINAS,IFCO,6424,116.0,7
2023-11-15,quarta-feira,2,F. TAQUARIVAI,IFCO,6416,50.0,1
2023-11-15,quarta-feira,2,F. TAQUARIVAI,IFCO,6424,360.0,1
2023-11-15,quarta-feira,2,PH UBAJARA,IFCO,6416,946.0,80
2023-11-15,quarta-feira,2,PH UBAJARA,IFCO,6424,108.0,13
2023-11-15,quarta-feira,2,PH UBAJARA,IFCO,NAO_INFORMADO,7.0,1
2023-11-16,quinta-feira,3,F. TAQUARIVAI,IFCO,6416,100.0,1
2023-11-16,quinta-feira,3,F. TAQUARIVAI,IFCO,6424,560.0,1
2023-11-16,quinta-feira,3,PH CORUMBA (PF),IFCO,6416,131.0,7
2023-11-16,quinta-feira,3,PH CORUMBA (PF),IFCO,6424,23.0,4
2023-11-16,quinta-feira,3,PH UBAJARA,IFCO,6416,19.0,3
2023-11-16,quinta-feira,3,PH UBAJARA,IFCO,6424,1.0,2
2023-11-16,quinta-feira,3,TREB. MINAS,HB,NAO_INFORMADO,247.0,14
2023-11-16,quinta-feira,3,TREB. MINAS,IFCO,6416,559.0,38
2023-11-16,quinta-feira,3,TREB. MINAS,IFCO,6424,408.0,4
2023-11-16,quinta-feira,3,TREB. MINAS,IFCO,NAO_INFORMADO,1.0,1
2023-11-17,sexta-feira,4,F. TAQUARIVAI,IFCO,6424,640.0,1
2023-11-17,sexta-feira,4,PH CORUMBA (PF),IFCO,6424,860.0,3
2023-11-17,sexta-feira,4,PH UBAJARA,IFCO,6416,199.0,11
2023-11-17,sexta-feira,4,TREB. MINAS,HB,NAO_INFORMADO,169.0,11
2023-11-17,sexta-feira,4,TREB. MINAS,IFCO,6416,400.0,26
2023-11-18,sábado,5,F. TAQUARIVAI,HB,623,540.0,1
2023-11-18,sábado,5,F. TAQUARIVAI,IFCO,6416,100.0,1
2023-11-18,sábado,5,F. TAQUARIVAI,IFCO,6424,1080.0,3
2023-11-18,sábado,5,PH UBAJARA,IFCO,6416,257.0,19
2023-11-18,sábado,5,PH UBAJARA,IFCO,6424,40.0,17
2023-11-18,sábado,5,TREB. MINAS,HB,NAO_INFORMADO,250.0,1
2023-11-18,sábado,5,TREB. MINAS,IFCO,6416,882.0,39
2023-11-18,sábado,5,TREB. MINAS,IFCO,6424,81.0,3
2023-11-20,segunda-feira,0,F. TAQUARIVAI,HB,623,670.0,1
2023-11-20,segunda-feira,0,F. TAQUARIVAI,IFCO,6424,400.0,2
2023-11-20,segunda-feira,0,PH CASCAVEL,IFCO,6424,640.0,2
2023-11-20,segunda-feira,0,PH CORUMBA (PF),IFCO,6416,752.0,4
2023-11-20,segunda-feira,0,PH UBAJARA,IFCO,6416,512.0,39
2023-11-20,segunda-feira,0,PH UBAJARA,IFCO,6424,97.0,7
2023-11-20,segunda-feira,0,TREB. MINAS,IFCO,6416,998.05,29
2023-11-20,segunda-feira,0,TREB. MINAS,IFCO,6424,6.0,1
2023-11-21,terça-feira,1,F. TAQUARIVAI,IFCO,6416,150.0,1
2023-11-21,terça-feira,1,F. TAQUARIVAI,IFCO,6424,1040.0,3
2023-11-21,terça-feira,1,PH CASCAVEL,IFCO,6424,720.0,1
2023-11-21,terça-feira,1,PH CORUMBA (PF),IFCO,6416,729.0,10
2023-11-21,terça-feira,1,PH UBAJARA,IFCO,6416,501.0,45
2023-11-21,terça-feira,1,PH UBAJARA,IFCO,6424,50.0,11
2023-11-21,terça-feira,1,TREB. MINAS,HB,NAO_INFORMADO,138.0,13
2023-11-21,terça-feira,1,TREB. MINAS,IFCO,6416,880.05,48
2023-11-21,terça-feira,1,TREB. MINAS,IFCO,6424,3.0,2
2023-11-22,quarta-feira,2,F. TAQUARIVAI,HB,623,1340.0,2
2023-11-22,quarta-feira,2,F. TAQUARIVAI,IFCO,6416,637.0,5
2023-11-22,quarta-feira,2,F. TAQUARIVAI,IFCO,6424,440.0,2
2023-11-22,quarta-feira,2,PH CORUMBA (PF),IFCO,6416,32.0,5
2023-11-22,quarta-feira,2,PH CORUMBA (PF),IFCO,6424,262.0,6
2023-11-22,quarta-feira,2,PH UBAJARA,IFCO,6416,650.0,43
2023-11-22,quarta-feira,2,PH UBAJARA,IFCO,6424,96.0,3
2023-11-22,quarta-feira,2,TREB. MINAS,IFCO,6416,516.0,40
2023-11-22,quarta-feira,2,TREB. MINAS,IFCO,6424,18.0,5
2023-11-23,quinta-feira,3,F. TAQUARIVAI,HB,623,670.0,2
2023-11-23,quinta-feira,3,F. TAQUARIVAI,IFCO,6416,100.0,1
2023-11-23,quinta-feira,3,F. TAQUARIVAI,IFCO,6424,640.0,2
2023-11-23,quinta-feira,3,PH CORUMBA (PF),IFCO,6424,563.0,1
2023-11-23,quinta-feira,3,PH UBAJARA,IFCO,6416,1101.0,44
2023-11-23,quinta-feira,3,PH UBAJARA,IFCO,6424,189.0,18
2023-11-23,quinta-feira,3,TREB. MINAS,HB,NAO_INFORMADO,272.0,25
2023-11-23,quinta-feira,3,TREB. MINAS,IFCO,6416,572.05,41
2023-11-23,quinta-feira,3,TREB. MINAS,IFCO,6424,2.0,2
2023-11-24,sexta-feira,4,F. TAQUARIVAI,IFCO,6416,937.0,5
2023-11-24,sexta-feira,4,F. TAQUARIVAI,IFCO,6424,1360.0,3
2023-11-24,sexta-feira,4,PH CASCAVEL,IFCO,6424,640.0,1
2023-11-24,sexta-feira,4,PH CORUMBA (PF),IFCO,6416,130.0,5
2023-11-24,sexta-feira,4,TREB. MINAS,HB,NAO_INFORMADO,163.0,16
2023-11-24,sexta-feira,4,TREB. MINAS,IFCO,6416,479.0,27
2023-11-24,sexta-feira,4,TREB. MINAS,IFCO,6424,1040.0,1
2023-11-24,sexta-feira,4,TREB. MINAS,IFCO,NAO_INFORMADO,14.0,2
2023-11-25,sábado,5,F. TAQUARIVAI,HB,623,2010.0,3
2023-11-25,sábado,5,F. TAQUARIVAI,IFCO,6416,739.0,6
2023-11-25,sábado,5,F. TAQUARIVAI,IFCO,6424,160.0,1
2023-11-25,sábado,5,PH CASCAVEL,IFCO,6424,640.0,2
2023-11-25,sábado,5,PH UBAJARA,IFCO,6416,154.0,22
2023-11-25,sábado,5,PH UBAJARA,IFCO,6424,19.0,5
2023-11-25,sábado,5,TREB. MINAS,HB,NAO_INFORMADO,29.28571428571428,7
2023-11-25,sábado,5,TREB. MINAS,IFCO,6416,794.5555555555555,75
2023-11-25,sábado,5,TREB. MINAS,IFCO,6424,140.0,16
2023-11-25,sábado,5,TREB. MINAS,IFCO,NAO_INFORMADO,3.0,1
2023-11-27,segunda-feira,0,F. TAQUARIVAI,HB,623,2030.0,5
2023-11-27,segunda-feira,0,F. TAQUARIVAI,IFCO,6416,681.0,6
2023-11-27,segunda-feira,0,F. TAQUARIVAI,IFCO,6424,440.0,2
2023-11-27,segunda-feira,0,PH CASCAVEL,IFCO,6424,800.0,1
2023-11-27,segunda-feira,0,PH UBAJARA,IFCO,6416,1089.0,37
2023-11-27,segunda-feira,0,PH UBAJARA,IFCO,6424,202.0,18
2023-11-27,segunda-feira,0,TREB. MINAS,IFCO,6416,334.05,31
2023-11-27,segunda-feira,0,TREB. MINAS,IFCO,6424,13.0,2
2023-11-27,segunda-feira,0,TREB. MINAS,IFCO,NAO_INFORMADO,6.0,1
2023-11-28,terça-feira,1,F. TAQUARIVAI,IFCO,6416,789.0,6
2023-11-28,terça-feira,1,F. TAQUARIVAI,IFCO,6424,1155.0,4
2023-11-28,terça-feira,1,PH UBAJARA,IFCO,6416,633.0,23
2023-11-28,terça-feira,1,PH UBAJARA,IFCO,6424,24.0,1
2023-11-28,terça-feira,1,TREB. MINAS,HB,NAO_INFORMADO,224.0,19
2023-11-28,terça-feira,1,TREB. MINAS,IFCO,6416,473.0,24
2023-11-28,terça-feira,1,TREB. MINAS,IFCO,6424,81.0,3
2023-11-28,terça-feira,1,TREB. MINAS,IFCO,NAO_INFORMADO,3.0,1
2023-11-29,quarta-feira,2,F. TAQUARIVAI,HB,623,440.0,4
2023-11-29,quarta-feira,2,F. TAQUARIVAI,IFCO,6416,737.0,6
2023-11-29,quarta-feira,2,F. TAQUARIVAI,IFCO,6424,440.0,2
2023-11-29,quarta-feira,2,PH UBAJARA,IFCO,6416,927.0,68
2023-11-29,quarta-feira,2,PH UBAJARA,IFCO,6424,135.0,6
2023-11-29,quarta-feira,2,PH UBAJARA,IFCO,NAO_INFORMADO,5.0,1
2023-11-29,quarta-feira,2,TREB. MINAS,IFCO,6416,511.0,36
2023-11-29,quarta-feira,2,TREB. MINAS,IFCO,6424,36.0,6
2023-11-29,quarta-feira,2,TREB. MINAS,IFCO,NAO_INFORMADO,3.0,1
2023-11-30,quinta-feira,3,F. TAQUARIVAI,HB,623,1160.0,3
2023-11-30,quinta-feira,3,F. TAQUARIVAI,IFCO,6416,100.0,1
2023-11-30,quinta-feira,3,F. TAQUARIVAI,IFCO,6424,1000.0,3
2023-11-30,quinta-feira,3,PH CORUMBA (PF),IFCO,6416,86.0,5
2023-11-30,quinta-feira,3,PH CORUMBA (PF),IFCO,6424,35.0,4
2023-11-30,quinta-feira,3,PH UBAJARA,IFCO,6416,120.0,30
2023-11-30,quinta-feira,3,PH UBAJARA,IFCO,6424,17.0,3
2023-11-30,quinta-feira,3,TREB. MINAS,HB,NAO_INFORMADO,397.0,34
2023-11-30,quinta-feira,3,TREB. MINAS,IFCO,6416,888.0999999999999,61
2023-11-30,quinta-feira,3,TREB. MINAS,IFCO,6424,58.0,11
2023-11-30,quinta-feira,3,TREB. MINAS,IFCO,NAO_INFORMADO,2.0,1
2023-12-01,sexta-feira,4,F. TAQUARIVAI,IFCO,6416,1023.0,5
2023-12-01,sexta-feira,4,F. TAQUARIVAI,IFCO,6424,440.0,2
2023-12-01,sexta-feira,4,PH CASCAVEL,IFCO,6424,538.0,1
2023-12-01,sexta-feira,4,PH CORUMBA (PF),IFCO,6416,80.0,3
2023-12-01,sexta-feira,4,PH CORUMBA (PF),IFCO,6424,386.0,2
2023-12-01,sexta-feira,4,PH UBAJARA,IFCO,6416,1.0,1
2023-12-01,sexta-feira,4,TREB. MINAS,IFCO,6416,447.0,29
2023-12-01,sexta-feira,4,TREB. MINAS,IFCO,6424,1.0,1
2023-12-01,sexta-feira,4,TREB. MINAS,IFCO,NAO_INFORMADO,2.0,1
2023-12-02,sábado,5,F. TAQUARIVAI,HB,623,670.0,1
2023-12-02,sábado,5,F. TAQUARIVAI,IFCO,6416,441.0,4
2023-12-02,sábado,5,F. TAQUARIVAI,IFCO,6424,280.0,1
2023-12-02,sábado,5,PH CASCAVEL,IFCO,6424,3040.0,4
2023-12-02,sábado,5,TREB. MINAS,IFCO,6416,1060.0,47
2023-12-02,sábado,5,TREB. MINAS,IFCO,6424,80.0,2
2023-12-02,sábado,5,TREB. MINAS,IFCO,NAO_INFORMADO,1.0,1
2023-12-04,segunda-feira,0,F. TAQUARIVAI,HB,623,1458.0,7
2023-12-04,segunda-feira,0,F. TAQUARIVAI,IFCO,6416,723.0,6
2023-12-04,segunda-feira,0,F. TAQUARIVAI,IFCO,6424,400.0,2
2023-12-04,segunda-feira,0,PH UBAJARA,IFCO,6416,582.3,38
2023-12-04,segunda-feira,0,PH UBAJARA,IFCO,6424,49.0,7
2023-12-04,segunda-feira,0,TREB. MINAS,HB,NAO_INFORMADO,100.0,10
2023-12-04,segunda-feira,0,TREB. MINAS,IFCO,6416,302.0,27
2023-12-04,segunda-feira,0,TREB. MINAS,IFCO,6424,62.0,9
2023-12-05,terça-feira,1,F. TAQUARIVAI,HB,623,670.0,2
2023-12-05,terça-feira,1,F. TAQUARIVAI,IFCO,6416,731.0,7
2023-12-05,terça-feira,1,F. TAQUARIVAI,IFCO,6424,1600.0,5
2023-12-05,terça-feira,1,PH CASCAVEL,IFCO,6424,640.0,2
2023-12-05,terça-feira,1,PH CORUMBA (PF),IFCO,6424,100.0,2
2023-12-05,terça-feira,1,PH UBAJARA,IFCO,6416,924.0,92
2023-12-05,terça-feira,1,PH UBAJARA,IFCO,6424,119.0,21
2023-12-05,terça-feira,1,PH UBAJARA,IFCO,NAO_INFORMADO,11.0,1
2023-12-05,terça-feira,1,TREB. MINAS,HB,NAO_INFORMADO,53.0,6
2023-12-05,terça-feira,1,TREB. MINAS,IFCO,6416,837.0,28
2023-12-05,terça-feira,1,TREB. MINAS,IFCO,6424,81.0,3
2023-12-05,terça-feira,1,TREB. MINAS,IFCO,NAO_INFORMADO,3.0,1
2023-12-06,quarta-feira,2,F. TAQUARIVAI,HB,623,540.0,1
2023-12-06,quarta-feira,2,F. TAQUARIVAI,IFCO,6416,1059.0,6
2023-12-06,quarta-feira,2,F. TAQUARIVAI,IFCO,6424,440.0,2
2023-12-06,quarta-feira,2,PH CASCAVEL,IFCO,6424,640.0,1
2023-12-06,quarta-feira,2,PH CORUMBA (PF),HB,623,658.0,1
2023-12-06,quarta-feira,2,PH CORUMBA (PF),IFCO,6416,179.0,7
2023-12-06,quarta-feira,2,PH CORUMBA (PF),IFCO,6424,37.0,4
2023-12-06,quarta-feira,2,PH UBAJARA,IFCO,6416,575.0,44
2023-12-06,quarta-feira,2,PH UBAJARA,IFCO,6424,202.0,22
2023-12-06,quarta-feira,2,TREB. MINAS,HB,NAO_INFORMADO,512.0,39
2023-12-06,quarta-feira,2,TREB. MINAS,IFCO,6416,882.0,53
2023-12-06,quarta-feira,2,TREB. MINAS,IFCO,6424,14.0,4
2023-12-07,quinta-feira,3,F. TAQUARIVAI,HB,623,727.0,4
2023-12-07,quinta-feira,3,F. TAQUARIVAI,IFCO,6416,500.0,2
2023-12-07,quinta-feira,3,F. TAQUARIVAI,IFCO,6424,1560.0,3
2023-12-07,quinta-feira,3,PH UBAJARA,IFCO,6416,48.0,16
2023-12-07,quinta-feira,3,PH UBAJARA,IFCO,6424,4.0,1
2023-12-07,quinta-feira,3,TREB. MINAS,HB,NAO_INFORMADO,366.0,21
2023-12-07,quinta-feira,3,TREB. MINAS,IFCO,6416,1093.0,45
2023-12-07,quinta-feira,3,TREB. MINAS,IFCO,6424,1.0,1
2023-12-08,sexta-feira,4,F. TAQUARIVAI,HB,623,240.0,2
2023-12-08,sexta-feira,4,F. TAQUARIVAI,IFCO,6416,1367.0,7
2023-12-08,sexta-feira,4,F. TAQUARIVAI,IFCO,6424,1080.0,3
2023-12-08,sexta-feira,4,PH CASCAVEL,IFCO,6424,1266.0,2
2023-12-08,sexta-feira,4,PH UBAJARA,IFCO,6416,27.0,1
2023-12-08,sexta-feira,4,TREB. MINAS,IFCO,6416,1135.0,46
2023-12-08,sexta-feira,4,TREB. MINAS,IFCO,6424,9.0,2
2023-12-08,sexta-feira,4,TREB. MINAS,IFCO,NAO_INFORMADO,7.0,1
2023-12-09,sábado,5,F. TAQUARIVAI,HB,623,800.0,1
2023-12-09,sábado,5,F. TAQUARIVAI,IFCO,6416,461.0,4
2023-12-09,sábado,5,F. TAQUARIVAI,IFCO,6424,432.0,2
2023-12-09,sábado,5,PH CASCAVEL,IFCO,6424,2275.0,3
2023-12-09,sábado,5,PH CORUMBA (PF),HB,623,484.0,1
2023-12-09,sábado,5,PH CORUMBA (PF),IFCO,6424,120.0,2
2023-12-09,sábado,5,PH UBAJARA,IFCO,6416,223.0,25
2023-12-09,sábado,5,PH UBAJARA,IFCO,6424,164.0,9
2023-12-09,sábado,5,TREB. MINAS,HB,NAO_INFORMADO,260.0,22
2023-12-09,sábado,5,TREB. MINAS,IFCO,6416,1377.0,59
2023-12-09,sábado,5,TREB. MINAS,IFCO,6424,162.0,4
2023-12-09,sábado,5,TREB. MINAS,IFCO,NAO_INFORMADO,2.0,1
2023-12-11,segunda-feira,0,F. TAQUARIVAI,HB,623,600.0,4
2023-12-11,segunda-feira,0,F. TAQUARIVAI,IFCO,6416,1092.0,7
2023-12-11,segunda-feira,0,F. TAQUARIVAI,IFCO,6424,640.0,3
2023-12-11,segunda-feira,0,PH UBAJARA,IFCO,6416,71.0,8
2023-12-11,segunda-feira,0,PH UBAJARA,IFCO,6424,85.0,21
2023-12-11,segunda-feira,0,TREB. MINAS,HB,NAO_INFORMADO,14.0,8
2023-12-11,segunda-feira,0,TREB. MINAS,IFCO,6416,644.0,51
2023-12-11,segunda-feira,0,TREB. MINAS,IFCO,6424,138.0,21
2023-12-11,segunda-feira,0,TREB. MINAS,IFCO,NAO_INFORMADO,8.0,1
2023-12-12,terça-feira,1,F. TAQUARIVAI,HB,623,670.0,1
2023-12-12,terça-feira,1,F. TAQUARIVAI,IFCO,6416,904.0,8
2023-12-12,terça-feira,1,F. TAQUARIVAI,IFCO,6424,860.0,4
2023-12-12,terça-feira,1,PH CASCAVEL,IFCO,6424,640.0,1
2023-12-12,terça-feira,1,PH CORUMBA (PF),IFCO,6424,140.0,2
2023-12-12,terça-feira,1,PH UBAJARA,IFCO,6416,670.0,55
2023-12-12,terça-feira,1,PH UBAJARA,IFCO,6424,306.0,18
2023-12-12,terça-feira,1,TREB. MINAS,HB,NAO_INFORMADO,59.0,6
2023-12-12,terça-feira,1,TREB. MINAS,IFCO,6416,576.0,32
2023-12-12,terça-feira,1,TREB. MINAS,IFCO,6424,160.0,2
2023-12-12,terça-feira,1,TREB. MINAS,IFCO,NAO_INFORMADO,4.0,1
2023-12-13,quarta-feira,2,F. TAQUARIVAI,IFCO,6416,742.0,6
2023-12-13,quarta-feira,2,F. TAQUARIVAI,IFCO,6424,687.0,3
2023-12-13,quarta-feira,2,PH CASCAVEL,IFCO,6424,1746.0,2
2023-12-13,quarta-feira,2,PH CORUMBA (PF),IFCO,6416,244.0,7
2023-12-13,quarta-feira,2,PH CORUMBA (PF),IFCO,6424,42.0,4
2023-12-13,quarta-feira,2,PH UBAJARA,IFCO,6416,981.0,73
2023-12-13,quarta-feira,2,PH UBAJARA,IFCO,6424,163.0,10
2023-12-13,quarta-feira,2,PH UBAJARA,IFCO,NAO_INFORMADO,8.0,1
2023-12-13,quarta-feira,2,TREB. MINAS,HB,NAO_INFORMADO,43.0,6
2023-12-13,quarta-feira,2,TREB. MINAS,IFCO,6416,798.0,51
2023-12-13,quarta-feira,2,TREB. MINAS,IFCO,6424,9.0,2
2023-12-13,quarta-feira,2,TREB. MINAS,IFCO,NAO_INFORMADO,9.0,1
2023-12-14,quinta-feira,3,F. TAQUARIVAI,IFCO,6424,475.0,5
2023-12-14,quinta-feira,3,PH CASCAVEL,IFCO,6424,3360.0,5
2023-12-14,quinta-feira,3,PH UBAJARA,IFCO,6416,307.0,49
2023-12-14,quinta-feira,3,PH UBAJARA,IFCO,6424,68.0,6
2023-12-14,quinta-feira,3,TREB. MINAS,HB,NAO_INFORMADO,686.0,47
2023-12-14,quinta-feira,3,TREB. MINAS,IFCO,6416,911.0,32
2023-12-14,quinta-feira,3,TREB. MINAS,IFCO,6424,1.0,1
2023-12-14,quinta-feira,3,TREB. MINAS,IFCO,NAO_INFORMADO,6.0,1
2023-12-15,sexta-feira,4,F. TAQUARIVAI,IFCO,6416,875.0,4
2023-12-15,sexta-feira,4,F. TAQUARIVAI,IFCO,6424,600.0,5
2023-12-15,sexta-feira,4,PH CASCAVEL,IFCO,6424,640.0,1
2023-12-15,sexta-feira,4,PH UBAJARA,IFCO,6416,375.0,11
2023-12-15,sexta-feira,4,PH UBAJARA,IFCO,6424,240.0,3
2023-12-15,sexta-feira,4,TREB. MINAS,IFCO,6416,632.0,33
2023-12-15,sexta-feira,4,TREB. MINAS,IFCO,6424,7.0,2
2023-12-15,sexta-feira,4,TREB. MINAS,IFCO,NAO_INFORMADO,1.0,1
2023-12-16,sábado,5,F. TAQUARIVAI,HB,623,600.0,2
2023-12-16,sábado,5,F. TAQUARIVAI,IFCO,6416,469.0,6
2023-12-16,sábado,5,F. TAQUARIVAI,IFCO,6424,226.0,1
2023-12-16,sábado,5,PH CASCAVEL,IFCO,6424,585.0,1
2023-12-16,sábado,5,PH CORUMBA (PF),IFCO,6424,31.0,1
2023-12-16,sábado,5,TREB. MINAS,HB,NAO_INFORMADO,211.0,10
2023-12-16,sábado,5,TREB. MINAS,IFCO,6416,1734.0,73
2023-12-16,sábado,5,TREB. MINAS,IFCO,6424,467.0,10
2023-12-16,sábado,5,TREB. MINAS,IFCO,NAO_INFORMADO,1.0,1
2023-12-18,segunda-feira,0,F. TAQUARIVAI,HB,623,1073.0,4
2023-12-18,segunda-feira,0,F. TAQUARIVAI,IFCO,6416,539.0,6
2023-12-18,segunda-feira,0,PH CASCAVEL,IFCO,6424,635.0,1
2023-12-18,segunda-feira,0,PH UBAJARA,IFCO,6416,2078.0,83
2023-12-18,segunda-feira,0,PH UBAJARA,IFCO,6424,303.0,32
2023-12-18,segunda-feira,0,TREB. MINAS,HB,NAO_INFORMADO,236.0,16
2023-12-18,segunda-feira,0,TREB. MINAS,IFCO,6416,447.0,39
2023-12-18,segunda-feira,0,TREB. MINAS,IFCO,6424,170.0,10
2023-12-18,segunda-feira,0,TREB. MINAS,IFCO,NAO_INFORMADO,1.0,1
2023-12-19,terça-feira,1,F. TAQUARIVAI,HB,623,680.0,1
2023-12-19,terça-feira,1,F. TAQUARIVAI,IFCO,6416,537.0,5
2023-12-19,terça-feira,1,F. TAQUARIVAI,IFCO,6424,986.0,5
2023-12-19,terça-feira,1,PH CASCAVEL,IFCO,6424,640.0,1
2023-12-19,terça-feira,1,PH UBAJARA,IFCO,6416,1302.0,48
2023-12-19,terça-feira,1,PH UBAJARA,IFCO,6424,630.0,18
2023-12-19,terça-feira,1,TREB. MINAS,HB,NAO_INFORMADO,564.0,21
2023-12-19,terça-feira,1,TREB. MINAS,IFCO,6416,1497.0,27
2023-12-19,terça-feira,1,TREB. MINAS,IFCO,6424,358.0,5
2023-12-19,terça-feira,1,TREB. MINAS,IFCO,NAO_INFORMADO,4.0,1
2023-12-20,quarta-feira,2,F. TAQUARIVAI,IFCO,6416,779.0,7
2023-12-20,quarta-feira,2,F. TAQUARIVAI,IFCO,6424,240.0,1
2023-12-20,quarta-feira,2,PH CORUMBA (PF),HB,623,631.0,1
2023-12-20,quarta-feira,2,PH CORUMBA (PF),IFCO,6416,297.0,7
2023-12-20,quarta-feira,2,PH UBAJARA,IFCO,6416,574.0,32
2023-12-20,quarta-feira,2,PH UBAJARA,IFCO,6424,110.0,8
2023-12-20,quarta-feira,2,PH UBAJARA,IFCO,NAO_INFORMADO,8.0,1
2023-12-20,quarta-feira,2,TREB. MINAS,HB,NAO_INFORMADO,522.0,27
2023-12-20,quarta-feira,2,TREB. MINAS,IFCO,6416,1604.0,60
2023-12-20,quarta-feira,2,TREB. MINAS,IFCO,6424,219.0,5
2023-12-21,quinta-feira,3,F. TAQUARIVAI,IFCO,6424,800.0,4
2023-12-21,quinta-feira,3,PH CASCAVEL,IFCO,6424,2072.0,3
2023-12-21,quinta-feira,3,PH CORUMBA (PF),IFCO,6416,128.0,1
2023-12-21,quinta-feira,3,PH CORUMBA (PF),IFCO,6424,614.0,6
2023-12-21,quinta-feira,3,PH UBAJARA,IFCO,6416,148.0,24
2023-12-21,quinta-feira,3,PH UBAJARA,IFCO,6424,29.0,2
2023-12-21,quinta-feira,3,TREB. MINAS,HB,NAO_INFORMADO,124.39999999999999,10
2023-12-21,quinta-feira,3,TREB. MINAS,IFCO,6416,1705.0,52
2023-12-21,quinta-feira,3,TREB. MINAS,IFCO,6424,54.0,8
2023-12-21,quinta-feira,3,TREB. MINAS,IFCO,NAO_INFORMADO,4.0,1
2023-12-22,sexta-feira,4,F. TAQUARIVAI,IFCO,6416,637.0,6
2023-12-22,sexta-feira,4,PH UBAJARA,IFCO,6416,339.0,20
2023-12-22,sexta-feira,4,PH UBAJARA,IFCO,6424,57.0,7
2023-12-22,sexta-feira,4,TREB. MINAS,HB,NAO_INFORMADO,242.0,18
2023-12-22,sexta-feira,4,TREB. MINAS,IFCO,6416,653.0,25
2023-12-22,sexta-feira,4,TREB. MINAS,IFCO,6424,1.0,1
2023-12-22,sexta-feira,4,TREB. MINAS,IFCO,NAO_INFORMADO,10.0,2
2023-12-23,sábado,5,PH CASCAVEL,IFCO,6424,800.0,2
2023-12-23,sábado,5,TREB. MINAS,IFCO,6416,502.0,18
2023-12-23,sábado,5,TREB. MINAS,IFCO,6424,312.0,9
2023-12-23,sábado,5,TREB. MINAS,IFCO,NAO_INFORMADO,3.0,1
2023-12-26,terça-feira,1,F. TAQUARIVAI,HB,623,1091.0,2
2023-12-26,terça-feira,1,F. TAQUARIVAI,IFCO,6416,519.0,5
2023-12-26,terça-feira,1,F. TAQUARIVAI,IFCO,6424,637.0,4
2023-12-26,terça-feira,1,PH CASCAVEL,IFCO,6424,800.0,1
2023-12-26,terça-feira,1,PH UBAJARA,IFCO,6416,2087.0,69
2023-12-26,terça-feira,1,PH UBAJARA,IFCO,6424,397.0,28
2023-12-26,terça-feira,1,TREB. MINAS,HB,NAO_INFORMADO,75.0,6
2023-12-26,terça-feira,1,TREB. MINAS,IFCO,6416,535.0,31
2023-12-26,terça-feira,1,TREB. MINAS,IFCO,6424,14.0,6
2023-12-27,quarta-feira,2,F. TAQUARIVAI,HB,623,680.0,1
2023-12-27,quarta-feira,2,F. TAQUARIVAI,IFCO,6416,521.0,4
2023-12-27,quarta-feira,2,F. TAQUARIVAI,IFCO,6424,732.0,2
2023-12-27,quarta-feira,2,PH CORUMBA (PF),IFCO,6416,194.0,7
2023-12-27,quarta-feira,2,PH UBAJARA,IFCO,6416,535.0,77
2023-12-27,quarta-feira,2,PH UBAJARA,IFCO,6424,35.0,5
2023-12-27,quarta-feira,2,TREB. MINAS,HB,NAO_INFORMADO,373.0,33
2023-12-27,quarta-feira,2,TREB. MINAS,IFCO,6416,1436.0,81
2023-12-27,quarta-feira,2,TREB. MINAS,IFCO,6424,98.0,10
2023-12-27,quarta-feira,2,TREB. MINAS,IFCO,NAO_INFORMADO,5.0,1
2023-12-28,quinta-feira,3,F. TAQUARIVAI,HB,623,110.0,1
2023-12-28,quinta-feira,3,F. TAQUARIVAI,IFCO,6424,40.0,1
2023-12-28,quinta-feira,3,PH CASCAVEL,IFCO,6424,2480.0,4
2023-12-28,quinta-feira,3,PH CORUMBA (PF),IFCO,6416,64.0,1
2023-12-28,quinta-feira,3,PH CORUMBA (PF),IFCO,6424,130.0,5
2023-12-28,quinta-feira,3,PH UBAJARA,IFCO,6416,55.0,8
2023-12-28,quinta-feira,3,PH UBAJARA,IFCO,6424,40.0,3
2023-12-28,quinta-feira,3,TREB. MINAS,HB,NAO_INFORMADO,769.0,29
2023-12-28,quinta-feira,3,TREB. MINAS,IFCO,6416,1389.0,31
2023-12-28,quinta-feira,3,TREB. MINAS,IFCO,6424,4.0,2
2023-12-28,quinta-feira,3,TREB. MINAS,IFCO,NAO_INFORMADO,12.0,1
2023-12-29,sexta-feira,4,F. TAQUARIVAI,IFCO,6416,845.0,7
2023-12-29,sexta-feira,4,F. TAQUARIVAI,IFCO,6424,555.0,1
2023-12-29,sexta-feira,4,PH CASCAVEL,IFCO,6424,800.0,1
2023-12-29,sexta-feira,4,TREB. MINAS,IFCO,6416,855.0,37
2023-12-29,sexta-feira,4,TREB. MINAS,IFCO,6424,26.0,6
2023-12-29,sexta-feira,4,TREB. MINAS,IFCO,NAO_INFORMADO,7.0,2
2023-12-30,sábado,5,PH CASCAVEL,IFCO,6424,1760.0,2
2023-12-30,sábado,5,PH UBAJARA,IFCO,6416,461.0,45
2023-12-30,sábado,5,PH UBAJARA,IFCO,6424,280.0,17
2023-12-30,sábado,5,TREB. MINAS,IFCO,6416,229.0,11
2023-12-30,sábado,5,TREB. MINAS,IFCO,6424,1.0,1
2023-12-30,sábado,5,TREB. MINAS,IFCO,NAO_INFORMADO,1.0,1
2024-01-02,terça-feira,1,F. TAQUARIVAI,HB,623,80.0,2
2024-01-02,terça-feira,1,F. TAQUARIVAI,IFCO,6416,664.0,5
2024-01-02,terça-feira,1,F. TAQUARIVAI,IFCO,6424,560.0,4
2024-01-02,terça-feira,1,PH CASCAVEL,IFCO,6424,1440.0,3
2024-01-02,terça-feira,1,PH SUL (PF),IFCO,6416,96.0,3
2024-01-02,terça-feira,1,PH UBAJARA,IFCO,6416,333.0,21
2024-01-02,terça-feira,1,PH UBAJARA,IFCO,6424,1.0,1
2024-01-02,terça-feira,1,TREB. MINAS,HB,NAO_INFORMADO,112.0,7
2024-01-02,terça-feira,1,TREB. MINAS,IFCO,6416,434.0,23
2024-01-02,terça-feira,1,TREB. MINAS,IFCO,6424,1.0,1
2024-01-02,terça-feira,1,TREB. MINAS,IFCO,NAO_INFORMADO,15.0,1
2024-01-03,quarta-feira,2,F. TAQUARIVAI,IFCO,6416,542.0,5
2024-01-03,quarta-feira,2,PH CASCAVEL,IFCO,6424,1760.0,3
2024-01-03,quarta-feira,2,PH CORUMBA (PF),IFCO,6416,10.0,2
2024-01-03,quarta-feira,2,PH CORUMBA (PF),IFCO,6424,1.0,1
2024-01-03,quarta-feira,2,PH UBAJARA,IFCO,6416,512.0,50
2024-01-03,quarta-feira,2,PH UBAJARA,IFCO,6424,55.0,5
2024-01-03,quarta-feira,2,TREB. MINAS,HB,NAO_INFORMADO,272.0,27
2024-01-03,quarta-feira,2,TREB. MINAS,IFCO,6416,787.05,54
2024-01-03,quarta-feira,2,TREB. MINAS,IFCO,6424,282.0,5
2024-01-03,quarta-feira,2,TREB. MINAS,IFCO,NAO_INFORMADO,6.0,1
2024-01-04,quinta-feira,3,PH CORUMBA (PF),IFCO,6416,184.0,3
2024-01-04,quinta-feira,3,PH CORUMBA (PF),IFCO,6424,54.0,4
2024-01-04,quinta-feira,3,PH UBAJARA,IFCO,6416,224.0,39
2024-01-04,quinta-feira,3,PH UBAJARA,IFCO,6424,22.0,5
2024-01-04,quinta-feira,3,TREB. MINAS,HB,NAO_INFORMADO,691.0,57
2024-01-04,quinta-feira,3,TREB. MINAS,IFCO,6416,1089.0,53
2024-01-04,quinta-feira,3,TREB. MINAS,IFCO,6424,20.0,7
2024-01-04,quinta-feira,3,TREB. MINAS,IFCO,NAO_INFORMADO,14.0,1
2024-01-04,quinta-feira,3,TREBESCHI DF,IFCO,6424,44.0,4
2024-01-05,sexta-feira,4,F. TAQUARIVAI,IFCO,6416,809.0,6
2024-01-05,sexta-feira,4,F. TAQUARIVAI,IFCO,6424,640.0,4
2024-01-05,sexta-feira,4,PH UBAJARA,IFCO,6416,677.0,17
2024-01-05,sexta-feira,4,PH UBAJARA,IFCO,6424,167.0,14
2024-01-05,sexta-feira,4,PH UBAJARA,IFCO,NAO_INFORMADO,9.0,1
2024-01-05,sexta-feira,4,TREB. MINAS,IFCO,6416,507.0,24
2024-01-05,sexta-feira,4,TREB. MINAS,IFCO,6424,2.0,2
2024-01-05,sexta-feira,4,TREB. MINAS,IFCO,NAO_INFORMADO,5.0,1
2024-01-06,sábado,5,F. TAQUARIVAI,IFCO,6416,368.0,5
2024-01-06,sábado,5,PH CASCAVEL,IFCO,6424,1280.0,2
2024-01-06,sábado,5,PH CORUMBA (PF),IFCO,6416,140.0,2
2024-01-06,sábado,5,PH UBAJARA,IFCO,6416,1010.0,49
2024-01-06,sábado,5,PH UBAJARA,IFCO,6424,227.0,17
2024-01-06,sábado,5,TREB. MINAS,HB,NAO_INFORMADO,260.0,5
2024-01-06,sábado,5,TREB. MINAS,IFCO,6416,1644.0,57
2024-01-06,sábado,5,TREB. MINAS,IFCO,6424,121.0,3
2024-01-06,sábado,5,TREB. MINAS,IFCO,NAO_INFORMADO,2.0,1
2024-01-08,segunda-feira,0,F. TAQUARIVAI,IFCO,6416,610.0,5
2024-01-08,segunda-feira,0,PH CASCAVEL,IFCO,6424,800.0,2
2024-01-08,segunda-feira,0,PH UBAJARA,IFCO,6416,118.0,17
2024-01-08,segunda-feira,0,PH UBAJARA,IFCO,6424,7.0,4
2024-01-08,segunda-feira,0,TREB. MINAS,HB,NAO_INFORMADO,284.0,6
2024-01-08,segunda-feira,0,TREB. MINAS,IFCO,6416,1033.0,47
2024-01-08,segunda-feira,0,TREB. MINAS,IFCO,6424,31.0,6
2024-01-08,segunda-feira,0,TREB. MINAS,IFCO,NAO_INFORMADO,15.0,1
2024-01-08,segunda-feira,0,TREBESCHI DF,IFCO,6424,20.0,6
2024-01-09,terça-feira,1,F. TAQUARIVAI,IFCO,6416,577.0,6
2024-01-09,terça-feira,1,F. TAQUARIVAI,IFCO,6424,631.0,4
2024-01-09,terça-feira,1,PH CASCAVEL,IFCO,6424,800.0,2
2024-01-09,terça-feira,1,PH UBAJARA,IFCO,6416,852.0,68
2024-01-09,terça-feira,1,PH UBAJARA,IFCO,6424,135.0,12
2024-01-09,terça-feira,1,TREB. MINAS,IFCO,6416,879.0,32
2024-01-09,terça-feira,1,TREB. MINAS,IFCO,6424,337.0,9
2024-01-09,terça-feira,1,TREB. MINAS,IFCO,NAO_INFORMADO,5.0,1
2024-01-09,terça-feira,1,TREBESCHI DF,IFCO,6424,41.0,3
2024-01-10,quarta-feira,2,F. TAQUARIVAI,IFCO,6416,494.0,7
2024-01-10,quarta-feira,2,PH CASCAVEL,IFCO,6424,800.0,1
2024-01-10,quarta-feira,2,PH CORUMBA (PF),IFCO,6416,214.0,8
2024-01-10,quarta-feira,2,PH CORUMBA (PF),IFCO,6424,48.0,5
2024-01-10,quarta-feira,2,PH UBAJARA,IFCO,6416,360.0,38
2024-01-10,quarta-feira,2,PH UBAJARA,IFCO,6424,115.0,5
2024-01-10,quarta-feira,2,TREB. MINAS,HB,NAO_INFORMADO,16.0,6
2024-01-10,quarta-feira,2,TREB. MINAS,IFCO,6416,971.0,80
2024-01-10,quarta-feira,2,TREB. MINAS,IFCO,6424,46.0,9
2024-01-10,quarta-feira,2,TREB. MINAS,IFCO,NAO_INFORMADO,15.0,1
2024-01-10,quarta-feira,2,TREBESCHI DF,IFCO,6424,1.0,1
2024-01-11,quinta-feira,3,PH CASCAVEL,IFCO,6424,1030.0,3
2024-01-11,quinta-feira,3,PH CORUMBA (PF),IFCO,6416,2.0,2
2024-01-11,quinta-feira,3,PH UBAJARA,IFCO,6416,4.0,1
2024-01-11,quinta-feira,3,PH UBAJARA,IFCO,6424,0.0,1
2024-01-11,quinta-feira,3,TREB. MINAS,HB,NAO_INFORMADO,461.0,32
2024-01-11,quinta-feira,3,TREB. MINAS,IFCO,6416,638.0,34
2024-01-11,quinta-feira,3,TREB. MINAS,IFCO,6424,1.0,1
2024-01-11,quinta-feira,3,TREBESCHI DF,IFCO,6424,59.0,5
2024-01-12,sexta-feira,4,F. TAQUARIVAI,IFCO,6416,842.0,4
2024-01-12,sexta-feira,4,PH CORUMBA (PF),IFCO,6416,120.0,1
2024-01-12,sexta-feira,4,PH SUL (PF),HB,623,756.0,1
2024-01-12,sexta-feira,4,PH SUL (PF),IFCO,6416,115.0,7
2024-01-12,sexta-feira,4,PH SUL (PF),IFCO,6424,320.0,1
2024-01-12,sexta-feira,4,TREB. MINAS,HB,NAO_INFORMADO,554.0,27
2024-01-12,sexta-feira,4,TREB. MINAS,IFCO,6416,664.0,32
2024-01-12,sexta-feira,4,TREB. MINAS,IFCO,6424,11.0,2
2024-01-13,sábado,5,F. TAQUARIVAI,IFCO,6416,450.0,5
2024-01-13,sábado,5,PH SUL (PF),HB,623,680.0,1
2024-01-13,sábado,5,PH SUL (PF),IFCO,6416,53.0,3
2024-01-13,sábado,5,PH SUL (PF),IFCO,6424,640.0,1
2024-01-13,sábado,5,PH SUL (PF),IFCO,NAO_INFORMADO,3.0,1
2024-01-13,sábado,5,PH UBAJARA,IFCO,6416,566.0,54
2024-01-13,sábado,5,PH UBAJARA,IFCO,6424,335.0,30
2024-01-13,sábado,5,PH UBAJARA,IFCO,NAO_INFORMADO,9.0,1
2024-01-13,sábado,5,TREB. MINAS,HB,NAO_INFORMADO,87.0,6
2024-01-13,sábado,5,TREB. MINAS,IFCO,6416,984.0,51
2024-01-13,sábado,5,TREB. MINAS,IFCO,6424,123.0,4
2024-01-15,segunda-feira,0,F. TAQUARIVAI,IFCO,6416,520.0,5
2024-01-15,segunda-feira,0,PH CASCAVEL,IFCO,6424,1040.0,2
2024-01-15,segunda-feira,0,PH SUL (PF),HB,623,664.0,1
2024-01-15,segunda-feira,0,PH SUL (PF),IFCO,6416,146.0,4
2024-01-15,segunda-feira,0,PH SUL (PF),IFCO,6424,240.0,1
2024-01-15,segunda-feira,0,PH SUL (PF),IFCO,NAO_INFORMADO,13.0,1
2024-01-15,segunda-feira,0,PH UBAJARA,IFCO,6416,141.0,23
2024-01-15,segunda-feira,0,PH UBAJARA,IFCO,6424,34.0,5
2024-01-15,segunda-feira,0,TREB. MINAS,HB,NAO_INFORMADO,362.0,2
2024-01-15,segunda-feira,0,TREB. MINAS,IFCO,6416,512.0,34
2024-01-15,segunda-feira,0,TREB. MINAS,IFCO,6424,38.0,5
2024-01-16,terça-feira,1,PH CASCAVEL,IFCO,6424,630.0,2
2024-01-16,terça-feira,1,PH SUL (PF),HB,623,670.0,1
2024-01-16,terça-feira,1,PH SUL (PF),IFCO,6416,710.0,8
2024-01-16,terça-feira,1,PH SUL (PF),IFCO,6424,640.0,1
2024-01-16,terça-feira,1,PH SUL (PF),IFCO,NAO_INFORMADO,3.0,1
2024-01-16,terça-feira,1,PH UBAJARA,IFCO,6416,848.0,62
2024-01-16,terça-feira,1,PH UBAJARA,IFCO,6424,102.0,12
2024-01-16,terça-feira,1,TREB. MINAS,HB,NAO_INFORMADO,78.0,5
2024-01-16,terça-feira,1,TREB. MINAS,IFCO,6416,679.0,27
2024-01-16,terça-feira,1,TREB. MINAS,IFCO,6424,100.0,7
2024-01-16,terça-feira,1,TREBESCHI DF,IFCO,6424,22.0,5
2024-01-17,quarta-feira,2,PH CORUMBA (PF),IFCO,6416,133.0,5
2024-01-17,quarta-feira,2,PH CORUMBA (PF),IFCO,6424,50.0,5
2024-01-17,quarta-feira,2,PH SUL (PF),HB,623,690.0,1
2024-01-17,quarta-feira,2,PH SUL (PF),IFCO,6416,547.0,7
2024-01-17,quarta-feira,2,PH SUL (PF),IFCO,6424,80.0,1
2024-01-17,quarta-feira,2,PH SUL (PF),IFCO,NAO_INFORMADO,3.0,1
2024-01-17,quarta-feira,2,PH UBAJARA,IFCO,6416,281.0,14
2024-01-17,quarta-feira,2,PH UBAJARA,IFCO,6424,55.0,3
2024-01-17,quarta-feira,2,TREB. MINAS,HB,NAO_INFORMADO,628.0,32
2024-01-17,quarta-feira,2,TREB. MINAS,IFCO,6416,771.0,48
2024-01-17,quarta-feira,2,TREB. MINAS,IFCO,6424,59.0,8
2024-01-17,quarta-feira,2,TREBESCHI DF,IFCO,6424,13.0,1
2024-01-18,quinta-feira,3,F. TAQUARIVAI,IFCO,6424,240.0,1
2024-01-18,quinta-feira,3,PH SUL (PF),IFCO,6424,640.0,1
2024-01-18,quinta-feira,3,TREB. MINAS,HB,NAO_INFORMADO,54.0,9
2024-01-18,quinta-feira,3,TREB. MINAS,IFCO,6416,814.0,34
2024-01-18,quinta-feira,3,TREB. MINAS,IFCO,6424,3.0,1
2024-01-18,quinta-feira,3,TREB. MINAS,IFCO,NAO_INFORMADO,5.0,1
2024-01-19,sexta-feira,4,PH CASCAVEL,IFCO,6424,887.0,2
2024-01-19,sexta-feira,4,PH CORUMBA (PF),IFCO,6416,120.0,1
2024-01-19,sexta-feira,4,PH SUL (PF),HB,623,1090.0,3
2024-01-19,sexta-feira,4,PH SUL (PF),IFCO,6416,997.0,9
2024-01-19,sexta-feira,4,TREB. MINAS,HB,NAO_INFORMADO,225.0,8
2024-01-19,sexta-feira,4,TREB. MINAS,IFCO,6416,404.0,20
2024-01-19,sexta-feira,4,TREB. MINAS,IFCO,6424,2.0,1
2024-01-19,sexta-feira,4,TREB. MINAS,IFCO,NAO_INFORMADO,1.0,1
2024-01-20,sábado,5,PH CASCAVEL,IFCO,6424,1120.0,4
2024-01-20,sábado,5,PH SUL (PF),HB,623,1305.0,2
2024-01-20,sábado,5,PH SUL (PF),IFCO,6416,493.0,6
2024-01-20,sábado,5,PH SUL (PF),IFCO,NAO_INFORMADO,1.0,1
2024-01-20,sábado,5,PH UBAJARA,IFCO,6416,530.0,52
2024-01-20,sábado,5,PH UBAJARA,IFCO,6424,110.0,16
2024-01-20,sábado,5,TREB. MINAS,HB,NAO_INFORMADO,737.0,26
2024-01-20,sábado,5,TREB. MINAS,IFCO,6416,1802.111111111111,104
2024-01-20,sábado,5,TREB. MINAS,IFCO,6424,247.0,23
2024-01-22,segunda-feira,0,PH CASCAVEL,IFCO,6424,13.0,1
2024-01-22,segunda-feira,0,PH SUL (PF),HB,623,670.0,1
2024-01-22,segunda-feira,0,PH SUL (PF),IFCO,6416,597.0,7
2024-01-22,segunda-feira,0,PH UBAJARA,IFCO,6416,107.0,14
2024-01-22,segunda-feira,0,PH UBAJARA,IFCO,6424,90.0,14
2024-01-22,segunda-feira,0,TREB. MINAS,IFCO,6416,385.0,16
2024-01-22,segunda-feira,0,TREB. MINAS,IFCO,6424,34.0,5
2024-01-23,terça-feira,1,PH SUL (PF),HB,623,670.0,1
2024-01-23,terça-feira,1,PH SUL (PF),IFCO,6416,490.0,6
2024-01-23,terça-feira,1,PH SUL (PF),IFCO,NAO_INFORMADO,3.0,1
2024-01-23,terça-feira,1,PH UBAJARA,IFCO,6416,857.0,49
2024-01-23,terça-feira,1,PH UBAJARA,IFCO,6424,100.0,9
2024-01-23,terça-feira,1,TREB. MINAS,HB,NAO_INFORMADO,462.0,27
2024-01-23,terça-feira,1,TREB. MINAS,IFCO,6416,494.0,22
2024-01-23,terça-feira,1,TREB. MINAS,IFCO,6424,1.0,1
2024-01-24,quarta-feira,2,PH CORUMBA (PF),IFCO,6416,43.0,5
2024-01-24,quarta-feira,2,PH CORUMBA (PF),IFCO,6424,33.0,5
2024-01-24,quarta-feira,2,PH SUL (PF),HB,623,1420.0,4
2024-01-24,quarta-feira,2,PH SUL (PF),IFCO,6416,684.0,7
2024-01-24,quarta-feira,2,PH SUL (PF),IFCO,6424,640.0,1
2024-01-24,quarta-feira,2,PH SUL (PF),IFCO,NAO_INFORMADO,12.0,1
2024-01-24,quarta-feira,2,PH UBAJARA,IFCO,6416,408.0,20
2024-01-24,quarta-feira,2,PH UBAJARA,IFCO,6424,93.0,9
2024-01-24,quarta-feira,2,TREB. MINAS,HB,NAO_INFORMADO,652.0,36
2024-01-24,quarta-feira,2,TREB. MINAS,IFCO,6416,370.0,39
2024-01-24,quarta-feira,2,TREB. MINAS,IFCO,6424,4.0,3
2024-01-25,quinta-feira,3,PH CASCAVEL,IFCO,6424,1440.0,3
2024-01-25,quinta-feira,3,PH CORUMBA (PF),IFCO,6416,90.0,3
2024-01-25,quinta-feira,3,PH SUL (PF),IFCO,6416,66.0,3
2024-01-25,quinta-feira,3,PH SUL (PF),IFCO,6424,640.0,1
2024-01-25,quinta-feira,3,PH SUL (PF),IFCO,NAO_INFORMADO,3.0,1
2024-01-25,quinta-feira,3,PH UBAJARA,IFCO,6416,129.0,23
2024-01-25,quinta-feira,3,PH UBAJARA,IFCO,6424,599.0,6
2024-01-25,quinta-feira,3,TREB. MINAS,HB,NAO_INFORMADO,176.0,16
2024-01-25,quinta-feira,3,TREB. MINAS,IFCO,6416,1766.0,50
2024-01-25,quinta-feira,3,TREB. MINAS,IFCO,6424,1.0,1
2024-01-26,sexta-feira,4,PH CASCAVEL,IFCO,6424,920.0,1
2024-01-26,sexta-feira,4,PH SUL (PF),HB,623,1250.0,1
2024-01-26,sexta-feira,4,PH SUL (PF),IFCO,6416,855.0,8
2024-01-26,sexta-feira,4,PH SUL (PF),IFCO,6424,640.0,1
2024-01-26,sexta-feira,4,PH SUL (PF),IFCO,NAO_INFORMADO,2.0,1
2024-01-26,sexta-feira,4,PH UBAJARA,IFCO,6416,223.0,14
2024-01-26,sexta-feira,4,PH UBAJARA,IFCO,6424,75.0,4
2024-01-26,sexta-feira,4,TREB. MINAS,HB,NAO_INFORMADO,401.66666666666697,17
2024-01-26,sexta-feira,4,TREB. MINAS,IFCO,6416,427.0,20
2024-01-26,sexta-feira,4,TREB. MINAS,IFCO,6424,2.0,2
2024-01-27,sábado,5,PH CORUMBA (PF),IFCO,6416,120.0,3
2024-01-27,sábado,5,PH SUL (PF),HB,623,670.0,1
2024-01-27,sábado,5,PH SUL (PF),IFCO,6416,554.0,7
2024-01-27,sábado,5,PH SUL (PF),IFCO,6424,880.0,2
2024-01-27,sábado,5,PH SUL (PF),IFCO,NAO_INFORMADO,1.0,1
2024-01-27,sábado,5,PH UBAJARA,IFCO,6416,568.0,49
2024-01-27,sábado,5,PH UBAJARA,IFCO,6424,349.0,20
2024-01-27,sábado,5,TREB. MINAS,HB,NAO_INFORMADO,330.0,6
2024-01-27,sábado,5,TREB. MINAS,IFCO,6416,1854.0,67
2024-01-27,sábado,5,TREB. MINAS,IFCO,6424,522.0,4
2024-01-29,segunda-feira,0,PH SUL (PF),HB,623,1320.0,2
2024-01-29,segunda-feira,0,PH SUL (PF),IFCO,6416,506.0,7
2024-01-29,segunda-feira,0,PH SUL (PF),IFCO,6424,1120.0,1
2024-01-29,segunda-feira,0,PH SUL (PF),IFCO,NAO_INFORMADO,5.0,1
2024-01-29,segunda-feira,0,TREB. MINAS,IFCO,6416,280.0,22
2024-01-29,segunda-feira,0,TREB. MINAS,IFCO,6424,13.0,5
2024-01-30,terça-feira,1,PH CASCAVEL,IFCO,6424,1000.0,2
2024-01-30,terça-feira,1,PH SUL (PF),HB,623,1260.0,1
2024-01-30,terça-feira,1,PH SUL (PF),IFCO,6416,587.0,6
2024-01-30,terça-feira,1,PH SUL (PF),IFCO,NAO_INFORMADO,2.0,1
2024-01-30,terça-feira,1,PH UBAJARA,IFCO,6416,1344.0,84
2024-01-30,terça-feira,1,PH UBAJARA,IFCO,6424,290.0,19
2024-01-30,terça-feira,1,TREB. MINAS,HB,NAO_INFORMADO,828.0,44
2024-01-30,terça-feira,1,TREB. MINAS,IFCO,6416,748.55,24
2024-01-30,terça-feira,1,TREB. MINAS,IFCO,6424,161.0,3
2024-01-31,quarta-feira,2,PH CORUMBA (PF),IFCO,6416,60.0,3
2024-01-31,quarta-feira,2,PH CORUMBA (PF),IFCO,6424,53.0,5
2024-01-31,quarta-feira,2,PH SUL (PF),HB,623,670.0,1
2024-01-31,quarta-feira,2,PH SUL (PF),IFCO,6416,650.0,8
2024-01-31,quarta-feira,2,PH SUL (PF),IFCO,6424,240.0,1
2024-01-31,quarta-feira,2,PH SUL (PF),IFCO,NAO_INFORMADO,3.0,1
2024-01-31,quarta-feira,2,PH UBAJARA,IFCO,6416,468.0,31
2024-01-31,quarta-feira,2,PH UBAJARA,IFCO,6424,263.0,17
2024-01-31,quarta-feira,2,TREB. MINAS,HB,NAO_INFORMADO,614.0,29
2024-01-31,quarta-feira,2,TREB. MINAS,IFCO,6416,750.0,30
2024-01-31,quarta-feira,2,TREB. MINAS,IFCO,6424,9.0,2
2024-01-31,quarta-feira,2,TREBESCHI DF,IFCO,6424,12.0,1
2024-02-01,quinta-feira,3,PH CASCAVEL,IFCO,6424,1756.0,3
2024-02-01,quinta-feira,3,PH CORUMBA (PF),IFCO,6416,70.0,2
2024-02-01,quinta-feira,3,PH SUL (PF),HB,623,670.0,1
2024-02-01,quinta-feira,3,PH SUL (PF),IFCO,6416,108.0,3
2024-02-01,quinta-feira,3,PH SUL (PF),IFCO,6424,480.0,2
2024-02-01,quinta-feira,3,PH SUL (PF),IFCO,NAO_INFORMADO,4.0,1
2024-02-01,quinta-feira,3,PH UBAJARA,IFCO,6416,107.0,27
2024-02-01,quinta-feira,3,PH UBAJARA,IFCO,6424,5.0,3
2024-02-01,quinta-feira,3,TREB. MINAS,HB,NAO_INFORMADO,161.0,13
2024-02-01,quinta-feira,3,TREB. MINAS,IFCO,6416,876.7619047619048,37
2024-02-01,quinta-feira,3,TREB. MINAS,IFCO,6424,3.0,2
2024-02-02,sexta-feira,4,PH CASCAVEL,IFCO,6424,501.0,2
2024-02-02,sexta-feira,4,PH SUL (PF),HB,623,1300.0,2
2024-02-02,sexta-feira,4,PH SUL (PF),IFCO,6416,1060.0,8
2024-02-02,sexta-feira,4,PH SUL (PF),IFCO,6424,240.0,1
2024-02-02,sexta-feira,4,PH SUL (PF),IFCO,NAO_INFORMADO,2.0,1
2024-02-02,sexta-feira,4,PH UBAJARA,IFCO,6416,593.0,19
2024-02-02,sexta-feira,4,PH UBAJARA,IFCO,6424,62.0,6
2024-02-02,sexta-feira,4,TREB. MINAS,IFCO,6416,309.0,15
2024-02-02,sexta-feira,4,TREB. MINAS,IFCO,6424,1.0,1
2024-02-03,sábado,5,PH CASCAVEL,IFCO,6424,640.0,2
2024-02-03,sábado,5,PH SUL (PF),HB,623,634.0,2
2024-02-03,sábado,5,PH SUL (PF),IFCO,6416,547.0,8
2024-02-03,sábado,5,PH SUL (PF),IFCO,6424,880.0,2
2024-02-03,sábado,5,PH SUL (PF),IFCO,NAO_INFORMADO,1.0,1
2024-02-03,sábado,5,PH UBAJARA,IFCO,6416,476.0,46
2024-02-03,sábado,5,PH UBAJARA,IFCO,6424,14.0,7
2024-02-03,sábado,5,TREB. MINAS,HB,NAO_INFORMADO,508.0,12
2024-02-03,sábado,5,TREB. MINAS,IFCO,6416,1047.0,41
2024-02-03,sábado,5,TREB. MINAS,IFCO,6424,82.0,3
2024-02-04,domingo,6,PH SUL (PF),IFCO,6416,48.0,3
2024-02-04,domingo,6,PH SUL (PF),IFCO,NAO_INFORMADO,3.0,1
2024-02-05,segunda-feira,0,PH SUL (PF),HB,623,1340.0,2
2024-02-05,segunda-feira,0,PH SUL (PF),IFCO,6416,524.0,8
2024-02-05,segunda-feira,0,PH SUL (PF),IFCO,6424,1120.0,3
2024-02-05,segunda-feira,0,PH SUL (PF),IFCO,NAO_INFORMADO,8.0,1
2024-02-05,segunda-feira,0,PH UBAJARA,IFCO,6416,102.0,5
2024-02-05,segunda-feira,0,PH UBAJARA,IFCO,6424,223.0,7
2024-02-05,segunda-feira,0,TREB. MINAS,HB,NAO_INFORMADO,685.0,5
2024-02-05,segunda-feira,0,TREB. MINAS,IFCO,6416,590.0,36
2024-02-05,segunda-feira,0,TREB. MINAS,IFCO,6424,107.0,10
2024-02-06,terça-feira,1,PH CASCAVEL,IFCO,6424,628.0,1
2024-02-06,terça-feira,1,PH SUL (PF),HB,623,670.0,1
2024-02-06,terça-feira,1,PH SUL (PF),IFCO,6416,713.0,9
2024-02-06,terça-feira,1,PH SUL (PF),IFCO,6424,960.0,2
2024-02-06,terça-feira,1,PH SUL (PF),IFCO,NAO_INFORMADO,3.0,1
2024-02-06,terça-feira,1,PH UBAJARA,HB,NAO_INFORMADO,1.0,1
2024-02-06,terça-feira,1,PH UBAJARA,IFCO,6416,843.0,47
2024-02-06,terça-feira,1,PH UBAJARA,IFCO,6424,115.0,16
2024-02-06,terça-feira,1,TREB. MINAS,HB,NAO_INFORMADO,855.0,4
2024-02-06,terça-feira,1,TREB. MINAS,IFCO,6416,700.0,27
2024-02-06,terça-feira,1,TREB. MINAS,IFCO,6424,42.0,2
2024-02-07,quarta-feira,2,PH CORUMBA (PF),IFCO,6416,62.0,3
2024-02-07,quarta-feira,2,PH CORUMBA (PF),IFCO,6424,53.0,5
2024-02-07,quarta-feira,2,PH SUL (PF),HB,623,1340.0,4
2024-02-07,quarta-feira,2,PH SUL (PF),IFCO,6416,621.0,12
2024-02-07,quarta-feira,2,PH SUL (PF),IFCO,6424,1835.0,4
2024-02-07,quarta-feira,2,PH SUL (PF),IFCO,NAO_INFORMADO,4.0,1
2024-02-07,quarta-feira,2,PH UBAJARA,IFCO,6416,466.0,46
2024-02-07,quarta-feira,2,PH UBAJARA,IFCO,6424,302.0,17
2024-02-07,quarta-feira,2,TREB. MINAS,HB,NAO_INFORMADO,200.0,1
2024-02-07,quarta-feira,2,TREB. MINAS,IFCO,6416,659.0,39
2024-02-07,quarta-feira,2,TREB. MINAS,IFCO,6424,172.0,19
2024-02-08,quinta-feira,3,PH SUL (PF),IFCO,6416,61.0,4
2024-02-08,quinta-feira,3,PH SUL (PF),IFCO,6424,1480.0,3
2024-02-08,quinta-feira,3,PH SUL (PF),IFCO,NAO_INFORMADO,4.0,1
2024-02-08,quinta-feira,3,PH UBAJARA,IFCO,6416,163.0,3
2024-02-08,quinta-feira,3,PH UBAJARA,IFCO,6424,54.0,3
2024-02-08,quinta-feira,3,TREB. MINAS,HB,NAO_INFORMADO,611.0,35
2024-02-08,quinta-feira,3,TREB. MINAS,IFCO,6416,1037.0,55
2024-02-08,quinta-feira,3,TREB. MINAS,IFCO,6424,4.0,2
2024-02-09,sexta-feira,4,PH CORUMBA (PF),IFCO,6416,150.0,3
2024-02-09,sexta-feira,4,PH CORUMBA (PF),IFCO,6424,50.0,1
2024-02-09,sexta-feira,4,PH SUL (PF),HB,623,1250.0,1
2024-02-09,sexta-feira,4,PH SUL (PF),IFCO,6416,845.0,10
2024-02-09,sexta-feira,4,PH SUL (PF),IFCO,6424,1760.0,2
2024-02-09,sexta-feira,4,PH SUL (PF),IFCO,NAO_INFORMADO,1.0,1
2024-02-09,sexta-feira,4,PH UBAJARA,IFCO,6416,312.0,15
2024-02-09,sexta-feira,4,PH UBAJARA,IFCO,6424,69.0,2
2024-02-09,sexta-feira,4,TREB. MINAS,IFCO,6416,676.0,21
2024-02-09,sexta-feira,4,TREB. MINAS,IFCO,6424,363.0,3
2024-02-10,sábado,5,PH CASCAVEL,IFCO,6424,342.0,1
2024-02-10,sábado,5,PH SUL (PF),HB,623,3270.0,5
2024-02-10,sábado,5,PH SUL (PF),IFCO,6416,199.0,6
2024-02-10,sábado,5,PH SUL (PF),IFCO,6424,2281.0,6
2024-02-10,sábado,5,PH UBAJARA,IFCO,6416,33.0,1
2024-02-10,sábado,5,TREB. MINAS,HB,NAO_INFORMADO,1048.0,48
2024-02-10,sábado,5,TREB. MINAS,IFCO,6416,1845.0,58
2024-02-10,sábado,5,TREB. MINAS,IFCO,6424,81.0,3
2024-02-12,segunda-feira,0,PH SUL (PF),HB,623,670.0,1
2024-02-12,segunda-feira,0,PH SUL (PF),IFCO,6416,18.0,3
2024-02-12,segunda-feira,0,PH SUL (PF),IFCO,6424,1563.0,7
2024-02-12,segunda-feira,0,PH UBAJARA,IFCO,6416,156.0,28
2024-02-12,segunda-feira,0,PH UBAJARA,IFCO,6424,65.0,10
2024-02-12,segunda-feira,0,TREB. MINAS,HB,NAO_INFORMADO,217.0,21
2024-02-12,segunda-feira,0,TREB. MINAS,IFCO,6416,465.0,32
2024-02-12,segunda-feira,0,TREB. MINAS,IFCO,6424,68.0,9
2024-02-13,terça-feira,1,PH CASCAVEL,IFCO,6424,720.0,1
2024-02-13,terça-feira,1,PH SUL (PF),HB,623,1935.0,2
2024-02-13,terça-feira,1,PH SUL (PF),IFCO,6416,856.0,6
2024-02-13,terça-feira,1,PH SUL (PF),IFCO,6424,2241.0,6
2024-02-13,terça-feira,1,PH UBAJARA,IFCO,6416,548.0,43
2024-02-13,terça-feira,1,PH UBAJARA,IFCO,6424,53.0,4
2024-02-13,terça-feira,1,TREB. MINAS,HB,NAO_INFORMADO,157.0,6
2024-02-13,terça-feira,1,TREB. MINAS,IFCO,6416,1093.555555555556,22
2024-02-13,terça-feira,1,TREB. MINAS,IFCO,6424,80.0,2
2024-02-14,quarta-feira,2,PH CORUMBA (PF),IFCO,6416,143.0,7
2024-02-14,quarta-feira,2,PH CORUMBA (PF),IFCO,6424,43.0,5
2024-02-14,quarta-feira,2,PH SUL (PF),HB,623,1340.0,4
2024-02-14,quarta-feira,2,PH SUL (PF),IFCO,6416,801.0,10
2024-02-14,quarta-feira,2,PH SUL (PF),IFCO,6424,640.0,1
2024-02-14,quarta-feira,2,PH SUL (PF),IFCO,NAO_INFORMADO,8.0,1
2024-02-14,quarta-feira,2,PH UBAJARA,IFCO,6416,444.0,32
2024-02-14,quarta-feira,2,PH UBAJARA,IFCO,6424,161.0,4
2024-02-14,quarta-feira,2,TREB. CEAGESP,HB,623,42.0,3
2024-02-14,quarta-feira,2,TREB. MINAS,HB,NAO_INFORMADO,1370.0,23
2024-02-14,quarta-feira,2,TREB. MINAS,IFCO,6416,855.0,47
2024-02-14,quarta-feira,2,TREB. MINAS,IFCO,6424,15.0,6
2024-02-15,quinta-feira,3,PH SUL (PF),HB,623,1260.0,1
2024-02-15,quinta-feira,3,PH SUL (PF),IFCO,6416,179.0,6
2024-02-15,quinta-feira,3,PH SUL (PF),IFCO,6424,2400.0,7
2024-02-15,quinta-feira,3,PH UBAJARA,IFCO,6416,743.0,21
2024-02-15,quinta-feira,3,PH UBAJARA,IFCO,6424,247.0,15
2024-02-15,quinta-feira,3,TREB. MINAS,HB,NAO_INFORMADO,1546.0,39
2024-02-15,quinta-feira,3,TREB. MINAS,IFCO,6416,428.0,37
2024-02-15,quinta-feira,3,TREB. MINAS,IFCO,6424,3.0,2
2024-02-16,sexta-feira,4,PH SUL (PF),IFCO,6416,1004.0,8
2024-02-16,sexta-feira,4,PH SUL (PF),IFCO,6424,6341.0,9
2024-02-16,sexta-feira,4,PH UBAJARA,IFCO,6416,536.0,27
2024-02-16,sexta-feira,4,PH UBAJARA,IFCO,6424,81.0,8
2024-02-16,sexta-feira,4,TREB. CEAGESP,HB,623,92.0,3
2024-02-16,sexta-feira,4,TREB. MINAS,IFCO,6416,526.0,19
2024-02-17,sábado,5,PH SUL (PF),HB,623,1930.0,3
2024-02-17,sábado,5,PH SUL (PF),IFCO,6416,584.0,7
2024-02-17,sábado,5,PH SUL (PF),IFCO,6424,2199.0,7
2024-02-17,sábado,5,PH SUL (PF),IFCO,NAO_INFORMADO,1.0,1
2024-02-17,sábado,5,PH UBAJARA,IFCO,6416,471.0,54
2024-02-17,sábado,5,PH UBAJARA,IFCO,6424,237.0,20
2024-02-17,sábado,5,TREB. MINAS,HB,NAO_INFORMADO,120.0,8
2024-02-17,sábado,5,TREB. MINAS,IFCO,6416,1958.0,62
2024-02-17,sábado,5,TREB. MINAS,IFCO,6424,101.0,4
2024-02-19,segunda-feira,0,PH SUL (PF),HB,623,1340.0,3
2024-02-19,segunda-feira,0,PH SUL (PF),IFCO,6416,674.0,9
2024-02-19,segunda-feira,0,PH SUL (PF),IFCO,6424,640.0,1
2024-02-19,segunda-feira,0,PH SUL (PF),IFCO,NAO_INFORMADO,9.0,1
2024-02-19,segunda-feira,0,PH UBAJARA,IFCO,6416,468.0,36
2024-02-19,segunda-feira,0,PH UBAJARA,IFCO,6424,170.0,15
2024-02-19,segunda-feira,0,TREB. CEAGESP,HB,623,93.0,3
2024-02-19,segunda-feira,0,TREB. MINAS,HB,NAO_INFORMADO,340.0,32
2024-02-19,segunda-feira,0,TREB. MINAS,IFCO,6416,611.0,30
2024-02-19,segunda-feira,0,TREB. MINAS,IFCO,6424,65.0,13
2024-02-19,segunda-feira,0,TREBESCHI DF,IFCO,6416,39.0,3
2024-02-20,terça-feira,1,PH CASCAVEL,IFCO,6424,640.0,2
2024-02-20,terça-feira,1,PH SUL (PF),HB,623,1180.0,3
2024-02-20,terça-feira,1,PH SUL (PF),IFCO,6416,961.0,8
2024-02-20,terça-feira,1,PH SUL (PF),IFCO,6424,3960.0,8
2024-02-20,terça-feira,1,PH SUL (PF),IFCO,NAO_INFORMADO,3.0,1
2024-02-20,terça-feira,1,PH UBAJARA,IFCO,6416,510.0,21
2024-02-20,terça-feira,1,TREB. CEAGESP,HB,623,147.0,1
2024-02-20,terça-feira,1,TREB. MINAS,HB,NAO_INFORMADO,433.0,7
2024-02-20,terça-feira,1,TREB. MINAS,IFCO,6416,754.0,26
2024-02-20,terça-feira,1,TREB. MINAS,IFCO,6424,178.0,4
2024-02-21,quarta-feira,2,PH CORUMBA (PF),IFCO,6416,240.0,9
2024-02-21,quarta-feira,2,PH CORUMBA (PF),IFCO,6424,37.0,4
2024-02-21,quarta-feira,2,PH SUL (PF),HB,623,1260.0,1
2024-02-21,quarta-feira,2,PH SUL (PF),IFCO,6416,290.0,10
2024-02-21,quarta-feira,2,PH SUL (PF),IFCO,6424,1348.0,5
2024-02-21,quarta-feira,2,PH UBAJARA,IFCO,6416,934.2,85
2024-02-21,quarta-feira,2,PH UBAJARA,IFCO,6424,419.0,33
2024-02-21,quarta-feira,2,TREB. CEAGESP,HB,623,15.0,2
2024-02-21,quarta-feira,2,TREB. MINAS,IFCO,6416,681.0,43
2024-02-21,quarta-feira,2,TREB. MINAS,IFCO,6424,14.0,3
2024-02-22,quinta-feira,3,PH SUL (PF),HB,623,2380.0,2
2024-02-22,quinta-feira,3,PH SUL (PF),IFCO,6416,19.0,2
2024-02-22,quinta-feira,3,PH SUL (PF),IFCO,6424,3237.0,5
2024-02-22,quinta-feira,3,PH SUL (PF),IFCO,NAO_INFORMADO,3.0,1
2024-02-22,quinta-feira,3,PH UBAJARA,IFCO,6416,54.0,16
2024-02-22,quinta-feira,3,PH UBAJARA,IFCO,6424,12.0,2
2024-02-22,quinta-feira,3,TREB. CEAGESP,HB,623,31.0,2
2024-02-22,quinta-feira,3,TREB. MINAS,HB,NAO_INFORMADO,563.0,20
2024-02-22,quinta-feira,3,TREB. MINAS,IFCO,6416,603.0,41
2024-02-22,quinta-feira,3,TREB. MINAS,IFCO,6424,30.0,4
2024-02-23,sexta-feira,4,PH CASCAVEL,IFCO,6424,1040.0,2
2024-02-23,sexta-feira,4,PH SUL (PF),HB,623,640.0,2
2024-02-23,sexta-feira,4,PH SUL (PF),IFCO,6416,940.0,10
2024-02-23,sexta-feira,4,PH SUL (PF),IFCO,6424,5241.0,6
2024-02-23,sexta-feira,4,PH SUL (PF),IFCO,NAO_INFORMADO,3.0,1
2024-02-23,sexta-feira,4,PH UBAJARA,IFCO,6416,451.0,5
2024-02-23,sexta-feira,4,PH UBAJARA,IFCO,6424,40.0,1
2024-02-23,sexta-feira,4,TREB. MINAS,IFCO,6416,475.0,20
2024-02-23,sexta-feira,4,TREBESCHI DF,IFCO,6416,10.0,2
2024-02-24,sábado,5,PH SUL (PF),HB,623,3885.0,7
2024-02-24,sábado,5,PH SUL (PF),IFCO,6416,467.0,9
2024-02-24,sábado,5,PH SUL (PF),IFCO,6424,2631.0,6
2024-02-24,sábado,5,PH SUL (PF),IFCO,NAO_INFORMADO,1.0,1
2024-02-24,sábado,5,PH UBAJARA,IFCO,6416,1406.0,103
2024-02-24,sábado,5,PH UBAJARA,IFCO,6424,354.0,30
2024-02-24,sábado,5,TREB. MINAS,HB,NAO_INFORMADO,326.0,7
2024-02-24,sábado,5,TREB. MINAS,IFCO,6416,1189.0,44
2024-02-24,sábado,5,TREB. MINAS,IFCO,6424,346.0,6
2024-02-24,sábado,5,TREBESCHI DF,IFCO,6416,1.666666666666667,2
2024-02-26,segunda-feira,0,PH CASCAVEL,IFCO,6424,1228.0,3
2024-02-26,segunda-feira,0,PH SUL (PF),HB,623,670.0,1
2024-02-26,segunda-feira,0,PH SUL (PF),IFCO,6416,671.0,9
2024-02-26,segunda-feira,0,PH SUL (PF),IFCO,6424,1281.0,4
2024-02-26,segunda-feira,0,PH SUL (PF),IFCO,NAO_INFORMADO,9.0,1
2024-02-26,segunda-feira,0,PH UBAJARA,IFCO,6416,335.0,18
2024-02-26,segunda-feira,0,PH UBAJARA,IFCO,6424,305.0,18
2024-02-26,segunda-feira,0,TREB. MINAS,HB,NAO_INFORMADO,704.0,47
2024-02-26,segunda-feira,0,TREB. MINAS,IFCO,6416,402.0,29
2024-02-26,segunda-feira,0,TREB. MINAS,IFCO,6424,36.0,6
2024-02-27,terça-feira,1,PH CASCAVEL,IFCO,6424,1120.0,4
2024-02-27,terça-feira,1,PH SUL (PF),HB,623,1250.0,1
2024-02-27,terça-feira,1,PH SUL (PF),IFCO,6416,885.0,12
2024-02-27,terça-feira,1,PH SUL (PF),IFCO,6424,1081.0,4
2024-02-27,terça-feira,1,PH SUL (PF),IFCO,NAO_INFORMADO,3.0,1
2024-02-27,terça-feira,1,PH UBAJARA,IFCO,6416,573.0,32
2024-02-27,terça-feira,1,PH UBAJARA,IFCO,6424,19.0,15
2024-02-27,terça-feira,1,TREB. MINAS,HB,NAO_INFORMADO,213.0,6
2024-02-27,terça-feira,1,TREB. MINAS,IFCO,6416,642.0,22
2024-02-27,terça-feira,1,TREB. MINAS,IFCO,6424,237.0,5
2024-02-27,terça-feira,1,TREBESCHI DF,IFCO,6416,3.33333333333333,1
2024-02-28,quarta-feira,2,PH CORUMBA (PF),IFCO,6416,58.0,1
2024-02-28,quarta-feira,2,PH CORUMBA (PF),IFCO,6424,54.0,4
2024-02-28,quarta-feira,2,PH SUL (PF),HB,623,1930.0,4
2024-02-28,quarta-feira,2,PH SUL (PF),IFCO,6416,712.0,9
2024-02-28,quarta-feira,2,PH SUL (PF),IFCO,6424,921.0,8
2024-02-28,quarta-feira,2,PH SUL (PF),IFCO,NAO_INFORMADO,5.0,1
2024-02-28,quarta-feira,2,PH UBAJARA,IFCO,6416,659.0,81
2024-02-28,quarta-feira,2,PH UBAJARA,IFCO,6424,148.0,22
2024-02-28,quarta-feira,2,TREB. MINAS,HB,NAO_INFORMADO,315.0,21
2024-02-28,quarta-feira,2,TREB. MINAS,IFCO,6416,779.0,42
2024-02-28,quarta-feira,2,TREB. MINAS,IFCO,6424,17.0,3
2024-02-29,quinta-feira,3,PH CASCAVEL,IFCO,6424,1120.0,4
2024-02-29,quinta-feira,3,PH CORUMBA (PF),IFCO,6416,170.0,5
2024-02-29,quinta-feira,3,PH SUL (PF),HB,623,1260.0,1
2024-02-29,quinta-feira,3,PH SUL (PF),IFCO,6416,140.0,8
2024-02-29,quinta-feira,3,PH SUL (PF),IFCO,6424,3639.0,7
2024-02-29,quinta-feira,3,PH SUL (PF),IFCO,NAO_INFORMADO,3.0,1
2024-02-29,quinta-feira,3,PH UBAJARA,IFCO,6416,111.0,15
2024-02-29,quinta-feira,3,PH UBAJARA,IFCO,6424,27.0,3
2024-02-29,quinta-feira,3,TREB. MINAS,HB,NAO_INFORMADO,590.0,39
2024-02-29,quinta-feira,3,TREB. MINAS,IFCO,6416,418.0,26
2024-02-29,quinta-feira,3,TREB. MINAS,IFCO,6424,37.0,3
2024-03-01,sexta-feira,4,PH SUL (PF),HB,623,1930.0,2
2024-03-01,sexta-feira,4,PH SUL (PF),IFCO,6416,1052.0,12
2024-03-01,sexta-feira,4,PH SUL (PF),IFCO,6424,880.0,2
2024-03-01,sexta-feira,4,PH SUL (PF),IFCO,NAO_INFORMADO,2.0,1
2024-03-01,sexta-feira,4,PH UBAJARA,IFCO,6416,210.0,21
2024-03-01,sexta-feira,4,PH UBAJARA,IFCO,6424,61.0,3
2024-03-01,sexta-feira,4,TREB. CEAGESP,IFCO,6424,160.0,3
2024-03-01,sexta-feira,4,TREB. MINAS,IFCO,6416,412.0,23
2024-03-02,sábado,5,PH SUL (PF),HB,623,670.0,1
2024-03-02,sábado,5,PH SUL (PF),IFCO,6416,667.0,12
2024-03-02,sábado,5,PH SUL (PF),IFCO,6424,241.0,2
2024-03-02,sábado,5,PH SUL (PF),IFCO,NAO_INFORMADO,1.0,1
2024-03-02,sábado,5,PH UBAJARA,IFCO,6416,1792.0,101
2024-03-02,sábado,5,PH UBAJARA,IFCO,6424,516.0,30
2024-03-02,sábado,5,TREB. MINAS,HB,NAO_INFORMADO,53.18181818181818,3
2024-03-02,sábado,5,TREB. MINAS,IFCO,6416,1158.0,69
2024-03-02,sábado,5,TREB. MINAS,IFCO,6424,144.0,12
2024-03-04,segunda-feira,0,PH CASCAVEL,IFCO,6424,1120.0,2
2024-03-04,segunda-feira,0,PH SUL (PF),HB,623,670.0,2
2024-03-04,segunda-feira,0,PH SUL (PF),IFCO,6416,756.0,10
2024-03-04,segunda-feira,0,PH SUL (PF),IFCO,6424,802.0,8
2024-03-04,segunda-feira,0,PH SUL (PF),IFCO,NAO_INFORMADO,2.0,1
2024-03-04,segunda-feira,0,PH UBAJARA,IFCO,6416,146.0,7
2024-03-04,segunda-feira,0,PH UBAJARA,IFCO,6424,134.0,6
2024-03-04,segunda-feira,0,TREB. MINAS,HB,NAO_INFORMADO,288.0,20
2024-03-04,segunda-feira,0,TREB. MINAS,IFCO,6416,583.0,26
2024-03-04,segunda-feira,0,TREB. MINAS,IFCO,6424,169.0,10
2024-03-05,terça-feira,1,PH CASCAVEL,IFCO,6424,320.0,1
2024-03-05,terça-feira,1,PH SUL (PF),HB,623,1260.0,1
2024-03-05,terça-feira,1,PH SUL (PF),IFCO,6416,858.0,9
2024-03-05,terça-feira,1,PH SUL (PF),IFCO,6424,2.0,1
2024-03-05,terça-feira,1,PH SUL (PF),IFCO,NAO_INFORMADO,4.0,1
2024-03-05,terça-feira,1,PH UBAJARA,IFCO,6416,357.0,26
2024-03-05,terça-feira,1,PH UBAJARA,IFCO,6424,180.0,14
2024-03-05,terça-feira,1,TREB. MINAS,HB,NAO_INFORMADO,185.0,8
2024-03-05,terça-feira,1,TREB. MINAS,IFCO,6416,651.0,19
2024-03-05,terça-feira,1,TREB. MINAS,IFCO,6424,143.0,4
2024-03-06,quarta-feira,2,PH CASCAVEL,IFCO,6424,640.0,1
2024-03-06,quarta-feira,2,PH CORUMBA (PF),IFCO,6416,21.0,4
2024-03-06,quarta-feira,2,PH CORUMBA (PF),IFCO,6424,1.0,1
2024-03-06,quarta-feira,2,PH SUL (PF),HB,623,670.0,2
2024-03-06,quarta-feira,2,PH SUL (PF),IFCO,6416,1050.0,11
2024-03-06,quarta-feira,2,PH SUL (PF),IFCO,6424,1120.0,6
2024-03-06,quarta-feira,2,PH UBAJARA,IFCO,6416,57.0,18
2024-03-06,quarta-feira,2,PH UBAJARA,IFCO,6424,70.0,6
2024-03-06,quarta-feira,2,TREB. MINAS,IFCO,6416,1098.0,56
2024-03-06,quarta-feira,2,TREB. MINAS,IFCO,6424,60.0,7
2024-03-06,quarta-feira,2,TREB. MINAS,IFCO,NAO_INFORMADO,7.0,1
2024-03-07,quinta-feira,3,PH CASCAVEL,IFCO,6424,558.0,1
2024-03-07,quinta-feira,3,PH SUL (PF),IFCO,6416,168.0,8
2024-03-07,quinta-feira,3,PH SUL (PF),IFCO,6424,1440.0,4
2024-03-07,quinta-feira,3,PH SUL (PF),IFCO,NAO_INFORMADO,2.0,1
2024-03-07,quinta-feira,3,PH UBAJARA,IFCO,6416,15.0,10
2024-03-07,quinta-feira,3,PH UBAJARA,IFCO,6424,2.0,1
2024-03-07,quinta-feira,3,TREB. MINAS,HB,NAO_INFORMADO,1001.0,29
2024-03-07,quinta-feira,3,TREB. MINAS,IFCO,6416,503.0,26
2024-03-07,quinta-feira,3,TREB. MINAS,IFCO,6424,53.0,3
2024-03-08,sexta-feira,4,PH SUL (PF),IFCO,6416,985.0,10
2024-03-08,sexta-feira,4,PH SUL (PF),IFCO,6424,880.0,2
2024-03-08,sexta-feira,4,PH SUL (PF),IFCO,NAO_INFORMADO,4.0,2
2024-03-08,sexta-feira,4,PH UBAJARA,IFCO,6416,562.266666666667,24
2024-03-08,sexta-feira,4,PH UBAJARA,IFCO,6424,44.0,3
2024-03-08,sexta-feira,4,TREB. MINAS,IFCO,6416,1177.1111111111109,21
2024-03-09,sábado,5,PH SUL (PF),HB,623,670.0,2
2024-03-09,sábado,5,PH SUL (PF),IFCO,6416,620.0,13
2024-03-09,sábado,5,PH SUL (PF),IFCO,6424,1038.0,2
2024-03-09,sábado,5,PH SUL (PF),IFCO,NAO_INFORMADO,1.0,1
2024-03-09,sábado,5,PH UBAJARA,IFCO,6416,1099.0,84
2024-03-09,sábado,5,PH UBAJARA,IFCO,6424,497.0,22
2024-03-09,sábado,5,TREB. MINAS,HB,NAO_INFORMADO,245.0,11
2024-03-09,sábado,5,TREB. MINAS,IFCO,6416,1260.0,73
2024-03-09,sábado,5,TREB. MINAS,IFCO,6424,239.0,12
2024-03-11,segunda-feira,0,PH SUL (PF),IFCO,6416,575.0,8
2024-03-11,segunda-feira,0,PH SUL (PF),IFCO,6424,3.0,1
2024-03-11,segunda-feira,0,PH SUL (PF),IFCO,NAO_INFORMADO,1.0,1
2024-03-11,segunda-feira,0,PH UBAJARA,IFCO,6416,234.0,27
2024-03-11,segunda-feira,0,PH UBAJARA,IFCO,6424,197.0,10
2024-03-11,segunda-feira,0,TREB. MINAS,IFCO,6416,340.0,12
2024-03-11,segunda-feira,0,TREBESCHI DF,IFCO,6424,2.0,1
2024-03-12,terça-feira,1,PH SUL (PF),HB,623,580.0,2
2024-03-12,terça-feira,1,PH SUL (PF),IFCO,6416,813.0,10
2024-03-12,terça-feira,1,PH SUL (PF),IFCO,6424,162.0,2
2024-03-12,terça-feira,1,PH UBAJARA,IFCO,6416,844.0,42
2024-03-12,terça-feira,1,PH UBAJARA,IFCO,6424,51.0,2
2024-03-12,terça-feira,1,TREB. MINAS,HB,NAO_INFORMADO,167.0,14
2024-03-12,terça-feira,1,TREB. MINAS,IFCO,6416,416.0,23
2024-03-12,terça-feira,1,TREB. MINAS,IFCO,6424,170.0,9
2024-03-13,quarta-feira,2,PH CASCAVEL,IFCO,6424,634.0,1
2024-03-13,quarta-feira,2,PH CORUMBA (PF),IFCO,6416,211.0,7
2024-03-13,quarta-feira,2,PH CORUMBA (PF),IFCO,6424,1.0,1
2024-03-13,quarta-feira,2,PH SUL (PF),IFCO,6416,675.0,9
2024-03-13,quarta-feira,2,PH SUL (PF),IFCO,6424,680.0,4
2024-03-13,quarta-feira,2,PH SUL (PF),IFCO,NAO_INFORMADO,6.0,1
2024-03-13,quarta-feira,2,PH UBAJARA,IFCO,6416,567.0,68
2024-03-13,quarta-feira,2,PH UBAJARA,IFCO,6424,115.0,23
2024-03-13,quarta-feira,2,TREB. MINAS,HB,NAO_INFORMADO,211.0,18
2024-03-13,quarta-feira,2,TREB. MINAS,IFCO,6416,846.0,56
2024-03-13,quarta-feira,2,TREB. MINAS,IFCO,6424,107.0,10
2024-03-14,quinta-feira,3,PH SUL (PF),HB,623,670.0,2
2024-03-14,quinta-feira,3,PH SUL (PF),IFCO,6416,173.0,9
2024-03-14,quinta-feira,3,PH SUL (PF),IFCO,6424,641.0,2
2024-03-14,quinta-feira,3,PH SUL (PF),IFCO,NAO_INFORMADO,7.0,1
2024-03-14,quinta-feira,3,PH UBAJARA,IFCO,6416,149.0,15
2024-03-14,quinta-feira,3,PH UBAJARA,IFCO,6424,109.0,3
2024-03-14,quinta-feira,3,TREB. MINAS,HB,NAO_INFORMADO,452.0,28
2024-03-14,quinta-feira,3,TREB. MINAS,IFCO,6416,356.0,32
2024-03-14,quinta-feira,3,TREB. MINAS,IFCO,6424,43.0,4
2024-03-15,sexta-feira,4,PH CASCAVEL,IFCO,6424,614.0,1
2024-03-15,sexta-feira,4,PH SUL (PF),HB,623,614.0,2
2024-03-15,sexta-feira,4,PH SUL (PF),IFCO,6416,839.0,8
2024-03-15,sexta-feira,4,PH SUL (PF),IFCO,6424,1.0,1
2024-03-15,sexta-feira,4,PH SUL (PF),IFCO,NAO_INFORMADO,1.0,1
2024-03-15,sexta-feira,4,PH UBAJARA,IFCO,6416,284.0,20
2024-03-15,sexta-feira,4,PH UBAJARA,IFCO,6424,50.0,4
2024-03-15,sexta-feira,4,TREB. MINAS,IFCO,6416,355.0,19
2024-03-15,sexta-feira,4,TREBESCHI DF,IFCO,6416,1.66666666666667,1
2024-03-16,sábado,5,PH CASCAVEL,IFCO,6424,640.0,3
2024-03-16,sábado,5,PH SUL (PF),HB,623,602.0,2
2024-03-16,sábado,5,PH SUL (PF),IFCO,6416,524.0,14
2024-03-16,sábado,5,PH UBAJARA,IFCO,6416,388.0,47
2024-03-16,sábado,5,PH UBAJARA,IFCO,6424,294.0,31
2024-03-16,sábado,5,TREB. MINAS,HB,NAO_INFORMADO,415.0,4
2024-03-16,sábado,5,TREB. MINAS,IFCO,6416,1007.0,52
2024-03-16,sábado,5,TREB. MINAS,IFCO,6424,218.0,6
2024-03-18,segunda-feira,0,PH SUL (PF),IFCO,6416,698.0,9
2024-03-18,segunda-feira,0,PH SUL (PF),IFCO,6424,161.0,4
2024-03-18,segunda-feira,0,PH SUL (PF),IFCO,NAO_INFORMADO,2.0,1
2024-03-18,segunda-feira,0,PH UBAJARA,IFCO,6416,402.0,15
2024-03-18,segunda-feira,0,PH UBAJARA,IFCO,6424,0.0,1
2024-03-18,segunda-feira,0,TREB. MINAS,IFCO,6416,370.6,27
2024-03-18,segunda-feira,0,TREB. MINAS,IFCO,6424,42.0,6
2024-03-18,segunda-feira,0,TREBESCHI DF,IFCO,6424,1.0,1
2024-03-19,terça-feira,1,PH CASCAVEL,IFCO,6424,560.0,1
2024-03-19,terça-feira,1,PH SUL (PF),IFCO,6416,799.0,12
2024-03-19,terça-feira,1,PH SUL (PF),IFCO,6424,240.0,1
2024-03-19,terça-feira,1,PH SUL (PF),IFCO,NAO_INFORMADO,3.0,1
2024-03-19,terça-feira,1,PH UBAJARA,IFCO,6416,438.0,34
2024-03-19,terça-feira,1,PH UBAJARA,IFCO,6424,71.0,9
2024-03-19,terça-feira,1,TREB. MINAS,HB,NAO_INFORMADO,140.0,3
2024-03-19,terça-feira,1,TREB. MINAS,IFCO,6416,471.0,18
2024-03-19,terça-feira,1,TREB. MINAS,IFCO,6424,266.0,5
2024-03-19,terça-feira,1,TREBESCHI DF,IFCO,6416,1.333333333333334,2
2024-03-20,quarta-feira,2,PH CASCAVEL,IFCO,6424,1158.0,2
2024-03-20,quarta-feira,2,PH CORUMBA (PF),IFCO,6416,258.0,7
2024-03-20,quarta-feira,2,PH CORUMBA (PF),IFCO,6424,37.0,4
2024-03-20,quarta-feira,2,PH SUL (PF),HB,623,670.0,1
2024-03-20,quarta-feira,2,PH SUL (PF),IFCO,6416,597.0,9
2024-03-20,quarta-feira,2,PH SUL (PF),IFCO,6424,1882.0,6
2024-03-20,quarta-feira,2,PH SUL (PF),IFCO,NAO_INFORMADO,2.0,1
2024-03-20,quarta-feira,2,PH UBAJARA,IFCO,6416,270.0,23
2024-03-20,quarta-feira,2,PH UBAJARA,IFCO,6424,46.0,3
2024-03-20,quarta-feira,2,TREB. MINAS,HB,NAO_INFORMADO,303.0,20
2024-03-20,quarta-feira,2,TREB. MINAS,IFCO,6416,838.0,56
2024-03-20,quarta-feira,2,TREB. MINAS,IFCO,6424,45.0,7
2024-03-20,quarta-feira,2,TREBESCHI DF,IFCO,6416,1.0,1
2024-03-21,quinta-feira,3,PH SUL (PF),HB,623,670.0,1
2024-03-21,quinta-feira,3,PH SUL (PF),IFCO,6416,123.0,7
2024-03-21,quinta-feira,3,PH SUL (PF),IFCO,6424,2.0,1
2024-03-21,quinta-feira,3,PH SUL (PF),IFCO,NAO_INFORMADO,4.0,1
2024-03-21,quinta-feira,3,PH UBAJARA,IFCO,6416,72.0,16
2024-03-21,quinta-feira,3,PH UBAJARA,IFCO,6424,7.0,4
2024-03-21,quinta-feira,3,TREB. MINAS,HB,NAO_INFORMADO,150.0,8
2024-03-21,quinta-feira,3,TREB. MINAS,IFCO,6416,542.0,28
2024-03-21,quinta-feira,3,TREB. MINAS,IFCO,6424,110.0,3
2024-03-22,sexta-feira,4,PH CASCAVEL,IFCO,6424,1520.0,3
2024-03-22,sexta-feira,4,PH SUL (PF),IFCO,6416,1038.0,10
2024-03-22,sexta-feira,4,PH SUL (PF),IFCO,6424,1281.0,3
2024-03-22,sexta-feira,4,PH SUL (PF),IFCO,NAO_INFORMADO,7.0,2
2024-03-22,sexta-feira,4,PH UBAJARA,IFCO,6416,442.0,16
2024-03-22,sexta-feira,4,PH UBAJARA,IFCO,6424,143.0,5
2024-03-22,sexta-feira,4,TREB. MINAS,HB,NAO_INFORMADO,633.0,20
2024-03-22,sexta-feira,4,TREB. MINAS,IFCO,6416,273.0,18
2024-03-23,sábado,5,PH CASCAVEL,IFCO,6424,640.0,6
2024-03-23,sábado,5,PH SUL (PF),HB,623,670.0,1
2024-03-23,sábado,5,PH SUL (PF),IFCO,6416,615.0,12
2024-03-23,sábado,5,PH SUL (PF),IFCO,6424,2496.0,5
2024-03-23,sábado,5,PH SUL (PF),IFCO,NAO_INFORMADO,2.0,1
2024-03-23,sábado,5,PH UBAJARA,IFCO,6416,939.0,64
2024-03-23,sábado,5,PH UBAJARA,IFCO,6424,379.0,32
2024-03-23,sábado,5,TREB. MINAS,HB,NAO_INFORMADO,678.0,6
2024-03-23,sábado,5,TREB. MINAS,IFCO,6416,1511.5,63
2024-03-23,sábado,5,TREB. MINAS,IFCO,6424,231.0,6
2024-03-25,segunda-feira,0,PH SUL (PF),HB,623,645.0,2
2024-03-25,segunda-feira,0,PH SUL (PF),IFCO,6416,663.0,5
2024-03-25,segunda-feira,0,PH UBAJARA,IFCO,6416,440.0,56
2024-03-25,segunda-feira,0,PH UBAJARA,IFCO,6424,21.0,7
2024-03-25,segunda-feira,0,TREB. MINAS,IFCO,6416,742.0,38
2024-03-25,segunda-feira,0,TREB. MINAS,IFCO,6424,70.0,10
2024-03-25,segunda-feira,0,TREB. MINAS,IFCO,NAO_INFORMADO,7.0,1
2024-03-25,segunda-feira,0,TREBESCHI DF,IFCO,6416,2.76666666666667,1
2024-03-25,segunda-feira,0,TREBESCHI DF,IFCO,6424,3.0,1
2024-03-26,terça-feira,1,PH CORUMBA (PF),IFCO,6416,103.0,7
2024-03-26,terça-feira,1,PH CORUMBA (PF),IFCO,6424,1.0,1
2024-03-26,terça-feira,1,PH SUL (PF),IFCO,6416,878.0,9
2024-03-26,terça-feira,1,PH SUL (PF),IFCO,NAO_INFORMADO,3.0,1
2024-03-26,terça-feira,1,PH UBAJARA,IFCO,6416,948.0,39
2024-03-26,terça-feira,1,PH UBAJARA,IFCO,6424,104.0,6
2024-03-26,terça-feira,1,TREB. MINAS,HB,NAO_INFORMADO,240.0,16
2024-03-26,terça-feira,1,TREB. MINAS,IFCO,6416,1440.0,55
2024-03-26,terça-feira,1,TREB. MINAS,IFCO,6424,761.0,12
2024-03-26,terça-feira,1,TREB. MINAS,IFCO,NAO_INFORMADO,3.0,1
2024-03-27,quarta-feira,2,PH CORUMBA (PF),IFCO,6416,115.0,5
2024-03-27,quarta-feira,2,PH SUL (PF),HB,623,670.0,2
2024-03-27,quarta-feira,2,PH SUL (PF),IFCO,6416,73.0,4
2024-03-27,quarta-feira,2,PH SUL (PF),IFCO,6424,160.0,1
2024-03-27,quarta-feira,2,PH SUL (PF),IFCO,NAO_INFORMADO,3.0,1
2024-03-27,quarta-feira,2,PH UBAJARA,IFCO,6416,163.0,31
2024-03-27,quarta-feira,2,PH UBAJARA,IFCO,6424,52.0,8
2024-03-27,quarta-feira,2,TREB. MINAS,HB,NAO_INFORMADO,77.0,5
2024-03-27,quarta-feira,2,TREB. MINAS,IFCO,6416,809.0,57
2024-03-27,quarta-feira,2,TREB. MINAS,IFCO,6424,11.0,6
2024-03-27,quarta-feira,2,TREB. MINAS,IFCO,NAO_INFORMADO,9.0,1
2024-03-27,quarta-feira,2,TREBESCHI DF,IFCO,6416,0.333333333333333,1
2024-03-27,quarta-feira,2,TREBESCHI DF,IFCO,NAO_INFORMADO,1.0,1
2024-03-28,quinta-feira,3,PH CASCAVEL,IFCO,6424,616.0,1
2024-03-28,quinta-feira,3,PH SUL (PF),IFCO,6416,73.0,4
2024-03-28,quinta-feira,3,PH SUL (PF),IFCO,NAO_INFORMADO,3.0,1
2024-03-28,quinta-feira,3,PH UBAJARA,IFCO,6416,29.0,4
2024-03-28,quinta-feira,3,PH UBAJARA,IFCO,6424,3.0,1
2024-03-28,quinta-feira,3,TREB. MINAS,HB,NAO_INFORMADO,1064.0,46
2024-03-28,quinta-feira,3,TREB. MINAS,IFCO,6416,428.0,28
2024-03-28,quinta-feira,3,TREB. MINAS,IFCO,6424,689.0,6
2024-03-30,sábado,5,PH UBAJARA,IFCO,6416,869.0,85
2024-03-30,sábado,5,PH UBAJARA,IFCO,6424,629.0,43
2024-03-30,sábado,5,TREB. MINAS,HB,623,400.0,1
2024-03-30,sábado,5,TREB. MINAS,HB,NAO_INFORMADO,543.0,20
2024-03-30,sábado,5,TREB. MINAS,IFCO,6416,934.0,38
2024-03-30,sábado,5,TREB. MINAS,IFCO,6424,82.0,4
2024-03-30,sábado,5,TREB. MINAS,IFCO,NAO_INFORMADO,4.0,1
2024-04-01,segunda-feira,0,PH SUL (PF),IFCO,6424,48.0,1
2024-04-01,segunda-feira,0,TREB. MINAS,IFCO,6416,985.0,23
2024-04-01,segunda-feira,0,TREB. MINAS,IFCO,6424,24.09090909090909,5
2024-04-01,segunda-feira,0,TREB. MINAS,IFCO,NAO_INFORMADO,12.0,1
2024-04-02,terça-feira,1,PH UBAJARA,IFCO,6416,1103.0,33
2024-04-02,terça-feira,1,PH UBAJARA,IFCO,6424,93.0,13
2024-04-02,terça-feira,1,TREB. MINAS,HB,NAO_INFORMADO,221.0,16
2024-04-02,terça-feira,1,TREB. MINAS,IFCO,6416,1095.0,32
2024-04-02,terça-feira,1,TREB. MINAS,IFCO,6424,461.0,7
2024-04-02,terça-feira,1,TREB. MINAS,IFCO,NAO_INFORMADO,5.0,1
2024-04-02,terça-feira,1,TREBESCHI DF,IFCO,NAO_INFORMADO,1.5,1
2024-04-03,quarta-feira,2,PH CORUMBA (PF),IFCO,6416,145.0,5
2024-04-03,quarta-feira,2,PH CORUMBA (PF),IFCO,6424,1.0,1
2024-04-03,quarta-feira,2,PH UBAJARA,IFCO,6416,302.0,27
2024-04-03,quarta-feira,2,PH UBAJARA,IFCO,6424,72.0,6
2024-04-03,quarta-feira,2,TREB. MINAS,IFCO,6416,1891.0,71
2024-04-03,quarta-feira,2,TREB. MINAS,IFCO,6424,941.0,15
2024-04-03,quarta-feira,2,TREB. MINAS,IFCO,NAO_INFORMADO,13.0,1
2024-04-04,quinta-feira,3,PH UBAJARA,IFCO,6416,3.0,1
2024-04-04,quinta-feira,3,TREB. MINAS,HB,623,1191.0,3
2024-04-04,quinta-feira,3,TREB. MINAS,HB,NAO_INFORMADO,766.2857142857142,41
2024-04-04,quinta-feira,3,TREB. MINAS,IFCO,6416,576.0,33
2024-04-04,quinta-feira,3,TREB. MINAS,IFCO,6424,101.0,8
2024-04-04,quinta-feira,3,TREB. MINAS,IFCO,NAO_INFORMADO,9.0,1
2024-04-05,sexta-feira,4,PH UBAJARA,IFCO,6416,252.0,17
2024-04-05,sexta-feira,4,PH UBAJARA,IFCO,6424,108.0,4
2024-04-05,sexta-feira,4,TREB. MINAS,HB,NAO_INFORMADO,218.0,20
2024-04-05,sexta-feira,4,TREB. MINAS,IFCO,6416,1772.0,32
2024-04-05,sexta-feira,4,TREB. MINAS,IFCO,6424,421.0,3
2024-04-05,sexta-feira,4,TREB. MINAS,IFCO,NAO_INFORMADO,12.0,2
2024-04-05,sexta-feira,4,TREBESCHI DF,IFCO,NAO_INFORMADO,2.0,1
2024-04-06,sábado,5,PH SUL (PF),IFCO,6424,466.0,2
2024-04-06,sábado,5,PH UBAJARA,IFCO,6416,431.0,46
2024-04-06,sábado,5,PH UBAJARA,IFCO,6424,222.0,11
2024-04-06,sábado,5,TREB. MINAS,HB,623,670.0,1
2024-04-06,sábado,5,TREB. MINAS,HB,NAO_INFORMADO,330.0,27
2024-04-06,sábado,5,TREB. MINAS,IFCO,6416,1936.0,70
2024-04-06,sábado,5,TREB. MINAS,IFCO,6424,342.0,7
2024-04-06,sábado,5,TREB. MINAS,IFCO,NAO_INFORMADO,3.0,1
2024-04-08,segunda-feira,0,PH UBAJARA,IFCO,6416,316.0,14
2024-04-08,segunda-feira,0,PH UBAJARA,IFCO,6424,1.0,1
2024-04-08,segunda-feira,0,TREB. MINAS,IFCO,6416,911.0,33
2024-04-08,segunda-feira,0,TREB. MINAS,IFCO,6424,33.0,7
2024-04-08,segunda-feira,0,TREB. MINAS,IFCO,NAO_INFORMADO,10.0,1
2024-04-09,terça-feira,1,PH SUL (PF),HB,623,690.0,1
2024-04-09,terça-feira,1,PH UBAJARA,IFCO,6416,300.0,23
2024-04-09,terça-feira,1,PH UBAJARA,IFCO,6424,97.0,7
2024-04-09,terça-feira,1,TREB. MINAS,HB,NAO_INFORMADO,197.0,8
2024-04-09,terça-feira,1,TREB. MINAS,IFCO,6416,1554.2254545454543,43
2024-04-09,terça-feira,1,TREB. MINAS,IFCO,6424,1250.05,7
2024-04-09,terça-feira,1,TREB. MINAS,IFCO,NAO_INFORMADO,5.2,2
2024-04-10,quarta-feira,2,PH CASCAVEL,IFCO,6424,1760.0,5
2024-04-10,quarta-feira,2,PH CORUMBA (PF),IFCO,6416,118.0,7
2024-04-10,quarta-feira,2,PH CORUMBA (PF),IFCO,6424,1.0,1
2024-04-10,quarta-feira,2,PH UBAJARA,IFCO,6416,220.0,14
2024-04-10,quarta-feira,2,PH UBAJARA,IFCO,6424,49.0,2
2024-04-10,quarta-feira,2,TREB. MINAS,HB,623,670.0,1
2024-04-10,quarta-feira,2,TREB. MINAS,HB,NAO_INFORMADO,213.0,20
2024-04-10,quarta-feira,2,TREB. MINAS,IFCO,6416,1496.0,65
2024-04-10,quarta-feira,2,TREB. MINAS,IFCO,6424,953.0,7
2024-04-10,quarta-feira,2,TREB. MINAS,IFCO,NAO_INFORMADO,10.0,1
2024-04-11,quinta-feira,3,PH CASCAVEL,IFCO,6424,800.0,1
2024-04-11,quinta-feira,3,PH UBAJARA,IFCO,6416,155.0,32
2024-04-11,quinta-feira,3,PH UBAJARA,IFCO,6424,41.0,7
2024-04-11,quinta-feira,3,TREB. MINAS,HB,623,633.0,4
2024-04-11,quinta-feira,3,TREB. MINAS,HB,NAO_INFORMADO,615.3333333333333,37
2024-04-11,quinta-feira,3,TREB. MINAS,IFCO,6416,600.0,32
2024-04-11,quinta-feira,3,TREB. MINAS,IFCO,6424,1174.0,5
2024-04-12,sexta-feira,4,PH CASCAVEL,IFCO,6424,1280.0,4
2024-04-12,sexta-feira,4,PH UBAJARA,IFCO,6416,322.0,16
2024-04-12,sexta-feira,4,TREB. MINAS,HB,623,600.0,2
2024-04-12,sexta-feira,4,TREB. MINAS,IFCO,6416,1192.0,30
2024-04-12,sexta-feira,4,TREB. MINAS,IFCO,6424,443.0,3
2024-04-13,sábado,5,PH CORUMBA (PF),HB,623,450.0,1
2024-04-13,sábado,5,PH CORUMBA (PF),IFCO,6424,70.0,4
2024-04-13,sábado,5,PH UBAJARA,IFCO,6416,994.0,102
2024-04-13,sábado,5,PH UBAJARA,IFCO,6424,233.0,32
2024-04-13,sábado,5,TREB. MINAS,HB,NAO_INFORMADO,384.0,26
2024-04-13,sábado,5,TREB. MINAS,IFCO,6416,1854.0,82
2024-04-13,sábado,5,TREB. MINAS,IFCO,6424,381.0,12
2024-04-13,sábado,5,TREB. MINAS,IFCO,NAO_INFORMADO,2.0,1
2024-04-15,segunda-feira,0,PH CASCAVEL,IFCO,6424,1820.0,3
2024-04-15,segunda-feira,0,PH UBAJARA,IFCO,6416,785.0,13
2024-04-15,segunda-feira,0,PH UBAJARA,IFCO,6424,147.0,10
2024-04-15,segunda-feira,0,TREB. MINAS,IFCO,6416,1133.0,38
2024-04-15,segunda-feira,0,TREB. MINAS,IFCO,6424,707.0,9
2024-04-15,segunda-feira,0,TREB. MINAS,IFCO,NAO_INFORMADO,4.0,1
2024-04-16,terça-feira,1,PH UBAJARA,HB,NAO_INFORMADO,5.0,1
2024-04-16,terça-feira,1,PH UBAJARA,IFCO,6416,366.0,29
2024-04-16,terça-feira,1,PH UBAJARA,IFCO,6424,124.0,13
2024-04-16,terça-feira,1,TREB. MINAS,HB,NAO_INFORMADO,168.1818181818182,17
2024-04-16,terça-feira,1,TREB. MINAS,IFCO,6416,1273.0,39
2024-04-16,terça-feira,1,TREB. MINAS,IFCO,6424,148.0,5
2024-04-16,terça-feira,1,TREB. MINAS,IFCO,NAO_INFORMADO,4.0,1
2024-04-17,quarta-feira,2,PH CASCAVEL,IFCO,6424,1120.0,1
2024-04-17,quarta-feira,2,PH CORUMBA (PF),IFCO,6416,203.0,9
2024-04-17,quarta-feira,2,PH CORUMBA (PF),IFCO,6424,245.0,7
2024-04-17,quarta-feira,2,PH UBAJARA,IFCO,6424,43.0,2
2024-04-17,quarta-feira,2,TREB. MINAS,HB,NAO_INFORMADO,190.0,11
2024-04-17,quarta-feira,2,TREB. MINAS,IFCO,6416,1376.0,66
2024-04-17,quarta-feira,2,TREB. MINAS,IFCO,6424,478.0,9
2024-04-17,quarta-feira,2,TREB. MINAS,IFCO,NAO_INFORMADO,7.0,1
2024-04-18,quinta-feira,3,PH CASCAVEL,IFCO,6424,1120.0,1
2024-04-18,quinta-feira,3,PH UBAJARA,IFCO,6416,60.0,19
2024-04-18,quinta-feira,3,PH UBAJARA,IFCO,6424,8.0,3
2024-04-18,quinta-feira,3,TREB. MINAS,HB,NAO_INFORMADO,544.0,42
2024-04-18,quinta-feira,3,TREB. MINAS,IFCO,6416,395.0,32
2024-04-18,quinta-feira,3,TREB. MINAS,IFCO,6424,52.0,4
2024-04-18,quinta-feira,3,TREB. MINAS,IFCO,NAO_INFORMADO,6.0,1
2024-04-19,sexta-feira,4,PH CASCAVEL,IFCO,6424,640.0,4
2024-04-19,sexta-feira,4,PH UBAJARA,IFCO,6416,475.0,41
2024-04-19,sexta-feira,4,PH UBAJARA,IFCO,6424,117.0,14
2024-04-19,sexta-feira,4,TREB. MINAS,IFCO,6416,1508.0,66
2024-04-19,sexta-feira,4,TREB. MINAS,IFCO,6424,156.0,23
2024-04-19,sexta-feira,4,TREB. MINAS,IFCO,NAO_INFORMADO,7.0,1
2024-04-20,sábado,5,PH CORUMBA (PF),IFCO,6424,820.0,3
2024-04-20,sábado,5,PH UBAJARA,IFCO,6416,252.0,44
2024-04-20,sábado,5,PH UBAJARA,IFCO,6424,80.0,14
2024-04-20,sábado,5,TREB. MINAS,HB,623,1260.0,1
2024-04-20,sábado,5,TREB. MINAS,HB,NAO_INFORMADO,52.0,4
2024-04-20,sábado,5,TREB. MINAS,IFCO,6416,1379.0,48
2024-04-20,sábado,5,TREB. MINAS,IFCO,6424,396.0,6
2024-04-20,sábado,5,TREB. MINAS,IFCO,NAO_INFORMADO,1.0,1
2024-04-22,segunda-feira,0,PH CASCAVEL,IFCO,6424,1120.0,2
2024-04-22,segunda-feira,0,PH UBAJARA,IFCO,6416,368.0,14
2024-04-22,segunda-feira,0,TREB. MINAS,HB,623,1230.0,1
2024-04-22,segunda-feira,0,TREB. MINAS,IFCO,6416,890.0,29
2024-04-22,segunda-feira,0,TREB. MINAS,IFCO,6424,39.0,7
2024-04-22,segunda-feira,0,TREB. MINAS,IFCO,NAO_INFORMADO,13.0,1
2024-04-23,terça-feira,1,PH CASCAVEL,IFCO,6424,1280.0,2
2024-04-23,terça-feira,1,PH CORUMBA (PF),HB,623,670.0,2
2024-04-23,terça-feira,1,PH CORUMBA (PF),IFCO,6424,640.0,1
2024-04-23,terça-feira,1,PH UBAJARA,IFCO,6416,481.0,10
2024-04-23,terça-feira,1,PH UBAJARA,IFCO,6424,10.0,4
2024-04-23,terça-feira,1,TREB. MINAS,HB,NAO_INFORMADO,171.0,20
2024-04-23,terça-feira,1,TREB. MINAS,IFCO,6416,1596.7333333333331,37
2024-04-23,terça-feira,1,TREB. MINAS,IFCO,6424,135.0,6
2024-04-23,terça-feira,1,TREB. MINAS,IFCO,NAO_INFORMADO,5.0,1
2024-04-24,quarta-feira,2,PH CORUMBA (PF),IFCO,6416,162.0,7
2024-04-24,quarta-feira,2,PH CORUMBA (PF),IFCO,6424,766.0,3
2024-04-24,quarta-feira,2,PH UBAJARA,IFCO,6416,384.0,15
2024-04-24,quarta-feira,2,PH UBAJARA,IFCO,6424,484.4651162790698,13
2024-04-24,quarta-feira,2,TREB. MINAS,IFCO,6416,1289.0,53
2024-04-24,quarta-feira,2,TREB. MINAS,IFCO,6424,103.0,11
2024-04-24,quarta-feira,2,TREB. MINAS,IFCO,NAO_INFORMADO,5.0,1
2024-04-25,quinta-feira,3,PH CORUMBA (PF),HB,623,670.0,2
2024-04-25,quinta-feira,3,PH CORUMBA (PF),IFCO,6424,500.0,2
2024-04-25,quinta-feira,3,PH UBAJARA,IFCO,6416,64.0,12
2024-04-25,quinta-feira,3,PH UBAJARA,IFCO,6424,13.0,3
2024-04-25,quinta-feira,3,TREB. MINAS,HB,NAO_INFORMADO,429.0,30
2024-04-25,quinta-feira,3,TREB. MINAS,IFCO,6416,530.0,34
2024-04-25,quinta-feira,3,TREB. MINAS,IFCO,6424,249.0,5
2024-04-26,sexta-feira,4,PH UBAJARA,IFCO,6416,148.0,15
2024-04-26,sexta-feira,4,PH UBAJARA,IFCO,6424,22.0,1
2024-04-26,sexta-feira,4,TREB. MINAS,IFCO,6416,1283.0,31
2024-04-26,sexta-feira,4,TREB. MINAS,IFCO,6424,1.0,1
2024-04-26,sexta-feira,4,TREB. MINAS,IFCO,NAO_INFORMADO,3.0,1
2024-04-27,sábado,5,PH CORUMBA (PF),IFCO,6424,280.0,2
2024-04-27,sábado,5,PH UBAJARA,IFCO,6416,749.0,83
2024-04-27,sábado,5,PH UBAJARA,IFCO,6424,332.0,35
2024-04-27,sábado,5,TREB. MINAS,HB,623,690.0,2
2024-04-27,sábado,5,TREB. MINAS,HB,NAO_INFORMADO,262.0,25
2024-04-27,sábado,5,TREB. MINAS,IFCO,6416,1102.0,40
2024-04-27,sábado,5,TREB. MINAS,IFCO,6424,728.0,5
2024-04-27,sábado,5,TREB. MINAS,IFCO,NAO_INFORMADO,2.0,1
2024-04-29,segunda-feira,0,PH CASCAVEL,IFCO,6424,640.0,5
2024-04-29,segunda-feira,0,PH UBAJARA,IFCO,6416,605.0,20
2024-04-29,segunda-feira,0,TREB. MINAS,HB,NAO_INFORMADO,297.82456140350877,15
2024-04-29,segunda-feira,0,TREB. MINAS,IFCO,6416,718.0,36
2024-04-29,segunda-feira,0,TREB. MINAS,IFCO,6424,739.0,9
2024-04-29,segunda-feira,0,TREB. MINAS,IFCO,NAO_INFORMADO,8.0,1
2024-04-30,terça-feira,1,PH CASCAVEL,IFCO,6424,640.0,2
2024-04-30,terça-feira,1,PH CORUMBA (PF),HB,623,670.0,2
2024-04-30,terça-feira,1,PH CORUMBA (PF),IFCO,6424,640.0,1
2024-04-30,terça-feira,1,PH UBAJARA,IFCO,6416,334.0,26
2024-04-30,terça-feira,1,PH UBAJARA,IFCO,6424,99.0,7
2024-04-30,terça-feira,1,TREB. MINAS,HB,NAO_INFORMADO,167.0,1
2024-04-30,terça-feira,1,TREB. MINAS,IFCO,6416,1345.0,52
2024-04-30,terça-feira,1,TREB. MINAS,IFCO,6424,1241.0,9
2024-04-30,terça-feira,1,TREB. MINAS,IFCO,NAO_INFORMADO,3.0,2
2024-05-02,quinta-feira,3,PH CASCAVEL,IFCO,6424,520.0,1
2024-05-02,quinta-feira,3,PH CORUMBA (PF),HB,623,1310.0,3
2024-05-02,quinta-feira,3,PH CORUMBA (PF),HB,NAO_INFORMADO,49.0,5
2024-05-02,quinta-feira,3,PH CORUMBA (PF),IFCO,6416,107.0,4
2024-05-02,quinta-feira,3,PH CORUMBA (PF),IFCO,6424,895.0,7
2024-05-02,quinta-feira,3,PH UBAJARA,IFCO,6416,238.0,29
2024-05-02,quinta-feira,3,PH UBAJARA,IFCO,6424,58.0,6
2024-05-02,quinta-feira,3,TREB. MINAS,HB,NAO_INFORMADO,643.0,36
2024-05-02,quinta-feira,3,TREB. MINAS,IFCO,6416,1116.0,60
2024-05-02,quinta-feira,3,TREB. MINAS,IFCO,6424,78.0,10
2024-05-02,quinta-feira,3,TREB. MINAS,IFCO,NAO_INFORMADO,9.0,1
2024-05-03,sexta-feira,4,PH UBAJARA,IFCO,6416,366.0,26
2024-05-03,sexta-feira,4,PH UBAJARA,IFCO,6424,23.0,2
2024-05-03,sexta-feira,4,TREB. MINAS,IFCO,6416,1097.0,17
2024-05-03,sexta-feira,4,TREB. MINAS,IFCO,NAO_INFORMADO,1.0,1
2024-05-04,sábado,5,PH CORUMBA (PF),IFCO,6424,1280.0,2
2024-05-04,sábado,5,PH UBAJARA,IFCO,6416,113.0,14
2024-05-04,sábado,5,PH UBAJARA,IFCO,6424,152.0,6
2024-05-04,sábado,5,TREB. MINAS,HB,NAO_INFORMADO,424.0,8
2024-05-04,sábado,5,TREB. MINAS,IFCO,6416,1593.1599999999999,63
2024-05-04,sábado,5,TREB. MINAS,IFCO,6424,1788.0,24
2024-05-04,sábado,5,TREB. MINAS,IFCO,NAO_INFORMADO,3.0,1
2024-05-06,segunda-feira,0,PH CORUMBA (PF),HB,623,608.0,2
2024-05-06,segunda-feira,0,PH CORUMBA (PF),IFCO,6424,165.0,2
2024-05-06,segunda-feira,0,PH UBAJARA,IFCO,6424,280.0,1
2024-05-06,segunda-feira,0,TREB. MINAS,IFCO,6416,1078.0,38
2024-05-06,segunda-feira,0,TREB. MINAS,IFCO,6424,25.0,6
2024-05-06,segunda-feira,0,TREB. MINAS,IFCO,NAO_INFORMADO,7.0,1
2024-05-07,terça-feira,1,PH CASCAVEL,IFCO,6424,280.0,1
2024-05-07,terça-feira,1,PH UBAJARA,IFCO,6416,801.0,67
2024-05-07,terça-feira,1,PH UBAJARA,IFCO,6424,487.0,22
2024-05-07,terça-feira,1,TREB. MINAS,HB,NAO_INFORMADO,681.0,21
2024-05-07,terça-feira,1,TREB. MINAS,IFCO,6416,1367.0,32
2024-05-07,terça-feira,1,TREB. MINAS,IFCO,6424,132.0,5
2024-05-08,quarta-feira,2,PH CASCAVEL,IFCO,6424,640.0,2
2024-05-08,quarta-feira,2,PH CORUMBA (PF),HB,623,580.0,2
2024-05-08,quarta-feira,2,PH CORUMBA (PF),HB,NAO_INFORMADO,71.0,6
2024-05-08,quarta-feira,2,PH CORUMBA (PF),IFCO,6416,198.0,7
2024-05-08,quarta-feira,2,PH CORUMBA (PF),IFCO,6424,271.0,4
2024-05-08,quarta-feira,2,PH UBAJARA,IFCO,6416,16.0,1
2024-05-08,quarta-feira,2,PH UBAJARA,IFCO,6424,67.0,1
2024-05-08,quarta-feira,2,TREB. MINAS,HB,NAO_INFORMADO,114.0,13
2024-05-08,quarta-feira,2,TREB. MINAS,IFCO,6416,1417.0,60
2024-05-08,quarta-feira,2,TREB. MINAS,IFCO,6424,414.0,17
2024-05-08,quarta-feira,2,TREB. MINAS,IFCO,NAO_INFORMADO,3.0,1
2024-05-09,quinta-feira,3,PH CASCAVEL,IFCO,6424,400.0,1
2024-05-09,quinta-feira,3,PH CORUMBA (PF),HB,623,670.0,1
2024-05-09,quinta-feira,3,PH CORUMBA (PF),IFCO,6424,790.0,2
2024-05-09,quinta-feira,3,PH UBAJARA,IFCO,6416,51.0,25
2024-05-09,quinta-feira,3,PH UBAJARA,IFCO,6424,58.0,5
2024-05-09,quinta-feira,3,TREB. MINAS,HB,623,90.0,1
2024-05-09,quinta-feira,3,TREB. MINAS,HB,NAO_INFORMADO,795.0,33
2024-05-09,quinta-feira,3,TREB. MINAS,IFCO,6416,469.0,29
2024-05-09,quinta-feira,3,TREB. MINAS,IFCO,6424,62.0,4
2024-05-09,quinta-feira,3,TREB. MINAS,IFCO,NAO_INFORMADO,5.0,1
2024-05-10,sexta-feira,4,PH UBAJARA,IFCO,6416,49.0,1
2024-05-10,sexta-feira,4,TREB. MINAS,IFCO,6416,1834.6097583702847,66
2024-05-10,sexta-feira,4,TREB. MINAS,IFCO,6424,1115.4257965498152,27
2024-05-11,sábado,5,PH CASCAVEL,IFCO,6424,960.0,2
2024-05-11,sábado,5,PH CORUMBA (PF),IFCO,6424,811.0,2
2024-05-11,sábado,5,PH UBAJARA,IFCO,6416,363.0,19
2024-05-11,sábado,5,PH UBAJARA,IFCO,6424,100.0,11
2024-05-11,sábado,5,TREB. MINAS,HB,NAO_INFORMADO,307.0,5
2024-05-11,sábado,5,TREB. MINAS,IFCO,6416,1583.8273088023088,157
2024-05-11,sábado,5,TREB. MINAS,IFCO,6424,868.1052641722899,63
2024-05-13,segunda-feira,0,PH CASCAVEL,IFCO,6424,780.0,2
2024-05-13,segunda-feira,0,PH CORUMBA (PF),HB,623,670.0,2
2024-05-13,segunda-feira,0,PH CORUMBA (PF),IFCO,6424,121.0,2
2024-05-13,segunda-feira,0,PH UBAJARA,IFCO,6416,492.0,23
2024-05-13,segunda-feira,0,PH UBAJARA,IFCO,6424,2.0,2
2024-05-13,segunda-feira,0,TREB. MINAS,HB,NAO_INFORMADO,8.0,6
2024-05-13,segunda-feira,0,TREB. MINAS,IFCO,6416,900.0,36
2024-05-13,segunda-feira,0,TREB. MINAS,IFCO,6424,37.0,9
2024-05-13,segunda-feira,0,TREB. MINAS,IFCO,NAO_INFORMADO,11.0,1
2024-05-14,terça-feira,1,PH CASCAVEL,IFCO,6424,720.0,2
2024-05-14,terça-feira,1,TREB. MINAS,HB,NAO_INFORMADO,215.0,20
2024-05-14,terça-feira,1,TREB. MINAS,IFCO,6416,1574.0,80
2024-05-14,terça-feira,1,TREB. MINAS,IFCO,6424,267.19070512820514,18
2024-05-14,terça-feira,1,TREB. MINAS,IFCO,NAO_INFORMADO,4.0,1
2024-05-15,quarta-feira,2,PH CORUMBA (PF),IFCO,6416,232.0,6
2024-05-15,quarta-feira,2,PH CORUMBA (PF),IFCO,6424,380.0,7
2024-05-15,quarta-feira,2,PH UBAJARA,IFCO,6416,622.0,31
2024-05-15,quarta-feira,2,PH UBAJARA,IFCO,6424,93.0,6
2024-05-15,quarta-feira,2,TREB. MINAS,HB,623,640.0,1
2024-05-15,quarta-feira,2,TREB. MINAS,HB,NAO_INFORMADO,38.0,6
2024-05-15,quarta-feira,2,TREB. MINAS,IFCO,6416,1254.0,50
2024-05-15,quarta-feira,2,TREB. MINAS,IFCO,6424,31.0,7
2024-05-15,quarta-feira,2,TREB. MINAS,IFCO,NAO_INFORMADO,1.0,1
2024-05-16,quinta-feira,3,PH CORUMBA (PF),HB,623,670.0,2
2024-05-16,quinta-feira,3,PH UBAJARA,IFCO,6416,25.0,11
2024-05-16,quinta-feira,3,PH UBAJARA,IFCO,6424,7.0,2
2024-05-16,quinta-feira,3,TREB. MINAS,HB,NAO_INFORMADO,668.0,45
2024-05-16,quinta-feira,3,TREB. MINAS,IFCO,6416,548.0,34
2024-05-16,quinta-feira,3,TREB. MINAS,IFCO,6424,46.0,4
2024-05-16,quinta-feira,3,TREB. MINAS,IFCO,NAO_INFORMADO,2.0,1
2024-05-17,sexta-feira,4,TREB. MINAS,IFCO,6416,1140.0,31
2024-05-17,sexta-feira,4,TREB. MINAS,IFCO,6424,1.0,1
2024-05-17,sexta-feira,4,TREB. MINAS,IFCO,NAO_INFORMADO,3.0,1
2024-05-18,sábado,5,PH CORUMBA (PF),HB,623,690.0,1
2024-05-18,sábado,5,PH CORUMBA (PF),IFCO,6424,840.0,2
2024-05-18,sábado,5,PH UBAJARA,IFCO,6416,813.0,75
2024-05-18,sábado,5,PH UBAJARA,IFCO,6424,344.0,31
2024-05-18,sábado,5,TREB. MINAS,HB,NAO_INFORMADO,45.0,2
2024-05-18,sábado,5,TREB. MINAS,IFCO,6416,1496.0,64
2024-05-18,sábado,5,TREB. MINAS,IFCO,6424,133.0,7
2024-05-18,sábado,5,TREB. MINAS,IFCO,NAO_INFORMADO,2.0,1
2024-05-19,domingo,6,PH UBAJARA,IFCO,6416,166.0,17
2024-05-20,segunda-feira,0,PH CASCAVEL,IFCO,6424,1990.0,3
2024-05-20,segunda-feira,0,TREB. MINAS,HB,623,670.0,2
2024-05-20,segunda-feira,0,TREB. MINAS,HB,NAO_INFORMADO,309.0,16
2024-05-20,segunda-feira,0,TREB. MINAS,IFCO,6416,1192.0,35
2024-05-20,segunda-feira,0,TREB. MINAS,IFCO,6424,249.0,9
2024-05-20,segunda-feira,0,TREB. MINAS,IFCO,NAO_INFORMADO,7.0,1
2024-05-21,terça-feira,1,PH UBAJARA,IFCO,6416,442.0,37
2024-05-21,terça-feira,1,PH UBAJARA,IFCO,6424,44.0,8
2024-05-21,terça-feira,1,TREB. MINAS,HB,NAO_INFORMADO,146.0,14
2024-05-21,terça-feira,1,TREB. MINAS,IFCO,6416,1221.0,36
2024-05-21,terça-feira,1,TREB. MINAS,IFCO,6424,170.0,8
2024-05-21,terça-feira,1,TREB. MINAS,IFCO,NAO_INFORMADO,4.0,1
2024-05-22,quarta-feira,2,PH CORUMBA (PF),IFCO,6416,180.0,8
2024-05-22,quarta-feira,2,PH CORUMBA (PF),IFCO,6424,281.0,7
2024-05-22,quarta-feira,2,PH UBAJARA,IFCO,6416,305.0,15
2024-05-22,quarta-feira,2,PH UBAJARA,IFCO,6424,104.0,5
2024-05-22,quarta-feira,2,TREB. MINAS,HB,623,635.0,2
2024-05-22,quarta-feira,2,TREB. MINAS,HB,NAO_INFORMADO,345.0,17
2024-05-22,quarta-feira,2,TREB. MINAS,IFCO,6416,933.0,44
2024-05-22,quarta-feira,2,TREB. MINAS,IFCO,6424,907.0,9
2024-05-22,quarta-feira,2,TREB. MINAS,IFCO,NAO_INFORMADO,4.0,1
2024-05-23,quinta-feira,3,PH CORUMBA (PF),IFCO,6424,1278.0,2
2024-05-23,quinta-feira,3,PH UBAJARA,IFCO,6416,41.0,4
2024-05-23,quinta-feira,3,PH UBAJARA,IFCO,6424,7.0,2
2024-05-23,quinta-feira,3,TREB. MINAS,HB,NAO_INFORMADO,821.0,37
2024-05-23,quinta-feira,3,TREB. MINAS,IFCO,6416,739.0,34
2024-05-23,quinta-feira,3,TREB. MINAS,IFCO,6424,30.0,4
2024-05-23,quinta-feira,3,TREB. MINAS,IFCO,NAO_INFORMADO,5.0,1
2024-05-24,sexta-feira,4,PH CASCAVEL,IFCO,6424,1000.0,1
2024-05-24,sexta-feira,4,PH CORUMBA (PF),IFCO,6424,636.0,2
2024-05-24,sexta-feira,4,PH UBAJARA,IFCO,6416,173.0,12
2024-05-24,sexta-feira,4,PH UBAJARA,IFCO,6424,11.0,4
2024-05-24,sexta-feira,4,TREB. MINAS,IFCO,6416,1210.0,37
2024-05-24,sexta-feira,4,TREB. MINAS,IFCO,6424,225.0,11
2024-05-24,sexta-feira,4,TREB. MINAS,IFCO,NAO_INFORMADO,3.0,2
2024-05-25,sábado,5,PH CORUMBA (PF),HB,623,604.0,2
2024-05-25,sábado,5,PH CORUMBA (PF),IFCO,6424,640.0,1
2024-05-25,sábado,5,PH UBAJARA,IFCO,6416,281.0,7
2024-05-25,sábado,5,PH UBAJARA,IFCO,6424,80.0,2
2024-05-25,sábado,5,TREB. MINAS,HB,623,440.0,2
2024-05-25,sábado,5,TREB. MINAS,HB,NAO_INFORMADO,175.0,5
2024-05-25,sábado,5,TREB. MINAS,IFCO,6416,1975.4,93
2024-05-25,sábado,5,TREB. MINAS,IFCO,6424,803.0,17
2024-05-25,sábado,5,TREB. MINAS,IFCO,NAO_INFORMADO,1.0,1
2024-05-27,segunda-feira,0,PH CASCAVEL,IFCO,6424,1840.0,6
2024-05-27,segunda-feira,0,PH UBAJARA,IFCO,6416,382.0,9
2024-05-27,segunda-feira,0,TREB. MINAS,HB,623,670.0,2
2024-05-27,segunda-feira,0,TREB. MINAS,HB,NAO_INFORMADO,13.0,7
2024-05-27,segunda-feira,0,TREB. MINAS,IFCO,6416,759.0,31
2024-05-27,segunda-feira,0,TREB. MINAS,IFCO,6424,1.0,1
2024-05-27,segunda-feira,0,TREB. MINAS,IFCO,NAO_INFORMADO,5.0,1
2024-05-28,terça-feira,1,PH CASCAVEL,IFCO,6424,800.0,1
2024-05-28,terça-feira,1,PH CORUMBA (PF),IFCO,6424,631.0,2
2024-05-28,terça-feira,1,PH UBAJARA,IFCO,6416,420.0,16
2024-05-28,terça-feira,1,PH UBAJARA,IFCO,6424,46.0,5
2024-05-28,terça-feira,1,TREB. MINAS,IFCO,6416,1193.0,27
2024-05-28,terça-feira,1,TREB. MINAS,IFCO,6424,959.0,8
2024-05-29,quarta-feira,2,PH CASCAVEL,IFCO,6424,1040.0,1
2024-05-29,quarta-feira,2,PH CORUMBA (PF),IFCO,6416,90.0,3
2024-05-29,quarta-feira,2,PH CORUMBA (PF),IFCO,6424,158.0,3
2024-05-29,quarta-feira,2,PH UBAJARA,IFCO,6416,334.0,13
2024-05-29,quarta-feira,2,PH UBAJARA,IFCO,6424,237.0,4
2024-05-29,quarta-feira,2,TREB. MINAS,HB,NAO_INFORMADO,359.0,24
2024-05-29,quarta-feira,2,TREB. MINAS,IFCO,6416,1236.0,58
2024-05-29,quarta-feira,2,TREB. MINAS,IFCO,6424,167.0,16
2024-05-29,quarta-feira,2,TREB. MINAS,IFCO,NAO_INFORMADO,5.0,1
2024-05-30,quinta-feira,3,TREBESCHI DF,IFCO,6416,20.0,1
2024-05-31,sexta-feira,4,PH CASCAVEL,IFCO,6424,1120.0,5
2024-05-31,sexta-feira,4,PH UBAJARA,IFCO,6416,534.0,46
2024-05-31,sexta-feira,4,PH UBAJARA,IFCO,6424,36.0,5
2024-05-31,sexta-feira,4,TREB. MINAS,HB,NAO_INFORMADO,203.0,19
2024-05-31,sexta-feira,4,TREB. MINAS,IFCO,6416,1620.0,37
2024-05-31,sexta-feira,4,TREB. MINAS,IFCO,6424,222.0,7
2024-05-31,sexta-feira,4,TREB. MINAS,IFCO,NAO_INFORMADO,6.0,2
2024-06-01,sábado,5,PH CORUMBA (PF),IFCO,6424,1745.0,6
2024-06-01,sábado,5,PH UBAJARA,IFCO,6416,1103.0,76
2024-06-01,sábado,5,PH UBAJARA,IFCO,6424,285.0,22
2024-06-01,sábado,5,TREB. MINAS,HB,NAO_INFORMADO,294.0,11
2024-06-01,sábado,5,TREB. MINAS,IFCO,6416,1157.0,50
2024-06-01,sábado,5,TREB. MINAS,IFCO,6424,1027.0,8
2024-06-01,sábado,5,TREB. MINAS,IFCO,NAO_INFORMADO,3.0,1
2024-06-03,segunda-feira,0,PH CASCAVEL,IFCO,6424,1040.0,1
2024-06-03,segunda-feira,0,PH UBAJARA,IFCO,6416,540.0,18
2024-06-03,segunda-feira,0,TREB. MINAS,HB,NAO_INFORMADO,47.0,12
2024-06-03,segunda-feira,0,TREB. MINAS,IFCO,6416,1201.0,41
2024-06-03,segunda-feira,0,TREB. MINAS,IFCO,6424,993.0,14
2024-06-03,segunda-feira,0,TREB. MINAS,IFCO,NAO_INFORMADO,5.0,1
2024-06-04,terça-feira,1,PH CASCAVEL,IFCO,6424,800.0,1
2024-06-04,terça-feira,1,PH CORUMBA (PF),IFCO,6424,745.0,2
2024-06-04,terça-feira,1,PH UBAJARA,IFCO,6416,362.3333333333333,26
2024-06-04,terça-feira,1,PH UBAJARA,IFCO,6424,103.82394156231365,13
2024-06-04,terça-feira,1,TREB. MINAS,HB,623,489.0,2
2024-06-04,terça-feira,1,TREB. MINAS,HB,NAO_INFORMADO,413.0,16
2024-06-04,terça-feira,1,TREB. MINAS,IFCO,6416,1864.0,38
2024-06-04,terça-feira,1,TREB. MINAS,IFCO,6424,577.0,10
2024-06-04,terça-feira,1,TREB. MINAS,IFCO,NAO_INFORMADO,2.0,1
2024-06-05,quarta-feira,2,PH CASCAVEL,IFCO,6424,560.0,1
2024-06-05,quarta-feira,2,PH CORUMBA (PF),IFCO,6416,192.0,6
2024-06-05,quarta-feira,2,PH CORUMBA (PF),IFCO,6424,1381.0,9
2024-06-05,quarta-feira,2,PH UBAJARA,IFCO,6416,369.0,48
2024-06-05,quarta-feira,2,PH UBAJARA,IFCO,6424,398.0,20
2024-06-05,quarta-feira,2,TREB. CEAGESP,IFCO,6424,45.0,1
2024-06-05,quarta-feira,2,TREB. MINAS,HB,NAO_INFORMADO,146.0,18
2024-06-05,quarta-feira,2,TREB. MINAS,IFCO,6416,1536.6666666666667,70
2024-06-05,quarta-feira,2,TREB. MINAS,IFCO,6424,215.0,9
2024-06-05,quarta-feira,2,TREB. MINAS,IFCO,NAO_INFORMADO,3.0,1
2024-06-06,quinta-feira,3,PH CORUMBA (PF),IFCO,6424,640.0,2
2024-06-06,quinta-feira,3,PH UBAJARA,IFCO,6416,462.0,7
2024-06-06,quinta-feira,3,PH UBAJARA,IFCO,6424,33.0,2
2024-06-06,quinta-feira,3,TREB. MINAS,HB,623,574.0,4
2024-06-06,quinta-feira,3,TREB. MINAS,HB,NAO_INFORMADO,1035.0,46
2024-06-06,quinta-feira,3,TREB. MINAS,IFCO,6416,583.0,22
2024-06-06,quinta-feira,3,TREB. MINAS,IFCO,6424,814.0,6
2024-06-06,quinta-feira,3,TREB. MINAS,IFCO,NAO_INFORMADO,2.0,1
2024-06-07,sexta-feira,4,PH CASCAVEL,IFCO,6424,640.0,2
2024-06-07,sexta-feira,4,PH UBAJARA,IFCO,6416,105.0,7
2024-06-07,sexta-feira,4,PH UBAJARA,IFCO,6424,401.0,9
2024-06-07,sexta-feira,4,TREB. MINAS,HB,NAO_INFORMADO,200.0,1
2024-06-07,sexta-feira,4,TREB. MINAS,IFCO,6416,1441.0,31
2024-06-07,sexta-feira,4,TREB. MINAS,IFCO,6424,840.0,2
2024-06-07,sexta-feira,4,TREB. MINAS,IFCO,NAO_INFORMADO,3.0,2
2024-06-08,sábado,5,PH CASCAVEL,IFCO,6424,1910.0,5
2024-06-08,sábado,5,PH CORUMBA (PF),HB,623,1313.0,3
2024-06-08,sábado,5,PH CORUMBA (PF),IFCO,6424,820.0,3
2024-06-08,sábado,5,PH UBAJARA,IFCO,6416,818.75,69
2024-06-08,sábado,5,PH UBAJARA,IFCO,6424,412.0,28
2024-06-08,sábado,5,TREB. MINAS,HB,NAO_INFORMADO,175.0,5
2024-06-08,sábado,5,TREB. MINAS,IFCO,6416,1919.0,69
2024-06-08,sábado,5,TREB. MINAS,IFCO,6424,1073.0,13
2024-06-08,sábado,5,TREB. MINAS,IFCO,NAO_INFORMADO,1.0,1
2024-06-08,sábado,5,TREBESCHI DF,IFCO,6416,55.5555555555556,1
2024-06-10,segunda-feira,0,PH CASCAVEL,IFCO,6424,640.0,1
2024-06-10,segunda-feira,0,TREB. MINAS,HB,NAO_INFORMADO,11.0,9
2024-06-10,segunda-feira,0,TREB. MINAS,IFCO,6416,1020.0,36
2024-06-10,segunda-feira,0,TREB. MINAS,IFCO,6424,830.0,11
2024-06-10,segunda-feira,0,TREB. MINAS,IFCO,NAO_INFORMADO,6.0,1
2024-06-11,terça-feira,1,PH CORUMBA (PF),HB,623,540.0,2
2024-06-11,terça-feira,1,PH CORUMBA (PF),HB,NAO_INFORMADO,39.0,5
2024-06-11,terça-feira,1,PH CORUMBA (PF),IFCO,6424,640.0,2
2024-06-11,terça-feira,1,PH UBAJARA,IFCO,6416,306.0,37
2024-06-11,terça-feira,1,PH UBAJARA,IFCO,6424,51.0,14
2024-06-11,terça-feira,1,TREB. MINAS,HB,NAO_INFORMADO,38.0,4
2024-06-11,terça-feira,1,TREB. MINAS,IFCO,6416,1395.0,32
2024-06-11,terça-feira,1,TREB. MINAS,IFCO,6424,2371.0,11
2024-06-11,terça-feira,1,TREB. MINAS,IFCO,NAO_INFORMADO,3.0,1
2024-06-12,quarta-feira,2,PH ALHO/CEBOLA,IFCO,6424,560.0,1
2024-06-12,quarta-feira,2,PH CASCAVEL,IFCO,6424,1280.0,2
2024-06-12,quarta-feira,2,PH CORUMBA (PF),IFCO,6416,122.0,3
2024-06-12,quarta-feira,2,PH CORUMBA (PF),IFCO,6424,342.0,5
2024-06-12,quarta-feira,2,PH UBAJARA,IFCO,6416,282.0,20
2024-06-12,quarta-feira,2,PH UBAJARA,IFCO,6424,118.0,8
2024-06-12,quarta-feira,2,TREB. MINAS,HB,623,640.0,1
2024-06-12,quarta-feira,2,TREB. MINAS,HB,NAO_INFORMADO,517.0,33
2024-06-12,quarta-feira,2,TREB. MINAS,IFCO,6416,1176.0,53
2024-06-12,quarta-feira,2,TREB. MINAS,IFCO,6424,184.0,10
2024-06-12,quarta-feira,2,TREB. MINAS,IFCO,NAO_INFORMADO,3.0,1
2024-06-13,quinta-feira,3,PH ALHO/CEBOLA,IFCO,6424,640.0,1
2024-06-13,quinta-feira,3,PH CORUMBA (PF),HB,623,690.0,2
2024-06-13,quinta-feira,3,PH CORUMBA (PF),IFCO,6424,640.0,1
2024-06-13,quinta-feira,3,PH UBAJARA,IFCO,6416,220.0,17
2024-06-13,quinta-feira,3,PH UBAJARA,IFCO,6424,1.0,1
2024-06-13,quinta-feira,3,TREB. MINAS,HB,623,22.0,2
2024-06-13,quinta-feira,3,TREB. MINAS,HB,NAO_INFORMADO,780.0,45
2024-06-13,quinta-feira,3,TREB. MINAS,IFCO,6416,696.0,23
2024-06-13,quinta-feira,3,TREB. MINAS,IFCO,6424,1486.0,9
2024-06-13,quinta-feira,3,TREB. MINAS,IFCO,NAO_INFORMADO,3.0,1
2024-06-14,sexta-feira,4,PH ALHO/CEBOLA,IFCO,6424,1200.0,1
2024-06-14,sexta-feira,4,PH CORUMBA (PF),IFCO,6424,640.0,1
2024-06-14,sexta-feira,4,PH UBAJARA,IFCO,6416,754.0,22
2024-06-14,sexta-feira,4,PH UBAJARA,IFCO,6424,84.0,3
2024-06-14,sexta-feira,4,TREB. MINAS,IFCO,6416,1219.0,30
2024-06-14,sexta-feira,4,TREB. MINAS,IFCO,6424,120.0,1
2024-06-14,sexta-feira,4,TREB. MINAS,IFCO,NAO_INFORMADO,3.0,2
2024-06-15,sábado,5,PH CORUMBA (PF),HB,623,640.0,1
2024-06-15,sábado,5,PH CORUMBA (PF),IFCO,6416,1.0,1
2024-06-15,sábado,5,PH CORUMBA (PF),IFCO,6424,449.0,3
2024-06-15,sábado,5,PH UBAJARA,IFCO,6416,1002.0,121
2024-06-15,sábado,5,PH UBAJARA,IFCO,6424,411.0,39
2024-06-15,sábado,5,TREB. MINAS,HB,NAO_INFORMADO,562.0,9
2024-06-15,sábado,5,TREB. MINAS,IFCO,6416,2417.1111111111113,80
2024-06-15,sábado,5,TREB. MINAS,IFCO,6424,727.0,24
2024-06-15,sábado,5,TREB. MINAS,IFCO,NAO_INFORMADO,2.0,1
2024-06-17,segunda-feira,0,PH CORUMBA (PF),HB,623,640.0,2
2024-06-17,segunda-feira,0,PH CORUMBA (PF),IFCO,6424,120.0,2
2024-06-17,segunda-feira,0,PH UBAJARA,IFCO,6416,305.0,16
2024-06-17,segunda-feira,0,TREB. MINAS,HB,623,670.0,2
2024-06-17,segunda-feira,0,TREB. MINAS,HB,NAO_INFORMADO,14.0,8
2024-06-17,segunda-feira,0,TREB. MINAS,IFCO,6416,1128.0,32
2024-06-17,segunda-feira,0,TREB. MINAS,IFCO,6424,18.0,4
2024-06-17,segunda-feira,0,TREB. MINAS,IFCO,NAO_INFORMADO,4.0,1
2024-06-18,terça-feira,1,PH CASCAVEL,IFCO,6424,1040.0,1
2024-06-18,terça-feira,1,PH CORUMBA (PF),IFCO,6416,100.0,2
2024-06-18,terça-feira,1,PH CORUMBA (PF),IFCO,6424,890.0,3
2024-06-18,terça-feira,1,TREB. MINAS,HB,NAO_INFORMADO,409.0,10
2024-06-18,terça-feira,1,TREB. MINAS,IFCO,6416,1551.0,35
2024-06-18,terça-feira,1,TREB. MINAS,IFCO,6424,1751.0,10
2024-06-18,terça-feira,1,TREB. MINAS,IFCO,NAO_INFORMADO,2.0,1
2024-06-19,quarta-feira,2,PH CORUMBA (PF),HB,623,1340.0,2
2024-06-19,quarta-feira,2,PH CORUMBA (PF),IFCO,6416,114.0,5
2024-06-19,quarta-feira,2,PH CORUMBA (PF),IFCO,6424,57.0,3
2024-06-19,quarta-feira,2,PH UBAJARA,IFCO,6416,369.0,38
2024-06-19,quarta-feira,2,PH UBAJARA,IFCO,6424,226.0,18
2024-06-19,quarta-feira,2,TREB. MINAS,HB,623,670.0,1
2024-06-19,quarta-feira,2,TREB. MINAS,IFCO,6416,1522.0,60
2024-06-19,quarta-feira,2,TREB. MINAS,IFCO,6424,1785.0,13
2024-06-19,quarta-feira,2,TREB. MINAS,IFCO,NAO_INFORMADO,5.0,1
2024-06-20,quinta-feira,3,PH CASCAVEL,IFCO,6424,676.0,1
2024-06-20,quinta-feira,3,PH CORUMBA (PF),IFCO,6424,1405.0,4
2024-06-20,quinta-feira,3,PH UBAJARA,IFCO,6416,434.0,25
2024-06-20,quinta-feira,3,PH UBAJARA,IFCO,6424,67.0,4
2024-06-20,quinta-feira,3,TREB. MINAS,HB,623,673.0,2
2024-06-20,quinta-feira,3,TREB. MINAS,HB,NAO_INFORMADO,1032.0,33
2024-06-20,quinta-feira,3,TREB. MINAS,IFCO,6416,575.0,22
2024-06-20,quinta-feira,3,TREB. MINAS,IFCO,6424,298.0,6
2024-06-20,quinta-feira,3,TREB. MINAS,IFCO,NAO_INFORMADO,4.0,1
2024-06-21,sexta-feira,4,PH CASCAVEL,IFCO,6424,622.0,1
2024-06-21,sexta-feira,4,PH CORUMBA (PF),IFCO,6424,960.0,2
2024-06-21,sexta-feira,4,PH UBAJARA,IFCO,6416,501.0,19
2024-06-21,sexta-feira,4,PH UBAJARA,IFCO,6424,33.0,4
2024-06-21,sexta-feira,4,TREB. MINAS,HB,623,80.0,1
2024-06-21,sexta-feira,4,TREB. MINAS,HB,NAO_INFORMADO,398.0,12
2024-06-21,sexta-feira,4,TREB. MINAS,IFCO,6416,1274.0,31
2024-06-21,sexta-feira,4,TREB. MINAS,IFCO,6424,1.0,1
2024-06-21,sexta-feira,4,TREB. MINAS,IFCO,NAO_INFORMADO,3.0,2
2024-06-22,sábado,5,PH CORUMBA (PF),HB,623,1140.0,4
2024-06-22,sábado,5,PH CORUMBA (PF),IFCO,6424,640.0,1
2024-06-22,sábado,5,PH UBAJARA,IFCO,6416,723.952380952381,110
2024-06-22,sábado,5,PH UBAJARA,IFCO,6424,144.0,34
2024-06-22,sábado,5,TREB. MINAS,HB,623,1270.0,3
2024-06-22,sábado,5,TREB. MINAS,HB,NAO_INFORMADO,605.0,15
2024-06-22,sábado,5,TREB. MINAS,IFCO,6416,2150.0,71
2024-06-22,sábado,5,TREB. MINAS,IFCO,6424,1604.0,22
2024-06-22,sábado,5,TREB. MINAS,IFCO,NAO_INFORMADO,1.0,1
2024-06-24,segunda-feira,0,PH UBAJARA,IFCO,6416,400.0,23
2024-06-24,segunda-feira,0,TREB. MINAS,HB,NAO_INFORMADO,103.0,4
2024-06-24,segunda-feira,0,TREB. MINAS,IFCO,6416,1144.0,32
2024-06-24,segunda-feira,0,TREB. MINAS,IFCO,6424,797.0,10
2024-06-24,segunda-feira,0,TREB. MINAS,IFCO,NAO_INFORMADO,6.0,1
2024-06-25,terça-feira,1,PH CORUMBA (PF),HB,623,670.0,1
2024-06-25,terça-feira,1,PH CORUMBA (PF),IFCO,6424,640.0,1
2024-06-25,terça-feira,1,TREB. MINAS,HB,NAO_INFORMADO,35.0,2
2024-06-25,terça-feira,1,TREB. MINAS,IFCO,6416,1595.0,42
2024-06-25,terça-feira,1,TREB. MINAS,IFCO,6424,1451.0,9
2024-06-25,terça-feira,1,TREB. MINAS,IFCO,NAO_INFORMADO,2.0,1
2024-06-26,quarta-feira,2,PH CORUMBA (PF),IFCO,6416,189.0,6
2024-06-26,quarta-feira,2,PH CORUMBA (PF),IFCO,6424,114.0,4
2024-06-26,quarta-feira,2,PH UBAJARA,IFCO,6416,532.0,57
2024-06-26,quarta-feira,2,PH UBAJARA,IFCO,6424,216.0,19
2024-06-26,quarta-feira,2,TREB. MINAS,HB,623,810.0,3
2024-06-26,quarta-feira,2,TREB. MINAS,HB,NAO_INFORMADO,842.0,26
2024-06-26,quarta-feira,2,TREB. MINAS,IFCO,6416,1452.0,58
2024-06-26,quarta-feira,2,TREB. MINAS,IFCO,6424,131.0,6
2024-06-26,quarta-feira,2,TREB. MINAS,IFCO,NAO_INFORMADO,3.0,1
2024-06-27,quinta-feira,3,PH CORUMBA (PF),IFCO,6424,1120.0,1
2024-06-27,quinta-feira,3,PH UBAJARA,IFCO,6416,3.0,1
2024-06-27,quinta-feira,3,PH UBAJARA,IFCO,6424,1.0,1
2024-06-27,quinta-feira,3,TREB. MINAS,HB,623,25.0,2
2024-06-27,quinta-feira,3,TREB. MINAS,HB,NAO_INFORMADO,898.0,45
2024-06-27,quinta-feira,3,TREB. MINAS,IFCO,6416,918.0,23
2024-06-27,quinta-feira,3,TREB. MINAS,IFCO,6424,2325.0,12
2024-06-27,quinta-feira,3,TREB. MINAS,IFCO,NAO_INFORMADO,3.0,1
2024-06-28,sexta-feira,4,PH UBAJARA,IFCO,6416,25.0,1
2024-06-28,sexta-feira,4,TREB. MINAS,HB,623,270.0,2
2024-06-28,sexta-feira,4,TREB. MINAS,HB,NAO_INFORMADO,90.0,1
2024-06-28,sexta-feira,4,TREB. MINAS,IFCO,6416,1059.0,29
2024-06-28,sexta-feira,4,TREB. MINAS,IFCO,6424,1279.0,4
2024-06-28,sexta-feira,4,TREB. MINAS,IFCO,NAO_INFORMADO,3.0,2
2024-06-29,sábado,5,PH CORUMBA (PF),HB,623,690.0,1
2024-06-29,sábado,5,PH UBAJARA,IFCO,6416,894.0,73
2024-06-29,sábado,5,PH UBAJARA,IFCO,6424,413.0,36
2024-06-29,sábado,5,TREB. MINAS,HB,623,1795.0,2
2024-06-29,sábado,5,TREB. MINAS,HB,NAO_INFORMADO,1002.0,8
2024-06-29,sábado,5,TREB. MINAS,IFCO,6416,1015.0,31
2024-06-29,sábado,5,TREB. MINAS,IFCO,6424,662.0,14
2024-06-29,sábado,5,TREB. MINAS,IFCO,NAO_INFORMADO,2.0,1
2024-07-01,segunda-feira,0,PH CORUMBA (PF),IFCO,6424,1234.0,3
2024-07-01,segunda-feira,0,PH UBAJARA,IFCO,6416,511.0,34
2024-07-01,segunda-feira,0,PH UBAJARA,IFCO,6424,91.0,4
2024-07-01,segunda-feira,0,TREB. MINAS,HB,623,670.0,1
2024-07-01,segunda-feira,0,TREB. MINAS,HB,NAO_INFORMADO,7.0,7
2024-07-01,segunda-feira,0,TREB. MINAS,IFCO,6416,1179.3333333333333,42
2024-07-01,segunda-feira,0,TREB. MINAS,IFCO,6424,242.0,9
2024-07-01,segunda-feira,0,TREB. MINAS,IFCO,NAO_INFORMADO,6.0,1
2024-07-02,terça-feira,1,PH CORUMBA (PF),HB,623,670.0,1
2024-07-02,terça-feira,1,PH CORUMBA (PF),IFCO,6424,1120.0,2
2024-07-02,terça-feira,1,PH UBAJARA,IFCO,6416,133.0,22
2024-07-02,terça-feira,1,PH UBAJARA,IFCO,6424,28.0,7
2024-07-02,terça-feira,1,TREB. MINAS,HB,NAO_INFORMADO,93.0,8
2024-07-02,terça-feira,1,TREB. MINAS,IFCO,6416,1498.4,39
2024-07-02,terça-feira,1,TREB. MINAS,IFCO,6424,766.0,13
2024-07-02,terça-feira,1,TREB. MINAS,IFCO,NAO_INFORMADO,1.0,1
2024-07-03,quarta-feira,2,PH CORUMBA (PF),HB,623,690.0,2
2024-07-03,quarta-feira,2,PH CORUMBA (PF),IFCO,6416,162.0,6
2024-07-03,quarta-feira,2,PH CORUMBA (PF),IFCO,6424,656.0,4
2024-07-03,quarta-feira,2,PH UBAJARA,IFCO,6416,485.0,27
2024-07-03,quarta-feira,2,PH UBAJARA,IFCO,6424,82.0,7
2024-07-03,quarta-feira,2,TREB. MINAS,HB,623,1260.0,2
2024-07-03,quarta-feira,2,TREB. MINAS,IFCO,6416,1702.0,74
2024-07-03,quarta-feira,2,TREB. MINAS,IFCO,6424,401.0,9
2024-07-03,quarta-feira,2,TREB. MINAS,IFCO,NAO_INFORMADO,2.0,1
2024-07-04,quinta-feira,3,PH CORUMBA (PF),HB,623,670.0,1
2024-07-04,quinta-feira,3,PH UBAJARA,IFCO,6416,151.0,22
2024-07-04,quinta-feira,3,PH UBAJARA,IFCO,6424,11.0,2
2024-07-04,quinta-feira,3,TREB. MINAS,HB,623,1620.0,4
2024-07-04,quinta-feira,3,TREB. MINAS,HB,NAO_INFORMADO,1743.0,60
2024-07-04,quinta-feira,3,TREB. MINAS,IFCO,6416,161.0,14
2024-07-04,quinta-feira,3,TREB. MINAS,IFCO,6424,107.0,5
2024-07-05,sexta-feira,4,PH CORUMBA (PF),IFCO,6424,640.0,1
2024-07-05,sexta-feira,4,PH UBAJARA,IFCO,6416,471.0,15
2024-07-05,sexta-feira,4,PH UBAJARA,IFCO,6424,210.0,5
2024-07-05,sexta-feira,4,TREB. MINAS,HB,623,225.0,2
2024-07-05,sexta-feira,4,TREB. MINAS,HB,NAO_INFORMADO,585.0,8
2024-07-05,sexta-feira,4,TREB. MINAS,IFCO,6416,1086.0,29
2024-07-05,sexta-feira,4,TREB. MINAS,IFCO,6424,760.0,2
2024-07-05,sexta-feira,4,TREB. MINAS,IFCO,NAO_INFORMADO,4.0,1
2024-07-06,sábado,5,PH CORUMBA (PF),HB,623,690.0,1
2024-07-06,sábado,5,PH CORUMBA (PF),IFCO,6424,916.0,4
2024-07-06,sábado,5,PH UBAJARA,IFCO,6416,662.0,91
2024-07-06,sábado,5,PH UBAJARA,IFCO,6424,509.0,43
2024-07-06,sábado,5,TREB. MINAS,HB,623,2560.0,3
2024-07-06,sábado,5,TREB. MINAS,HB,NAO_INFORMADO,753.0,10
2024-07-06,sábado,5,TREB. MINAS,IFCO,6416,754.0,37
2024-07-06,sábado,5,TREB. MINAS,IFCO,6424,803.0,11
2024-07-06,sábado,5,TREB. MINAS,IFCO,NAO_INFORMADO,1.0,1
2024-07-08,segunda-feira,0,PH UBAJARA,IFCO,6416,366.0,25
2024-07-08,segunda-feira,0,PH UBAJARA,IFCO,6424,27.0,4
2024-07-08,segunda-feira,0,TREB. MINAS,HB,NAO_INFORMADO,2.0,2
2024-07-08,segunda-feira,0,TREB. MINAS,IFCO,6416,429.0,30
2024-07-08,segunda-feira,0,TREB. MINAS,IFCO,6424,770.0,8
2024-07-08,segunda-feira,0,TREB. MINAS,IFCO,NAO_INFORMADO,5.0,1
2024-07-09,terça-feira,1,PH CORUMBA (PF),HB,623,1330.0,3
2024-07-09,terça-feira,1,PH CORUMBA (PF),IFCO,6424,400.0,2
2024-07-09,terça-feira,1,PH UBAJARA,IFCO,6416,583.0,19
2024-07-09,terça-feira,1,PH UBAJARA,IFCO,6424,11.0,4
2024-07-09,terça-feira,1,TREB. MINAS,HB,NAO_INFORMADO,983.0,24
2024-07-09,terça-feira,1,TREB. MINAS,IFCO,6416,1235.0,36
2024-07-09,terça-feira,1,TREB. MINAS,IFCO,6424,516.0,18
2024-07-09,terça-feira,1,TREB. MINAS,IFCO,NAO_INFORMADO,1.0,1
2024-07-10,quarta-feira,2,PH CORUMBA (PF),HB,623,945.0,1
2024-07-10,quarta-feira,2,PH CORUMBA (PF),IFCO,6416,157.0,6
2024-07-10,quarta-feira,2,PH CORUMBA (PF),IFCO,6424,15.0,3
2024-07-10,quarta-feira,2,PH UBAJARA,IFCO,6416,226.0,18
2024-07-10,quarta-feira,2,PH UBAJARA,IFCO,6424,29.0,2
2024-07-10,quarta-feira,2,TREB. MINAS,HB,623,670.0,1
2024-07-10,quarta-feira,2,TREB. MINAS,HB,NAO_INFORMADO,589.0,15
2024-07-10,quarta-feira,2,TREB. MINAS,IFCO,6416,1569.0,73
2024-07-10,quarta-feira,2,TREB. MINAS,IFCO,6424,1323.0,12
2024-07-10,quarta-feira,2,TREB. MINAS,IFCO,NAO_INFORMADO,4.0,1
2024-07-11,quinta-feira,3,PH CORUMBA (PF),HB,623,1340.0,3
2024-07-11,quinta-feira,3,PH CORUMBA (PF),IFCO,6424,1520.0,3
2024-07-11,quinta-feira,3,PH UBAJARA,IFCO,6416,215.0,33
2024-07-11,quinta-feira,3,PH UBAJARA,IFCO,6424,355.0,19
2024-07-11,quinta-feira,3,TREB. MINAS,HB,623,1401.0,5
2024-07-11,quinta-feira,3,TREB. MINAS,HB,NAO_INFORMADO,879.0,39
2024-07-11,quinta-feira,3,TREB. MINAS,IFCO,6416,498.0,31
2024-07-11,quinta-feira,3,TREB. MINAS,IFCO,6424,254.0,16
2024-07-11,quinta-feira,3,TREB. MINAS,IFCO,NAO_INFORMADO,3.0,1
2024-07-12,sexta-feira,4,PH CORUMBA (PF),IFCO,6424,800.0,1
2024-07-12,sexta-feira,4,PH UBAJARA,IFCO,6416,307.0,3
2024-07-12,sexta-feira,4,TREB. MINAS,IFCO,6416,1257.0,35
2024-07-12,sexta-feira,4,TREB. MINAS,IFCO,6424,240.0,2
2024-07-12,sexta-feira,4,TREB. MINAS,IFCO,NAO_INFORMADO,3.0,2
2024-07-13,sábado,5,PH CORUMBA (PF),IFCO,6424,1085.0,1
2024-07-13,sábado,5,PH UBAJARA,IFCO,6416,1373.0,134
2024-07-13,sábado,5,PH UBAJARA,IFCO,6424,390.0,41
2024-07-13,sábado,5,TREB. MINAS,HB,623,1875.0,3
2024-07-13,sábado,5,TREB. MINAS,HB,NAO_INFORMADO,242.0,14
2024-07-13,sábado,5,TREB. MINAS,IFCO,6416,2362.0,53
2024-07-13,sábado,5,TREB. MINAS,IFCO,6424,809.0,16
2024-07-13,sábado,5,TREB. MINAS,IFCO,NAO_INFORMADO,1.0,1
2024-07-15,segunda-feira,0,PH CORUMBA (PF),HB,623,690.0,2
2024-07-15,segunda-feira,0,PH UBAJARA,IFCO,6416,399.0,23
2024-07-15,segunda-feira,0,PH UBAJARA,IFCO,6424,25.0,2
2024-07-15,segunda-feira,0,TREB. MINAS,HB,623,670.0,1
2024-07-15,segunda-feira,0,TREB. MINAS,IFCO,6416,781.0,21
2024-07-15,segunda-feira,0,TREB. MINAS,IFCO,6424,782.0,4
2024-07-15,segunda-feira,0,TREB. MINAS,IFCO,NAO_INFORMADO,4.0,1
2024-07-16,terça-feira,1,PH CORUMBA (PF),HB,623,690.0,2
2024-07-16,terça-feira,1,PH CORUMBA (PF),IFCO,6424,145.0,1
2024-07-16,terça-feira,1,PH UBAJARA,IFCO,6416,206.28571428571428,56
2024-07-16,terça-feira,1,PH UBAJARA,IFCO,6424,74.0,24
2024-07-16,terça-feira,1,TREB. MINAS,HB,NAO_INFORMADO,308.0,13
2024-07-16,terça-feira,1,TREB. MINAS,IFCO,6416,2033.0,34
2024-07-16,terça-feira,1,TREB. MINAS,IFCO,6424,927.0,9
2024-07-16,terça-feira,1,TREB. MINAS,IFCO,NAO_INFORMADO,2.0,1
2024-07-17,quarta-feira,2,PH CORUMBA (PF),IFCO,6416,99.0,6
2024-07-17,quarta-feira,2,PH CORUMBA (PF),IFCO,6424,1125.0,4
2024-07-17,quarta-feira,2,PH UBAJARA,IFCO,6416,148.0,17
2024-07-17,quarta-feira,2,PH UBAJARA,IFCO,6424,128.0,4
2024-07-17,quarta-feira,2,TREB. MINAS,HB,623,1260.0,1
2024-07-17,quarta-feira,2,TREB. MINAS,HB,NAO_INFORMADO,6.0,6
2024-07-17,quarta-feira,2,TREB. MINAS,IFCO,6416,909.0,40
2024-07-17,quarta-feira,2,TREB. MINAS,IFCO,6424,1447.0,14
2024-07-18,quinta-feira,3,PH CORUMBA (PF),HB,623,670.0,1
2024-07-18,quinta-feira,3,PH CORUMBA (PF),IFCO,6424,1120.0,1
2024-07-18,quinta-feira,3,PH UBAJARA,IFCO,6416,52.0,12
2024-07-18,quinta-feira,3,PH UBAJARA,IFCO,6424,27.0,6
2024-07-18,quinta-feira,3,TREB. MINAS,HB,623,720.0,1
2024-07-18,quinta-feira,3,TREB. MINAS,HB,NAO_INFORMADO,1074.0,29
2024-07-18,quinta-feira,3,TREB. MINAS,IFCO,6416,780.0,28
2024-07-18,quinta-feira,3,TREB. MINAS,IFCO,6424,70.0,6
2024-07-18,quinta-feira,3,TREB. MINAS,IFCO,NAO_INFORMADO,8.0,1
2024-07-18,quinta-feira,3,TREBESCHI DF,IFCO,6424,32.0,8
2024-07-19,sexta-feira,4,PH CORUMBA (PF),IFCO,6424,2240.0,2
2024-07-19,sexta-feira,4,PH UBAJARA,IFCO,6416,65.0,24
2024-07-19,sexta-feira,4,PH UBAJARA,IFCO,6424,27.0,9
2024-07-19,sexta-feira,4,TREB. MINAS,HB,623,200.0,1
2024-07-19,sexta-feira,4,TREB. MINAS,IFCO,6416,2041.0,38
2024-07-19,sexta-feira,4,TREB. MINAS,IFCO,6424,2401.0,6
2024-07-19,sexta-feira,4,TREBESCHI DF,IFCO,6424,17.0,2
2024-07-20,sábado,5,PH CORUMBA (PF),HB,623,690.0,1
2024-07-20,sábado,5,PH CORUMBA (PF),IFCO,6424,2400.0,4
2024-07-20,sábado,5,PH UBAJARA,IFCO,6416,1150.0,111
2024-07-20,sábado,5,PH UBAJARA,IFCO,6424,550.0,39
2024-07-20,sábado,5,TREB. MINAS,HB,623,1340.0,2
2024-07-20,sábado,5,TREB. MINAS,HB,NAO_INFORMADO,410.0,28
2024-07-20,sábado,5,TREB. MINAS,IFCO,6416,1500.0,54
2024-07-20,sábado,5,TREB. MINAS,IFCO,6424,144.0,10
2024-07-20,sábado,5,TREB. MINAS,IFCO,NAO_INFORMADO,1.0,1
2024-07-22,segunda-feira,0,PH UBAJARA,IFCO,6416,396.0,32
2024-07-22,segunda-feira,0,PH UBAJARA,IFCO,6424,130.0,9
2024-07-22,segunda-feira,0,TREB. MINAS,HB,NAO_INFORMADO,829.0,25
2024-07-22,segunda-feira,0,TREB. MINAS,IFCO,6416,1441.0,41
2024-07-22,segunda-feira,0,TREB. MINAS,IFCO,6424,645.0,8
2024-07-22,segunda-feira,0,TREB. MINAS,IFCO,NAO_INFORMADO,5.0,1
2024-07-22,segunda-feira,0,TREBESCHI DF,IFCO,6424,13.0,3
2024-07-23,terça-feira,1,PH CORUMBA (PF),IFCO,6424,150.0,1
2024-07-23,terça-feira,1,PH UBAJARA,IFCO,6416,208.0,7
2024-07-23,terça-feira,1,PH UBAJARA,IFCO,6424,6.0,2
2024-07-23,terça-feira,1,TREB. MINAS,HB,NAO_INFORMADO,473.0,16
2024-07-23,terça-feira,1,TREB. MINAS,IFCO,6416,2225.0,45
2024-07-23,terça-feira,1,TREB. MINAS,IFCO,6424,1102.0,16
2024-07-23,terça-feira,1,TREB. MINAS,IFCO,NAO_INFORMADO,3.0,1
2024-07-24,quarta-feira,2,PH CORUMBA (PF),HB,623,1316.0,2
2024-07-24,quarta-feira,2,PH CORUMBA (PF),IFCO,6416,82.0,5
2024-07-24,quarta-feira,2,PH CORUMBA (PF),IFCO,6424,2.0,1
2024-07-24,quarta-feira,2,PH SUL (PF),IFCO,6424,374.0,5
2024-07-24,quarta-feira,2,PH UBAJARA,IFCO,6416,331.0,50
2024-07-24,quarta-feira,2,PH UBAJARA,IFCO,6424,130.98076923076923,15
2024-07-24,quarta-feira,2,TREB. MINAS,HB,623,670.0,2
2024-07-24,quarta-feira,2,TREB. MINAS,HB,NAO_INFORMADO,208.0,7
2024-07-24,quarta-feira,2,TREB. MINAS,IFCO,6416,1214.0,55
2024-07-24,quarta-feira,2,TREB. MINAS,IFCO,6424,142.0,6
2024-07-24,quarta-feira,2,TREB. MINAS,IFCO,NAO_INFORMADO,5.0,1
2024-07-24,quarta-feira,2,TREBESCHI DF,IFCO,6424,31.0,3
2024-07-25,quinta-feira,3,PH CORUMBA (PF),HB,623,1590.0,3
2024-07-25,quinta-feira,3,PH SUL (PF),IFCO,6424,64.0,3
2024-07-25,quinta-feira,3,TREB. MINAS,HB,623,313.0,3
2024-07-25,quinta-feira,3,TREB. MINAS,HB,NAO_INFORMADO,877.0,27
2024-07-25,quinta-feira,3,TREB. MINAS,IFCO,6416,483.0,25
2024-07-25,quinta-feira,3,TREB. MINAS,IFCO,6424,368.0,8
2024-07-25,quinta-feira,3,TREB. MINAS,IFCO,NAO_INFORMADO,2.0,1
2024-07-25,quinta-feira,3,TREBESCHI DF,IFCO,6424,45.0,6
2024-07-26,sexta-feira,4,PH CORUMBA (PF),IFCO,6424,640.0,1
2024-07-26,sexta-feira,4,PH SUL (PF),IFCO,6424,91.0,3
2024-07-26,sexta-feira,4,TREB. MINAS,IFCO,6416,1611.0,45
2024-07-26,sexta-feira,4,TREB. MINAS,IFCO,6424,66.0,4
2024-07-26,sexta-feira,4,TREB. MINAS,IFCO,NAO_INFORMADO,3.0,1
2024-07-27,sábado,5,PH CORUMBA (PF),HB,623,670.0,1
2024-07-27,sábado,5,PH SUL (PF),IFCO,6424,17.0,1
2024-07-27,sábado,5,PH UBAJARA,IFCO,6416,695.0,103
2024-07-27,sábado,5,PH UBAJARA,IFCO,6424,447.0,30
2024-07-27,sábado,5,TREB. MINAS,HB,618,305.0,9
2024-07-27,sábado,5,TREB. MINAS,HB,NAO_INFORMADO,897.0,26
2024-07-27,sábado,5,TREB. MINAS,IFCO,6416,1412.0,40
2024-07-27,sábado,5,TREB. MINAS,IFCO,6424,263.0,11
2024-07-29,segunda-feira,0,PH UBAJARA,IFCO,6416,484.0,41
2024-07-29,segunda-feira,0,PH UBAJARA,IFCO,6424,35.0,8
2024-07-29,segunda-feira,0,TREB. MINAS,HB,618,6.0,4
2024-07-29,segunda-feira,0,TREB. MINAS,IFCO,6416,1158.0,42
2024-07-29,segunda-feira,0,TREB. MINAS,IFCO,6424,163.0,11
2024-07-29,segunda-feira,0,TREB. MINAS,IFCO,NAO_INFORMADO,5.0,1
2024-07-30,terça-feira,1,PH CORUMBA (PF),HB,623,1290.0,3
2024-07-30,terça-feira,1,PH SUL (PF),IFCO,6424,50.0,2
2024-07-30,terça-feira,1,PH UBAJARA,IFCO,6416,858.0,98
2024-07-30,terça-feira,1,PH UBAJARA,IFCO,6424,250.0,34
2024-07-30,terça-feira,1,TREB. MINAS,HB,618,187.0,9
2024-07-30,terça-feira,1,TREB. MINAS,HB,623,743.0,5
2024-07-30,terça-feira,1,TREB. MINAS,HB,NAO_INFORMADO,175.0,15
2024-07-30,terça-feira,1,TREB. MINAS,IFCO,6416,1565.0,29
2024-07-30,terça-feira,1,TREB. MINAS,IFCO,6424,1241.0,6
2024-07-30,terça-feira,1,TREB. MINAS,IFCO,NAO_INFORMADO,4.0,1
2024-07-31,quarta-feira,2,PH CORUMBA (PF),IFCO,6416,132.0,11
2024-07-31,quarta-feira,2,PH CORUMBA (PF),IFCO,6424,1.0,1
2024-07-31,quarta-feira,2,PH UBAJARA,IFCO,6416,632.0,29
2024-07-31,quarta-feira,2,PH UBAJARA,IFCO,6424,299.0,8
2024-07-31,quarta-feira,2,TREB. MINAS,HB,618,7.0,5
2024-07-31,quarta-feira,2,TREB. MINAS,HB,623,672.0,2
2024-07-31,quarta-feira,2,TREB. MINAS,HB,NAO_INFORMADO,171.0,12
2024-07-31,quarta-feira,2,TREB. MINAS,IFCO,6416,1024.5,45
2024-07-31,quarta-feira,2,TREB. MINAS,IFCO,6424,805.0,7
2024-07-31,quarta-feira,2,TREB. MINAS,IFCO,NAO_INFORMADO,2.0,1
2024-08-01,quinta-feira,3,PH CORUMBA (PF),IFCO,6424,1760.0,3
2024-08-01,quinta-feira,3,PH UBAJARA,IFCO,6416,209.0,29
2024-08-01,quinta-feira,3,PH UBAJARA,IFCO,6424,59.0,5
2024-08-01,quinta-feira,3,TREB. MINAS,HB,618,247.0,9
2024-08-01,quinta-feira,3,TREB. MINAS,HB,623,1398.0,6
2024-08-01,quinta-feira,3,TREB. MINAS,HB,NAO_INFORMADO,772.0,38
2024-08-01,quinta-feira,3,TREB. MINAS,IFCO,6416,371.0,16
2024-08-01,quinta-feira,3,TREB. MINAS,IFCO,6424,401.0,3
2024-08-01,quinta-feira,3,TREB. MINAS,IFCO,NAO_INFORMADO,4.0,1
2024-08-02,sexta-feira,4,PH CORUMBA (PF),HB,623,690.0,1
2024-08-02,sexta-feira,4,PH UBAJARA,IFCO,6416,914.0,67
2024-08-02,sexta-feira,4,PH UBAJARA,IFCO,6424,36.0,7
2024-08-02,sexta-feira,4,TREB. MINAS,HB,623,400.0,1
2024-08-02,sexta-feira,4,TREB. MINAS,HB,NAO_INFORMADO,302.0,3
2024-08-02,sexta-feira,4,TREB. MINAS,IFCO,6416,1143.0,36
2024-08-02,sexta-feira,4,TREB. MINAS,IFCO,6424,121.0,2
2024-08-02,sexta-feira,4,TREB. MINAS,IFCO,NAO_INFORMADO,4.0,1
2024-08-02,sexta-feira,4,TREBESCHI DF,HB,618,2.0,1
2024-08-03,sábado,5,PH CORUMBA (PF),HB,623,1340.0,2
2024-08-03,sábado,5,PH CORUMBA (PF),IFCO,6424,865.0,3
2024-08-03,sábado,5,PH UBAJARA,IFCO,6416,618.0,67
2024-08-03,sábado,5,PH UBAJARA,IFCO,6424,299.0,18
2024-08-03,sábado,5,TREB. MINAS,HB,618,535.0,9
2024-08-03,sábado,5,TREB. MINAS,HB,623,53.0,3
2024-08-03,sábado,5,TREB. MINAS,HB,NAO_INFORMADO,1885.0,34
2024-08-03,sábado,5,TREB. MINAS,IFCO,6416,2114.0,87
2024-08-03,sábado,5,TREB. MINAS,IFCO,6424,2451.0,41
2024-08-03,sábado,5,TREB. MINAS,IFCO,NAO_INFORMADO,2.0,1
2024-08-05,segunda-feira,0,PH CORUMBA (PF),HB,623,1380.0,4
2024-08-05,segunda-feira,0,PH UBAJARA,IFCO,6416,405.0,41
2024-08-05,segunda-feira,0,PH UBAJARA,IFCO,6424,51.0,8
2024-08-05,segunda-feira,0,TREB. MINAS,HB,618,9.0,5
2024-08-05,segunda-feira,0,TREB. MINAS,HB,623,1.0,1
2024-08-05,segunda-feira,0,TREB. MINAS,HB,NAO_INFORMADO,523.0,11
2024-08-05,segunda-feira,0,TREB. MINAS,IFCO,6416,1205.4,35
2024-08-05,segunda-feira,0,TREB. MINAS,IFCO,6424,1976.0,10
2024-08-05,segunda-feira,0,TREB. MINAS,IFCO,NAO_INFORMADO,3.0,1
2024-08-06,terça-feira,1,PH CORUMBA (PF),HB,623,690.0,2
2024-08-06,terça-feira,1,PH CORUMBA (PF),IFCO,6424,640.0,1
2024-08-06,terça-feira,1,PH SUL (PF),IFCO,6424,8.0,1
2024-08-06,terça-feira,1,PH UBAJARA,IFCO,6416,164.0,20
2024-08-06,terça-feira,1,PH UBAJARA,IFCO,6424,13.0,3
2024-08-06,terça-feira,1,TREB. MINAS,HB,618,192.0,9
2024-08-06,terça-feira,1,TREB. MINAS,HB,623,82.0,4
2024-08-06,terça-feira,1,TREB. MINAS,HB,NAO_INFORMADO,90.0,10
2024-08-06,terça-feira,1,TREB. MINAS,IFCO,6416,2190.0,42
2024-08-06,terça-feira,1,TREB. MINAS,IFCO,6424,530.0,16
2024-08-06,terça-feira,1,TREB. MINAS,IFCO,NAO_INFORMADO,3.0,1
2024-08-07,quarta-feira,2,PH CORUMBA (PF),HB,618,199.0,9
2024-08-07,quarta-feira,2,PH CORUMBA (PF),HB,623,671.0,2
2024-08-07,quarta-feira,2,PH CORUMBA (PF),IFCO,6416,40.0,1
2024-08-07,quarta-feira,2,PH CORUMBA (PF),IFCO,6424,1140.0,3
2024-08-07,quarta-feira,2,PH SUL (PF),IFCO,6424,5.0,1
2024-08-07,quarta-feira,2,PH UBAJARA,IFCO,6416,194.1904761904762,21
2024-08-07,quarta-feira,2,PH UBAJARA,IFCO,6424,66.0,5
2024-08-07,quarta-feira,2,TREB. MINAS,HB,618,656.0,36
2024-08-07,quarta-feira,2,TREB. MINAS,HB,623,791.0,3
2024-08-07,quarta-feira,2,TREB. MINAS,HB,NAO_INFORMADO,175.0,7
2024-08-07,quarta-feira,2,TREB. MINAS,IFCO,6416,616.0,16
2024-08-07,quarta-feira,2,TREB. MINAS,IFCO,6424,189.0,10
2024-08-08,quinta-feira,3,PH CORUMBA (PF),HB,623,690.0,2
2024-08-08,quinta-feira,3,PH CORUMBA (PF),IFCO,6424,4640.0,5
2024-08-08,quinta-feira,3,PH SUL (PF),IFCO,6424,195.0,3
2024-08-08,quinta-feira,3,TREB. MINAS,HB,618,601.0,25
2024-08-08,quinta-feira,3,TREB. MINAS,HB,623,1538.0,10
2024-08-08,quinta-feira,3,TREB. MINAS,HB,NAO_INFORMADO,270.0,6
2024-08-08,quinta-feira,3,TREB. MINAS,IFCO,6416,67.0,7
2024-08-08,quinta-feira,3,TREB. MINAS,IFCO,6424,1127.0,6
2024-08-09,sexta-feira,4,PH CORUMBA (PF),IFCO,6424,1120.0,2
2024-08-09,sexta-feira,4,PH SUL (PF),IFCO,6424,90.0,5
2024-08-09,sexta-feira,4,PH UBAJARA,IFCO,6416,617.0,48
2024-08-09,sexta-feira,4,PH UBAJARA,IFCO,6424,356.0,23
2024-08-09,sexta-feira,4,TREB. MINAS,HB,618,548.0,30
2024-08-09,sexta-feira,4,TREB. MINAS,HB,623,761.0,3
2024-08-09,sexta-feira,4,TREB. MINAS,HB,NAO_INFORMADO,1021.0,20
2024-08-09,sexta-feira,4,TREB. MINAS,IFCO,6416,1661.0,18
2024-08-09,sexta-feira,4,TREB. MINAS,IFCO,6424,231.0,4
2024-08-10,sábado,5,PH CORUMBA (PF),HB,623,690.0,1
2024-08-10,sábado,5,PH CORUMBA (PF),IFCO,6424,1110.0,3
2024-08-10,sábado,5,PH UBAJARA,IFCO,6416,1102.0,139
2024-08-10,sábado,5,PH UBAJARA,IFCO,6424,261.0,23
2024-08-10,sábado,5,TREB. MINAS,HB,618,1394.0,35
2024-08-10,sábado,5,TREB. MINAS,HB,623,2117.0,9
2024-08-10,sábado,5,TREB. MINAS,HB,NAO_INFORMADO,173.0,14
2024-08-10,sábado,5,TREB. MINAS,IFCO,6416,1240.0,25
2024-08-10,sábado,5,TREB. MINAS,IFCO,6424,1338.0,15
2024-08-12,segunda-feira,0,PH CORUMBA (PF),HB,623,670.0,1
2024-08-12,segunda-feira,0,PH CORUMBA (PF),IFCO,6424,320.0,1
2024-08-12,segunda-feira,0,PH SUL (PF),IFCO,6424,315.0,9
2024-08-12,segunda-feira,0,PH UBAJARA,IFCO,6416,476.0,34
2024-08-12,segunda-feira,0,PH UBAJARA,IFCO,6424,118.0,14
2024-08-12,segunda-feira,0,TREB. MINAS,HB,618,434.0,20
2024-08-12,segunda-feira,0,TREB. MINAS,HB,623,790.0,2
2024-08-12,segunda-feira,0,TREB. MINAS,HB,NAO_INFORMADO,1.0,1
2024-08-12,segunda-feira,0,TREB. MINAS,IFCO,6416,663.0,23
2024-08-12,segunda-feira,0,TREB. MINAS,IFCO,6424,120.0,26
2024-08-13,terça-feira,1,PH CORUMBA (PF),HB,623,670.0,1
2024-08-13,terça-feira,1,PH SUL (PF),IFCO,6424,227.0,4
2024-08-13,terça-feira,1,PH UBAJARA,IFCO,6416,409.0,23
2024-08-13,terça-feira,1,PH UBAJARA,IFCO,6424,25.0,3
2024-08-13,terça-feira,1,TREB. MINAS,HB,618,454.0,24
2024-08-13,terça-feira,1,TREB. MINAS,HB,623,228.0,7
2024-08-13,terça-feira,1,TREB. MINAS,HB,NAO_INFORMADO,173.0,15
2024-08-13,terça-feira,1,TREB. MINAS,IFCO,6416,854.0,8
2024-08-13,terça-feira,1,TREB. MINAS,IFCO,6424,80.0,2
2024-08-14,quarta-feira,2,PH CORUMBA (PF),HB,618,165.0,9
2024-08-14,quarta-feira,2,PH CORUMBA (PF),HB,623,673.0,2
2024-08-14,quarta-feira,2,PH CORUMBA (PF),IFCO,6424,1280.0,3
2024-08-14,quarta-feira,2,PH SUL (PF),IFCO,6424,175.0,4
2024-08-14,quarta-feira,2,PH UBAJARA,IFCO,6416,382.0,28
2024-08-14,quarta-feira,2,PH UBAJARA,IFCO,6424,86.0,10
2024-08-14,quarta-feira,2,TREB. MINAS,HB,618,747.0,49
2024-08-14,quarta-feira,2,TREB. MINAS,HB,623,121.0,2
2024-08-14,quarta-feira,2,TREB. MINAS,HB,NAO_INFORMADO,571.0,30
2024-08-14,quarta-feira,2,TREB. MINAS,IFCO,6416,504.0,5
2024-08-14,quarta-feira,2,TREB. MINAS,IFCO,6424,1760.0,4
2024-08-15,quinta-feira,3,PH CORUMBA (PF),HB,623,690.0,2
2024-08-15,quinta-feira,3,PH CORUMBA (PF),IFCO,6424,736.0,2
2024-08-15,quinta-feira,3,PH UBAJARA,IFCO,6416,38.0,6
2024-08-15,quinta-feira,3,PH UBAJARA,IFCO,6424,2.0,2
2024-08-15,quinta-feira,3,TREB. MINAS,HB,618,469.0,25
2024-08-15,quinta-feira,3,TREB. MINAS,HB,623,178.0,4
2024-08-15,quinta-feira,3,TREB. MINAS,HB,NAO_INFORMADO,1008.0,30
2024-08-15,quinta-feira,3,TREB. MINAS,IFCO,6424,267.0,1
2024-08-16,sexta-feira,4,PH CORUMBA (PF),HB,623,640.0,1
2024-08-16,sexta-feira,4,PH SUL (PF),HB,623,110.0,3
2024-08-16,sexta-feira,4,PH SUL (PF),IFCO,6424,68.0,3
2024-08-16,sexta-feira,4,PH UBAJARA,IFCO,6416,56.0,12
2024-08-16,sexta-feira,4,PH UBAJARA,IFCO,6424,2.0,1
2024-08-16,sexta-feira,4,TREB. MINAS,HB,618,487.0,33
2024-08-16,sexta-feira,4,TREB. MINAS,HB,623,133.0,7
2024-08-16,sexta-feira,4,TREB. MINAS,HB,NAO_INFORMADO,109.0,8
2024-08-16,sexta-feira,4,TREB. MINAS,IFCO,6416,1726.0,9
2024-08-17,sábado,5,PH CORUMBA (PF),IFCO,6424,810.0,2
2024-08-17,sábado,5,PH UBAJARA,IFCO,6416,1170.0,92
2024-08-17,sábado,5,PH UBAJARA,IFCO,6424,277.0,30
2024-08-17,sábado,5,TREB. MINAS,HB,618,1732.0,45
2024-08-17,sábado,5,TREB. MINAS,HB,623,1304.0,12
2024-08-17,sábado,5,TREB. MINAS,HB,NAO_INFORMADO,1032.0,34
2024-08-17,sábado,5,TREB. MINAS,IFCO,6416,522.0,16
2024-08-17,sábado,5,TREB. MINAS,IFCO,6424,1038.0,11
2024-08-19,segunda-feira,0,PH CORUMBA (PF),HB,623,1360.0,3
2024-08-19,segunda-feira,0,PH SUL (PF),HB,623,36.0,4
2024-08-19,segunda-feira,0,PH SUL (PF),IFCO,6424,32.0,1
2024-08-19,segunda-feira,0,PH UBAJARA,IFCO,6416,306.0,29
2024-08-19,segunda-feira,0,PH UBAJARA,IFCO,6424,3.0,1
2024-08-19,segunda-feira,0,TREB. CEAGESP,IFCO,6416,30.0,2
2024-08-19,segunda-feira,0,TREB. MINAS,HB,618,426.0,31
2024-08-19,segunda-feira,0,TREB. MINAS,HB,623,122.0,3
2024-08-19,segunda-feira,0,TREB. MINAS,HB,NAO_INFORMADO,1.0,1
2024-08-19,segunda-feira,0,TREB. MINAS,IFCO,6416,1029.0,22
2024-08-19,segunda-feira,0,TREB. MINAS,IFCO,6424,969.0,12
2024-08-20,terça-feira,1,PH CORUMBA (PF),HB,623,1360.0,3
2024-08-20,terça-feira,1,PH CORUMBA (PF),IFCO,6424,640.0,1
2024-08-20,terça-feira,1,PH UBAJARA,IFCO,6416,710.0,43
2024-08-20,terça-feira,1,PH UBAJARA,IFCO,6424,92.0,10
2024-08-20,terça-feira,1,TREB. MINAS,HB,618,444.0,25
2024-08-20,terça-feira,1,TREB. MINAS,HB,623,248.0,7
2024-08-20,terça-feira,1,TREB. MINAS,HB,NAO_INFORMADO,724.0,9
2024-08-20,terça-feira,1,TREB. MINAS,IFCO,6416,845.0,8
2024-08-20,terça-feira,1,TREB. MINAS,IFCO,6424,200.0,2
2024-08-21,quarta-feira,2,PH CORUMBA (PF),HB,618,70.0,4
2024-08-21,quarta-feira,2,PH CORUMBA (PF),IFCO,6416,40.0,1
2024-08-21,quarta-feira,2,PH CORUMBA (PF),IFCO,6424,1127.0,3
2024-08-21,quarta-feira,2,PH SUL (PF),HB,623,10.0,1
2024-08-21,quarta-feira,2,PH UBAJARA,IFCO,6416,604.0,25
2024-08-21,quarta-feira,2,PH UBAJARA,IFCO,6424,45.0,4
2024-08-21,quarta-feira,2,TREB. CEAGESP,IFCO,6416,3.0,1
2024-08-21,quarta-feira,2,TREB. MINAS,HB,618,514.0,36
2024-08-21,quarta-feira,2,TREB. MINAS,HB,623,755.0,4
2024-08-21,quarta-feira,2,TREB. MINAS,HB,NAO_INFORMADO,224.0,12
2024-08-21,quarta-feira,2,TREB. MINAS,IFCO,6416,674.0,16
2024-08-21,quarta-feira,2,TREB. MINAS,IFCO,6424,1188.0,10
2024-08-21,quarta-feira,2,TREBESCHI DF,HB,618,20.0,1
2024-08-21,quarta-feira,2,TREBESCHI DF,IFCO,6424,130.0,5
2024-08-22,quinta-feira,3,PH CORUMBA (PF),HB,623,950.0,1
2024-08-22,quinta-feira,3,PH CORUMBA (PF),IFCO,6424,2240.0,2
2024-08-22,quinta-feira,3,PH SUL (PF),HB,623,16.0,2
2024-08-22,quinta-feira,3,PH UBAJARA,IFCO,6416,411.14285714285717,25
2024-08-22,quinta-feira,3,PH UBAJARA,IFCO,6424,176.0,12
2024-08-22,quinta-feira,3,TREB. MINAS,HB,618,486.0,26
2024-08-22,quinta-feira,3,TREB. MINAS,HB,623,1108.0,8
2024-08-22,quinta-feira,3,TREB. MINAS,HB,NAO_INFORMADO,941.0,33
2024-08-22,quinta-feira,3,TREB. MINAS,IFCO,6424,2400.0,3
2024-08-23,sexta-feira,4,PH CORUMBA (PF),IFCO,6424,1760.0,2
2024-08-23,sexta-feira,4,PH UBAJARA,IFCO,6416,10.0,1
2024-08-23,sexta-feira,4,TREB. CEAGESP,IFCO,6416,6.0,1
2024-08-23,sexta-feira,4,TREB. MINAS,HB,618,464.0,29
2024-08-23,sexta-feira,4,TREB. MINAS,HB,623,121.0,2
2024-08-23,sexta-feira,4,TREB. MINAS,HB,NAO_INFORMADO,95.0,5
2024-08-23,sexta-feira,4,TREB. MINAS,IFCO,6416,1234.0,8
2024-08-23,sexta-feira,4,TREB. MINAS,IFCO,6424,160.0,1
2024-08-24,sábado,5,PH CORUMBA (PF),HB,623,1360.0,2
2024-08-24,sábado,5,PH CORUMBA (PF),IFCO,6424,1320.0,3
2024-08-24,sábado,5,PH UBAJARA,HB,618,227.0,35
2024-08-24,sábado,5,PH UBAJARA,HB,623,11.0,4
2024-08-24,sábado,5,PH UBAJARA,HB,NAO_INFORMADO,44.0,8
2024-08-24,sábado,5,PH UBAJARA,IFCO,6416,974.0,162
2024-08-24,sábado,5,PH UBAJARA,IFCO,6424,497.0,51
2024-08-24,sábado,5,TREB. MINAS,HB,618,853.0,33
2024-08-24,sábado,5,TREB. MINAS,HB,623,1964.0,7
2024-08-24,sábado,5,TREB. MINAS,HB,NAO_INFORMADO,558.0,8
2024-08-24,sábado,5,TREB. MINAS,IFCO,6416,509.0,10
2024-08-24,sábado,5,TREB. MINAS,IFCO,6424,928.0,8
2024-08-26,segunda-feira,0,PH CORUMBA (PF),HB,623,1360.0,3
2024-08-26,segunda-feira,0,PH CORUMBA (PF),IFCO,6424,600.0,1
2024-08-26,segunda-feira,0,PH UBAJARA,IFCO,6416,231.0,11
2024-08-26,segunda-feira,0,PH UBAJARA,IFCO,6424,190.0,10
2024-08-26,segunda-feira,0,TREB. MINAS,HB,618,374.0,20
2024-08-26,segunda-feira,0,TREB. MINAS,HB,623,401.0,2
2024-08-26,segunda-feira,0,TREB. MINAS,HB,NAO_INFORMADO,1.0,1
2024-08-26,segunda-feira,0,TREB. MINAS,IFCO,6416,560.0,14
2024-08-26,segunda-feira,0,TREB. MINAS,IFCO,6424,680.0,5
2024-08-27,terça-feira,1,PH SUL (PF),HB,623,4.0,1
2024-08-27,terça-feira,1,PH UBAJARA,IFCO,6416,835.0,62
2024-08-27,terça-feira,1,PH UBAJARA,IFCO,6424,34.0,10
2024-08-27,terça-feira,1,TREB. MINAS,HB,618,485.0,25
2024-08-27,terça-feira,1,TREB. MINAS,HB,623,822.0,5
2024-08-27,terça-feira,1,TREB. MINAS,HB,NAO_INFORMADO,320.0,31
2024-08-27,terça-feira,1,TREB. MINAS,IFCO,6416,943.0,13
2024-08-27,terça-feira,1,TREB. MINAS,IFCO,6424,415.0,6
2024-08-28,quarta-feira,2,PH CORUMBA (PF),HB,618,190.0,6
2024-08-28,quarta-feira,2,PH CORUMBA (PF),HB,623,1312.0,4
2024-08-28,quarta-feira,2,PH CORUMBA (PF),IFCO,6424,2980.0,5
2024-08-28,quarta-feira,2,PH SUL (PF),HB,623,9.0,2
2024-08-28,quarta-feira,2,PH UBAJARA,IFCO,6416,334.0,27
2024-08-28,quarta-feira,2,PH UBAJARA,IFCO,6424,112.0,14
2024-08-28,quarta-feira,2,TREB. MINAS,HB,618,938.0,41
2024-08-28,quarta-feira,2,TREB. MINAS,HB,623,1382.0,4
2024-08-28,quarta-feira,2,TREB. MINAS,HB,NAO_INFORMADO,14.0,8
2024-08-28,quarta-feira,2,TREB. MINAS,IFCO,6416,602.1428571428571,9
2024-08-28,quarta-feira,2,TREB. MINAS,IFCO,6424,842.0,3
2024-08-29,quinta-feira,3,PH CORUMBA (PF),HB,623,690.0,2
2024-08-29,quinta-feira,3,PH CORUMBA (PF),IFCO,6424,2880.0,3
2024-08-29,quinta-feira,3,PH UBAJARA,IFCO,6416,109.0,20
2024-08-29,quinta-feira,3,PH UBAJARA,IFCO,6424,12.0,2
2024-08-29,quinta-feira,3,TREB. MINAS,HB,618,502.0,24
2024-08-29,quinta-feira,3,TREB. MINAS,HB,623,1576.0,11
2024-08-29,quinta-feira,3,TREB. MINAS,HB,NAO_INFORMADO,750.0,26
2024-08-29,quinta-feira,3,TREB. MINAS,IFCO,6416,75.19047619047619,10
2024-08-29,quinta-feira,3,TREB. MINAS,IFCO,6424,2433.0,7
2024-08-30,sexta-feira,4,PH UBAJARA,IFCO,6416,118.0,24
2024-08-30,sexta-feira,4,TREB. MINAS,HB,618,424.0,27
2024-08-30,sexta-feira,4,TREB. MINAS,HB,623,91.0,4
2024-08-30,sexta-feira,4,TREB. MINAS,HB,NAO_INFORMADO,155.0,7
2024-08-30,sexta-feira,4,TREB. MINAS,IFCO,6416,641.0,5
2024-08-30,sexta-feira,4,TREB. MINAS,IFCO,6424,1760.0,2
2024-08-31,sábado,5,PH CORUMBA (PF),HB,623,2030.0,4
2024-08-31,sábado,5,PH CORUMBA (PF),IFCO,6424,1120.0,1
2024-08-31,sábado,5,PH UBAJARA,HB,618,153.0,21
2024-08-31,sábado,5,PH UBAJARA,IFCO,6416,848.0,102
2024-08-31,sábado,5,PH UBAJARA,IFCO,6424,328.0,39
2024-08-31,sábado,5,TREB. MINAS,HB,618,1458.0,32
2024-08-31,sábado,5,TREB. MINAS,HB,623,1476.0,6
2024-08-31,sábado,5,TREB. MINAS,HB,NAO_INFORMADO,629.0,12
2024-08-31,sábado,5,TREB. MINAS,IFCO,6416,497.0,9
2024-08-31,sábado,5,TREB. MINAS,IFCO,6424,2043.0,10
2024-09-02,segunda-feira,0,PH CORUMBA (PF),HB,623,670.0,1
2024-09-02,segunda-feira,0,PH CORUMBA (PF),IFCO,6424,1120.0,1
2024-09-02,segunda-feira,0,PH UBAJARA,IFCO,6416,499.0,34
2024-09-02,segunda-feira,0,PH UBAJARA,IFCO,6424,2.0,1
2024-09-02,segunda-feira,0,TREB. MINAS,HB,618,409.0,14
2024-09-02,segunda-feira,0,TREB. MINAS,HB,623,121.0,2
2024-09-02,segunda-feira,0,TREB. MINAS,HB,NAO_INFORMADO,993.0,15
2024-09-02,segunda-feira,0,TREB. MINAS,IFCO,6416,595.0,6
2024-09-02,segunda-feira,0,TREB. MINAS,IFCO,6424,636.0,1
2024-09-03,terça-feira,1,PH CORUMBA (PF),HB,623,1925.0,4
2024-09-03,terça-feira,1,PH UBAJARA,IFCO,6416,297.0,42
2024-09-03,terça-feira,1,PH UBAJARA,IFCO,6424,40.0,8
2024-09-03,terça-feira,1,TREB. MINAS,HB,618,855.0,25
2024-09-03,terça-feira,1,TREB. MINAS,HB,623,1348.0,9
2024-09-03,terça-feira,1,TREB. MINAS,HB,NAO_INFORMADO,89.0,9
2024-09-03,terça-feira,1,TREB. MINAS,IFCO,6416,1148.0,13
2024-09-03,terça-feira,1,TREB. MINAS,IFCO,6424,2140.0,6
2024-09-04,quarta-feira,2,PH CORUMBA (PF),HB,618,8.0,2
2024-09-04,quarta-feira,2,PH CORUMBA (PF),HB,623,593.0,2
2024-09-04,quarta-feira,2,PH CORUMBA (PF),IFCO,6424,2.0,1
2024-09-04,quarta-feira,2,PH UBAJARA,IFCO,6416,274.0,21
2024-09-04,quarta-feira,2,PH UBAJARA,IFCO,6424,49.0,4
2024-09-04,quarta-feira,2,TREB. MINAS,HB,618,779.0,27
2024-09-04,quarta-feira,2,TREB. MINAS,HB,623,1461.0,5
2024-09-04,quarta-feira,2,TREB. MINAS,HB,NAO_INFORMADO,3.0,3
2024-09-04,quarta-feira,2,TREB. MINAS,IFCO,6416,629.0,8
2024-09-04,quarta-feira,2,TREB. MINAS,IFCO,6424,115.0,4
2024-09-05,quinta-feira,3,PH CORUMBA (PF),IFCO,6424,575.0,1
2024-09-05,quinta-feira,3,PH UBAJARA,IFCO,6416,400.0,40
2024-09-05,quinta-feira,3,PH UBAJARA,IFCO,6424,32.0,6
2024-09-05,quinta-feira,3,TREB. MINAS,HB,618,791.0,24
2024-09-05,quinta-feira,3,TREB. MINAS,HB,623,106.0,3
2024-09-05,quinta-feira,3,TREB. MINAS,HB,NAO_INFORMADO,1891.0,74
2024-09-05,quinta-feira,3,TREB. MINAS,IFCO,6416,35.0,10
2024-09-05,quinta-feira,3,TREB. MINAS,IFCO,6424,646.0,4
2024-09-06,sexta-feira,4,PH CORUMBA (PF),HB,623,645.0,1
2024-09-06,sexta-feira,4,PH CORUMBA (PF),IFCO,6424,1120.0,1
2024-09-06,sexta-feira,4,PH UBAJARA,HB,618,134.0,27
2024-09-06,sexta-feira,4,PH UBAJARA,HB,623,7.0,4
2024-09-06,sexta-feira,4,PH UBAJARA,HB,NAO_INFORMADO,45.0,7
2024-09-06,sexta-feira,4,PH UBAJARA,IFCO,6416,1201.0,98
2024-09-06,sexta-feira,4,PH UBAJARA,IFCO,6424,345.0,38
2024-09-06,sexta-feira,4,TREB. MINAS,HB,618,444.0,26
2024-09-06,sexta-feira,4,TREB. MINAS,HB,623,181.0,3
2024-09-06,sexta-feira,4,TREB. MINAS,HB,NAO_INFORMADO,90.0,1
2024-09-06,sexta-feira,4,TREB. MINAS,IFCO,6416,1449.0,6
2024-09-06,sexta-feira,4,TREB. MINAS,IFCO,6424,160.0,1
2024-09-07,sábado,5,PH UBAJARA,IFCO,6416,200.0,1
2024-09-07,sábado,5,TREB. MINAS,HB,618,1392.0,51
2024-09-07,sábado,5,TREB. MINAS,HB,623,50.0,5
2024-09-07,sábado,5,TREB. MINAS,HB,NAO_INFORMADO,190.0,14
2024-09-07,sábado,5,TREB. MINAS,IFCO,6416,884.0,10
2024-09-07,sábado,5,TREB. MINAS,IFCO,6424,2150.0,6
2024-09-09,segunda-feira,0,PH CORUMBA (PF),IFCO,6424,640.0,1
2024-09-09,segunda-feira,0,PH UBAJARA,IFCO,6416,540.0,36
2024-09-09,segunda-feira,0,PH UBAJARA,IFCO,6424,13.0,5
2024-09-09,segunda-feira,0,TREB. MINAS,HB,618,255.0,14
2024-09-09,segunda-feira,0,TREB. MINAS,HB,NAO_INFORMADO,45.0,1
2024-09-09,segunda-feira,0,TREB. MINAS,IFCO,6416,615.0,15
2024-09-09,segunda-feira,0,TREB. MINAS,IFCO,6424,36.0,8
2024-09-10,terça-feira,1,PH ALHO/CEBOLA,IFCO,6424,120.0,1
2024-09-10,terça-feira,1,PH CORUMBA (PF),HB,623,1335.0,4
2024-09-10,terça-feira,1,PH CORUMBA (PF),HB,NAO_INFORMADO,18.0,1
2024-09-10,terça-feira,1,PH UBAJARA,IFCO,6416,315.0,41
2024-09-10,terça-feira,1,PH UBAJARA,IFCO,6424,39.0,15
2024-09-10,terça-feira,1,TREB. MINAS,HB,618,813.0,25
2024-09-10,terça-feira,1,TREB. MINAS,HB,623,310.0,7
2024-09-10,terça-feira,1,TREB. MINAS,HB,NAO_INFORMADO,1269.0,20
2024-09-10,terça-feira,1,TREB. MINAS,IFCO,6416,988.0,106
2024-09-10,terça-feira,1,TREB. MINAS,IFCO,6424,960.0,4
2024-09-11,quarta-feira,2,PH CORUMBA (PF),HB,618,16.0,4
2024-09-11,quarta-feira,2,PH CORUMBA (PF),HB,623,1.0,1
2024-09-11,quarta-feira,2,PH CORUMBA (PF),IFCO,6416,20.0,1
2024-09-11,quarta-feira,2,PH CORUMBA (PF),IFCO,6424,1280.0,5
2024-09-11,quarta-feira,2,PH SUL (PF),IFCO,6424,164.0,2
2024-09-11,quarta-feira,2,PH UBAJARA,IFCO,6416,151.0,26
2024-09-11,quarta-feira,2,PH UBAJARA,IFCO,6424,36.0,8
2024-09-11,quarta-feira,2,TREB. MINAS,HB,618,365.0,22
2024-09-11,quarta-feira,2,TREB. MINAS,HB,623,791.0,4
2024-09-11,quarta-feira,2,TREB. MINAS,HB,NAO_INFORMADO,596.0,31
2024-09-11,quarta-feira,2,TREB. MINAS,IFCO,6416,553.0,10
2024-09-11,quarta-feira,2,TREB. MINAS,IFCO,6424,795.0,5
2024-09-12,quinta-feira,3,PH CORUMBA (PF),HB,623,950.0,2
2024-09-12,quinta-feira,3,PH CORUMBA (PF),IFCO,6424,1760.0,2
2024-09-12,quinta-feira,3,PH SUL (PF),IFCO,6424,232.0,3
2024-09-12,quinta-feira,3,PH UBAJARA,IFCO,6416,24.0,9
2024-09-12,quinta-feira,3,PH UBAJARA,IFCO,6424,120.0,1
2024-09-12,quinta-feira,3,TREB. MINAS,HB,618,643.0,22
2024-09-12,quinta-feira,3,TREB. MINAS,HB,623,1148.0,9
2024-09-12,quinta-feira,3,TREB. MINAS,HB,NAO_INFORMADO,693.0,24
2024-09-12,quinta-feira,3,TREB. MINAS,IFCO,6416,59.0,9
2024-09-12,quinta-feira,3,TREB. MINAS,IFCO,6424,1128.0,5
2024-09-12,quinta-feira,3,TREBESCHI DF,IFCO,6424,60.0,1
2024-09-13,sexta-feira,4,PH SUL (PF),IFCO,6424,54.0,5
2024-09-13,sexta-feira,4,TREB. MINAS,HB,618,464.0,27
2024-09-13,sexta-feira,4,TREB. MINAS,HB,623,901.0,5
2024-09-13,sexta-feira,4,TREB. MINAS,IFCO,6416,607.0,5
2024-09-13,sexta-feira,4,TREB. MINAS,IFCO,6424,640.0,1
2024-09-14,sábado,5,PH ALHO/CEBOLA,IFCO,6424,720.0,1
2024-09-14,sábado,5,PH CORUMBA (PF),HB,618,10.0,1
2024-09-14,sábado,5,PH CORUMBA (PF),IFCO,6424,2912.0,5
2024-09-14,sábado,5,PH UBAJARA,HB,618,115.0,26
2024-09-14,sábado,5,PH UBAJARA,HB,623,6.0,3
2024-09-14,sábado,5,PH UBAJARA,HB,NAO_INFORMADO,32.0,8
2024-09-14,sábado,5,PH UBAJARA,IFCO,6416,908.0,77
2024-09-14,sábado,5,PH UBAJARA,IFCO,6424,714.0,39
2024-09-14,sábado,5,TREB. MINAS,HB,618,1805.0,56
2024-09-14,sábado,5,TREB. MINAS,HB,623,1461.0,9
2024-09-14,sábado,5,TREB. MINAS,HB,NAO_INFORMADO,174.0,11
2024-09-14,sábado,5,TREB. MINAS,IFCO,6416,511.0,17
2024-09-14,sábado,5,TREB. MINAS,IFCO,6424,2812.0,18
2024-09-16,segunda-feira,0,PH CORUMBA (PF),HB,623,1380.0,4
2024-09-16,segunda-feira,0,PH CORUMBA (PF),IFCO,6424,800.0,1
2024-09-16,segunda-feira,0,PH SUL (PF),IFCO,6424,32.0,2
2024-09-16,segunda-feira,0,PH UBAJARA,IFCO,6416,338.0,30
2024-09-16,segunda-feira,0,PH UBAJARA,IFCO,6424,4.0,1
2024-09-16,segunda-feira,0,TREB. MINAS,HB,618,354.0,16
2024-09-16,segunda-feira,0,TREB. MINAS,HB,623,121.0,2
2024-09-16,segunda-feira,0,TREB. MINAS,IFCO,6416,600.0,5
2024-09-16,segunda-feira,0,TREB. MINAS,IFCO,6424,1120.0,2
2024-09-17,terça-feira,1,PH CORUMBA (PF),HB,623,360.0,1
2024-09-17,terça-feira,1,PH CORUMBA (PF),IFCO,6424,2240.0,2
2024-09-17,terça-feira,1,PH SUL (PF),IFCO,6424,40.0,1
2024-09-17,terça-feira,1,PH UBAJARA,IFCO,6416,284.0,46
2024-09-17,terça-feira,1,PH UBAJARA,IFCO,6424,40.0,11
2024-09-17,terça-feira,1,TREB. MINAS,HB,618,577.0,25
2024-09-17,terça-feira,1,TREB. MINAS,HB,623,1450.0,5
2024-09-17,terça-feira,1,TREB. MINAS,HB,NAO_INFORMADO,254.0,14
2024-09-17,terça-feira,1,TREB. MINAS,IFCO,6416,927.0,11
2024-09-17,terça-feira,1,TREB. MINAS,IFCO,6424,2320.0,4
2024-09-17,terça-feira,1,TREBESCHI DF,IFCO,6424,83.0,1
2024-09-18,quarta-feira,2,PH CORUMBA (PF),HB,618,28.0,3
2024-09-18,quarta-feira,2,PH CORUMBA (PF),IFCO,6424,1120.0,2
2024-09-18,quarta-feira,2,PH SUL (PF),IFCO,6424,43.0,2
2024-09-18,quarta-feira,2,PH UBAJARA,IFCO,6416,429.0,19
2024-09-18,quarta-feira,2,PH UBAJARA,IFCO,6424,108.0,7
2024-09-18,quarta-feira,2,TREB. MINAS,HB,618,584.0,27
2024-09-18,quarta-feira,2,TREB. MINAS,HB,623,256.0,3
2024-09-18,quarta-feira,2,TREB. MINAS,HB,NAO_INFORMADO,431.0,23
2024-09-18,quarta-feira,2,TREB. MINAS,IFCO,6416,811.0,102
2024-09-18,quarta-feira,2,TREB. MINAS,IFCO,6424,985.0,3
2024-09-19,quinta-feira,3,PH CORUMBA (PF),HB,623,360.0,1
2024-09-19,quinta-feira,3,PH CORUMBA (PF),IFCO,6424,1760.0,4
2024-09-19,quinta-feira,3,PH UBAJARA,IFCO,6416,37.0,10
2024-09-19,quinta-feira,3,PH UBAJARA,IFCO,6424,13.0,2
2024-09-19,quinta-feira,3,TREB. MINAS,HB,618,604.0,32
2024-09-19,quinta-feira,3,TREB. MINAS,HB,623,715.0,8
2024-09-19,quinta-feira,3,TREB. MINAS,HB,NAO_INFORMADO,1026.0,42
2024-09-19,quinta-feira,3,TREB. MINAS,IFCO,6416,28.0,8
2024-09-19,quinta-feira,3,TREB. MINAS,IFCO,6424,2259.0,6
2024-09-20,sexta-feira,4,PH CORUMBA (PF),HB,623,670.0,1
2024-09-20,sexta-feira,4,PH CORUMBA (PF),IFCO,6424,1120.0,2
2024-09-20,sexta-feira,4,PH SUL (PF),HB,623,24.0,3
2024-09-20,sexta-feira,4,TREB. MINAS,HB,618,468.0,27
2024-09-20,sexta-feira,4,TREB. MINAS,HB,623,301.0,4
2024-09-20,sexta-feira,4,TREB. MINAS,HB,NAO_INFORMADO,180.0,7
2024-09-20,sexta-feira,4,TREB. MINAS,IFCO,6416,686.0,6
2024-09-20,sexta-feira,4,TREB. MINAS,IFCO,6424,1280.0,2
2024-09-20,sexta-feira,4,TREBESCHI DF,IFCO,6416,0.0666666666666667,1
2024-09-21,sábado,5,PH CORUMBA (PF),HB,623,996.0,2
2024-09-21,sábado,5,PH CORUMBA (PF),IFCO,6416,150.0,1
2024-09-21,sábado,5,PH CORUMBA (PF),IFCO,6424,1760.0,2
2024-09-21,sábado,5,PH SUL (PF),HB,623,63.0,3
2024-09-21,sábado,5,PH UBAJARA,HB,618,122.0,19
2024-09-21,sábado,5,PH UBAJARA,HB,623,3.0,3
2024-09-21,sábado,5,PH UBAJARA,HB,NAO_INFORMADO,42.0,8
2024-09-21,sábado,5,PH UBAJARA,IFCO,6416,1378.0,61
2024-09-21,sábado,5,PH UBAJARA,IFCO,6424,1247.0,33
2024-09-21,sábado,5,TREB. MINAS,HB,618,1417.0,42
2024-09-21,sábado,5,TREB. MINAS,HB,623,445.0,6
2024-09-21,sábado,5,TREB. MINAS,HB,NAO_INFORMADO,703.0,38
2024-09-21,sábado,5,TREB. MINAS,IFCO,6416,561.0,9
2024-09-21,sábado,5,TREB. MINAS,IFCO,6424,2359.0,9
2024-09-23,segunda-feira,0,PH CORUMBA (PF),HB,623,1050.0,3
2024-09-23,segunda-feira,0,PH SUL (PF),HB,623,61.0,4
2024-09-23,segunda-feira,0,PH SUL (PF),IFCO,6424,40.0,3
2024-09-23,segunda-feira,0,PH UBAJARA,IFCO,6416,500.0,22
2024-09-23,segunda-feira,0,PH UBAJARA,IFCO,6424,1.0,1
2024-09-23,segunda-feira,0,TREB. MINAS,HB,618,434.0,17
2024-09-23,segunda-feira,0,TREB. MINAS,HB,623,200.0,1
2024-09-23,segunda-feira,0,TREB. MINAS,HB,NAO_INFORMADO,45.0,1
2024-09-23,segunda-feira,0,TREB. MINAS,IFCO,6416,624.0,15
2024-09-23,segunda-feira,0,TREB. MINAS,IFCO,6424,1462.0,6
2024-09-23,segunda-feira,0,TREBESCHI DF,IFCO,6416,3.033333333333333,3
2024-09-24,terça-feira,1,PH ALHO/CEBOLA,IFCO,6424,640.0,1
2024-09-24,terça-feira,1,PH CORUMBA (PF),HB,623,360.0,1
2024-09-24,terça-feira,1,PH CORUMBA (PF),IFCO,6424,1760.0,3
2024-09-24,terça-feira,1,PH SUL (PF),IFCO,6424,22.0,2
2024-09-24,terça-feira,1,PH UBAJARA,IFCO,6416,76.0,20
2024-09-24,terça-feira,1,PH UBAJARA,IFCO,6424,22.0,5
2024-09-24,terça-feira,1,TREB. MINAS,HB,618,445.0,25
2024-09-24,terça-feira,1,TREB. MINAS,HB,623,786.0,5
2024-09-24,terça-feira,1,TREB. MINAS,HB,NAO_INFORMADO,156.0,14
2024-09-24,terça-feira,1,TREB. MINAS,IFCO,6416,982.0,105
2024-09-24,terça-feira,1,TREB. MINAS,IFCO,6424,1316.0,7
2024-09-24,terça-feira,1,TREBESCHI DF,IFCO,6416,0.1,1
2024-09-25,quarta-feira,2,PH CORUMBA (PF),HB,618,149.0,8
2024-09-25,quarta-feira,2,PH CORUMBA (PF),HB,623,1.0,1
2024-09-25,quarta-feira,2,PH CORUMBA (PF),IFCO,6424,1760.0,3
2024-09-25,quarta-feira,2,PH SUL (PF),HB,623,150.0,1
2024-09-25,quarta-feira,2,PH SUL (PF),IFCO,6424,326.0,3
2024-09-25,quarta-feira,2,PH UBAJARA,IFCO,6416,335.0,27
2024-09-25,quarta-feira,2,PH UBAJARA,IFCO,6424,59.0,6
2024-09-25,quarta-feira,2,TREB. MINAS,HB,618,573.0,30
2024-09-25,quarta-feira,2,TREB. MINAS,HB,623,891.0,5
2024-09-25,quarta-feira,2,TREB. MINAS,HB,NAO_INFORMADO,860.0,25
2024-09-25,quarta-feira,2,TREB. MINAS,IFCO,6416,455.0,6
2024-09-25,quarta-feira,2,TREB. MINAS,IFCO,6424,1832.0,4
2024-09-25,quarta-feira,2,TREBESCHI DF,IFCO,6416,5.9,1
2024-09-26,quinta-feira,3,PH CORUMBA (PF),HB,623,670.0,1
2024-09-26,quinta-feira,3,PH CORUMBA (PF),IFCO,6424,2880.0,4
2024-09-26,quinta-feira,3,PH SUL (PF),IFCO,6424,106.0,6
2024-09-26,quinta-feira,3,PH UBAJARA,IFCO,6416,38.0,6
2024-09-26,quinta-feira,3,PH UBAJARA,IFCO,6424,1.0,1
2024-09-26,quinta-feira,3,TREB. MINAS,HB,618,569.0,25
2024-09-26,quinta-feira,3,TREB. MINAS,HB,623,182.0,6
2024-09-26,quinta-feira,3,TREB. MINAS,HB,NAO_INFORMADO,735.7714285714285,20
2024-09-26,quinta-feira,3,TREB. MINAS,IFCO,6416,663.0,14
2024-09-26,quinta-feira,3,TREB. MINAS,IFCO,6424,1781.0,6
2024-09-27,sexta-feira,4,PH CORUMBA (PF),HB,623,670.0,1
2024-09-27,sexta-feira,4,PH CORUMBA (PF),IFCO,6424,1760.0,3
2024-09-27,sexta-feira,4,PH SUL (PF),HB,623,12.0,1
2024-09-27,sexta-feira,4,PH SUL (PF),IFCO,6424,23.0,2
2024-09-27,sexta-feira,4,PH UBAJARA,IFCO,6416,591.4761904761905,39
2024-09-27,sexta-feira,4,PH UBAJARA,IFCO,6424,415.0666666666666,26
2024-09-27,sexta-feira,4,TREB. MINAS,HB,618,444.0,28
2024-09-27,sexta-feira,4,TREB. MINAS,HB,623,122.0,3
2024-09-27,sexta-feira,4,TREB. MINAS,HB,NAO_INFORMADO,90.0,2
2024-09-27,sexta-feira,4,TREB. MINAS,IFCO,6416,655.0,5
2024-09-27,sexta-feira,4,TREB. MINAS,IFCO,6424,800.0,2
2024-09-27,sexta-feira,4,TREBESCHI DF,IFCO,6416,11.033333333333335,5
2024-09-28,sábado,5,PH CORUMBA (PF),IFCO,6424,1822.0,3
2024-09-28,sábado,5,PH SUL (PF),IFCO,6424,131.0,4
2024-09-28,sábado,5,PH UBAJARA,HB,618,124.0,18
2024-09-28,sábado,5,PH UBAJARA,HB,623,1.0,1
2024-09-28,sábado,5,PH UBAJARA,IFCO,6416,1017.0,80
2024-09-28,sábado,5,PH UBAJARA,IFCO,6424,1672.0,46
2024-09-28,sábado,5,TREB. MINAS,HB,618,1417.0,50
2024-09-28,sábado,5,TREB. MINAS,HB,623,1784.0,9
2024-09-28,sábado,5,TREB. MINAS,HB,NAO_INFORMADO,406.0,26
2024-09-28,sábado,5,TREB. MINAS,IFCO,6416,565.0,13
2024-09-28,sábado,5,TREB. MINAS,IFCO,6424,1114.0,12
2024-09-30,segunda-feira,0,PH CORUMBA (PF),HB,623,1340.0,2
2024-09-30,segunda-feira,0,PH CORUMBA (PF),IFCO,6424,1280.0,2
2024-09-30,segunda-feira,0,PH SUL (PF),IFCO,6424,234.0,8
2024-09-30,segunda-feira,0,PH UBAJARA,IFCO,6416,390.0,29
2024-09-30,segunda-feira,0,PH UBAJARA,IFCO,6424,235.0,25
2024-09-30,segunda-feira,0,TREB. MINAS,HB,618,662.0,26
2024-09-30,segunda-feira,0,TREB. MINAS,HB,623,941.0,4
2024-09-30,segunda-feira,0,TREB. MINAS,HB,NAO_INFORMADO,600.0,2
2024-09-30,segunda-feira,0,TREB. MINAS,IFCO,6416,514.0,15
2024-09-30,segunda-feira,0,TREB. MINAS,IFCO,6424,4.1,3
2024-09-30,segunda-feira,0,TREBESCHI DF,IFCO,6416,0.166666666666667,1
2024-10-01,terça-feira,1,PH CORUMBA (PF),HB,623,1360.0,3
2024-10-01,terça-feira,1,PH CORUMBA (PF),IFCO,6424,1120.0,1
2024-10-01,terça-feira,1,PH SUL (PF),IFCO,6424,37.0,2
2024-10-01,terça-feira,1,PH UBAJARA,IFCO,6416,616.0,28
2024-10-01,terça-feira,1,PH UBAJARA,IFCO,6424,16.0,4
2024-10-01,terça-feira,1,TREB. MINAS,HB,618,497.0,23
2024-10-01,terça-feira,1,TREB. MINAS,HB,623,255.0,5
2024-10-01,terça-feira,1,TREB. MINAS,HB,NAO_INFORMADO,44.0,10
2024-10-01,terça-feira,1,TREB. MINAS,IFCO,6416,1242.0,146
2024-10-01,terça-feira,1,TREB. MINAS,IFCO,6424,2827.0,14
2024-10-02,quarta-feira,2,PH ALHO/CEBOLA,HB,623,300.0,1
2024-10-02,quarta-feira,2,PH CORUMBA (PF),HB,618,130.0,6
2024-10-02,quarta-feira,2,PH CORUMBA (PF),IFCO,6424,1120.0,1
2024-10-02,quarta-feira,2,PH SUL (PF),IFCO,6424,29.0,2
2024-10-02,quarta-feira,2,PH UBAJARA,IFCO,6416,485.0,19
2024-10-02,quarta-feira,2,PH UBAJARA,IFCO,6424,93.0,4
2024-10-02,quarta-feira,2,TREB. MINAS,HB,618,943.0,29
2024-10-02,quarta-feira,2,TREB. MINAS,HB,623,121.0,2
2024-10-02,quarta-feira,2,TREB. MINAS,HB,NAO_INFORMADO,119.0,27
2024-10-02,quarta-feira,2,TREB. MINAS,IFCO,6416,556.0,6
2024-10-02,quarta-feira,2,TREB. MINAS,IFCO,6424,2315.0,3
2024-10-03,quinta-feira,3,PH CORUMBA (PF),HB,623,630.0,1
2024-10-03,quinta-feira,3,PH CORUMBA (PF),IFCO,6424,1440.0,2
2024-10-03,quinta-feira,3,PH SUL (PF),IFCO,6424,106.0,7
2024-10-03,quinta-feira,3,PH UBAJARA,IFCO,6416,75.0,17
2024-10-03,quinta-feira,3,PH UBAJARA,IFCO,6424,19.0,5
2024-10-03,quinta-feira,3,TREB. MINAS,HB,618,744.0,25
2024-10-03,quinta-feira,3,TREB. MINAS,HB,623,224.0,9
2024-10-03,quinta-feira,3,TREB. MINAS,HB,NAO_INFORMADO,857.0,24
2024-10-03,quinta-feira,3,TREB. MINAS,IFCO,6416,38.0,9
2024-10-03,quinta-feira,3,TREB. MINAS,IFCO,6424,793.0,4
2024-10-04,sexta-feira,4,PH CORUMBA (PF),HB,623,670.0,1
2024-10-04,sexta-feira,4,PH CORUMBA (PF),IFCO,6424,640.0,1
2024-10-04,sexta-feira,4,PH UBAJARA,IFCO,6416,8.0,2
2024-10-04,sexta-feira,4,PH UBAJARA,IFCO,6424,1.0,1
2024-10-04,sexta-feira,4,TREB. MINAS,HB,618,441.0,28
2024-10-04,sexta-feira,4,TREB. MINAS,HB,623,120.0,1
2024-10-04,sexta-feira,4,TREB. MINAS,HB,NAO_INFORMADO,2.2,3
2024-10-04,sexta-feira,4,TREB. MINAS,IFCO,6416,729.0,6
2024-10-05,sábado,5,PH CORUMBA (PF),IFCO,6424,1280.0,2
2024-10-05,sábado,5,PH UBAJARA,HB,618,69.0,14
2024-10-05,sábado,5,PH UBAJARA,HB,623,1.0,1
2024-10-05,sábado,5,PH UBAJARA,IFCO,6416,1306.0,69
2024-10-05,sábado,5,PH UBAJARA,IFCO,6424,276.0,25
2024-10-05,sábado,5,TREB. MINAS,HB,618,1097.0,38
2024-10-05,sábado,5,TREB. MINAS,HB,623,587.0,6
2024-10-05,sábado,5,TREB. MINAS,HB,NAO_INFORMADO,257.0,33
2024-10-05,sábado,5,TREB. MINAS,IFCO,6416,588.0,13
2024-10-05,sábado,5,TREB. MINAS,IFCO,6424,1898.0,11
2024-10-07,segunda-feira,0,PH CORUMBA (PF),HB,623,690.0,2
2024-10-07,segunda-feira,0,PH SUL (PF),IFCO,6424,68.0,3
2024-10-07,segunda-feira,0,PH UBAJARA,IFCO,6416,328.0,33
2024-10-07,segunda-feira,0,PH UBAJARA,IFCO,6424,4.0,1
2024-10-07,segunda-feira,0,TREB. MINAS,HB,618,376.0,17
2024-10-07,segunda-feira,0,TREB. MINAS,HB,623,791.0,3
2024-10-07,segunda-feira,0,TREB. MINAS,HB,NAO_INFORMADO,313.0,2
2024-10-07,segunda-feira,0,TREB. MINAS,IFCO,6416,475.0,5
2024-10-07,segunda-feira,0,TREB. MINAS,IFCO,6424,1410.0,3
2024-10-07,segunda-feira,0,TREBESCHI DF,HB,618,0.3125,1
2024-10-08,terça-feira,1,PH CORUMBA (PF),HB,623,670.0,1
2024-10-08,terça-feira,1,PH SUL (PF),IFCO,6424,21.0,2
2024-10-08,terça-feira,1,PH UBAJARA,IFCO,6416,736.1111111111111,26
2024-10-08,terça-feira,1,PH UBAJARA,IFCO,6424,27.0,8
2024-10-08,terça-feira,1,TREB. MINAS,HB,618,411.0,27
2024-10-08,terça-feira,1,TREB. MINAS,HB,623,133.0,4
2024-10-08,terça-feira,1,TREB. MINAS,HB,NAO_INFORMADO,132.0,16
2024-10-08,terça-feira,1,TREB. MINAS,IFCO,6416,1248.0,141
2024-10-08,terça-feira,1,TREB. MINAS,IFCO,6424,1160.0,5
2024-10-09,quarta-feira,2,PH CORUMBA (PF),HB,618,140.0,5
2024-10-09,quarta-feira,2,PH CORUMBA (PF),HB,623,670.0,1
2024-10-09,quarta-feira,2,PH CORUMBA (PF),IFCO,6424,250.0,2
2024-10-09,quarta-feira,2,PH UBAJARA,IFCO,6416,340.0,21
2024-10-09,quarta-feira,2,PH UBAJARA,IFCO,6424,45.0,4
2024-10-09,quarta-feira,2,TREB. MINAS,HB,618,435.0,21
2024-10-09,quarta-feira,2,TREB. MINAS,HB,623,121.0,2
2024-10-09,quarta-feira,2,TREB. MINAS,HB,NAO_INFORMADO,13.0,9
2024-10-09,quarta-feira,2,TREB. MINAS,IFCO,6416,316.0,4
2024-10-09,quarta-feira,2,TREB. MINAS,IFCO,6424,640.0,1
2024-10-10,quinta-feira,3,PH CORUMBA (PF),HB,623,80.0,1
2024-10-10,quinta-feira,3,PH CORUMBA (PF),IFCO,6424,1120.0,1
2024-10-10,quinta-feira,3,PH UBAJARA,IFCO,6416,36.0,11
2024-10-10,quinta-feira,3,PH UBAJARA,IFCO,6424,5.0,2
2024-10-10,quinta-feira,3,TREB. MINAS,HB,618,646.0,25
2024-10-10,quinta-feira,3,TREB. MINAS,HB,623,271.0,6
2024-10-10,quinta-feira,3,TREB. MINAS,HB,NAO_INFORMADO,639.0,30
2024-10-10,quinta-feira,3,TREB. MINAS,IFCO,6416,45.0,8
2024-10-10,quinta-feira,3,TREB. MINAS,IFCO,6424,2133.0,8
2024-10-11,sexta-feira,4,PH SUL (PF),IFCO,6424,39.0,2
2024-10-11,sexta-feira,4,TREB. MINAS,HB,618,476.0,31
2024-10-11,sexta-feira,4,TREB. MINAS,HB,623,167.0,4
2024-10-11,sexta-feira,4,TREB. MINAS,HB,NAO_INFORMADO,187.0,7
2024-10-11,sexta-feira,4,TREB. MINAS,IFCO,6416,482.0,5
2024-10-11,sexta-feira,4,TREB. MINAS,IFCO,6424,1120.0,1
2024-10-11,sexta-feira,4,TREBESCHI DF,IFCO,6424,30.0,5
2024-10-12,sábado,5,PH CORUMBA (PF),HB,623,1300.0,2
2024-10-12,sábado,5,PH CORUMBA (PF),IFCO,6416,28.0,1
2024-10-12,sábado,5,PH CORUMBA (PF),IFCO,6424,49.0,2
2024-10-12,sábado,5,PH UBAJARA,HB,618,83.0,18
2024-10-12,sábado,5,PH UBAJARA,HB,623,5.0,4
2024-10-12,sábado,5,PH UBAJARA,HB,NAO_INFORMADO,40.0,6
2024-10-12,sábado,5,PH UBAJARA,IFCO,6416,1112.0,84
2024-10-12,sábado,5,PH UBAJARA,IFCO,6424,704.0,33
2024-10-12,sábado,5,TREB. MINAS,HB,618,1201.0,42
2024-10-12,sábado,5,TREB. MINAS,HB,623,1611.0,8
2024-10-12,sábado,5,TREB. MINAS,HB,NAO_INFORMADO,267.0,33
2024-10-12,sábado,5,TREB. MINAS,IFCO,6416,483.0,14
2024-10-12,sábado,5,TREB. MINAS,IFCO,6424,2846.0,9
2024-10-14,segunda-feira,0,PH CORUMBA (PF),HB,623,690.0,1
2024-10-14,segunda-feira,0,PH SUL (PF),IFCO,6424,40.0,5
2024-10-14,segunda-feira,0,PH UBAJARA,IFCO,6416,396.0,35
2024-10-14,segunda-feira,0,PH UBAJARA,IFCO,6424,59.0,12
2024-10-14,segunda-feira,0,TREB. MINAS,HB,618,380.0,18
2024-10-14,segunda-feira,0,TREB. MINAS,HB,623,1063.0,5
2024-10-14,segunda-feira,0,TREB. MINAS,HB,NAO_INFORMADO,439.0,14
2024-10-14,segunda-feira,0,TREB. MINAS,IFCO,6416,519.0,10
2024-10-14,segunda-feira,0,TREB. MINAS,IFCO,6424,2830.0,11
2024-10-14,segunda-feira,0,TREBESCHI DF,HB,623,32.0,5
2024-10-14,segunda-feira,0,TREBESCHI DF,IFCO,6424,12.0,3
2024-10-15,terça-feira,1,PH CORUMBA (PF),HB,623,670.0,1
2024-10-15,terça-feira,1,PH CORUMBA (PF),IFCO,6424,640.0,2
2024-10-15,terça-feira,1,PH SUL (PF),IFCO,6424,5.0,2
2024-10-15,terça-feira,1,PH UBAJARA,IFCO,6416,389.7224982746722,29
2024-10-15,terça-feira,1,PH UBAJARA,IFCO,6424,203.95833333333331,18
2024-10-15,terça-feira,1,TREB. MINAS,HB,618,409.0,27
2024-10-15,terça-feira,1,TREB. MINAS,HB,623,198.0,6
2024-10-15,terça-feira,1,TREB. MINAS,HB,NAO_INFORMADO,43.0,3
2024-10-15,terça-feira,1,TREB. MINAS,IFCO,6416,915.0,108
2024-10-15,terça-feira,1,TREB. MINAS,IFCO,6424,721.0,5
2024-10-15,terça-feira,1,TREBESCHI DF,HB,623,1.0,1
2024-10-15,terça-feira,1,TREBESCHI DF,IFCO,6424,41.0,5
2024-10-16,quarta-feira,2,PH CORUMBA (PF),HB,618,195.0,8
2024-10-16,quarta-feira,2,PH CORUMBA (PF),HB,623,670.0,2
2024-10-16,quarta-feira,2,PH SUL (PF),IFCO,6424,16.0,2
2024-10-16,quarta-feira,2,PH UBAJARA,IFCO,6416,347.0,17
2024-10-16,quarta-feira,2,PH UBAJARA,IFCO,6424,54.0,4
2024-10-16,quarta-feira,2,TREB. MINAS,HB,618,413.0,27
2024-10-16,quarta-feira,2,TREB. MINAS,HB,623,791.0,3
2024-10-16,quarta-feira,2,TREB. MINAS,HB,NAO_INFORMADO,23.0,6
2024-10-16,quarta-feira,2,TREB. MINAS,IFCO,6416,445.0,5
2024-10-16,quarta-feira,2,TREB. MINAS,IFCO,6424,2240.0,3
2024-10-16,quarta-feira,2,TREBESCHI DF,IFCO,6424,6.0,3
2024-10-17,quinta-feira,3,PH CASCAVEL,IFCO,6424,515.0,2
2024-10-17,quinta-feira,3,PH CORUMBA (PF),HB,623,360.0,1
2024-10-17,quinta-feira,3,PH CORUMBA (PF),IFCO,6424,1120.0,1
2024-10-17,quinta-feira,3,PH UBAJARA,IFCO,6416,216.05555555555554,19
2024-10-17,quinta-feira,3,PH UBAJARA,IFCO,6424,11.0,2
2024-10-17,quinta-feira,3,TREB. MINAS,HB,618,694.0,30
2024-10-17,quinta-feira,3,TREB. MINAS,HB,623,1038.0,13
2024-10-17,quinta-feira,3,TREB. MINAS,HB,NAO_INFORMADO,889.0,55
2024-10-17,quinta-feira,3,TREB. MINAS,IFCO,6416,27.0,8
2024-10-17,quinta-feira,3,TREB. MINAS,IFCO,6424,941.0,7
2024-10-17,quinta-feira,3,TREBESCHI DF,HB,623,20.0,2
2024-10-17,quinta-feira,3,TREBESCHI DF,IFCO,6424,4.0,3
2024-10-18,sexta-feira,4,PH CORUMBA (PF),IFCO,6424,636.0,1
2024-10-18,sexta-feira,4,PH SUL (PF),IFCO,6424,2.0,1
2024-10-18,sexta-feira,4,TREB. MINAS,HB,618,393.0,27
2024-10-18,sexta-feira,4,TREB. MINAS,HB,623,1.0,1
2024-10-18,sexta-feira,4,TREB. MINAS,HB,NAO_INFORMADO,9.0,2
2024-10-18,sexta-feira,4,TREB. MINAS,IFCO,6416,695.0,5
2024-10-18,sexta-feira,4,TREB. MINAS,IFCO,6424,640.0,1
2024-10-18,sexta-feira,4,TREBESCHI DF,IFCO,6424,14.0,5
2024-10-19,sábado,5,PH CORUMBA (PF),HB,623,690.0,1
2024-10-19,sábado,5,PH CORUMBA (PF),IFCO,6424,1116.0,1
2024-10-19,sábado,5,PH UBAJARA,HB,618,144.0,33
2024-10-19,sábado,5,PH UBAJARA,HB,623,25.0,5
2024-10-19,sábado,5,PH UBAJARA,HB,NAO_INFORMADO,29.0,7
2024-10-19,sábado,5,PH UBAJARA,IFCO,6416,852.1111111111111,74
2024-10-19,sábado,5,PH UBAJARA,IFCO,6424,493.0,31
2024-10-19,sábado,5,TREB. MINAS,HB,618,963.0,42
2024-10-19,sábado,5,TREB. MINAS,HB,623,1228.0,14
2024-10-19,sábado,5,TREB. MINAS,HB,NAO_INFORMADO,461.0,20
2024-10-19,sábado,5,TREB. MINAS,IFCO,6416,619.0,97
2024-10-19,sábado,5,TREB. MINAS,IFCO,6424,1218.0,10
2024-10-20,domingo,6,PH UBAJARA,HB,623,1.0,1
2024-10-21,segunda-feira,0,PH CASCAVEL,IFCO,6424,800.0,2
2024-10-21,segunda-feira,0,PH CORUMBA (PF),HB,623,670.0,1
2024-10-21,segunda-feira,0,PH CORUMBA (PF),IFCO,6424,640.0,1
2024-10-21,segunda-feira,0,PH SUL (PF),IFCO,6424,79.0,3
2024-10-21,segunda-feira,0,PH UBAJARA,IFCO,6416,1383.0,22
2024-10-21,segunda-feira,0,PH UBAJARA,IFCO,6424,320.0,16
2024-10-21,segunda-feira,0,TREB. MINAS,HB,618,397.0,16
2024-10-21,segunda-feira,0,TREB. MINAS,HB,623,122.0,2
2024-10-21,segunda-feira,0,TREB. MINAS,HB,NAO_INFORMADO,11.0,1
2024-10-21,segunda-feira,0,TREB. MINAS,IFCO,6416,438.0,8
2024-10-21,segunda-feira,0,TREB. MINAS,IFCO,6424,1856.0,6
2024-10-21,segunda-feira,0,TREBESCHI DF,HB,623,4.0,1
2024-10-21,segunda-feira,0,TREBESCHI DF,IFCO,6424,18.0,3
2024-10-22,terça-feira,1,PH ALHO/CEBOLA,HB,623,600.0,1
2024-10-22,terça-feira,1,PH CASCAVEL,IFCO,6424,720.0,4
2024-10-22,terça-feira,1,PH CORUMBA (PF),HB,623,690.0,2
2024-10-22,terça-feira,1,PH SUL (PF),IFCO,6424,430.0,7
2024-10-22,terça-feira,1,PH UBAJARA,HB,618,605.0,23
2024-10-22,terça-feira,1,PH UBAJARA,HB,623,4.0,1
2024-10-22,terça-feira,1,PH UBAJARA,IFCO,6416,715.0,39
2024-10-22,terça-feira,1,PH UBAJARA,IFCO,6424,194.0,12
2024-10-22,terça-feira,1,TREB. MINAS,HB,618,472.0,25
2024-10-22,terça-feira,1,TREB. MINAS,HB,623,1648.0,10
2024-10-22,terça-feira,1,TREB. MINAS,HB,NAO_INFORMADO,448.0,48
2024-10-22,terça-feira,1,TREB. MINAS,IFCO,6416,936.0,141
2024-10-22,terça-feira,1,TREB. MINAS,IFCO,6424,309.0,6
2024-10-22,terça-feira,1,TREBESCHI DF,HB,623,17.0,3
2024-10-22,terça-feira,1,TREBESCHI DF,IFCO,6424,3.0,1
2024-10-23,quarta-feira,2,PH CASCAVEL,IFCO,6424,880.0,1
2024-10-23,quarta-feira,2,PH CORUMBA (PF),HB,623,80.0,2
2024-10-23,quarta-feira,2,PH CORUMBA (PF),IFCO,6424,153.0,2
2024-10-23,quarta-feira,2,PH SUL (PF),IFCO,6424,120.0,2
2024-10-23,quarta-feira,2,PH UBAJARA,IFCO,6416,667.0,58
2024-10-23,quarta-feira,2,PH UBAJARA,IFCO,6424,228.0,20
2024-10-23,quarta-feira,2,TREB. MINAS,HB,618,802.0,35
2024-10-23,quarta-feira,2,TREB. MINAS,HB,623,171.0,3
2024-10-23,quarta-feira,2,TREB. MINAS,HB,NAO_INFORMADO,123.0,11
2024-10-23,quarta-feira,2,TREB. MINAS,IFCO,6416,878.0,30
2024-10-23,quarta-feira,2,TREB. MINAS,IFCO,6424,1644.3333333333333,16
2024-10-24,quinta-feira,3,PH CORUMBA (PF),IFCO,6424,640.0,1
2024-10-24,quinta-feira,3,PH SUL (PF),IFCO,6424,105.0,4
2024-10-24,quinta-feira,3,PH UBAJARA,HB,618,83.0,3
2024-10-24,quinta-feira,3,PH UBAJARA,HB,623,70.0,2
2024-10-24,quinta-feira,3,PH UBAJARA,IFCO,6416,645.0,30
2024-10-24,quinta-feira,3,PH UBAJARA,IFCO,6424,170.0,7
2024-10-24,quinta-feira,3,TREB. MINAS,HB,618,432.0,24
2024-10-24,quinta-feira,3,TREB. MINAS,HB,623,491.0,8
2024-10-24,quinta-feira,3,TREB. MINAS,HB,NAO_INFORMADO,499.0,29
2024-10-25,sexta-feira,4,PH CORUMBA (PF),IFCO,6424,1280.0,3
2024-10-25,sexta-feira,4,PH SUL (PF),IFCO,6424,35.0,2
2024-10-25,sexta-feira,4,PH UBAJARA,HB,618,22.0,5
2024-10-25,sexta-feira,4,TREB. MINAS,HB,618,394.0,17
2024-10-25,sexta-feira,4,TREB. MINAS,HB,623,601.0,2
2024-10-25,sexta-feira,4,TREB. MINAS,HB,NAO_INFORMADO,1.0,1
2024-10-25,sexta-feira,4,TREBESCHI DF,IFCO,6424,48.0,4
2024-10-26,sábado,5,PH CASCAVEL,IFCO,6424,636.0,1
2024-10-26,sábado,5,PH CORUMBA (PF),HB,623,60.0,1
2024-10-26,sábado,5,PH CORUMBA (PF),IFCO,6424,1200.0,2
2024-10-26,sábado,5,PH UBAJARA,HB,618,146.0,28
2024-10-26,sábado,5,PH UBAJARA,HB,623,32.0,6
2024-10-26,sábado,5,PH UBAJARA,HB,NAO_INFORMADO,25.0,5
2024-10-26,sábado,5,PH UBAJARA,IFCO,6416,1148.0,102
2024-10-26,sábado,5,PH UBAJARA,IFCO,6424,845.0,45
2024-10-26,sábado,5,TREB. MINAS,HB,618,943.0,38
2024-10-26,sábado,5,TREB. MINAS,HB,623,917.0,8
2024-10-26,sábado,5,TREB. MINAS,HB,NAO_INFORMADO,98.0,10
2024-10-26,sábado,5,TREB. MINAS,IFCO,6416,717.0,84
2024-10-26,sábado,5,TREB. MINAS,IFCO,6424,2084.0,13
2024-10-28,segunda-feira,0,PH CASCAVEL,IFCO,6424,720.0,2
2024-10-28,segunda-feira,0,PH CORUMBA (PF),HB,623,690.0,2
2024-10-28,segunda-feira,0,PH SUL (PF),IFCO,6424,406.0,9
2024-10-28,segunda-feira,0,PH UBAJARA,HB,618,370.0,27
2024-10-28,segunda-feira,0,PH UBAJARA,HB,623,70.0,3
2024-10-28,segunda-feira,0,PH UBAJARA,IFCO,6416,345.0,12
2024-10-28,segunda-feira,0,PH UBAJARA,IFCO,6424,375.0,10
2024-10-28,segunda-feira,0,TREB. MINAS,HB,618,454.0,17
2024-10-28,segunda-feira,0,TREB. MINAS,HB,623,672.0,2
2024-10-28,segunda-feira,0,TREB. MINAS,HB,NAO_INFORMADO,6.0,1
2024-10-28,segunda-feira,0,TREB. MINAS,IFCO,6416,419.0,16
2024-10-28,segunda-feira,0,TREB. MINAS,IFCO,6424,307.0,4
2024-10-29,terça-feira,1,PH CASCAVEL,IFCO,6424,480.0,2
2024-10-29,terça-feira,1,PH SUL (PF),IFCO,6424,10.0,1
2024-10-29,terça-feira,1,PH UBAJARA,IFCO,6416,346.0,49
2024-10-29,terça-feira,1,PH UBAJARA,IFCO,6424,271.0,21
2024-10-29,terça-feira,1,TREB. MINAS,HB,618,643.0,27
2024-10-29,terça-feira,1,TREB. MINAS,HB,623,555.0,9
2024-10-29,terça-feira,1,TREB. MINAS,HB,NAO_INFORMADO,963.0,21
2024-10-29,terça-feira,1,TREB. MINAS,IFCO,6416,920.0,138
2024-10-29,terça-feira,1,TREB. MINAS,IFCO,6424,80.0,2
2024-10-30,quarta-feira,2,PH CORUMBA (PF),HB,623,120.0,2
2024-10-30,quarta-feira,2,PH CORUMBA (PF),IFCO,6416,592.0,5
2024-10-30,quarta-feira,2,PH CORUMBA (PF),IFCO,6424,640.0,1
2024-10-30,quarta-feira,2,PH SUL (PF),IFCO,6424,28.0,3
2024-10-30,quarta-feira,2,PH UBAJARA,IFCO,6416,430.0,21
2024-10-30,quarta-feira,2,PH UBAJARA,IFCO,6424,48.0,8
2024-10-30,quarta-feira,2,TREB. MINAS,HB,618,687.0,36
2024-10-30,quarta-feira,2,TREB. MINAS,HB,623,121.0,2
2024-10-30,quarta-feira,2,TREB. MINAS,HB,NAO_INFORMADO,184.0,31
2024-10-30,quarta-feira,2,TREB. MINAS,IFCO,6416,4.0,1
2024-10-30,quarta-feira,2,TREB. MINAS,IFCO,6424,372.0,2
2024-10-30,quarta-feira,2,TREBESCHI DF,IFCO,6424,5.0,1
2024-10-31,quinta-feira,3,PH CORUMBA (PF),IFCO,6424,1604.0,4
2024-10-31,quinta-feira,3,PH UBAJARA,IFCO,6416,188.0,24
2024-10-31,quinta-feira,3,PH UBAJARA,IFCO,6424,25.0,3
2024-10-31,quinta-feira,3,TREB. MINAS,HB,618,677.0,29
2024-10-31,quinta-feira,3,TREB. MINAS,HB,623,757.0,10
2024-10-31,quinta-feira,3,TREB. MINAS,HB,NAO_INFORMADO,866.0,39
2024-10-31,quinta-feira,3,TREB. MINAS,IFCO,6416,26.0,8
2024-10-31,quinta-feira,3,TREB. MINAS,IFCO,6424,1129.0,4
2024-11-01,sexta-feira,4,PH CORUMBA (PF),IFCO,6416,760.0,5
2024-11-01,sexta-feira,4,PH CORUMBA (PF),IFCO,6424,967.0,1
2024-11-01,sexta-feira,4,PH SUL (PF),IFCO,6424,110.0,2
2024-11-01,sexta-feira,4,PH UBAJARA,HB,618,59.0,11
2024-11-01,sexta-feira,4,PH UBAJARA,HB,623,20.0,1
2024-11-01,sexta-feira,4,PH UBAJARA,IFCO,6416,1385.0,29
2024-11-01,sexta-feira,4,PH UBAJARA,IFCO,6424,168.0,4
2024-11-01,sexta-feira,4,TREB. MINAS,HB,618,487.0,28
2024-11-01,sexta-feira,4,TREB. MINAS,HB,623,1.0,1
2024-11-01,sexta-feira,4,TREB. MINAS,HB,NAO_INFORMADO,3.0,1
2024-11-01,sexta-feira,4,TREB. MINAS,IFCO,6416,80.0,2
2024-11-01,sexta-feira,4,TREB. MINAS,IFCO,6424,880.0,1
2024-11-01,sexta-feira,4,TREBESCHI DF,HB,623,60.0,10
2024-11-02,sábado,5,PH CASCAVEL,IFCO,6424,640.0,1
2024-11-02,sábado,5,PH CORUMBA (PF),HB,623,120.0,2
2024-11-02,sábado,5,PH CORUMBA (PF),IFCO,6424,850.0,2
2024-11-02,sábado,5,PH UBAJARA,HB,618,74.0,18
2024-11-02,sábado,5,PH UBAJARA,HB,623,6.0,5
2024-11-02,sábado,5,PH UBAJARA,HB,NAO_INFORMADO,32.0,7
2024-11-02,sábado,5,PH UBAJARA,IFCO,6416,898.2222222222222,90
2024-11-02,sábado,5,PH UBAJARA,IFCO,6424,741.0,27
2024-11-02,sábado,5,TREB. MINAS,HB,618,1113.0,49
2024-11-02,sábado,5,TREB. MINAS,HB,623,981.0,11
2024-11-02,sábado,5,TREB. MINAS,HB,NAO_INFORMADO,408.0,23
2024-11-02,sábado,5,TREB. MINAS,IFCO,6416,588.0,11
2024-11-02,sábado,5,TREB. MINAS,IFCO,6424,2309.0,10
2024-11-04,segunda-feira,0,PH ALHO/CEBOLA,IFCO,6424,638.0,1
2024-11-04,segunda-feira,0,PH CASCAVEL,HB,623,670.0,1
2024-11-04,segunda-feira,0,PH CORUMBA (PF),HB,623,690.0,2
2024-11-04,segunda-feira,0,PH CORUMBA (PF),IFCO,6424,2247.0,5
2024-11-04,segunda-feira,0,PH SUL (PF),IFCO,6424,55.0,3
2024-11-04,segunda-feira,0,PH UBAJARA,HB,618,347.0,20
2024-11-04,segunda-feira,0,PH UBAJARA,HB,623,30.0,2
2024-11-04,segunda-feira,0,PH UBAJARA,IFCO,6416,185.0,20
2024-11-04,segunda-feira,0,PH UBAJARA,IFCO,6424,10.0,6
2024-11-04,segunda-feira,0,TREB. MINAS,HB,618,506.0,16
2024-11-04,segunda-feira,0,TREB. MINAS,HB,623,1037.0,2
2024-11-04,segunda-feira,0,TREB. MINAS,HB,NAO_INFORMADO,3.0,1
2024-11-04,segunda-feira,0,TREB. MINAS,IFCO,6416,426.0,16
2024-11-04,segunda-feira,0,TREB. MINAS,IFCO,6424,32.0,5
2024-11-05,terça-feira,1,F. TAQUARIVAI,IFCO,6424,240.0,1
2024-11-05,terça-feira,1,PH CASCAVEL,HB,623,670.0,2
2024-11-05,terça-feira,1,PH CORUMBA (PF),IFCO,6416,733.0,7
2024-11-05,terça-feira,1,PH CORUMBA (PF),IFCO,6424,1120.0,3
2024-11-05,terça-feira,1,PH UBAJARA,IFCO,6416,1101.0,43
2024-11-05,terça-feira,1,PH UBAJARA,IFCO,6424,403.0,27
2024-11-05,terça-feira,1,TREB. MINAS,HB,618,543.7333333333332,39
2024-11-05,terça-feira,1,TREB. MINAS,HB,623,754.0,14
2024-11-05,terça-feira,1,TREB. MINAS,HB,NAO_INFORMADO,79.45,13
2024-11-05,terça-feira,1,TREB. MINAS,IFCO,6416,144.0,108
2024-11-05,terça-feira,1,TREB. MINAS,IFCO,6424,80.0,2
2024-11-05,terça-feira,1,TREBESCHI DF,IFCO,6416,125.25,2
2024-11-06,quarta-feira,2,PH CASCAVEL,HB,623,640.0,1
2024-11-06,quarta-feira,2,PH CORUMBA (PF),HB,623,1260.0,2
2024-11-06,quarta-feira,2,PH CORUMBA (PF),IFCO,6416,592.0,6
2024-11-06,quarta-feira,2,PH CORUMBA (PF),IFCO,6424,640.0,1
2024-11-06,quarta-feira,2,PH SUL (PF),IFCO,6424,40.0,1
2024-11-06,quarta-feira,2,PH UBAJARA,IFCO,6416,287.0,43
2024-11-06,quarta-feira,2,PH UBAJARA,IFCO,6424,61.0,6
2024-11-06,quarta-feira,2,TREB. MINAS,HB,618,1158.0,32
2024-11-06,quarta-feira,2,TREB. MINAS,HB,623,1.0,1
2024-11-06,quarta-feira,2,TREB. MINAS,HB,NAO_INFORMADO,270.0,20
2024-11-06,quarta-feira,2,TREB. MINAS,IFCO,6416,22.0,2
2024-11-06,quarta-feira,2,TREB. MINAS,IFCO,6424,29.0,1
2024-11-06,quarta-feira,2,TREBESCHI DF,HB,623,60.0,2
2024-11-07,quinta-feira,3,F. TAQUARIVAI,IFCO,6424,240.0,1
2024-11-07,quinta-feira,3,PH CORUMBA (PF),HB,623,1170.0,2
2024-11-07,quinta-feira,3,PH SUL (PF),IFCO,6424,41.0,3
2024-11-07,quinta-feira,3,PH UBAJARA,HB,618,500.0,2
2024-11-07,quinta-feira,3,PH UBAJARA,IFCO,6416,155.08333333333334,14
2024-11-07,quinta-feira,3,PH UBAJARA,IFCO,6424,80.68589743589745,11
2024-11-07,quinta-feira,3,TREB. MINAS,HB,618,563.0,27
2024-11-07,quinta-feira,3,TREB. MINAS,HB,623,1096.0,11
2024-11-07,quinta-feira,3,TREB. MINAS,HB,NAO_INFORMADO,944.0,35
2024-11-07,quinta-feira,3,TREB. MINAS,IFCO,6416,70.0,31
2024-11-07,quinta-feira,3,TREB. MINAS,IFCO,6424,18.0,10
2024-11-07,quinta-feira,3,TREBESCHI DF,HB,623,42.0,1
2024-11-07,quinta-feira,3,TREBESCHI DF,IFCO,6416,5.0,1
2024-11-08,sexta-feira,4,F. TAQUARIVAI,HB,623,600.0,1
2024-11-08,sexta-feira,4,F. TAQUARIVAI,IFCO,6424,640.0,2
2024-11-08,sexta-feira,4,PH CASCAVEL,IFCO,6424,2190.0,3
2024-11-08,sexta-feira,4,PH SUL (PF),IFCO,6424,37.0,5
2024-11-08,sexta-feira,4,PH UBAJARA,IFCO,6416,5.0,1
2024-11-08,sexta-feira,4,PH UBAJARA,IFCO,6424,105.0,1
2024-11-08,sexta-feira,4,TREB. MINAS,HB,618,497.0,31
2024-11-08,sexta-feira,4,TREB. MINAS,HB,623,91.0,2
2024-11-08,sexta-feira,4,TREB. MINAS,HB,NAO_INFORMADO,185.0,7
2024-11-08,sexta-feira,4,TREB. MINAS,IFCO,6424,155.0,2
2024-11-08,sexta-feira,4,TREBESCHI DF,IFCO,6416,15.0,1
2024-11-09,sábado,5,F. TAQUARIVAI,HB,623,716.0,2
2024-11-09,sábado,5,F. TAQUARIVAI,IFCO,6424,120.0,1
2024-11-09,sábado,5,PH CASCAVEL,HB,623,640.0,1
2024-11-09,sábado,5,PH CASCAVEL,IFCO,6424,1000.0,2
2024-11-09,sábado,5,PH CORUMBA (PF),HB,623,60.0,2
2024-11-09,sábado,5,PH CORUMBA (PF),IFCO,6424,520.0,2
2024-11-09,sábado,5,PH UBAJARA,HB,618,86.0,21
2024-11-09,sábado,5,PH UBAJARA,IFCO,6416,745.0,83
2024-11-09,sábado,5,PH UBAJARA,IFCO,6424,687.0,43
2024-11-09,sábado,5,TREB. MINAS,HB,618,960.0,47
2024-11-09,sábado,5,TREB. MINAS,HB,623,758.0,9
2024-11-09,sábado,5,TREB. MINAS,HB,NAO_INFORMADO,379.0,48
2024-11-09,sábado,5,TREB. MINAS,IFCO,6416,596.0,10
2024-11-09,sábado,5,TREB. MINAS,IFCO,6424,162.0,7
2024-11-11,segunda-feira,0,F. TAQUARIVAI,HB,623,670.0,1
2024-11-11,segunda-feira,0,F. TAQUARIVAI,IFCO,6424,640.0,2
2024-11-11,segunda-feira,0,PH ALHO/CEBOLA,IFCO,6424,640.0,1
2024-11-11,segunda-feira,0,PH CASCAVEL,IFCO,6424,640.0,1
2024-11-11,segunda-feira,0,PH CORUMBA (PF),HB,623,690.0,2
2024-11-11,segunda-feira,0,PH SUL (PF),IFCO,6424,103.0,5
2024-11-11,segunda-feira,0,PH UBAJARA,HB,618,160.0,9
2024-11-11,segunda-feira,0,PH UBAJARA,HB,623,4.0,1
2024-11-11,segunda-feira,0,TREB. MINAS,HB,618,357.0,14
2024-11-11,segunda-feira,0,TREB. MINAS,HB,623,671.0,2
2024-11-11,segunda-feira,0,TREB. MINAS,HB,NAO_INFORMADO,42.0,3
2024-11-11,segunda-feira,0,TREB. MINAS,IFCO,6416,510.0,12
2024-11-11,segunda-feira,0,TREB. MINAS,IFCO,6424,10.0,4
2024-11-11,segunda-feira,0,TREBESCHI DF,IFCO,6416,5.0,1
2024-11-12,terça-feira,1,F. TAQUARIVAI,HB,623,900.0,2
2024-11-12,terça-feira,1,PH CASCAVEL,IFCO,6424,240.0,1
2024-11-12,terça-feira,1,PH CORUMBA (PF),IFCO,6416,789.0,6
2024-11-12,terça-feira,1,PH CORUMBA (PF),IFCO,6424,500.0,1
2024-11-12,terça-feira,1,PH SUL (PF),IFCO,6424,26.0,2
2024-11-12,terça-feira,1,PH UBAJARA,IFCO,6416,195.0,27
2024-11-12,terça-feira,1,PH UBAJARA,IFCO,6424,42.0,8
2024-11-12,terça-feira,1,TREB. MINAS,HB,618,511.0,26
2024-11-12,terça-feira,1,TREB. MINAS,HB,623,90.0,7
2024-11-12,terça-feira,1,TREB. MINAS,HB,NAO_INFORMADO,132.0,12
2024-11-12,terça-feira,1,TREB. MINAS,IFCO,6416,244.0,132
2024-11-12,terça-feira,1,TREB. MINAS,IFCO,6424,80.0,2
2024-11-12,terça-feira,1,TREBESCHI DF,IFCO,6416,3751.25,3
2024-11-13,quarta-feira,2,F. TAQUARIVAI,IFCO,6424,340.0,1
2024-11-13,quarta-feira,2,PH CORUMBA (PF),HB,623,33.0,2
2024-11-13,quarta-feira,2,PH CORUMBA (PF),IFCO,6424,250.0,2
2024-11-13,quarta-feira,2,PH SUL (PF),IFCO,6424,20.0,1
2024-11-13,quarta-feira,2,PH UBAJARA,IFCO,6416,381.0,24
2024-11-13,quarta-feira,2,PH UBAJARA,IFCO,6424,59.0,5
2024-11-13,quarta-feira,2,TREB. MINAS,HB,618,1054.0,46
2024-11-13,quarta-feira,2,TREB. MINAS,HB,623,671.0,2
2024-11-13,quarta-feira,2,TREB. MINAS,HB,NAO_INFORMADO,327.0,17
2024-11-13,quarta-feira,2,TREB. MINAS,IFCO,6416,68.0,13
2024-11-13,quarta-feira,2,TREB. MINAS,IFCO,6424,45.0,9
2024-11-13,quarta-feira,2,TREBESCHI DF,IFCO,6416,0.9375,1
2024-11-14,quinta-feira,3,F. TAQUARIVAI,IFCO,6424,604.0,2
2024-11-14,quinta-feira,3,PH CORUMBA (PF),IFCO,6416,804.0,6
2024-11-14,quinta-feira,3,PH UBAJARA,IFCO,6416,443.0,14
2024-11-14,quinta-feira,3,PH UBAJARA,IFCO,6424,49.0,3
2024-11-14,quinta-feira,3,TREB. MINAS,HB,618,572.0,26
2024-11-14,quinta-feira,3,TREB. MINAS,HB,623,169.0,10
2024-11-14,quinta-feira,3,TREB. MINAS,HB,NAO_INFORMADO,480.0,31
2024-11-14,quinta-feira,3,TREB. MINAS,IFCO,6416,200.0,2
2024-11-14,quinta-feira,3,TREB. MINAS,IFCO,6424,654.0,4
2024-11-14,quinta-feira,3,TREBESCHI DF,IFCO,6416,2.25,1
2024-11-15,sexta-feira,4,PH CASCAVEL,HB,623,340.0,1
2024-11-15,sexta-feira,4,PH CASCAVEL,IFCO,6424,940.0,2
2024-11-15,sexta-feira,4,TREB. MINAS,HB,618,504.0,28
2024-11-15,sexta-feira,4,TREB. MINAS,HB,623,1.0,1
2024-11-15,sexta-feira,4,TREB. MINAS,HB,NAO_INFORMADO,8.0,2
2024-11-16,sábado,5,F. TAQUARIVAI,HB,623,1025.0,2
2024-11-16,sábado,5,PH CASCAVEL,IFCO,6424,1760.0,3
2024-11-16,sábado,5,PH CORUMBA (PF),HB,623,708.0,3
2024-11-16,sábado,5,PH CORUMBA (PF),IFCO,6424,940.0,3
2024-11-16,sábado,5,PH UBAJARA,HB,618,4.0,2
2024-11-16,sábado,5,PH UBAJARA,HB,623,6.0,6
2024-11-16,sábado,5,PH UBAJARA,HB,NAO_INFORMADO,22.0,6
2024-11-16,sábado,5,PH UBAJARA,IFCO,6416,2083.0,122
2024-11-16,sábado,5,PH UBAJARA,IFCO,6424,1565.0,55
2024-11-16,sábado,5,TREB. MINAS,HB,618,824.8,39
2024-11-16,sábado,5,TREB. MINAS,HB,623,175.0,8
2024-11-16,sábado,5,TREB. MINAS,HB,NAO_INFORMADO,1312.0,75
2024-11-16,sábado,5,TREB. MINAS,IFCO,6416,568.0,73
2024-11-16,sábado,5,TREB. MINAS,IFCO,6424,133.0,21
2024-11-18,segunda-feira,0,F. TAQUARIVAI,HB,623,1340.0,2
2024-11-18,segunda-feira,0,F. TAQUARIVAI,IFCO,6424,640.0,2
2024-11-18,segunda-feira,0,PH CASCAVEL,IFCO,6424,2080.0,5
2024-11-18,segunda-feira,0,PH CORUMBA (PF),IFCO,6424,640.0,2
2024-11-18,segunda-feira,0,PH SUL (PF),IFCO,6424,79.0,3
2024-11-18,segunda-feira,0,PH UBAJARA,HB,618,263.0,14
2024-11-18,segunda-feira,0,PH UBAJARA,HB,623,2.0,1
2024-11-18,segunda-feira,0,TREB. MINAS,HB,618,470.8,18
2024-11-18,segunda-feira,0,TREB. MINAS,HB,623,1.0,1
2024-11-18,segunda-feira,0,TREB. MINAS,HB,NAO_INFORMADO,216.0,12
2024-11-18,segunda-feira,0,TREBESCHI DF,IFCO,6416,0.2,1
2024-11-19,terça-feira,1,F. TAQUARIVAI,HB,623,900.0,3
2024-11-19,terça-feira,1,F. TAQUARIVAI,IFCO,6424,720.0,3
2024-11-19,terça-feira,1,PH CASCAVEL,IFCO,6424,1120.0,2
2024-11-19,terça-feira,1,PH SUL (PF),IFCO,6424,25.0,1
2024-11-19,terça-feira,1,PH UBAJARA,HB,623,21.0,2
2024-11-19,terça-feira,1,PH UBAJARA,IFCO,6416,241.0,21
2024-11-19,terça-feira,1,PH UBAJARA,IFCO,6424,292.0,34
2024-11-19,terça-feira,1,TREB. MINAS,HB,618,557.0,27
2024-11-19,terça-feira,1,TREB. MINAS,HB,623,108.0,7
2024-11-19,terça-feira,1,TREB. MINAS,HB,NAO_INFORMADO,88.0,19
2024-11-19,terça-feira,1,TREB. MINAS,IFCO,6416,348.0,145
2024-11-19,terça-feira,1,TREB. MINAS,IFCO,6424,80.0,2
2024-11-19,terça-feira,1,TREBESCHI DF,IFCO,6424,23.0,7
2024-11-20,quarta-feira,2,F. TAQUARIVAI,HB,623,1311.0,2
2024-11-20,quarta-feira,2,F. TAQUARIVAI,IFCO,6416,450.0,4
2024-11-20,quarta-feira,2,PH CASCAVEL,IFCO,6424,1120.0,1
2024-11-20,quarta-feira,2,PH CORUMBA (PF),HB,623,50.0,1
2024-11-20,quarta-feira,2,PH CORUMBA (PF),IFCO,6424,300.0,1
2024-11-20,quarta-feira,2,PH UBAJARA,HB,618,79.0,14
2024-11-20,quarta-feira,2,PH UBAJARA,IFCO,6416,225.06418219461696,30
2024-11-20,quarta-feira,2,PH UBAJARA,IFCO,6424,100.4525641025641,10
2024-11-20,quarta-feira,2,TREB. MINAS,HB,618,644.0,39
2024-11-20,quarta-feira,2,TREB. MINAS,HB,623,2.0,2
2024-11-20,quarta-feira,2,TREB. MINAS,HB,NAO_INFORMADO,58.0,10
2024-11-20,quarta-feira,2,TREB. MINAS,IFCO,6416,25.0,4
2024-11-20,quarta-feira,2,TREB. MINAS,IFCO,6424,69.0,3
2024-11-20,quarta-feira,2,TREBESCHI DF,HB,618,0.25,1
2024-11-20,quarta-feira,2,TREBESCHI DF,IFCO,6424,15.0,4
2024-11-21,quinta-feira,3,F. TAQUARIVAI,IFCO,6424,1280.0,4
2024-11-21,quinta-feira,3,PH CASCAVEL,IFCO,6424,320.0,1
2024-11-21,quinta-feira,3,PH CORUMBA (PF),HB,623,670.0,1
2024-11-21,quinta-feira,3,PH CORUMBA (PF),IFCO,6424,120.0,1
2024-11-21,quinta-feira,3,PH SUL (PF),IFCO,6424,24.0,1
2024-11-21,quinta-feira,3,PH UBAJARA,IFCO,6416,22.0,12
2024-11-21,quinta-feira,3,PH UBAJARA,IFCO,6424,5.0,2
2024-11-21,quinta-feira,3,TREB. MINAS,HB,618,900.0,30
2024-11-21,quinta-feira,3,TREB. MINAS,HB,623,222.0,11
2024-11-21,quinta-feira,3,TREB. MINAS,HB,NAO_INFORMADO,547.0,37
2024-11-21,quinta-feira,3,TREB. MINAS,IFCO,6416,116.0,11
2024-11-21,quinta-feira,3,TREB. MINAS,IFCO,6424,624.0,5
2024-11-21,quinta-feira,3,TREBESCHI DF,IFCO,6424,64.0,7
2024-11-22,sexta-feira,4,F. TAQUARIVAI,HB,623,500.0,1
2024-11-22,sexta-feira,4,F. TAQUARIVAI,IFCO,6416,628.0,6
2024-11-22,sexta-feira,4,F. TAQUARIVAI,IFCO,6424,1120.0,2
2024-11-22,sexta-feira,4,PH CASCAVEL,HB,623,1710.0,2
2024-11-22,sexta-feira,4,PH CASCAVEL,IFCO,6424,1560.0,3
2024-11-22,sexta-feira,4,PH UBAJARA,IFCO,6416,280.0,1
2024-11-22,sexta-feira,4,TREB. MINAS,HB,618,573.0,31
2024-11-22,sexta-feira,4,TREB. MINAS,HB,623,2.0,2
2024-11-22,sexta-feira,4,TREB. MINAS,HB,NAO_INFORMADO,116.0,7
2024-11-22,sexta-feira,4,TREB. MINAS,IFCO,6416,10.0,1
2024-11-23,sábado,5,F. TAQUARIVAI,HB,623,980.0,5
2024-11-23,sábado,5,F. TAQUARIVAI,IFCO,6416,658.0,4
2024-11-23,sábado,5,F. TAQUARIVAI,IFCO,6424,1280.0,2
2024-11-23,sábado,5,PH CASCAVEL,IFCO,6424,1120.0,2
2024-11-23,sábado,5,PH CORUMBA (PF),HB,623,100.0,2
2024-11-23,sábado,5,PH CORUMBA (PF),IFCO,6424,1360.0,3
2024-11-23,sábado,5,PH UBAJARA,HB,618,88.0,14
2024-11-23,sábado,5,PH UBAJARA,IFCO,6416,2041.0,113
2024-11-23,sábado,5,PH UBAJARA,IFCO,6424,1576.0,84
2024-11-23,sábado,5,TREB. MINAS,HB,618,1254.0,53
2024-11-23,sábado,5,TREB. MINAS,HB,623,210.0,12
2024-11-23,sábado,5,TREB. MINAS,HB,NAO_INFORMADO,1188.0,34
2024-11-23,sábado,5,TREB. MINAS,IFCO,6416,541.0,77
2024-11-23,sábado,5,TREB. MINAS,IFCO,6424,154.0,8
2024-11-25,segunda-feira,0,F. TAQUARIVAI,HB,623,1230.0,3
2024-11-25,segunda-feira,0,F. TAQUARIVAI,IFCO,6416,248.0,3
2024-11-25,segunda-feira,0,F. TAQUARIVAI,IFCO,6424,1120.0,1
2024-11-25,segunda-feira,0,PH CASCAVEL,IFCO,6424,640.0,2
2024-11-25,segunda-feira,0,PH SUL (PF),IFCO,6424,52.0,2
2024-11-25,segunda-feira,0,PH UBAJARA,HB,618,319.0,22
2024-11-25,segunda-feira,0,PH UBAJARA,HB,623,3.0,1
2024-11-25,segunda-feira,0,PH UBAJARA,HB,NAO_INFORMADO,8.0,1
2024-11-25,segunda-feira,0,PH UBAJARA,IFCO,6416,24.0,4
2024-11-25,segunda-feira,0,PH UBAJARA,IFCO,6424,1.0,1
2024-11-25,segunda-feira,0,TREB. MINAS,HB,618,511.0,16
2024-11-25,segunda-feira,0,TREB. MINAS,HB,623,1.0,1
2024-11-25,segunda-feira,0,TREB. MINAS,HB,NAO_INFORMADO,4.0,1
2024-11-25,segunda-feira,0,TREB. MINAS,IFCO,6424,10.0,1
2024-11-25,segunda-feira,0,TREBESCHI DF,IFCO,6424,15.0,2
2024-11-26,terça-feira,1,F. TAQUARIVAI,IFCO,6416,531.0,5
2024-11-26,terça-feira,1,F. TAQUARIVAI,IFCO,6424,1120.0,1
2024-11-26,terça-feira,1,PH CASCAVEL,IFCO,6424,1520.0,2
2024-11-26,terça-feira,1,PH UBAJARA,IFCO,6416,810.0,74
2024-11-26,terça-feira,1,PH UBAJARA,IFCO,6424,207.0,27
2024-11-26,terça-feira,1,TREB. MINAS,HB,618,457.0,26
2024-11-26,terça-feira,1,TREB. MINAS,HB,623,70.0,7
2024-11-26,terça-feira,1,TREB. MINAS,HB,NAO_INFORMADO,313.0,32
2024-11-26,terça-feira,1,TREB. MINAS,IFCO,6416,276.0,127
2024-11-26,terça-feira,1,TREB. MINAS,IFCO,6424,40.0,1
2024-11-26,terça-feira,1,TREBESCHI DF,HB,623,37.0,5
2024-11-26,terça-feira,1,TREBESCHI DF,IFCO,6416,0.1,1
2024-11-26,terça-feira,1,TREBESCHI DF,IFCO,6424,4.0,2
2024-11-27,quarta-feira,2,F. TAQUARIVAI,HB,623,990.0,3
2024-11-27,quarta-feira,2,F. TAQUARIVAI,IFCO,6416,402.0,5
2024-11-27,quarta-feira,2,F. TAQUARIVAI,IFCO,6424,1520.0,2
2024-11-27,quarta-feira,2,PH CORUMBA (PF),HB,623,780.0,5
2024-11-27,quarta-feira,2,PH CORUMBA (PF),IFCO,6424,1077.0,2
2024-11-27,quarta-feira,2,PH UBAJARA,IFCO,6416,182.0,3
2024-11-27,quarta-feira,2,PH UBAJARA,IFCO,6424,2.0,2
2024-11-27,quarta-feira,2,TREB. MINAS,HB,618,781.0,36
2024-11-27,quarta-feira,2,TREB. MINAS,HB,623,2.0,2
2024-11-27,quarta-feira,2,TREB. MINAS,HB,NAO_INFORMADO,27.0,10
2024-11-27,quarta-feira,2,TREB. MINAS,IFCO,6416,80.0,13
2024-11-27,quarta-feira,2,TREB. MINAS,IFCO,6424,88.0,8
2024-11-27,quarta-feira,2,TREBESCHI DF,HB,623,1.0,1
2024-11-27,quarta-feira,2,TREBESCHI DF,IFCO,6424,4.0,1
2024-11-28,quinta-feira,3,F. TAQUARIVAI,IFCO,6424,3860.0,4
2024-11-28,quinta-feira,3,PH CASCAVEL,IFCO,6424,1120.0,1
2024-11-28,quinta-feira,3,PH CORUMBA (PF),HB,623,670.0,1
2024-11-28,quinta-feira,3,PH CORUMBA (PF),IFCO,6424,300.0,2
2024-11-28,quinta-feira,3,PH SUL (PF),IFCO,6424,15.0,1
2024-11-28,quinta-feira,3,PH UBAJARA,HB,618,570.0,9
2024-11-28,quinta-feira,3,PH UBAJARA,HB,NAO_INFORMADO,5.0,1
2024-11-28,quinta-feira,3,PH UBAJARA,IFCO,6416,48.0,14
2024-11-28,quinta-feira,3,PH UBAJARA,IFCO,6424,16.0,5
2024-11-28,quinta-feira,3,TREB. CEAGESP,HB,623,120.0,1
2024-11-28,quinta-feira,3,TREB. MINAS,HB,618,675.0,27
2024-11-28,quinta-feira,3,TREB. MINAS,HB,623,170.0,9
2024-11-28,quinta-feira,3,TREB. MINAS,HB,NAO_INFORMADO,675.0,35
2024-11-28,quinta-feira,3,TREBESCHI DF,HB,618,1.0,1
2024-11-29,sexta-feira,4,F. TAQUARIVAI,HB,623,620.0,2
2024-11-29,sexta-feira,4,F. TAQUARIVAI,IFCO,6416,677.0,5
2024-11-29,sexta-feira,4,PH CASCAVEL,HB,623,1260.0,1
2024-11-29,sexta-feira,4,PH CASCAVEL,IFCO,6424,1520.0,3
2024-11-29,sexta-feira,4,PH SUL (PF),IFCO,6424,1.0,1
2024-11-29,sexta-feira,4,PH UBAJARA,HB,618,1.0,1
2024-11-29,sexta-feira,4,PH UBAJARA,HB,623,3.0,3
2024-11-29,sexta-feira,4,PH UBAJARA,HB,NAO_INFORMADO,15.0,7
2024-11-29,sexta-feira,4,PH UBAJARA,IFCO,6416,122.0,2
2024-11-29,sexta-feira,4,PH UBAJARA,IFCO,6424,41.0,2
2024-11-29,sexta-feira,4,TREB. MINAS,HB,618,588.0,32
2024-11-29,sexta-feira,4,TREB. MINAS,HB,623,1.0,1
2024-11-29,sexta-feira,4,TREB. MINAS,HB,NAO_INFORMADO,1.0,1
2024-11-29,sexta-feira,4,TREB. MINAS,IFCO,6424,800.0,2
2024-11-29,sexta-feira,4,TREBESCHI DF,HB,623,27.0,2
2024-11-30,sábado,5,F. TAQUARIVAI,HB,623,2120.0,4
2024-11-30,sábado,5,F. TAQUARIVAI,IFCO,6416,842.0,5
2024-11-30,sábado,5,PH CASCAVEL,HB,623,1120.0,1
2024-11-30,sábado,5,PH CASCAVEL,IFCO,6424,1120.0,2
2024-11-30,sábado,5,PH CORUMBA (PF),HB,623,68.0,2
2024-11-30,sábado,5,PH UBAJARA,HB,618,89.0,15
2024-11-30,sábado,5,PH UBAJARA,IFCO,6416,1021.0,80
2024-11-30,sábado,5,PH UBAJARA,IFCO,6424,1138.0,40
2024-11-30,sábado,5,TREB. MINAS,HB,618,661.0,50
2024-11-30,sábado,5,TREB. MINAS,HB,623,174.0,12
2024-11-30,sábado,5,TREB. MINAS,HB,NAO_INFORMADO,935.0,49
2024-11-30,sábado,5,TREB. MINAS,IFCO,6416,578.0,49
2024-11-30,sábado,5,TREB. MINAS,IFCO,6424,137.0,21
2024-12-02,segunda-feira,0,F. TAQUARIVAI,HB,623,1760.0,2
2024-12-02,segunda-feira,0,F. TAQUARIVAI,IFCO,6416,428.0,4
2024-12-02,segunda-feira,0,PH CASCAVEL,IFCO,6424,2000.0,4
2024-12-02,segunda-feira,0,PH SUL (PF),IFCO,6424,42.0,5
2024-12-02,segunda-feira,0,PH UBAJARA,IFCO,6416,88.0,3
2024-12-02,segunda-feira,0,PH UBAJARA,IFCO,6424,127.0,8
2024-12-02,segunda-feira,0,TREB. MINAS,HB,618,602.0,19
2024-12-02,segunda-feira,0,TREB. MINAS,HB,623,2.0,1
2024-12-02,segunda-feira,0,TREB. MINAS,HB,NAO_INFORMADO,47.0,2
2024-12-02,segunda-feira,0,TREBESCHI DF,HB,623,2.0,2
2024-12-02,segunda-feira,0,TREBESCHI DF,IFCO,6424,100.0,6
2024-12-03,terça-feira,1,F. TAQUARIVAI,HB,623,1050.0,3
2024-12-03,terça-feira,1,F. TAQUARIVAI,IFCO,6416,631.0,5
2024-12-03,terça-feira,1,F. TAQUARIVAI,IFCO,6424,1940.0,4
2024-12-03,terça-feira,1,PH CASCAVEL,IFCO,6424,2240.0,5
2024-12-03,terça-feira,1,PH CORUMBA (PF),IFCO,6424,1120.0,3
2024-12-03,terça-feira,1,PH SUL (PF),IFCO,6424,13.0,1
2024-12-03,terça-feira,1,PH UBAJARA,HB,618,181.0,11
2024-12-03,terça-feira,1,PH UBAJARA,HB,623,2.0,1
2024-12-03,terça-feira,1,PH UBAJARA,IFCO,6416,799.0,64
2024-12-03,terça-feira,1,PH UBAJARA,IFCO,6424,105.0,12
2024-12-03,terça-feira,1,TREB. MINAS,HB,618,312.0,14
2024-12-03,terça-feira,1,TREB. MINAS,HB,623,1.0,1
2024-12-03,terça-feira,1,TREB. MINAS,HB,NAO_INFORMADO,114.0,30
2024-12-03,terça-feira,1,TREB. MINAS,IFCO,6416,232.0,118
2024-12-03,terça-feira,1,TREB. MINAS,IFCO,6424,80.0,2
2024-12-03,terça-feira,1,TREBESCHI DF,HB,623,3.0,1
2024-12-03,terça-feira,1,TREBESCHI DF,HB,NAO_INFORMADO,1.0,1
2024-12-03,terça-feira,1,TREBESCHI DF,IFCO,6416,1.9,1
2024-12-04,quarta-feira,2,F. TAQUARIVAI,HB,623,120.0,1
2024-12-04,quarta-feira,2,F. TAQUARIVAI,IFCO,6416,408.0,4
2024-12-04,quarta-feira,2,F. TAQUARIVAI,IFCO,6424,2240.0,4
2024-12-04,quarta-feira,2,PH CASCAVEL,IFCO,6424,1920.0,2
2024-12-04,quarta-feira,2,PH CORUMBA (PF),HB,623,742.0,3
2024-12-04,quarta-feira,2,PH CORUMBA (PF),IFCO,6424,200.0,1
2024-12-04,quarta-feira,2,PH SUL (PF),IFCO,6424,10.0,1
2024-12-04,quarta-feira,2,PH UBAJARA,IFCO,6416,193.59047619047618,24
2024-12-04,quarta-feira,2,PH UBAJARA,IFCO,6424,86.03333333333333,10
2024-12-04,quarta-feira,2,TREB. MINAS,HB,618,968.0,46
2024-12-04,quarta-feira,2,TREB. MINAS,HB,623,2.0,2
2024-12-04,quarta-feira,2,TREB. MINAS,HB,NAO_INFORMADO,24.0,10
2024-12-04,quarta-feira,2,TREB. MINAS,IFCO,6416,530.0,17
2024-12-04,quarta-feira,2,TREB. MINAS,IFCO,6424,367.0,9
2024-12-04,quarta-feira,2,TREBESCHI DF,HB,623,24.0,3
2024-12-05,quinta-feira,3,F. TAQUARIVAI,IFCO,6424,4100.0,6
2024-12-05,quinta-feira,3,PH CASCAVEL,IFCO,6424,636.0,2
2024-12-05,quinta-feira,3,PH SUL (PF),IFCO,6424,1.0,1
2024-12-05,quinta-feira,3,TREB. MINAS,HB,618,372.0,21
2024-12-05,quinta-feira,3,TREB. MINAS,HB,623,267.0,12
2024-12-05,quinta-feira,3,TREB. MINAS,HB,NAO_INFORMADO,597.0,37
2024-12-05,quinta-feira,3,TREB. MINAS,IFCO,6416,57.0,9
2024-12-05,quinta-feira,3,TREB. MINAS,IFCO,6424,23.0,4
2024-12-05,quinta-feira,3,TREBESCHI DF,HB,623,5.0,1
2024-12-06,sexta-feira,4,F. TAQUARIVAI,HB,623,790.0,2
2024-12-06,sexta-feira,4,F. TAQUARIVAI,IFCO,6416,681.0,4
2024-12-06,sexta-feira,4,F. TAQUARIVAI,IFCO,6424,4000.0,4
2024-12-06,sexta-feira,4,PH CASCAVEL,IFCO,6424,1840.0,2
2024-12-06,sexta-feira,4,PH CORUMBA (PF),IFCO,6424,640.0,1
2024-12-06,sexta-feira,4,PH UBAJARA,IFCO,6416,135.0,13
2024-12-06,sexta-feira,4,PH UBAJARA,IFCO,6424,77.0,4
2024-12-06,sexta-feira,4,TREB. MINAS,HB,618,489.0,29
2024-12-06,sexta-feira,4,TREB. MINAS,HB,623,126.0,4
2024-12-06,sexta-feira,4,TREB. MINAS,HB,NAO_INFORMADO,214.0,10
2024-12-06,sexta-feira,4,TREB. MINAS,IFCO,6416,80.0,1
2024-12-06,sexta-feira,4,TREB. MINAS,IFCO,6424,560.0,1
2024-12-06,sexta-feira,4,TREBESCHI DF,HB,623,18.0,3
2024-12-07,sábado,5,F. TAQUARIVAI,HB,623,2885.0,4
2024-12-07,sábado,5,F. TAQUARIVAI,IFCO,6416,672.0,5
2024-12-07,sábado,5,F. TAQUARIVAI,IFCO,6424,240.0,1
2024-12-07,sábado,5,PH CASCAVEL,IFCO,6424,2985.0,5
2024-12-07,sábado,5,PH CORUMBA (PF),HB,623,514.0,3
2024-12-07,sábado,5,PH UBAJARA,HB,618,113.0,28
2024-12-07,sábado,5,PH UBAJARA,IFCO,6416,2252.0,194
2024-12-07,sábado,5,PH UBAJARA,IFCO,6424,2201.0,102
2024-12-07,sábado,5,TREB. MINAS,HB,618,844.0,38
2024-12-07,sábado,5,TREB. MINAS,HB,623,196.0,13
2024-12-07,sábado,5,TREB. MINAS,HB,NAO_INFORMADO,1049.0,25
2024-12-07,sábado,5,TREB. MINAS,IFCO,6416,444.0,46
2024-12-07,sábado,5,TREB. MINAS,IFCO,6424,368.0,9
2024-12-09,segunda-feira,0,F. TAQUARIVAI,HB,623,2570.0,4
2024-12-09,segunda-feira,0,F. TAQUARIVAI,IFCO,6416,348.0,4
2024-12-09,segunda-feira,0,PH CASCAVEL,HB,623,360.0,2
2024-12-09,segunda-feira,0,PH CASCAVEL,IFCO,6424,1120.0,2
2024-12-09,segunda-feira,0,PH UBAJARA,HB,618,267.0,20
2024-12-09,segunda-feira,0,PH UBAJARA,HB,623,3.0,1
2024-12-09,segunda-feira,0,PH UBAJARA,HB,NAO_INFORMADO,5.0,1
2024-12-09,segunda-feira,0,PH UBAJARA,IFCO,6416,85.0,6
2024-12-09,segunda-feira,0,PH UBAJARA,IFCO,6424,11.0,5
2024-12-09,segunda-feira,0,TREB. MINAS,HB,618,474.0,19
2024-12-09,segunda-feira,0,TREB. MINAS,HB,623,2.0,1
2024-12-09,segunda-feira,0,TREB. MINAS,HB,NAO_INFORMADO,216.0,12
2024-12-09,segunda-feira,0,TREB. MINAS,IFCO,6424,640.0,2
2024-12-09,segunda-feira,0,TREBESCHI DF,HB,623,42.0,5
2024-12-10,terça-feira,1,F. TAQUARIVAI,HB,623,120.0,1
2024-12-10,terça-feira,1,F. TAQUARIVAI,IFCO,6416,660.0,5
2024-12-10,terça-feira,1,F. TAQUARIVAI,IFCO,6424,1360.0,3
2024-12-10,terça-feira,1,PH CASCAVEL,HB,623,1260.0,1
2024-12-10,terça-feira,1,PH SUL (PF),IFCO,6424,10.0,1
2024-12-10,terça-feira,1,PH UBAJARA,IFCO,6416,373.0,35
2024-12-10,terça-feira,1,PH UBAJARA,IFCO,6424,94.0,21
2024-12-10,terça-feira,1,TREB. MINAS,HB,618,764.0,27
2024-12-10,terça-feira,1,TREB. MINAS,HB,623,125.0,9
2024-12-10,terça-feira,1,TREB. MINAS,HB,NAO_INFORMADO,260.0,34
2024-12-10,terça-feira,1,TREB. MINAS,IFCO,6416,158.0,97
2024-12-10,terça-feira,1,TREB. MINAS,IFCO,6424,50.0,1
2024-12-10,terça-feira,1,TREBESCHI DF,HB,623,9.0,4
2024-12-11,quarta-feira,2,F. TAQUARIVAI,HB,623,790.0,2
2024-12-11,quarta-feira,2,F. TAQUARIVAI,IFCO,6416,375.0,3
2024-12-11,quarta-feira,2,PH CASCAVEL,IFCO,6424,1120.0,2
2024-12-11,quarta-feira,2,PH CORUMBA (PF),HB,623,60.0,2
2024-12-11,quarta-feira,2,PH CORUMBA (PF),IFCO,6424,200.0,1
2024-12-11,quarta-feira,2,PH UBAJARA,HB,623,1.0,1
2024-12-11,quarta-feira,2,PH UBAJARA,IFCO,6416,390.0,24
2024-12-11,quarta-feira,2,PH UBAJARA,IFCO,6424,47.0,10
2024-12-11,quarta-feira,2,TREB. MINAS,HB,618,690.0,46
2024-12-11,quarta-feira,2,TREB. MINAS,HB,623,2.0,2
2024-12-11,quarta-feira,2,TREB. MINAS,HB,NAO_INFORMADO,861.0,13
2024-12-11,quarta-feira,2,TREB. MINAS,IFCO,6416,127.0,16
2024-12-11,quarta-feira,2,TREB. MINAS,IFCO,6424,677.0,10
2024-12-11,quarta-feira,2,TREBESCHI DF,HB,623,2.0,2
2024-12-12,quinta-feira,3,F. TAQUARIVAI,HB,623,2920.0,6
2024-12-12,quinta-feira,3,F. TAQUARIVAI,IFCO,6424,700.0,2
2024-12-12,quinta-feira,3,PH SUL (PF),IFCO,6424,2.0,1
2024-12-12,quinta-feira,3,PH UBAJARA,IFCO,6416,21.0,6
2024-12-12,quinta-feira,3,PH UBAJARA,IFCO,6424,13.0,6
2024-12-12,quinta-feira,3,TREB. MINAS,HB,618,563.0,27
2024-12-12,quinta-feira,3,TREB. MINAS,HB,623,218.0,12
2024-12-12,quinta-feira,3,TREB. MINAS,HB,NAO_INFORMADO,868.0,40
2024-12-12,quinta-feira,3,TREBESCHI DF,HB,623,14.0,4
2024-12-13,sexta-feira,4,F. TAQUARIVAI,HB,623,1380.0,2
2024-12-13,sexta-feira,4,F. TAQUARIVAI,IFCO,6424,1756.0,2
2024-12-13,sexta-feira,4,PH CASCAVEL,IFCO,6424,1520.0,4
2024-12-13,sexta-feira,4,TREB. MINAS,HB,618,372.0,27
2024-12-13,sexta-feira,4,TREB. MINAS,HB,623,2.0,2
2024-12-13,sexta-feira,4,TREB. MINAS,HB,NAO_INFORMADO,94.0,3
2024-12-13,sexta-feira,4,TREB. MINAS,IFCO,6424,160.0,1
2024-12-13,sexta-feira,4,TREBESCHI DF,HB,623,30.0,1
2024-12-14,sábado,5,F. TAQUARIVAI,HB,623,870.0,3
2024-12-14,sábado,5,F. TAQUARIVAI,IFCO,6416,647.0,5
2024-12-14,sábado,5,F. TAQUARIVAI,IFCO,6424,940.0,3
2024-12-14,sábado,5,PH UBAJARA,HB,618,1969.1788405797101,29
2024-12-14,sábado,5,PH UBAJARA,HB,623,125.0,1
2024-12-14,sábado,5,PH UBAJARA,IFCO,6416,2281.775362318841,147
2024-12-14,sábado,5,PH UBAJARA,IFCO,6424,1547.3916666666667,88
2024-12-14,sábado,5,TREB. MINAS,HB,618,714.0,35
2024-12-14,sábado,5,TREB. MINAS,HB,623,103.0,8
2024-12-14,sábado,5,TREB. MINAS,HB,NAO_INFORMADO,1391.0,32
2024-12-14,sábado,5,TREB. MINAS,IFCO,6416,145.0,62
2024-12-14,sábado,5,TREB. MINAS,IFCO,6424,166.0,5
2024-12-16,segunda-feira,0,F. TAQUARIVAI,HB,623,1282.0,2
2024-12-16,segunda-feira,0,F. TAQUARIVAI,IFCO,6416,340.0,5
2024-12-16,segunda-feira,0,PH CASCAVEL,IFCO,6424,1040.0,2
2024-12-16,segunda-feira,0,PH SUL (PF),IFCO,6424,41.0,1
2024-12-16,segunda-feira,0,PH UBAJARA,HB,618,380.0,20
2024-12-16,segunda-feira,0,PH UBAJARA,HB,623,5.0,1
2024-12-16,segunda-feira,0,PH UBAJARA,IFCO,6416,732.0,34
2024-12-16,segunda-feira,0,PH UBAJARA,IFCO,6424,554.0,39
2024-12-16,segunda-feira,0,TREB. MINAS,HB,618,390.0,18
2024-12-16,segunda-feira,0,TREB. MINAS,HB,623,2.0,1
2024-12-16,segunda-feira,0,TREB. MINAS,HB,NAO_INFORMADO,4.0,1
2024-12-16,segunda-feira,0,TREB. MINAS,IFCO,6416,2.0,1
2024-12-16,segunda-feira,0,TREB. MINAS,IFCO,6424,14.0,5
2024-12-17,terça-feira,1,F. TAQUARIVAI,HB,623,240.0,1
2024-12-17,terça-feira,1,F. TAQUARIVAI,IFCO,6416,662.0,5
2024-12-17,terça-feira,1,F. TAQUARIVAI,IFCO,6424,240.0,1
2024-12-17,terça-feira,1,PH CASCAVEL,IFCO,6424,1120.0,2
2024-12-17,terça-feira,1,PH UBAJARA,HB,618,2.39130434782609,2
2024-12-17,terça-feira,1,PH UBAJARA,IFCO,6416,1485.0,10
2024-12-17,terça-feira,1,PH UBAJARA,IFCO,6424,302.0,2
2024-12-17,terça-feira,1,TREB. MINAS,HB,618,632.0,26
2024-12-17,terça-feira,1,TREB. MINAS,HB,623,88.0,7
2024-12-17,terça-feira,1,TREB. MINAS,HB,NAO_INFORMADO,176.0,13
2024-12-17,terça-feira,1,TREB. MINAS,IFCO,6416,551.0,164
2024-12-17,terça-feira,1,TREB. MINAS,IFCO,6424,860.0,6
2024-12-18,quarta-feira,2,F. TAQUARIVAI,HB,623,910.0,2
2024-12-18,quarta-feira,2,F. TAQUARIVAI,IFCO,6416,287.0,4
2024-12-18,quarta-feira,2,F. TAQUARIVAI,IFCO,6424,640.0,1
2024-12-18,quarta-feira,2,PH CASCAVEL,HB,623,1260.0,1
2024-12-18,quarta-feira,2,PH CASCAVEL,IFCO,6424,1760.0,4
2024-12-18,quarta-feira,2,PH CORUMBA (PF),HB,623,218.0,2
2024-12-18,quarta-feira,2,PH UBAJARA,HB,618,1.30434782608696,1
2024-12-18,quarta-feira,2,PH UBAJARA,IFCO,6416,269.0,40
2024-12-18,quarta-feira,2,PH UBAJARA,IFCO,6424,302.0,31
2024-12-18,quarta-feira,2,TREB. MINAS,HB,618,1400.0,45
2024-12-18,quarta-feira,2,TREB. MINAS,HB,623,8.0,4
2024-12-18,quarta-feira,2,TREB. MINAS,HB,NAO_INFORMADO,871.0,31
2024-12-18,quarta-feira,2,TREB. MINAS,IFCO,6416,97.0,34
2024-12-18,quarta-feira,2,TREB. MINAS,IFCO,6424,419.0,6
2024-12-19,quinta-feira,3,F. TAQUARIVAI,HB,623,1810.0,4
2024-12-19,quinta-feira,3,PH CASCAVEL,IFCO,6424,1440.0,3
2024-12-19,quinta-feira,3,PH UBAJARA,HB,618,289.0,16
2024-12-19,quinta-feira,3,PH UBAJARA,IFCO,6416,160.18140096618356,37
2024-12-19,quinta-feira,3,PH UBAJARA,IFCO,6424,119.53333333333333,15
2024-12-19,quinta-feira,3,TREB. MINAS,HB,618,1244.0,30
2024-12-19,quinta-feira,3,TREB. MINAS,HB,623,375.0,11
2024-12-19,quinta-feira,3,TREB. MINAS,HB,NAO_INFORMADO,1639.0,51
2024-12-19,quinta-feira,3,TREB. MINAS,IFCO,6416,220.0,3
2024-12-19,quinta-feira,3,TREB. MINAS,IFCO,6424,80.0,4
2024-12-20,sexta-feira,4,F. TAQUARIVAI,HB,623,1330.0,2
2024-12-20,sexta-feira,4,F. TAQUARIVAI,IFCO,6416,168.0,4
2024-12-20,sexta-feira,4,PH CASCAVEL,HB,623,1930.0,2
2024-12-20,sexta-feira,4,PH CASCAVEL,IFCO,6424,640.0,1
2024-12-20,sexta-feira,4,PH CORUMBA (PF),IFCO,6424,640.0,1
2024-12-20,sexta-feira,4,PH UBAJARA,HB,623,0.222222222222222,1
2024-12-20,sexta-feira,4,PH UBAJARA,IFCO,6416,743.1470588235294,19
2024-12-20,sexta-feira,4,PH UBAJARA,IFCO,6424,77.0,5
2024-12-20,sexta-feira,4,TREB. MINAS,HB,618,585.0,27
2024-12-20,sexta-feira,4,TREB. MINAS,HB,623,3.0,1
2024-12-20,sexta-feira,4,TREB. MINAS,HB,NAO_INFORMADO,1329.0,5
2024-12-20,sexta-feira,4,TREB. MINAS,IFCO,6416,360.0,5
2024-12-20,sexta-feira,4,TREB. MINAS,IFCO,6424,220.0,6
2024-12-21,sábado,5,F. TAQUARIVAI,HB,623,1150.0,3
2024-12-21,sábado,5,F. TAQUARIVAI,IFCO,6424,1000.0,2
2024-12-21,sábado,5,PH CASCAVEL,IFCO,6424,1120.0,2
2024-12-21,sábado,5,PH UBAJARA,HB,618,84.0,22
2024-12-21,sábado,5,PH UBAJARA,IFCO,6416,153.0,25
2024-12-21,sábado,5,PH UBAJARA,IFCO,6424,47.0,8
2024-12-21,sábado,5,TREB. MINAS,HB,618,823.0,35
2024-12-21,sábado,5,TREB. MINAS,HB,623,143.0,7
2024-12-21,sábado,5,TREB. MINAS,HB,NAO_INFORMADO,235.0,23
2024-12-21,sábado,5,TREB. MINAS,IFCO,6416,236.0,16
2024-12-21,sábado,5,TREB. MINAS,IFCO,6424,267.0,11
2024-12-23,segunda-feira,0,F. TAQUARIVAI,HB,623,1840.0,4
2024-12-23,segunda-feira,0,F. TAQUARIVAI,IFCO,6424,1280.0,2
2024-12-23,segunda-feira,0,PH CASCAVEL,IFCO,6424,1920.0,4
2024-12-23,segunda-feira,0,PH CORUMBA (PF),IFCO,6424,100.0,1
2024-12-23,segunda-feira,0,PH UBAJARA,IFCO,6416,103.0,16
2024-12-23,segunda-feira,0,PH UBAJARA,IFCO,6424,26.0,4
2024-12-23,segunda-feira,0,TREB. MINAS,HB,618,601.0,17
2024-12-23,segunda-feira,0,TREB. MINAS,HB,623,2.0,1
2024-12-23,segunda-feira,0,TREB. MINAS,HB,NAO_INFORMADO,4.0,1
2024-12-24,terça-feira,1,PH CASCAVEL,HB,623,1260.0,1
2024-12-24,terça-feira,1,PH CASCAVEL,IFCO,6424,640.0,1
2024-12-24,terça-feira,1,PH UBAJARA,HB,618,365.0,18
2024-12-24,terça-feira,1,PH UBAJARA,HB,623,2.0,1
2024-12-24,terça-feira,1,PH UBAJARA,IFCO,6416,267.0,24
2024-12-24,terça-feira,1,PH UBAJARA,IFCO,6424,28.0,9
2024-12-24,terça-feira,1,TREB. MINAS,HB,618,486.0,13
2024-12-24,terça-feira,1,TREB. MINAS,HB,623,3.0,1
2024-12-24,terça-feira,1,TREB. MINAS,HB,NAO_INFORMADO,45.0,12
2024-12-24,terça-feira,1,TREB. MINAS,IFCO,6416,236.0,154
2024-12-25,quarta-feira,2,TREB. MINAS,HB,618,344.0,15
2024-12-25,quarta-feira,2,TREB. MINAS,HB,623,1.0,1
2024-12-26,quinta-feira,3,F. TAQUARIVAI,HB,623,240.0,1
2024-12-26,quinta-feira,3,F. TAQUARIVAI,IFCO,6424,960.0,2
2024-12-26,quinta-feira,3,PH CASCAVEL,IFCO,6424,2158.0,4
2024-12-26,quinta-feira,3,PH CORUMBA (PF),IFCO,6424,100.0,1
2024-12-26,quinta-feira,3,PH UBAJARA,IFCO,6416,682.0,28
2024-12-26,quinta-feira,3,PH UBAJARA,IFCO,6424,426.0,19
2024-12-26,quinta-feira,3,TREB. MINAS,HB,618,747.0,31
2024-12-26,quinta-feira,3,TREB. MINAS,HB,623,354.0,11
2024-12-26,quinta-feira,3,TREB. MINAS,HB,NAO_INFORMADO,914.0,38
2024-12-26,quinta-feira,3,TREB. MINAS,IFCO,6416,164.0,5
2024-12-26,quinta-feira,3,TREB. MINAS,IFCO,6424,256.0,5
2024-12-26,quinta-feira,3,TREBESCHI DF,IFCO,6424,33.0,2
2024-12-27,sexta-feira,4,F. TAQUARIVAI,HB,623,640.0,1
2024-12-27,sexta-feira,4,F. TAQUARIVAI,IFCO,6424,1120.0,1
2024-12-27,sexta-feira,4,PH CASCAVEL,IFCO,6424,3600.0,6
2024-12-27,sexta-feira,4,PH CORUMBA (PF),HB,623,670.0,1
2024-12-27,sexta-feira,4,PH CORUMBA (PF),IFCO,6424,640.0,1
2024-12-27,sexta-feira,4,PH UBAJARA,HB,618,189.0,7
2024-12-27,sexta-feira,4,PH UBAJARA,IFCO,6416,429.0,47
2024-12-27,sexta-feira,4,PH UBAJARA,IFCO,6424,363.0,21
2024-12-27,sexta-feira,4,TREB. MINAS,HB,618,834.0,32
2024-12-27,sexta-feira,4,TREB. MINAS,HB,623,3.0,2
2024-12-27,sexta-feira,4,TREB. MINAS,HB,NAO_INFORMADO,230.0,11
2024-12-27,sexta-feira,4,TREBESCHI DF,IFCO,6424,66.0,6
2024-12-28,sábado,5,F. TAQUARIVAI,HB,623,640.0,2
2024-12-28,sábado,5,F. TAQUARIVAI,IFCO,6424,1086.0,2
2024-12-28,sábado,5,PH CASCAVEL,IFCO,6424,1636.0,4
2024-12-28,sábado,5,PH UBAJARA,HB,618,290.0,26
2024-12-28,sábado,5,PH UBAJARA,HB,623,8.0,4
2024-12-28,sábado,5,PH UBAJARA,HB,NAO_INFORMADO,29.0,8
2024-12-28,sábado,5,PH UBAJARA,IFCO,6416,1223.0,136
2024-12-28,sábado,5,PH UBAJARA,IFCO,6424,532.3333333333333,45
2024-12-28,sábado,5,TREB. MINAS,HB,618,840.0,36
2024-12-28,sábado,5,TREB. MINAS,HB,623,99.0,6
2024-12-28,sábado,5,TREB. MINAS,HB,NAO_INFORMADO,1169.0,45
2024-12-28,sábado,5,TREB. MINAS,IFCO,6416,220.0,9
2024-12-28,sábado,5,TREB. MINAS,IFCO,6424,1227.090909090909,14
2024-12-30,segunda-feira,0,F. TAQUARIVAI,HB,623,240.0,1
2024-12-30,segunda-feira,0,TREB GOIANIA - GALPAO CD,IFCO,6416,0.192307692307692,1
2024-12-30,segunda-feira,0,TREB. MINAS,HB,618,422.0,15
2024-12-30,segunda-feira,0,TREB. MINAS,HB,623,1.0,1
2024-12-30,segunda-feira,0,TREB. MINAS,HB,NAO_INFORMADO,16.0,1
2024-12-30,segunda-feira,0,TREBESCHI DF,IFCO,6424,1.0,1
2024-12-31,terça-feira,1,F. TAQUARIVAI,HB,623,240.0,1
2024-12-31,terça-feira,1,PH CASCAVEL,IFCO,6424,1760.0,2
2024-12-31,terça-feira,1,PH UBAJARA,IFCO,6416,345.0,83
2024-12-31,terça-feira,1,PH UBAJARA,IFCO,6424,30.0,9
2024-12-31,terça-feira,1,TREB GOIANIA - GALPAO CD,IFCO,6416,0.384615384615385,1
2024-12-31,terça-feira,1,TREB. MINAS,HB,618,374.0,13
2024-12-31,terça-feira,1,TREB. MINAS,HB,623,2.0,1
2024-12-31,terça-feira,1,TREB. MINAS,IFCO,6416,204.0,144
2024-12-31,terça-feira,1,TREB. MINAS,IFCO,6424,40.0,1
2025-01-02,quinta-feira,3,F. TAQUARIVAI,HB,623,240.0,1
2025-01-02,quinta-feira,3,F. TAQUARIVAI,IFCO,6424,2000.0,3
2025-01-02,quinta-feira,3,PH CASCAVEL,IFCO,6424,2392.0,6
2025-01-02,quinta-feira,3,PH CORUMBA (PF),HB,623,60.0,2
2025-01-02,quinta-feira,3,PH CORUMBA (PF),IFCO,6424,564.0,1
2025-01-02,quinta-feira,3,PH UBAJARA,HB,618,353.0,28
2025-01-02,quinta-feira,3,PH UBAJARA,IFCO,6416,329.0,33
2025-01-02,quinta-feira,3,PH UBAJARA,IFCO,6424,62.0,8
2025-01-02,quinta-feira,3,TREB. MINAS,HB,618,933.0,53
2025-01-02,quinta-feira,3,TREB. MINAS,HB,623,3.0,2
2025-01-02,quinta-feira,3,TREB. MINAS,HB,NAO_INFORMADO,610.0,42
2025-01-03,sexta-feira,4,F. TAQUARIVAI,HB,623,1030.0,2
2025-01-03,sexta-feira,4,F. TAQUARIVAI,IFCO,6424,1000.0,1
2025-01-03,sexta-feira,4,PH CASCAVEL,IFCO,6424,2600.0,3
2025-01-03,sexta-feira,4,PH CORUMBA (PF),IFCO,6424,640.0,2
2025-01-03,sexta-feira,4,PH UBAJARA,IFCO,6416,461.0,39
2025-01-03,sexta-feira,4,PH UBAJARA,IFCO,6424,494.0,27
2025-01-03,sexta-feira,4,TREB. MINAS,HB,618,781.0,32
2025-01-03,sexta-feira,4,TREB. MINAS,HB,623,136.0,5
2025-01-03,sexta-feira,4,TREB. MINAS,HB,NAO_INFORMADO,205.0,4
2025-01-03,sexta-feira,4,TREB. MINAS,IFCO,6424,400.0,1
2025-01-04,sábado,5,F. TAQUARIVAI,HB,623,1650.0,3
2025-01-04,sábado,5,F. TAQUARIVAI,IFCO,6416,526.0,4
2025-01-04,sábado,5,F. TAQUARIVAI,IFCO,6424,2600.0,6
2025-01-04,sábado,5,PH UBAJARA,HB,618,79.0,22
2025-01-04,sábado,5,PH UBAJARA,IFCO,6416,1330.3333333333333,235
2025-01-04,sábado,5,PH UBAJARA,IFCO,6424,954.34375,80
2025-01-04,sábado,5,TREB. MINAS,HB,618,1055.0,43
2025-01-04,sábado,5,TREB. MINAS,HB,623,238.0,9
2025-01-04,sábado,5,TREB. MINAS,HB,NAO_INFORMADO,505.0,22
2025-01-04,sábado,5,TREB. MINAS,IFCO,6416,249.0,116
2025-01-04,sábado,5,TREB. MINAS,IFCO,6424,1020.0,10
2025-01-06,segunda-feira,0,F. TAQUARIVAI,HB,623,1660.0,3
2025-01-06,segunda-feira,0,F. TAQUARIVAI,IFCO,6416,468.0,4
2025-01-06,segunda-feira,0,PH CASCAVEL,IFCO,6424,1120.0,2
2025-01-06,segunda-feira,0,PH CORUMBA (PF),IFCO,6424,200.0,2
2025-01-06,segunda-feira,0,PH UBAJARA,HB,618,329.0,26
2025-01-06,segunda-feira,0,PH UBAJARA,HB,623,3.0,1
2025-01-06,segunda-feira,0,PH UBAJARA,HB,NAO_INFORMADO,4.0,1
2025-01-06,segunda-feira,0,TREB GOIANIA - GALPAO CD,IFCO,6416,0.5,1
2025-01-06,segunda-feira,0,TREB. MINAS,HB,618,620.0,18
2025-01-06,segunda-feira,0,TREB. MINAS,HB,623,2.0,1
2025-01-06,segunda-feira,0,TREB. MINAS,HB,NAO_INFORMADO,121.0,20
2025-01-06,segunda-feira,0,TREB. MINAS,IFCO,6416,80.0,10
2025-01-06,segunda-feira,0,TREB. MINAS,IFCO,6424,55.0,9
2025-01-06,segunda-feira,0,TREBESCHI DF,IFCO,6416,2.333333333333333,2
2025-01-07,terça-feira,1,F. TAQUARIVAI,HB,623,670.0,1
2025-01-07,terça-feira,1,F. TAQUARIVAI,IFCO,6416,485.0,5
2025-01-07,terça-feira,1,PH CORUMBA (PF),HB,623,690.0,2
2025-01-07,terça-feira,1,PH SUL (PF),IFCO,6424,1120.0,1
2025-01-07,terça-feira,1,PH UBAJARA,IFCO,6416,619.0,46
2025-01-07,terça-feira,1,PH UBAJARA,IFCO,6424,212.0,24
2025-01-07,terça-feira,1,TREB. MINAS,HB,618,820.0,28
2025-01-07,terça-feira,1,TREB. MINAS,HB,623,145.0,8
2025-01-07,terça-feira,1,TREB. MINAS,HB,NAO_INFORMADO,255.0,19
2025-01-07,terça-feira,1,TREB. MINAS,IFCO,6416,220.0,7
2025-01-07,terça-feira,1,TREB. MINAS,IFCO,6424,1140.0,8
2025-01-08,quarta-feira,2,F. TAQUARIVAI,IFCO,6416,370.0,4
2025-01-08,quarta-feira,2,PH CASCAVEL,IFCO,6424,1440.0,2
2025-01-08,quarta-feira,2,PH CORUMBA (PF),HB,623,60.0,2
2025-01-08,quarta-feira,2,PH CORUMBA (PF),IFCO,6424,200.0,1
2025-01-08,quarta-feira,2,PH SUL (PF),HB,618,200.0,1
2025-01-08,quarta-feira,2,PH SUL (PF),HB,623,440.0,1
2025-01-08,quarta-feira,2,PH SUL (PF),IFCO,6424,794.0,2
2025-01-08,quarta-feira,2,PH UBAJARA,IFCO,6416,188.0,12
2025-01-08,quarta-feira,2,PH UBAJARA,IFCO,6424,51.0,3
2025-01-08,quarta-feira,2,TREB. MINAS,HB,618,935.0,47
2025-01-08,quarta-feira,2,TREB. MINAS,HB,623,2.0,2
2025-01-08,quarta-feira,2,TREB. MINAS,HB,NAO_INFORMADO,809.0,31
2025-01-08,quarta-feira,2,TREB. MINAS,IFCO,6416,433.0,150
2025-01-08,quarta-feira,2,TREB. MINAS,IFCO,6424,284.0,19
2025-01-09,quinta-feira,3,PH CASCAVEL,IFCO,6424,440.0,3
2025-01-09,quinta-feira,3,PH SUL (PF),HB,618,200.0,1
2025-01-09,quinta-feira,3,PH SUL (PF),HB,623,1110.0,2
2025-01-09,quinta-feira,3,PH SUL (PF),IFCO,6424,1280.0,2
2025-01-09,quinta-feira,3,PH UBAJARA,IFCO,6416,87.47619047619048,26
2025-01-09,quinta-feira,3,PH UBAJARA,IFCO,6424,81.58333333333333,11
2025-01-09,quinta-feira,3,TREB. MINAS,HB,618,1029.0,32
2025-01-09,quinta-feira,3,TREB. MINAS,HB,623,344.0,12
2025-01-09,quinta-feira,3,TREB. MINAS,HB,NAO_INFORMADO,1137.0,43
2025-01-10,sexta-feira,4,PH CORUMBA (PF),IFCO,6424,150.0,1
2025-01-10,sexta-feira,4,PH SUL (PF),HB,618,400.0,1
2025-01-10,sexta-feira,4,PH SUL (PF),HB,623,1580.0,3
2025-01-10,sexta-feira,4,TREB. MINAS,HB,618,533.0,32
2025-01-10,sexta-feira,4,TREB. MINAS,HB,623,151.0,2
2025-01-10,sexta-feira,4,TREB. MINAS,HB,NAO_INFORMADO,9.0,2
2025-01-10,sexta-feira,4,TREBESCHI DF,HB,618,20.0,1
2025-01-11,sábado,5,PH CASCAVEL,IFCO,6424,1120.0,2
2025-01-11,sábado,5,PH SUL (PF),HB,618,300.0,1
2025-01-11,sábado,5,PH SUL (PF),HB,623,1500.0,4
2025-01-11,sábado,5,PH SUL (PF),IFCO,6416,1130.0,10
2025-01-11,sábado,5,PH SUL (PF),IFCO,6424,240.0,1
2025-01-11,sábado,5,PH UBAJARA,HB,618,108.0,26
2025-01-11,sábado,5,PH UBAJARA,HB,623,1.0,1
2025-01-11,sábado,5,PH UBAJARA,IFCO,6416,825.1666666666666,79
2025-01-11,sábado,5,PH UBAJARA,IFCO,6424,926.1875,45
2025-01-11,sábado,5,TREB. MINAS,HB,618,1340.0,65
2025-01-11,sábado,5,TREB. MINAS,HB,623,244.0,10
2025-01-11,sábado,5,TREB. MINAS,HB,NAO_INFORMADO,223.0,22
2025-01-11,sábado,5,TREB. MINAS,IFCO,6416,538.0,98
2025-01-11,sábado,5,TREB. MINAS,IFCO,6424,179.0,11
2025-01-13,segunda-feira,0,F. TAQUARIVAI,IFCO,6424,1120.0,1
2025-01-13,segunda-feira,0,PH CASCAVEL,IFCO,6424,1040.0,2
2025-01-13,segunda-feira,0,PH CORUMBA (PF),IFCO,6424,86.0,1
2025-01-13,segunda-feira,0,PH SUL (PF),HB,618,486.0,7
2025-01-13,segunda-feira,0,PH SUL (PF),HB,623,1420.0,2
2025-01-13,segunda-feira,0,PH SUL (PF),IFCO,6416,472.0,5
2025-01-13,segunda-feira,0,PH SUL (PF),IFCO,6424,636.0,1
2025-01-13,segunda-feira,0,PH UBAJARA,HB,618,408.0,31
2025-01-13,segunda-feira,0,PH UBAJARA,HB,623,6.0,1
2025-01-13,segunda-feira,0,PH UBAJARA,IFCO,6416,85.0,28
2025-01-13,segunda-feira,0,PH UBAJARA,IFCO,6424,15.0,14
2025-01-13,segunda-feira,0,TREB. MINAS,HB,618,266.0,10
2025-01-13,segunda-feira,0,TREB. MINAS,HB,623,1.0,1
2025-01-13,segunda-feira,0,TREB. MINAS,HB,NAO_INFORMADO,9.0,1
2025-01-13,segunda-feira,0,TREB. MINAS,IFCO,6416,38.0,8
2025-01-13,segunda-feira,0,TREB. MINAS,IFCO,6424,16.0,4
2025-01-13,segunda-feira,0,TREBESCHI DF,HB,618,2.5,1
2025-01-14,terça-feira,1,PH CASCAVEL,IFCO,6424,510.0,2
2025-01-14,terça-feira,1,PH SUL (PF),HB,618,160.0,7
2025-01-14,terça-feira,1,PH SUL (PF),HB,623,670.0,2
2025-01-14,terça-feira,1,PH SUL (PF),IFCO,6416,585.0,4
2025-01-14,terça-feira,1,PH SUL (PF),IFCO,6424,240.0,1
2025-01-14,terça-feira,1,PH UBAJARA,IFCO,6416,307.0,52
2025-01-14,terça-feira,1,PH UBAJARA,IFCO,6424,507.0,24
2025-01-14,terça-feira,1,TREB. MINAS,HB,618,515.0,22
2025-01-14,terça-feira,1,TREB. MINAS,HB,623,63.0,5
2025-01-14,terça-feira,1,TREB. MINAS,HB,NAO_INFORMADO,90.0,13
2025-01-14,terça-feira,1,TREB. MINAS,IFCO,6416,304.0,100
2025-01-14,terça-feira,1,TREB. MINAS,IFCO,6424,561.0,3
2025-01-15,quarta-feira,2,PH CASCAVEL,IFCO,6424,1880.0,8
2025-01-15,quarta-feira,2,PH CORUMBA (PF),HB,623,40.0,1
2025-01-15,quarta-feira,2,PH CORUMBA (PF),IFCO,6424,100.0,1
2025-01-15,quarta-feira,2,PH SUL (PF),HB,618,492.0,8
2025-01-15,quarta-feira,2,PH SUL (PF),HB,623,850.0,2
2025-01-15,quarta-feira,2,PH SUL (PF),IFCO,6416,341.0,3
2025-01-15,quarta-feira,2,PH SUL (PF),IFCO,6424,1278.0,2
2025-01-15,quarta-feira,2,PH UBAJARA,IFCO,6416,478.0,23
2025-01-15,quarta-feira,2,PH UBAJARA,IFCO,6424,274.0,9
2025-01-15,quarta-feira,2,TREB. MINAS,HB,618,574.0,32
2025-01-15,quarta-feira,2,TREB. MINAS,HB,623,4.0,2
2025-01-15,quarta-feira,2,TREB. MINAS,HB,NAO_INFORMADO,199.02272727272728,33
2025-01-15,quarta-feira,2,TREB. MINAS,IFCO,6416,251.45929487179487,22
2025-01-15,quarta-feira,2,TREB. MINAS,IFCO,6424,25.0,1
2025-01-16,quinta-feira,3,PH SUL (PF),HB,618,409.0,7
2025-01-16,quinta-feira,3,PH SUL (PF),HB,623,1580.0,4
2025-01-16,quinta-feira,3,PH SUL (PF),IFCO,6424,1760.0,2
2025-01-16,quinta-feira,3,PH UBAJARA,HB,618,61.0,4
2025-01-16,quinta-feira,3,PH UBAJARA,IFCO,6416,44.0,17
2025-01-16,quinta-feira,3,PH UBAJARA,IFCO,6424,111.0,7
2025-01-16,quinta-feira,3,TREB. MINAS,HB,618,536.0,20
2025-01-16,quinta-feira,3,TREB. MINAS,HB,623,84.0,7
2025-01-16,quinta-feira,3,TREB. MINAS,HB,NAO_INFORMADO,701.0,42
2025-01-16,quinta-feira,3,TREB. MINAS,IFCO,6416,104.0,12
2025-01-16,quinta-feira,3,TREB. MINAS,IFCO,6424,46.0,6
2025-01-16,quinta-feira,3,TREBESCHI DF,HB,618,3.5,2
2025-01-17,sexta-feira,4,PH CASCAVEL,IFCO,6424,1320.0,3
2025-01-17,sexta-feira,4,PH SUL (PF),HB,618,170.0,12
2025-01-17,sexta-feira,4,PH SUL (PF),IFCO,6416,679.0,4
2025-01-17,sexta-feira,4,PH SUL (PF),IFCO,6424,2080.0,4
2025-01-17,sexta-feira,4,PH UBAJARA,HB,618,9.0,2
2025-01-17,sexta-feira,4,PH UBAJARA,HB,623,2.0,2
2025-01-17,sexta-feira,4,PH UBAJARA,HB,NAO_INFORMADO,19.0,6
2025-01-17,sexta-feira,4,PH UBAJARA,IFCO,6416,1015.0,40
2025-01-17,sexta-feira,4,PH UBAJARA,IFCO,6424,372.0,18
2025-01-17,sexta-feira,4,TREB. MINAS,HB,618,306.0,19
2025-01-17,sexta-feira,4,TREB. MINAS,HB,623,1.0,1
2025-01-17,sexta-feira,4,TREB. MINAS,HB,NAO_INFORMADO,6.0,2
2025-01-18,sábado,5,PH SUL (PF),HB,618,451.0,6
2025-01-18,sábado,5,PH SUL (PF),HB,623,3325.0,6
2025-01-18,sábado,5,PH SUL (PF),IFCO,6416,482.0,3
2025-01-18,sábado,5,PH SUL (PF),IFCO,6424,640.0,2
2025-01-18,sábado,5,PH UBAJARA,HB,618,93.0,19
2025-01-18,sábado,5,PH UBAJARA,IFCO,6416,360.0,49
2025-01-18,sábado,5,PH UBAJARA,IFCO,6424,645.0,32
2025-01-18,sábado,5,TREB. MINAS,HB,618,628.0,36
2025-01-18,sábado,5,TREB. MINAS,HB,623,45.0,6
2025-01-18,sábado,5,TREB. MINAS,HB,NAO_INFORMADO,880.0,38
2025-01-18,sábado,5,TREB. MINAS,IFCO,6416,377.0,21
2025-01-18,sábado,5,TREB. MINAS,IFCO,6424,132.0,14
2025-01-20,segunda-feira,0,PH CASCAVEL,IFCO,6424,1438.0,3
2025-01-20,segunda-feira,0,PH SUL (PF),HB,618,325.0,7
2025-01-20,segunda-feira,0,PH SUL (PF),HB,623,440.0,2
2025-01-20,segunda-feira,0,PH SUL (PF),IFCO,6416,398.0,4
2025-01-20,segunda-feira,0,PH UBAJARA,HB,618,308.0,24
2025-01-20,segunda-feira,0,PH UBAJARA,HB,623,1.0,1
2025-01-20,segunda-feira,0,PH UBAJARA,HB,NAO_INFORMADO,12.0,1
2025-01-20,segunda-feira,0,PH UBAJARA,IFCO,6416,7.0,2
2025-01-20,segunda-feira,0,PH UBAJARA,IFCO,6424,5.0,5
2025-01-20,segunda-feira,0,TREB. CEAGESP,HB,623,242.0,1
2025-01-20,segunda-feira,0,TREB. MINAS,HB,618,406.0,10
2025-01-20,segunda-feira,0,TREB. MINAS,HB,623,2.0,1
2025-01-20,segunda-feira,0,TREB. MINAS,HB,NAO_INFORMADO,8.0,1
2025-01-20,segunda-feira,0,TREB. MINAS,IFCO,6416,193.0,29
2025-01-20,segunda-feira,0,TREB. MINAS,IFCO,6424,191.0,17
2025-01-20,segunda-feira,0,TREBESCHI DF,HB,623,40.0,1
2025-01-21,terça-feira,1,PH CASCAVEL,IFCO,6424,640.0,2
2025-01-21,terça-feira,1,PH CORUMBA (PF),HB,623,690.0,2
2025-01-21,terça-feira,1,PH CORUMBA (PF),IFCO,6424,100.0,1
2025-01-21,terça-feira,1,PH SUL (PF),HB,618,552.0,13
2025-01-21,terça-feira,1,PH SUL (PF),HB,623,2390.0,5
2025-01-21,terça-feira,1,PH SUL (PF),IFCO,6416,476.0,5
2025-01-21,terça-feira,1,PH UBAJARA,HB,618,50.0,1
2025-01-21,terça-feira,1,PH UBAJARA,IFCO,6416,142.1,19
2025-01-21,terça-feira,1,PH UBAJARA,IFCO,6424,44.0625,6
2025-01-21,terça-feira,1,TREB. MINAS,HB,618,431.0,16
2025-01-21,terça-feira,1,TREB. MINAS,HB,623,141.0,9
2025-01-21,terça-feira,1,TREB. MINAS,HB,NAO_INFORMADO,148.0,30
2025-01-21,terça-feira,1,TREB. MINAS,IFCO,6416,279.0,113
2025-01-21,terça-feira,1,TREB. MINAS,IFCO,6424,1000.0,6
2025-01-22,quarta-feira,2,PH SUL (PF),HB,618,350.0,10
2025-01-22,quarta-feira,2,PH SUL (PF),HB,623,1130.0,3
2025-01-22,quarta-feira,2,PH SUL (PF),IFCO,6416,452.0,4
2025-01-22,quarta-feira,2,PH SUL (PF),IFCO,6424,640.0,1
2025-01-22,quarta-feira,2,PH UBAJARA,IFCO,6416,1355.0,50
2025-01-22,quarta-feira,2,PH UBAJARA,IFCO,6424,673.0,39
2025-01-22,quarta-feira,2,TREB GOIANIA - GALPAO CD,IFCO,6424,0.0208333333333333,1
2025-01-22,quarta-feira,2,TREB. MINAS,HB,618,659.0,28
2025-01-22,quarta-feira,2,TREB. MINAS,HB,623,75.0,4
2025-01-22,quarta-feira,2,TREB. MINAS,HB,NAO_INFORMADO,782.0,30
2025-01-22,quarta-feira,2,TREB. MINAS,IFCO,6416,40.0,1
2025-01-22,quarta-feira,2,TREB. MINAS,IFCO,6424,40.0,1
2025-01-23,quinta-feira,3,PH CASCAVEL,IFCO,6424,600.0,5
2025-01-23,quinta-feira,3,PH CORUMBA (PF),IFCO,6424,100.0,1
2025-01-23,quinta-feira,3,PH SUL (PF),HB,618,390.0,13
2025-01-23,quinta-feira,3,PH SUL (PF),HB,623,440.0,2
2025-01-23,quinta-feira,3,PH SUL (PF),IFCO,6424,1540.0,5
2025-01-23,quinta-feira,3,PH UBAJARA,IFCO,6416,706.5333333333333,21
2025-01-23,quinta-feira,3,PH UBAJARA,IFCO,6424,49.875,11
2025-01-23,quinta-feira,3,TREB. MINAS,HB,618,468.0,16
2025-01-23,quinta-feira,3,TREB. MINAS,HB,623,134.0,9
2025-01-23,quinta-feira,3,TREB. MINAS,HB,NAO_INFORMADO,418.0,20
2025-01-23,quinta-feira,3,TREB. MINAS,IFCO,6416,42.0,12
2025-01-23,quinta-feira,3,TREB. MINAS,IFCO,6424,22.0,6
2025-01-24,sexta-feira,4,PH CASCAVEL,IFCO,6424,800.0,1
2025-01-24,sexta-feira,4,PH SUL (PF),HB,618,403.0,15
2025-01-24,sexta-feira,4,PH SUL (PF),HB,623,2190.0,4
2025-01-24,sexta-feira,4,PH SUL (PF),IFCO,6416,620.0,4
2025-01-24,sexta-feira,4,TREB. MINAS,HB,618,392.0,21
2025-01-24,sexta-feira,4,TREB. MINAS,HB,623,1.0,1
2025-01-24,sexta-feira,4,TREB. MINAS,HB,NAO_INFORMADO,7.0,2
2025-01-24,sexta-feira,4,TREB. MINAS,IFCO,6416,150.0,3
2025-01-24,sexta-feira,4,TREB. MINAS,IFCO,6424,1000.0,4
2025-01-25,sábado,5,PH CASCAVEL,IFCO,6424,1436.0,3
2025-01-25,sábado,5,PH SUL (PF),HB,618,669.0,12
2025-01-25,sábado,5,PH SUL (PF),HB,623,2433.0,6
2025-01-25,sábado,5,PH SUL (PF),IFCO,6416,457.0,5
2025-01-25,sábado,5,PH SUL (PF),IFCO,6424,308.0,2
2025-01-25,sábado,5,PH UBAJARA,HB,618,146.0,25
2025-01-25,sábado,5,PH UBAJARA,HB,623,47.0,8
2025-01-25,sábado,5,PH UBAJARA,HB,NAO_INFORMADO,39.0,9
2025-01-25,sábado,5,PH UBAJARA,IFCO,6416,734.0,79
2025-01-25,sábado,5,PH UBAJARA,IFCO,6424,367.0,28
2025-01-25,sábado,5,TREB. MINAS,HB,618,680.0,29
2025-01-25,sábado,5,TREB. MINAS,HB,623,101.0,10
2025-01-25,sábado,5,TREB. MINAS,HB,NAO_INFORMADO,1368.0,46
2025-01-25,sábado,5,TREB. MINAS,IFCO,6416,1122.0,34
2025-01-25,sábado,5,TREB. MINAS,IFCO,6424,204.0,13
2025-01-27,segunda-feira,0,PH CASCAVEL,IFCO,6424,1120.0,2
2025-01-27,segunda-feira,0,PH SUL (PF),HB,618,334.0,8
2025-01-27,segunda-feira,0,PH SUL (PF),HB,623,1675.0,3
2025-01-27,segunda-feira,0,PH SUL (PF),IFCO,6416,413.0,4
2025-01-27,segunda-feira,0,PH SUL (PF),IFCO,6424,640.0,3
2025-01-27,segunda-feira,0,PH UBAJARA,HB,618,450.0,28
2025-01-27,segunda-feira,0,PH UBAJARA,HB,623,2.0,1
2025-01-27,segunda-feira,0,PH UBAJARA,HB,NAO_INFORMADO,4.0,1
2025-01-27,segunda-feira,0,PH UBAJARA,IFCO,6416,174.0,18
2025-01-27,segunda-feira,0,PH UBAJARA,IFCO,6424,6.0,5
2025-01-27,segunda-feira,0,TREB. MINAS,HB,618,311.0,12
2025-01-27,segunda-feira,0,TREB. MINAS,HB,623,1.0,1
2025-01-27,segunda-feira,0,TREB. MINAS,HB,NAO_INFORMADO,140.0,20
2025-01-27,segunda-feira,0,TREB. MINAS,IFCO,6416,675.0,16
2025-01-27,segunda-feira,0,TREBESCHI DF,IFCO,6424,1.0,1
2025-01-28,terça-feira,1,PH CASCAVEL,IFCO,6424,2720.0,5
2025-01-28,terça-feira,1,PH CORUMBA (PF),IFCO,6424,300.0,3
2025-01-28,terça-feira,1,PH SUL (PF),HB,618,662.0,12
2025-01-28,terça-feira,1,PH SUL (PF),HB,623,2390.0,5
2025-01-28,terça-feira,1,PH SUL (PF),IFCO,6416,510.0,4
2025-01-28,terça-feira,1,PH SUL (PF),IFCO,6424,1000.0,2
2025-01-28,terça-feira,1,PH UBAJARA,IFCO,6416,135.0,29
2025-01-28,terça-feira,1,PH UBAJARA,IFCO,6424,85.0,14
2025-01-28,terça-feira,1,TREB. MINAS,HB,618,359.0,16
2025-01-28,terça-feira,1,TREB. MINAS,HB,623,125.0,8
2025-01-28,terça-feira,1,TREB. MINAS,HB,NAO_INFORMADO,87.0,14
2025-01-28,terça-feira,1,TREB. MINAS,IFCO,6416,484.0,89
2025-01-28,terça-feira,1,TREB. MINAS,IFCO,6424,859.0,5
2025-01-29,quarta-feira,2,PH SUL (PF),HB,618,517.0,8
2025-01-29,quarta-feira,2,PH SUL (PF),HB,623,2720.0,3
2025-01-29,quarta-feira,2,PH SUL (PF),IFCO,6416,427.0,4
2025-01-29,quarta-feira,2,PH SUL (PF),IFCO,6424,1280.0,4
2025-01-29,quarta-feira,2,PH UBAJARA,HB,618,50.0,1
2025-01-29,quarta-feira,2,PH UBAJARA,IFCO,6416,872.0,26
2025-01-29,quarta-feira,2,PH UBAJARA,IFCO,6424,724.0,20
2025-01-29,quarta-feira,2,TREB. MINAS,HB,618,486.0,27
2025-01-29,quarta-feira,2,TREB. MINAS,HB,623,7.0,3
2025-01-29,quarta-feira,2,TREB. MINAS,HB,NAO_INFORMADO,800.0,40
2025-01-29,quarta-feira,2,TREB. MINAS,IFCO,6416,46.0,4
2025-01-29,quarta-feira,2,TREB. MINAS,IFCO,6424,67.0,6
2025-01-30,quinta-feira,3,PH CASCAVEL,IFCO,6424,320.0,1
2025-01-30,quinta-feira,3,PH CORUMBA (PF),IFCO,6424,1131.0,3
2025-01-30,quinta-feira,3,PH SUL (PF),HB,618,342.0,7
2025-01-30,quinta-feira,3,PH SUL (PF),HB,623,280.0,2
2025-01-30,quinta-feira,3,PH SUL (PF),IFCO,6424,2240.0,2
2025-01-30,quinta-feira,3,PH UBAJARA,IFCO,6416,472.43333333333334,15
2025-01-30,quinta-feira,3,PH UBAJARA,IFCO,6424,11.0,5
2025-01-30,quinta-feira,3,TREB. MINAS,HB,618,469.0,18
2025-01-30,quinta-feira,3,TREB. MINAS,HB,623,200.0,9
2025-01-30,quinta-feira,3,TREB. MINAS,HB,NAO_INFORMADO,890.0,39
2025-01-30,quinta-feira,3,TREBESCHI DF,IFCO,6424,11.0,1
2025-01-31,sexta-feira,4,PH SUL (PF),HB,618,567.0,14
2025-01-31,sexta-feira,4,PH SUL (PF),HB,623,1500.0,3
2025-01-31,sexta-feira,4,PH SUL (PF),IFCO,6416,715.0,4
2025-01-31,sexta-feira,4,PH SUL (PF),IFCO,6424,1920.0,3
2025-01-31,sexta-feira,4,TREB. MINAS,HB,618,504.0,22
2025-01-31,sexta-feira,4,TREB. MINAS,HB,623,2.0,2
2025-01-31,sexta-feira,4,TREB. MINAS,HB,NAO_INFORMADO,3.0,2
2025-01-31,sexta-feira,4,TREB. MINAS,IFCO,6424,440.0,3
2025-01-31,sexta-feira,4,TREBESCHI DF,HB,618,112.0,6
2025-02-01,sábado,5,PH SUL (PF),HB,618,769.0,18
2025-02-01,sábado,5,PH SUL (PF),HB,623,3510.0,8
2025-02-01,sábado,5,PH SUL (PF),IFCO,6416,588.0,4
2025-02-01,sábado,5,PH SUL (PF),IFCO,6424,2596.0,5
2025-02-01,sábado,5,PH UBAJARA,HB,618,102.0,24
2025-02-01,sábado,5,PH UBAJARA,HB,623,7.0,4
2025-02-01,sábado,5,PH UBAJARA,HB,NAO_INFORMADO,13.0,5
2025-02-01,sábado,5,PH UBAJARA,IFCO,6416,1016.2666666666667,139
2025-02-01,sábado,5,PH UBAJARA,IFCO,6424,461.25,51
2025-02-01,sábado,5,TREB. MINAS,HB,618,565.0,22
2025-02-01,sábado,5,TREB. MINAS,HB,623,105.0,8
2025-02-01,sábado,5,TREB. MINAS,HB,NAO_INFORMADO,1314.0,39
2025-02-01,sábado,5,TREB. MINAS,IFCO,6416,229.0,7
2025-02-01,sábado,5,TREB. MINAS,IFCO,6424,399.0,10
2025-02-03,segunda-feira,0,PH CASCAVEL,IFCO,6424,750.0,1
2025-02-03,segunda-feira,0,PH CORUMBA (PF),IFCO,6424,125.0,1
2025-02-03,segunda-feira,0,PH SUL (PF),HB,618,695.0,9
2025-02-03,segunda-feira,0,PH SUL (PF),HB,623,2150.0,3
2025-02-03,segunda-feira,0,PH SUL (PF),IFCO,6416,391.0,5
2025-02-03,segunda-feira,0,PH UBAJARA,HB,618,478.0,23
2025-02-03,segunda-feira,0,PH UBAJARA,HB,623,3.0,1
2025-02-03,segunda-feira,0,PH UBAJARA,HB,NAO_INFORMADO,5.0,1
2025-02-03,segunda-feira,0,PH UBAJARA,IFCO,6416,510.0,35
2025-02-03,segunda-feira,0,PH UBAJARA,IFCO,6424,535.0,27
2025-02-03,segunda-feira,0,TREB. MINAS,HB,618,550.0,14
2025-02-03,segunda-feira,0,TREB. MINAS,HB,623,2.0,1
2025-02-03,segunda-feira,0,TREB. MINAS,HB,NAO_INFORMADO,605.0,2
2025-02-04,terça-feira,1,PH CASCAVEL,IFCO,6424,1760.0,2
2025-02-04,terça-feira,1,PH CORUMBA (PF),IFCO,6424,225.0,2
2025-02-04,terça-feira,1,PH SUL (PF),HB,618,315.0,11
2025-02-04,terça-feira,1,PH SUL (PF),HB,623,1740.0,3
2025-02-04,terça-feira,1,PH SUL (PF),HB,NAO_INFORMADO,25.0,1
2025-02-04,terça-feira,1,PH SUL (PF),IFCO,6416,564.0,5
2025-02-04,terça-feira,1,PH SUL (PF),IFCO,6424,978.0,3
2025-02-04,terça-feira,1,PH UBAJARA,IFCO,6416,198.1,30
2025-02-04,terça-feira,1,PH UBAJARA,IFCO,6424,189.09375,25
2025-02-04,terça-feira,1,TREB. CEAGESP,HB,623,3.0,1
2025-02-04,terça-feira,1,TREB. MINAS,HB,618,470.0,16
2025-02-04,terça-feira,1,TREB. MINAS,HB,623,158.0,9
2025-02-04,terça-feira,1,TREB. MINAS,HB,NAO_INFORMADO,103.0,16
2025-02-04,terça-feira,1,TREB. MINAS,IFCO,6416,275.0,95
2025-02-04,terça-feira,1,TREB. MINAS,IFCO,6424,40.0,1
2025-02-05,quarta-feira,2,PH CASCAVEL,IFCO,6424,1280.0,3
2025-02-05,quarta-feira,2,PH SUL (PF),HB,618,396.0,7
2025-02-05,quarta-feira,2,PH SUL (PF),HB,623,2840.0,4
2025-02-05,quarta-feira,2,PH SUL (PF),IFCO,6416,454.0,4
2025-02-05,quarta-feira,2,PH SUL (PF),IFCO,6424,640.0,1
2025-02-05,quarta-feira,2,PH UBAJARA,IFCO,6416,345.0,23
2025-02-05,quarta-feira,2,PH UBAJARA,IFCO,6424,207.0,10
2025-02-05,quarta-feira,2,TREB. MINAS,HB,618,772.0,37
2025-02-05,quarta-feira,2,TREB. MINAS,HB,623,15.0,3
2025-02-05,quarta-feira,2,TREB. MINAS,HB,NAO_INFORMADO,289.0,28
2025-02-05,quarta-feira,2,TREB. MINAS,IFCO,6416,155.0,11
2025-02-05,quarta-feira,2,TREB. MINAS,IFCO,6424,142.0,11
2025-02-06,quinta-feira,3,PH CASCAVEL,IFCO,6424,640.0,2
2025-02-06,quinta-feira,3,PH SUL (PF),HB,618,67.0,2
2025-02-06,quinta-feira,3,PH SUL (PF),HB,623,2150.0,4
2025-02-06,quinta-feira,3,PH SUL (PF),HB,NAO_INFORMADO,50.0,1
2025-02-06,quinta-feira,3,PH SUL (PF),IFCO,6424,1260.0,4
2025-02-06,quinta-feira,3,PH UBAJARA,IFCO,6416,46.0,8
2025-02-06,quinta-feira,3,PH UBAJARA,IFCO,6424,25.0,4
2025-02-06,quinta-feira,3,TREB. MINAS,HB,618,748.0,23
2025-02-06,quinta-feira,3,TREB. MINAS,HB,623,268.0,12
2025-02-06,quinta-feira,3,TREB. MINAS,HB,NAO_INFORMADO,748.0,38
2025-02-07,sexta-feira,4,PH CORUMBA (PF),IFCO,6424,100.0,1
2025-02-07,sexta-feira,4,PH SUL (PF),HB,618,609.0,9
2025-02-07,sexta-feira,4,PH SUL (PF),HB,623,240.0,1
2025-02-07,sexta-feira,4,PH SUL (PF),IFCO,6416,655.0,5
2025-02-07,sexta-feira,4,PH SUL (PF),IFCO,6424,1436.0,4
2025-02-07,sexta-feira,4,TREB. MINAS,HB,618,384.0,22
2025-02-07,sexta-feira,4,TREB. MINAS,HB,623,44.0,3
2025-02-07,sexta-feira,4,TREB. MINAS,HB,NAO_INFORMADO,135.0,8
2025-02-07,sexta-feira,4,TREB. MINAS,IFCO,6424,960.0,4
2025-02-08,sábado,5,PH CASCAVEL,IFCO,6424,1760.0,4
2025-02-08,sábado,5,PH SUL (PF),HB,618,641.0,11
2025-02-08,sábado,5,PH SUL (PF),HB,623,2390.0,6
2025-02-08,sábado,5,PH SUL (PF),IFCO,6416,509.0,4
2025-02-08,sábado,5,PH SUL (PF),IFCO,6424,1100.0,4
2025-02-08,sábado,5,PH UBAJARA,HB,618,97.0,23
2025-02-08,sábado,5,PH UBAJARA,HB,623,33.0,5
2025-02-08,sábado,5,PH UBAJARA,HB,NAO_INFORMADO,9.0,5
2025-02-08,sábado,5,PH UBAJARA,IFCO,6416,439.0,62
2025-02-08,sábado,5,PH UBAJARA,IFCO,6424,411.0,45
2025-02-08,sábado,5,TREB. MINAS,HB,618,831.0,47
2025-02-08,sábado,5,TREB. MINAS,HB,623,138.0,8
2025-02-08,sábado,5,TREB. MINAS,HB,NAO_INFORMADO,634.0,37
2025-02-08,sábado,5,TREB. MINAS,IFCO,6416,691.0,47
2025-02-08,sábado,5,TREB. MINAS,IFCO,6424,1429.0,37
2025-02-10,segunda-feira,0,PH CORUMBA (PF),HB,623,160.0,2
2025-02-10,segunda-feira,0,PH CORUMBA (PF),IFCO,6424,1044.0,3
2025-02-10,segunda-feira,0,PH SUL (PF),HB,618,521.0,6
2025-02-10,segunda-feira,0,PH SUL (PF),HB,623,1130.0,4
2025-02-10,segunda-feira,0,PH SUL (PF),IFCO,6416,302.0,4
2025-02-10,segunda-feira,0,PH SUL (PF),IFCO,6424,640.0,2
2025-02-10,segunda-feira,0,PH UBAJARA,HB,618,293.0,17
2025-02-10,segunda-feira,0,PH UBAJARA,HB,623,6.0,1
2025-02-10,segunda-feira,0,PH UBAJARA,IFCO,6416,2.0,2
2025-02-10,segunda-feira,0,PH UBAJARA,IFCO,6424,2.0,2
2025-02-10,segunda-feira,0,TREB. MINAS,HB,618,408.0,12
2025-02-10,segunda-feira,0,TREB. MINAS,HB,623,2.0,1
2025-02-10,segunda-feira,0,TREB. MINAS,HB,NAO_INFORMADO,8.0,1
2025-02-10,segunda-feira,0,TREB. MINAS,IFCO,6424,36.0,2
2025-02-11,terça-feira,1,PH CASCAVEL,IFCO,6424,640.0,2
2025-02-11,terça-feira,1,PH SUL (PF),HB,618,583.0,11
2025-02-11,terça-feira,1,PH SUL (PF),HB,623,1576.0,3
2025-02-11,terça-feira,1,PH SUL (PF),IFCO,6416,558.0,5
2025-02-11,terça-feira,1,PH UBAJARA,HB,618,7.0,1
2025-02-11,terça-feira,1,PH UBAJARA,IFCO,6416,434.1666666666667,71
2025-02-11,terça-feira,1,PH UBAJARA,IFCO,6424,246.6875,32
2025-02-11,terça-feira,1,TREB. MINAS,HB,618,404.0,17
2025-02-11,terça-feira,1,TREB. MINAS,HB,623,97.0,6
2025-02-11,terça-feira,1,TREB. MINAS,HB,NAO_INFORMADO,102.0,4
2025-02-11,terça-feira,1,TREB. MINAS,IFCO,6416,292.0,157
2025-02-11,terça-feira,1,TREB. MINAS,IFCO,6424,200.0,2
2025-02-12,quarta-feira,2,PH CASCAVEL,IFCO,6424,1080.0,3
2025-02-12,quarta-feira,2,PH CORUMBA (PF),IFCO,6424,218.0,2
2025-02-12,quarta-feira,2,PH SUL (PF),HB,618,440.0,7
2025-02-12,quarta-feira,2,PH SUL (PF),HB,623,1010.0,4
2025-02-12,quarta-feira,2,PH SUL (PF),IFCO,6416,517.0,4
2025-02-12,quarta-feira,2,PH SUL (PF),IFCO,6424,1480.0,3
2025-02-12,quarta-feira,2,PH UBAJARA,HB,NAO_INFORMADO,0.333333333333333,1
2025-02-12,quarta-feira,2,PH UBAJARA,IFCO,6416,424.0,20
2025-02-12,quarta-feira,2,PH UBAJARA,IFCO,6424,133.0,5
2025-02-12,quarta-feira,2,TREB. CEAGESP,IFCO,6424,49.0,1
2025-02-12,quarta-feira,2,TREB. MINAS,HB,618,881.0,31
2025-02-12,quarta-feira,2,TREB. MINAS,HB,623,8.0,3
2025-02-12,quarta-feira,2,TREB. MINAS,HB,NAO_INFORMADO,302.0,17
2025-02-12,quarta-feira,2,TREB. MINAS,IFCO,6416,1164.0,18
2025-02-13,quinta-feira,3,PH CASCAVEL,IFCO,6424,1118.0,1
2025-02-13,quinta-feira,3,PH SUL (PF),HB,618,600.0,13
2025-02-13,quinta-feira,3,PH SUL (PF),HB,623,400.0,2
2025-02-13,quinta-feira,3,PH SUL (PF),HB,NAO_INFORMADO,30.0,1
2025-02-13,quinta-feira,3,PH SUL (PF),IFCO,6424,1120.0,1
2025-02-13,quinta-feira,3,PH UBAJARA,HB,618,30.0,1
2025-02-13,quinta-feira,3,PH UBAJARA,IFCO,6416,64.0,17
2025-02-13,quinta-feira,3,PH UBAJARA,IFCO,6424,31.0,5
2025-02-13,quinta-feira,3,TREB GOIANIA - GALPAO CD,IFCO,6424,250.0,1
2025-02-13,quinta-feira,3,TREB. MINAS,HB,618,443.0,17
2025-02-13,quinta-feira,3,TREB. MINAS,HB,623,345.0,14
2025-02-13,quinta-feira,3,TREB. MINAS,HB,NAO_INFORMADO,1408.0,43
2025-02-13,quinta-feira,3,TREB. MINAS,IFCO,6416,65.0,10
2025-02-13,quinta-feira,3,TREB. MINAS,IFCO,6424,95.0,7
2025-02-14,sexta-feira,4,PH CASCAVEL,IFCO,6424,630.0,1
2025-02-14,sexta-feira,4,PH SUL (PF),HB,618,616.0,12
2025-02-14,sexta-feira,4,PH SUL (PF),HB,623,2190.0,4
2025-02-14,sexta-feira,4,PH SUL (PF),IFCO,6416,733.0,5
2025-02-14,sexta-feira,4,PH SUL (PF),IFCO,6424,2680.0,5
2025-02-14,sexta-feira,4,PH UBAJARA,HB,618,20.0,1
2025-02-14,sexta-feira,4,PH UBAJARA,HB,623,34.0,1
2025-02-14,sexta-feira,4,PH UBAJARA,IFCO,6416,376.0,19
2025-02-14,sexta-feira,4,PH UBAJARA,IFCO,6424,107.0,6
2025-02-14,sexta-feira,4,TREB GOIANIA - GALPAO CD,IFCO,6424,244.0,1
2025-02-14,sexta-feira,4,TREB. MINAS,HB,618,330.0,21
2025-02-14,sexta-feira,4,TREB. MINAS,HB,623,1.0,1
2025-02-14,sexta-feira,4,TREB. MINAS,HB,NAO_INFORMADO,7.0,2
2025-02-14,sexta-feira,4,TREB. MINAS,IFCO,6416,10.0,1
2025-02-15,sábado,5,PH CASCAVEL,IFCO,6424,720.0,1
2025-02-15,sábado,5,PH CORUMBA (PF),HB,623,73.0,1
2025-02-15,sábado,5,PH SUL (PF),HB,618,1013.0,19
2025-02-15,sábado,5,PH SUL (PF),HB,623,4605.0,10
2025-02-15,sábado,5,PH SUL (PF),HB,NAO_INFORMADO,40.0,1
2025-02-15,sábado,5,PH SUL (PF),IFCO,6416,531.0,5
2025-02-15,sábado,5,PH SUL (PF),IFCO,6424,1160.0,3
2025-02-15,sábado,5,PH UBAJARA,HB,618,189.0,22
2025-02-15,sábado,5,PH UBAJARA,HB,623,34.0,4
2025-02-15,sábado,5,PH UBAJARA,HB,NAO_INFORMADO,9.0,5
2025-02-15,sábado,5,PH UBAJARA,IFCO,6416,448.0,112
2025-02-15,sábado,5,PH UBAJARA,IFCO,6424,267.0,35
2025-02-15,sábado,5,TREB. MINAS,HB,618,764.0,31
2025-02-15,sábado,5,TREB. MINAS,HB,623,172.0,11
2025-02-15,sábado,5,TREB. MINAS,HB,NAO_INFORMADO,212.0,13
2025-02-15,sábado,5,TREB. MINAS,IFCO,6416,500.0,78
2025-02-15,sábado,5,TREB. MINAS,IFCO,6424,599.0,21
2025-02-17,segunda-feira,0,PH CASCAVEL,IFCO,6424,880.0,2
2025-02-17,segunda-feira,0,PH CORUMBA (PF),IFCO,6424,150.0,1
2025-02-17,segunda-feira,0,PH SUL (PF),HB,618,295.0,8
2025-02-17,segunda-feira,0,PH SUL (PF),HB,623,1250.0,4
2025-02-17,segunda-feira,0,PH SUL (PF),IFCO,6416,361.0,5
2025-02-17,segunda-feira,0,PH UBAJARA,HB,618,362.0,24
2025-02-17,segunda-feira,0,PH UBAJARA,HB,623,2.0,1
2025-02-17,segunda-feira,0,TREB. MINAS,HB,618,645.0,14
2025-02-17,segunda-feira,0,TREB. MINAS,HB,623,4.0,2
2025-02-17,segunda-feira,0,TREB. MINAS,HB,NAO_INFORMADO,159.0,22
2025-02-17,segunda-feira,0,TREBESCHI DF,IFCO,6424,218.0,14
2025-02-18,terça-feira,1,PH CASCAVEL,IFCO,6424,1760.0,2
2025-02-18,terça-feira,1,PH CORUMBA (PF),HB,623,80.0,1
2025-02-18,terça-feira,1,PH SUL (PF),HB,618,592.0,12
2025-02-18,terça-feira,1,PH SUL (PF),HB,623,1700.0,3
2025-02-18,terça-feira,1,PH SUL (PF),HB,NAO_INFORMADO,20.0,1
2025-02-18,terça-feira,1,PH SUL (PF),IFCO,6416,561.0,5
2025-02-18,terça-feira,1,PH SUL (PF),IFCO,6424,320.0,2
2025-02-18,terça-feira,1,PH UBAJARA,HB,618,9.0,1
2025-02-18,terça-feira,1,PH UBAJARA,IFCO,6416,422.0,32
2025-02-18,terça-feira,1,PH UBAJARA,IFCO,6424,412.0,36
2025-02-18,terça-feira,1,TREB. CEAGESP,IFCO,6416,1.0,1
2025-02-18,terça-feira,1,TREB. MINAS,HB,618,406.0,17
2025-02-18,terça-feira,1,TREB. MINAS,HB,623,165.0,12
2025-02-18,terça-feira,1,TREB. MINAS,HB,NAO_INFORMADO,590.0,32
2025-02-18,terça-feira,1,TREB. MINAS,IFCO,6416,472.2,144
2025-02-18,terça-feira,1,TREB. MINAS,IFCO,6424,42.0,2
2025-02-19,quarta-feira,2,PH SUL (PF),HB,618,323.0,4
2025-02-19,quarta-feira,2,PH SUL (PF),HB,623,2190.0,4
2025-02-19,quarta-feira,2,PH SUL (PF),IFCO,6416,443.0,3
2025-02-19,quarta-feira,2,PH UBAJARA,IFCO,6416,256.0,25
2025-02-19,quarta-feira,2,PH UBAJARA,IFCO,6424,370.0,10
2025-02-19,quarta-feira,2,TREB. MINAS,HB,618,587.0,30
2025-02-19,quarta-feira,2,TREB. MINAS,HB,623,3.0,2
2025-02-19,quarta-feira,2,TREB. MINAS,HB,NAO_INFORMADO,215.0,19
2025-02-19,quarta-feira,2,TREB. MINAS,IFCO,6416,93.0,13
2025-02-19,quarta-feira,2,TREB. MINAS,IFCO,6424,51.0,6
2025-02-20,quinta-feira,3,PH CASCAVEL,IFCO,6424,1916.0,6
2025-02-20,quinta-feira,3,PH SUL (PF),HB,618,448.0,7
2025-02-20,quinta-feira,3,PH SUL (PF),HB,623,1420.0,2
2025-02-20,quinta-feira,3,PH SUL (PF),IFCO,6424,1000.0,3
2025-02-20,quinta-feira,3,PH UBAJARA,HB,618,13.0,2
2025-02-20,quinta-feira,3,PH UBAJARA,HB,623,60.0,1
2025-02-20,quinta-feira,3,PH UBAJARA,IFCO,6416,86.0,21
2025-02-20,quinta-feira,3,PH UBAJARA,IFCO,6424,58.33333333333333,11
2025-02-20,quinta-feira,3,TREB GOIANIA - GALPAO CD,IFCO,6424,2.0,1
2025-02-20,quinta-feira,3,TREB. MINAS,HB,618,522.0,19
2025-02-20,quinta-feira,3,TREB. MINAS,HB,623,122.0,9
2025-02-20,quinta-feira,3,TREB. MINAS,HB,NAO_INFORMADO,475.0,36
2025-02-20,quinta-feira,3,TREB. MINAS,IFCO,6424,720.0,3
2025-02-21,sexta-feira,4,PH CASCAVEL,IFCO,6424,1120.0,1
2025-02-21,sexta-feira,4,PH SUL (PF),HB,618,486.0,14
2025-02-21,sexta-feira,4,PH SUL (PF),HB,623,930.0,3
2025-02-21,sexta-feira,4,PH SUL (PF),IFCO,6416,594.0,4
2025-02-21,sexta-feira,4,PH SUL (PF),IFCO,6424,1760.0,3
2025-02-21,sexta-feira,4,PH UBAJARA,IFCO,6416,526.0,19
2025-02-21,sexta-feira,4,PH UBAJARA,IFCO,6424,106.0,4
2025-02-21,sexta-feira,4,TREB. MINAS,HB,618,443.0,23
2025-02-21,sexta-feira,4,TREB. MINAS,HB,623,2.0,2
2025-02-21,sexta-feira,4,TREB. MINAS,HB,NAO_INFORMADO,9.0,2
2025-02-21,sexta-feira,4,TREBESCHI DF,IFCO,6416,1.0,1
2025-02-22,sábado,5,PH CASCAVEL,IFCO,6424,800.0,1
2025-02-22,sábado,5,PH SUL (PF),HB,618,536.0,8
2025-02-22,sábado,5,PH SUL (PF),HB,623,2820.0,6
2025-02-22,sábado,5,PH SUL (PF),HB,NAO_INFORMADO,50.0,1
2025-02-22,sábado,5,PH SUL (PF),IFCO,6416,322.0,4
2025-02-22,sábado,5,PH SUL (PF),IFCO,6424,360.0,2
2025-02-22,sábado,5,PH UBAJARA,HB,618,105.0,20
2025-02-22,sábado,5,PH UBAJARA,HB,623,2.0,3
2025-02-22,sábado,5,PH UBAJARA,HB,NAO_INFORMADO,15.0,4
2025-02-22,sábado,5,PH UBAJARA,IFCO,6416,159.0,31
2025-02-22,sábado,5,PH UBAJARA,IFCO,6424,69.09375,19
2025-02-22,sábado,5,TREB. MINAS,HB,618,1083.0,52
2025-02-22,sábado,5,TREB. MINAS,HB,623,67.0,6
2025-02-22,sábado,5,TREB. MINAS,HB,NAO_INFORMADO,889.0,22
2025-02-22,sábado,5,TREB. MINAS,IFCO,6416,708.0,102
2025-02-22,sábado,5,TREB. MINAS,IFCO,6424,578.0,82
2025-02-23,domingo,6,PH UBAJARA,HB,623,25.0,1
2025-02-24,segunda-feira,0,PH CASCAVEL,IFCO,6424,800.0,2
2025-02-24,segunda-feira,0,PH CORUMBA (PF),HB,623,145.0,2
2025-02-24,segunda-feira,0,PH CORUMBA (PF),IFCO,6424,221.0,2
2025-02-24,segunda-feira,0,PH SUL (PF),HB,618,251.0,6
2025-02-24,segunda-feira,0,PH SUL (PF),HB,623,1500.0,5
2025-02-24,segunda-feira,0,PH SUL (PF),IFCO,6416,257.0,3
2025-02-24,segunda-feira,0,PH UBAJARA,HB,618,383.0,24
2025-02-24,segunda-feira,0,PH UBAJARA,HB,623,2.0,1
2025-02-24,segunda-feira,0,PH UBAJARA,IFCO,6416,369.0,25
2025-02-24,segunda-feira,0,PH UBAJARA,IFCO,6424,586.0,44
2025-02-24,segunda-feira,0,TREB. MINAS,HB,618,256.0,10
2025-02-24,segunda-feira,0,TREB. MINAS,HB,623,1.0,1
2025-02-24,segunda-feira,0,TREB. MINAS,HB,NAO_INFORMADO,5.0,1
2025-02-24,segunda-feira,0,TREB. MINAS,IFCO,6416,69.0,1
2025-02-24,segunda-feira,0,TREB. MINAS,IFCO,6424,50.0,1
2025-02-25,terça-feira,1,PH CASCAVEL,IFCO,6424,1680.0,2
2025-02-25,terça-feira,1,PH CORUMBA (PF),HB,623,15.0,1
2025-02-25,terça-feira,1,PH CORUMBA (PF),IFCO,6424,27.0,1
2025-02-25,terça-feira,1,PH SUL (PF),HB,618,215.0,2
2025-02-25,terça-feira,1,PH SUL (PF),HB,623,1380.0,3
2025-02-25,terça-feira,1,PH SUL (PF),IFCO,6416,384.0,4
2025-02-25,terça-feira,1,PH SUL (PF),IFCO,6424,1280.0,2
2025-02-25,terça-feira,1,PH UBAJARA,HB,618,1.0,1
2025-02-25,terça-feira,1,PH UBAJARA,IFCO,6416,162.16666666666669,31
2025-02-25,terça-feira,1,PH UBAJARA,IFCO,6424,71.1875,12
2025-02-25,terça-feira,1,TREB. MINAS,HB,618,495.0,20
2025-02-25,terça-feira,1,TREB. MINAS,HB,623,116.0,7
2025-02-25,terça-feira,1,TREB. MINAS,HB,NAO_INFORMADO,164.0,24
2025-02-25,terça-feira,1,TREB. MINAS,IFCO,6416,211.0,115
2025-02-25,terça-feira,1,TREB. MINAS,IFCO,6424,40.0,1
2025-02-26,quarta-feira,2,PH CASCAVEL,IFCO,6424,720.0,1
2025-02-26,quarta-feira,2,PH SUL (PF),HB,618,10.0,3
2025-02-26,quarta-feira,2,PH SUL (PF),HB,623,810.0,3
2025-02-26,quarta-feira,2,PH SUL (PF),IFCO,6416,367.0,6
2025-02-26,quarta-feira,2,PH UBAJARA,IFCO,6416,268.0,19
2025-02-26,quarta-feira,2,PH UBAJARA,IFCO,6424,43.0,6
2025-02-26,quarta-feira,2,TREB. MINAS,HB,618,740.0,34
2025-02-26,quarta-feira,2,TREB. MINAS,HB,623,17.0,5
2025-02-26,quarta-feira,2,TREB. MINAS,HB,NAO_INFORMADO,87.0,26
2025-02-26,quarta-feira,2,TREB. MINAS,IFCO,6416,247.0,14
2025-02-26,quarta-feira,2,TREB. MINAS,IFCO,6424,53.0,7
2025-02-26,quarta-feira,2,TREBESCHI DF,HB,623,15.0,2
2025-02-27,quinta-feira,3,PH CORUMBA (PF),HB,623,80.0,1
2025-02-27,quinta-feira,3,PH CORUMBA (PF),IFCO,6424,150.0,1
2025-02-27,quinta-feira,3,PH SUL (PF),HB,618,322.0,5
2025-02-27,quinta-feira,3,PH SUL (PF),HB,623,120.0,1
2025-02-27,quinta-feira,3,PH SUL (PF),HB,NAO_INFORMADO,59.0,2
2025-02-27,quinta-feira,3,PH SUL (PF),IFCO,6424,2040.0,3
2025-02-27,quinta-feira,3,PH UBAJARA,IFCO,6416,59.0,13
2025-02-27,quinta-feira,3,PH UBAJARA,IFCO,6424,24.0,5
2025-02-27,quinta-feira,3,TREB. MINAS,HB,618,609.0,25
2025-02-27,quinta-feira,3,TREB. MINAS,HB,623,194.0,10
2025-02-27,quinta-feira,3,TREB. MINAS,HB,NAO_INFORMADO,139.0,17
2025-02-28,sexta-feira,4,PH CASCAVEL,IFCO,6424,1506.0,3
2025-02-28,sexta-feira,4,PH SUL (PF),HB,618,470.0,9
2025-02-28,sexta-feira,4,PH SUL (PF),HB,623,930.0,2
2025-02-28,sexta-feira,4,PH SUL (PF),IFCO,6416,534.0,4
2025-02-28,sexta-feira,4,PH SUL (PF),IFCO,6424,3358.0,4
2025-02-28,sexta-feira,4,PH UBAJARA,HB,618,35.0,7
2025-02-28,sexta-feira,4,PH UBAJARA,IFCO,6416,314.0,15
2025-02-28,sexta-feira,4,PH UBAJARA,IFCO,6424,69.0,5
2025-02-28,sexta-feira,4,TREB. MINAS,HB,618,353.0,22
2025-02-28,sexta-feira,4,TREB. MINAS,HB,623,22.0,3
2025-02-28,sexta-feira,4,TREB. MINAS,HB,NAO_INFORMADO,694.0,24
2025-02-28,sexta-feira,4,TREBESCHI DF,IFCO,6424,27.0,5
2025-03-01,sábado,5,PH CASCAVEL,IFCO,6424,4512.0,11
2025-03-01,sábado,5,PH SUL (PF),HB,618,530.0,6
2025-03-01,sábado,5,PH SUL (PF),HB,623,3450.0,6
2025-03-01,sábado,5,PH SUL (PF),HB,NAO_INFORMADO,25.0,1
2025-03-01,sábado,5,PH UBAJARA,HB,618,148.0,23
2025-03-01,sábado,5,PH UBAJARA,HB,623,4.0,5
2025-03-01,sábado,5,PH UBAJARA,HB,NAO_INFORMADO,2.0,2
2025-03-01,sábado,5,PH UBAJARA,IFCO,6416,230.9375,36
2025-03-01,sábado,5,PH UBAJARA,IFCO,6424,1405.5,35
2025-03-01,sábado,5,TREB. CEAGESP,IFCO,6424,60.0,1
2025-03-01,sábado,5,TREB. MINAS,HB,618,810.0,47
2025-03-01,sábado,5,TREB. MINAS,HB,623,134.0,8
2025-03-01,sábado,5,TREB. MINAS,HB,NAO_INFORMADO,254.0,17
2025-03-01,sábado,5,TREB. MINAS,IFCO,6416,196.0,10
2025-03-01,sábado,5,TREB. MINAS,IFCO,6424,397.0,9
2025-03-02,domingo,6,TREB. MINAS,HB,623,1.0,1
2025-03-03,segunda-feira,0,PH CASCAVEL,HB,618,320.0,1
2025-03-03,segunda-feira,0,PH CASCAVEL,HB,623,600.0,2
2025-03-03,segunda-feira,0,PH CORUMBA (PF),IFCO,6424,586.0,1
2025-03-03,segunda-feira,0,PH SUL (PF),HB,618,401.0,8
2025-03-03,segunda-feira,0,PH SUL (PF),HB,623,2720.0,4
2025-03-03,segunda-feira,0,PH UBAJARA,HB,618,273.0,27
2025-03-03,segunda-feira,0,PH UBAJARA,HB,623,4.0,1
2025-03-03,segunda-feira,0,PH UBAJARA,HB,NAO_INFORMADO,0.0,1
2025-03-03,segunda-feira,0,TREB. MINAS,HB,618,311.0,12
2025-03-03,segunda-feira,0,TREB. MINAS,HB,NAO_INFORMADO,2.0,1
2025-03-03,segunda-feira,0,TREB. MINAS,IFCO,6416,119.0,109
2025-03-04,terça-feira,1,PH SUL (PF),HB,618,466.0,12
2025-03-04,terça-feira,1,PH SUL (PF),HB,623,200.0,1
2025-03-04,terça-feira,1,PH SUL (PF),IFCO,6416,332.0,4
2025-03-04,terça-feira,1,PH SUL (PF),IFCO,6424,2060.0,4
2025-03-04,terça-feira,1,PH UBAJARA,HB,618,104.0,2
2025-03-04,terça-feira,1,PH UBAJARA,IFCO,6416,506.0,48
2025-03-04,terça-feira,1,PH UBAJARA,IFCO,6424,666.0,47
2025-03-04,terça-feira,1,TREB. MINAS,HB,618,379.0,27
2025-03-04,terça-feira,1,TREB. MINAS,HB,623,71.0,9
2025-03-04,terça-feira,1,TREB. MINAS,HB,NAO_INFORMADO,621.0,45
2025-03-04,terça-feira,1,TREB. MINAS,IFCO,6416,40.0,1
2025-03-05,quarta-feira,2,PH CORUMBA (PF),IFCO,6424,728.0,3
2025-03-05,quarta-feira,2,PH SUL (PF),HB,618,327.0,7
2025-03-05,quarta-feira,2,PH SUL (PF),HB,623,2450.0,5
2025-03-05,quarta-feira,2,PH SUL (PF),IFCO,6416,473.0,4
2025-03-05,quarta-feira,2,PH SUL (PF),IFCO,6424,1760.0,2
2025-03-05,quarta-feira,2,TREB. MINAS,HB,618,417.0,27
2025-03-05,quarta-feira,2,TREB. MINAS,HB,623,1.0,1
2025-03-05,quarta-feira,2,TREB. MINAS,HB,NAO_INFORMADO,22.0,13
2025-03-05,quarta-feira,2,TREB. MINAS,IFCO,6416,828.4,24
2025-03-05,quarta-feira,2,TREB. MINAS,IFCO,6424,244.0,16
2025-03-06,quinta-feira,3,PH CORUMBA (PF),IFCO,6424,360.0,3
2025-03-06,quinta-feira,3,PH SUL (PF),HB,618,247.0,8
2025-03-06,quinta-feira,3,PH SUL (PF),HB,623,775.0,2
2025-03-06,quinta-feira,3,PH SUL (PF),IFCO,6424,2877.0,4
2025-03-06,quinta-feira,3,PH UBAJARA,IFCO,6416,732.0,21
2025-03-06,quinta-feira,3,PH UBAJARA,IFCO,6424,200.0,7
2025-03-06,quinta-feira,3,TREB. MINAS,HB,618,715.0,20
2025-03-06,quinta-feira,3,TREB. MINAS,HB,623,157.0,7
2025-03-06,quinta-feira,3,TREB. MINAS,HB,NAO_INFORMADO,1101.0,37
2025-03-06,quinta-feira,3,TREBESCHI DF,HB,618,2.83333333333333,1
2025-03-06,quinta-feira,3,TREBESCHI DF,IFCO,6416,5.33333333333332,4
2025-03-07,sexta-feira,4,PH CASCAVEL,HB,618,228.0,1
2025-03-07,sexta-feira,4,PH CASCAVEL,HB,623,320.0,1
2025-03-07,sexta-feira,4,PH CASCAVEL,IFCO,6424,700.0,1
2025-03-07,sexta-feira,4,PH SUL (PF),HB,618,454.0,12
2025-03-07,sexta-feira,4,PH SUL (PF),HB,623,120.0,1
2025-03-07,sexta-feira,4,PH SUL (PF),HB,NAO_INFORMADO,70.0,1
2025-03-07,sexta-feira,4,PH SUL (PF),IFCO,6416,731.0,4
2025-03-07,sexta-feira,4,PH SUL (PF),IFCO,6424,2400.0,3
2025-03-07,sexta-feira,4,PH UBAJARA,IFCO,6416,92.0,32
2025-03-07,sexta-feira,4,PH UBAJARA,IFCO,6424,28.0,10
2025-03-07,sexta-feira,4,TREB. MINAS,HB,618,561.0,23
2025-03-07,sexta-feira,4,TREB. MINAS,HB,623,2.0,2
2025-03-07,sexta-feira,4,TREB. MINAS,HB,NAO_INFORMADO,8.0,2
2025-03-07,sexta-feira,4,TREB. MINAS,IFCO,6416,80.0,2
2025-03-07,sexta-feira,4,TREB. MINAS,IFCO,6424,400.0,3
2025-03-08,sábado,5,PH CASCAVEL,IFCO,6424,1620.0,4
2025-03-08,sábado,5,PH SUL (PF),HB,618,543.0,6
2025-03-08,sábado,5,PH SUL (PF),HB,623,2640.0,3
2025-03-08,sábado,5,PH SUL (PF),HB,NAO_INFORMADO,80.0,1
2025-03-08,sábado,5,PH SUL (PF),IFCO,6416,470.0,4
2025-03-08,sábado,5,PH SUL (PF),IFCO,6424,866.0,5
2025-03-08,sábado,5,PH UBAJARA,HB,618,120.0,21
2025-03-08,sábado,5,PH UBAJARA,HB,623,3.0,3
2025-03-08,sábado,5,PH UBAJARA,HB,NAO_INFORMADO,11.0,5
2025-03-08,sábado,5,PH UBAJARA,IFCO,6416,501.9,75
2025-03-08,sábado,5,PH UBAJARA,IFCO,6424,233.22083333333333,31
2025-03-08,sábado,5,TREB. MINAS,HB,618,1316.0,42
2025-03-08,sábado,5,TREB. MINAS,HB,623,96.0,7
2025-03-08,sábado,5,TREB. MINAS,HB,NAO_INFORMADO,1410.0,37
2025-03-08,sábado,5,TREB. MINAS,IFCO,6416,293.0,62
2025-03-08,sábado,5,TREB. MINAS,IFCO,6424,126.0,12
2025-03-09,domingo,6,PH UBAJARA,IFCO,6416,983.0,28
2025-03-09,domingo,6,PH UBAJARA,IFCO,6424,863.0,25
2025-03-10,segunda-feira,0,PH CASCAVEL,HB,618,240.0,1
2025-03-10,segunda-feira,0,PH CASCAVEL,HB,623,400.0,1
2025-03-10,segunda-feira,0,PH CORUMBA (PF),IFCO,6424,318.0,1
2025-03-10,segunda-feira,0,PH SUL (PF),HB,618,266.0,8
2025-03-10,segunda-feira,0,PH SUL (PF),HB,623,744.0,3
2025-03-10,segunda-feira,0,PH SUL (PF),IFCO,6416,550.0,4
2025-03-10,segunda-feira,0,PH SUL (PF),IFCO,6424,640.0,1
2025-03-10,segunda-feira,0,PH UBAJARA,HB,618,531.0,27
2025-03-10,segunda-feira,0,PH UBAJARA,HB,623,4.0,1
2025-03-10,segunda-feira,0,PH UBAJARA,IFCO,6416,4.0,2
2025-03-10,segunda-feira,0,PH UBAJARA,IFCO,6424,2.0,2
2025-03-10,segunda-feira,0,TREB. MINAS,HB,618,422.0,10
2025-03-10,segunda-feira,0,TREB. MINAS,HB,623,1.0,1
2025-03-10,segunda-feira,0,TREB. MINAS,HB,NAO_INFORMADO,6.0,1
2025-03-11,terça-feira,1,PH CASCAVEL,IFCO,6424,636.0,1
2025-03-11,terça-feira,1,PH SUL (PF),HB,618,316.0,10
2025-03-11,terça-feira,1,PH SUL (PF),HB,623,1890.0,6
2025-03-11,terça-feira,1,PH SUL (PF),IFCO,6416,386.0,3
2025-03-11,terça-feira,1,PH SUL (PF),IFCO,6424,975.0,2
2025-03-11,terça-feira,1,PH UBAJARA,HB,618,2.0,1
2025-03-11,terça-feira,1,PH UBAJARA,HB,623,84.0,1
2025-03-11,terça-feira,1,PH UBAJARA,IFCO,6416,526.8125,103
2025-03-11,terça-feira,1,PH UBAJARA,IFCO,6424,300.0,26
2025-03-11,terça-feira,1,TREB. MINAS,HB,618,378.0,15
2025-03-11,terça-feira,1,TREB. MINAS,HB,623,81.0,8
2025-03-11,terça-feira,1,TREB. MINAS,HB,NAO_INFORMADO,207.0,27
2025-03-11,terça-feira,1,TREB. MINAS,IFCO,6416,192.0,129
2025-03-11,terça-feira,1,TREB. MINAS,IFCO,6424,80.0,2
2025-03-12,quarta-feira,2,PH CASCAVEL,HB,618,255.0,1
2025-03-12,quarta-feira,2,PH CASCAVEL,HB,623,320.0,1
2025-03-12,quarta-feira,2,PH SUL (PF),HB,618,200.0,7
2025-03-12,quarta-feira,2,PH SUL (PF),HB,623,120.0,1
2025-03-12,quarta-feira,2,PH SUL (PF),IFCO,6424,1112.0,2
2025-03-12,quarta-feira,2,PH UBAJARA,IFCO,6416,513.0,18
2025-03-12,quarta-feira,2,PH UBAJARA,IFCO,6424,75.0,5
2025-03-12,quarta-feira,2,TREB. MINAS,HB,618,767.0,34
2025-03-12,quarta-feira,2,TREB. MINAS,HB,623,162.0,3
2025-03-12,quarta-feira,2,TREB. MINAS,HB,NAO_INFORMADO,173.0,15
2025-03-12,quarta-feira,2,TREB. MINAS,IFCO,6416,255.0,23
2025-03-12,quarta-feira,2,TREB. MINAS,IFCO,6424,653.0,21
2025-03-13,quinta-feira,3,PH CASCAVEL,HB,618,400.0,1
2025-03-13,quinta-feira,3,PH CASCAVEL,HB,623,400.0,2
2025-03-13,quinta-feira,3,PH CASCAVEL,IFCO,6424,640.0,2
2025-03-13,quinta-feira,3,PH CORUMBA (PF),IFCO,6424,158.0,2
2025-03-13,quinta-feira,3,PH SUL (PF),HB,618,356.0,9
2025-03-13,quinta-feira,3,PH SUL (PF),HB,623,810.0,2
2025-03-13,quinta-feira,3,PH UBAJARA,HB,618,100.0,1
2025-03-13,quinta-feira,3,PH UBAJARA,IFCO,6416,294.0,24
2025-03-13,quinta-feira,3,PH UBAJARA,IFCO,6424,134.0,11
2025-03-13,quinta-feira,3,TREB. MINAS,HB,618,487.0,20
2025-03-13,quinta-feira,3,TREB. MINAS,HB,623,243.0,12
2025-03-13,quinta-feira,3,TREB. MINAS,HB,NAO_INFORMADO,1298.0,34
2025-03-13,quinta-feira,3,TREB. MINAS,IFCO,6424,280.0,1
2025-03-14,sexta-feira,4,PH CASCAVEL,HB,623,1260.0,2
2025-03-14,sexta-feira,4,PH SUL (PF),HB,618,145.0,9
2025-03-14,sexta-feira,4,PH SUL (PF),IFCO,6416,653.0,5
2025-03-14,sexta-feira,4,PH SUL (PF),IFCO,6424,2064.0,3
2025-03-14,sexta-feira,4,PH UBAJARA,HB,618,159.0,14
2025-03-14,sexta-feira,4,PH UBAJARA,HB,623,80.0,1
2025-03-14,sexta-feira,4,TREB. MINAS,HB,618,582.0,24
2025-03-14,sexta-feira,4,TREB. MINAS,HB,623,222.0,3
2025-03-14,sexta-feira,4,TREB. MINAS,HB,NAO_INFORMADO,4.0,2
2025-03-15,sábado,5,PH CASCAVEL,HB,623,690.0,2
2025-03-15,sábado,5,PH CASCAVEL,IFCO,6424,640.0,2
2025-03-15,sábado,5,PH SUL (PF),HB,618,395.0,15
2025-03-15,sábado,5,PH SUL (PF),HB,623,810.0,2
2025-03-15,sábado,5,PH SUL (PF),HB,NAO_INFORMADO,40.0,1
2025-03-15,sábado,5,PH SUL (PF),IFCO,6416,511.0,3
2025-03-15,sábado,5,PH UBAJARA,HB,618,207.0,31
2025-03-15,sábado,5,PH UBAJARA,HB,623,4.0,4
2025-03-15,sábado,5,PH UBAJARA,HB,NAO_INFORMADO,19.0,8
2025-03-15,sábado,5,PH UBAJARA,IFCO,6416,658.8333333333334,102
2025-03-15,sábado,5,PH UBAJARA,IFCO,6424,1069.1875,68
2025-03-15,sábado,5,TREB. MINAS,HB,618,917.0,27
2025-03-15,sábado,5,TREB. MINAS,HB,623,525.0,13
2025-03-15,sábado,5,TREB. MINAS,HB,NAO_INFORMADO,1041.0,30
2025-03-15,sábado,5,TREB. MINAS,IFCO,6416,241.1,36
2025-03-15,sábado,5,TREB. MINAS,IFCO,6424,125.0,9
2025-03-16,domingo,6,PH UBAJARA,HB,623,104.0,2
2025-03-17,segunda-feira,0,PH CASCAVEL,HB,618,1.0,1
2025-03-17,segunda-feira,0,PH CASCAVEL,HB,623,1.0,1
2025-03-17,segunda-feira,0,PH CASCAVEL,IFCO,6424,1520.0,2
2025-03-17,segunda-feira,0,PH CORUMBA (PF),HB,618,400.0,1
2025-03-17,segunda-feira,0,PH CORUMBA (PF),HB,623,311.0,1
2025-03-17,segunda-feira,0,PH CORUMBA (PF),IFCO,6424,49.0,1
2025-03-17,segunda-feira,0,PH SUL (PF),HB,618,85.0,4
2025-03-17,segunda-feira,0,PH SUL (PF),IFCO,6416,537.0,4
2025-03-17,segunda-feira,0,PH UBAJARA,HB,618,324.0,25
2025-03-17,segunda-feira,0,PH UBAJARA,HB,623,11.0,1
2025-03-17,segunda-feira,0,PH UBAJARA,IFCO,6416,2.0,1
2025-03-17,segunda-feira,0,PH UBAJARA,IFCO,6424,3.0,3
2025-03-17,segunda-feira,0,TREB. MINAS,HB,618,760.0,25
2025-03-17,segunda-feira,0,TREB. MINAS,HB,623,522.0,3
2025-03-17,segunda-feira,0,TREB. MINAS,HB,NAO_INFORMADO,5.0,1
2025-03-18,terça-feira,1,PH CASCAVEL,HB,623,1261.0,2
2025-03-18,terça-feira,1,PH CORUMBA (PF),HB,618,400.0,1
2025-03-18,terça-feira,1,PH SUL (PF),HB,618,470.0,11
2025-03-18,terça-feira,1,PH SUL (PF),HB,623,120.0,1
2025-03-18,terça-feira,1,PH SUL (PF),IFCO,6416,566.0,4
2025-03-18,terça-feira,1,PH SUL (PF),IFCO,6424,640.0,2
2025-03-18,terça-feira,1,PH UBAJARA,HB,618,2.0,1
2025-03-18,terça-feira,1,PH UBAJARA,IFCO,6416,1024.0,42
2025-03-18,terça-feira,1,PH UBAJARA,IFCO,6424,722.0,27
2025-03-18,terça-feira,1,TREB. MINAS,HB,618,436.0,18
2025-03-18,terça-feira,1,TREB. MINAS,HB,623,64.0,6
2025-03-18,terça-feira,1,TREB. MINAS,HB,NAO_INFORMADO,187.0,27
2025-03-18,terça-feira,1,TREB. MINAS,IFCO,6416,157.0,104
2025-03-18,terça-feira,1,TREB. MINAS,IFCO,6424,80.0,2
2025-03-18,terça-feira,1,TREBESCHI DF,IFCO,6424,27.0,3
2025-03-19,quarta-feira,2,PH CASCAVEL,IFCO,6424,1118.0,2
2025-03-19,quarta-feira,2,PH CORUMBA (PF),HB,623,690.0,1
2025-03-19,quarta-feira,2,PH SUL (PF),HB,618,277.0,6
2025-03-19,quarta-feira,2,PH SUL (PF),HB,623,120.0,1
2025-03-19,quarta-feira,2,PH SUL (PF),IFCO,6416,473.0,4
2025-03-19,quarta-feira,2,PH SUL (PF),IFCO,6424,255.0,1
2025-03-19,quarta-feira,2,PH UBAJARA,HB,NAO_INFORMADO,6.0,1
2025-03-19,quarta-feira,2,PH UBAJARA,IFCO,6416,34.0,13
2025-03-19,quarta-feira,2,PH UBAJARA,IFCO,6424,85.0,19
2025-03-19,quarta-feira,2,TREB. MINAS,HB,618,354.0,12
2025-03-19,quarta-feira,2,TREB. MINAS,HB,623,2.0,1
2025-03-19,quarta-feira,2,TREB. MINAS,HB,NAO_INFORMADO,25.0,8
2025-03-19,quarta-feira,2,TREB. MINAS,IFCO,6416,375.0,31
2025-03-19,quarta-feira,2,TREB. MINAS,IFCO,6424,1072.0,23
2025-03-20,quinta-feira,3,PH CASCAVEL,HB,618,320.0,1
2025-03-20,quinta-feira,3,PH CASCAVEL,HB,623,320.0,1
2025-03-20,quinta-feira,3,PH CORUMBA (PF),IFCO,6424,1280.0,2
2025-03-20,quinta-feira,3,PH UBAJARA,HB,618,78.0,6
2025-03-20,quinta-feira,3,PH UBAJARA,IFCO,6416,281.0,7
2025-03-20,quinta-feira,3,PH UBAJARA,IFCO,6424,24.0,1
2025-03-20,quinta-feira,3,TREB. MINAS,HB,618,1319.0,55
2025-03-20,quinta-feira,3,TREB. MINAS,HB,623,301.0,10
2025-03-20,quinta-feira,3,TREB. MINAS,HB,NAO_INFORMADO,1337.0,29
2025-03-20,quinta-feira,3,TREB. MINAS,IFCO,6416,176.0,4
2025-03-20,quinta-feira,3,TREB. MINAS,IFCO,6424,185.0,6
2025-03-20,quinta-feira,3,TREBESCHI DF,IFCO,6424,3.0,2
2025-03-21,sexta-feira,4,PH CORUMBA (PF),HB,623,1260.0,2
2025-03-21,sexta-feira,4,PH SUL (PF),HB,618,159.0,7
2025-03-21,sexta-feira,4,PH SUL (PF),IFCO,6416,490.0,5
2025-03-21,sexta-feira,4,PH UBAJARA,IFCO,6416,33.5,10
2025-03-21,sexta-feira,4,PH UBAJARA,IFCO,6424,39.302350427350426,9
2025-03-21,sexta-feira,4,TREB. MINAS,HB,618,300.0,28
2025-03-21,sexta-feira,4,TREB. MINAS,HB,623,2.0,2
2025-03-21,sexta-feira,4,TREB. MINAS,HB,NAO_INFORMADO,4.0,2
2025-03-21,sexta-feira,4,TREB. MINAS,IFCO,6416,240.0,2
2025-03-22,sábado,5,PH CASCAVEL,HB,618,320.0,1
2025-03-22,sábado,5,PH CASCAVEL,HB,623,1055.0,3
2025-03-22,sábado,5,PH CASCAVEL,IFCO,6424,840.0,2
2025-03-22,sábado,5,PH CORUMBA (PF),HB,623,690.0,2
2025-03-22,sábado,5,PH SUL (PF),IFCO,6416,389.0,4
2025-03-22,sábado,5,PH SUL (PF),IFCO,6424,640.0,1
2025-03-22,sábado,5,PH UBAJARA,HB,618,148.0,24
2025-03-22,sábado,5,PH UBAJARA,HB,623,3.0,2
2025-03-22,sábado,5,PH UBAJARA,HB,NAO_INFORMADO,11.0,6
2025-03-22,sábado,5,PH UBAJARA,IFCO,6416,706.9666666666666,144
2025-03-22,sábado,5,PH UBAJARA,IFCO,6424,1075.21875,60
2025-03-22,sábado,5,TREB. MINAS,HB,618,802.0,40
2025-03-22,sábado,5,TREB. MINAS,HB,623,152.0,11
2025-03-22,sábado,5,TREB. MINAS,HB,NAO_INFORMADO,682.555555555556,21
2025-03-22,sábado,5,TREB. MINAS,IFCO,6416,256.0,17
2025-03-22,sábado,5,TREB. MINAS,IFCO,6424,279.0,7
2025-03-24,segunda-feira,0,PH CORUMBA (PF),HB,623,624.0,1
2025-03-24,segunda-feira,0,PH SUL (PF),IFCO,6416,287.0,5
2025-03-24,segunda-feira,0,PH UBAJARA,HB,618,353.0,22
2025-03-24,segunda-feira,0,PH UBAJARA,HB,623,20.0,2
2025-03-24,segunda-feira,0,PH UBAJARA,IFCO,6416,62.0,12
2025-03-24,segunda-feira,0,PH UBAJARA,IFCO,6424,76.0,5
2025-03-24,segunda-feira,0,TREB. MINAS,HB,618,911.0,30
2025-03-24,segunda-feira,0,TREB. MINAS,HB,623,2.0,1
2025-03-24,segunda-feira,0,TREB. MINAS,IFCO,6416,148.0,2
2025-03-24,segunda-feira,0,TREB. MINAS,IFCO,6424,120.0,1
2025-03-25,terça-feira,1,PH CASCAVEL,HB,618,320.0,1
2025-03-25,terça-feira,1,PH CASCAVEL,HB,623,320.0,1
2025-03-25,terça-feira,1,PH CASCAVEL,IFCO,6424,1220.0,4
2025-03-25,terça-feira,1,PH SUL (PF),HB,618,104.0,4
2025-03-25,terça-feira,1,PH SUL (PF),IFCO,6416,456.0,4
2025-03-25,terça-feira,1,PH SUL (PF),IFCO,6424,640.0,1
2025-03-25,terça-feira,1,PH UBAJARA,HB,618,2.0,1
2025-03-25,terça-feira,1,PH UBAJARA,IFCO,6416,99.0,21
2025-03-25,terça-feira,1,PH UBAJARA,IFCO,6424,32.0,7
2025-03-25,terça-feira,1,TREB. MINAS,HB,618,690.0,23
2025-03-25,terça-feira,1,TREB. MINAS,HB,623,846.0,10
2025-03-25,terça-feira,1,TREB. MINAS,HB,NAO_INFORMADO,180.0,26
2025-03-25,terça-feira,1,TREB. MINAS,IFCO,6416,333.0,142
2025-03-25,terça-feira,1,TREB. MINAS,IFCO,6424,720.0,3
2025-03-26,quarta-feira,2,PH CASCAVEL,HB,618,480.0,1
2025-03-26,quarta-feira,2,PH CASCAVEL,HB,623,560.0,1
2025-03-26,quarta-feira,2,PH CASCAVEL,IFCO,6424,1756.0,3
2025-03-26,quarta-feira,2,PH SUL (PF),IFCO,6416,428.0,4
2025-03-26,quarta-feira,2,PH UBAJARA,HB,618,90.0,12
2025-03-26,quarta-feira,2,PH UBAJARA,HB,623,3.0,1
2025-03-26,quarta-feira,2,PH UBAJARA,IFCO,6416,341.0,16
2025-03-26,quarta-feira,2,PH UBAJARA,IFCO,6424,117.0,6
2025-03-26,quarta-feira,2,TREB. MINAS,HB,618,1028.0,18
2025-03-26,quarta-feira,2,TREB. MINAS,HB,623,935.0,4
2025-03-26,quarta-feira,2,TREB. MINAS,HB,NAO_INFORMADO,319.0,16
2025-03-26,quarta-feira,2,TREB. MINAS,IFCO,6416,895.0,36
2025-03-26,quarta-feira,2,TREB. MINAS,IFCO,6424,365.0,20
2025-03-27,quinta-feira,3,PH UBAJARA,HB,623,40.0,1
2025-03-27,quinta-feira,3,TREB. MINAS,HB,618,1374.0,49
2025-03-27,quinta-feira,3,TREB. MINAS,HB,623,234.0,13
2025-03-27,quinta-feira,3,TREB. MINAS,HB,NAO_INFORMADO,862.0,28
2025-03-27,quinta-feira,3,TREB. MINAS,IFCO,6416,180.0,5
2025-03-27,quinta-feira,3,TREB. MINAS,IFCO,6424,747.0,9
2025-03-28,sexta-feira,4,PH CASCAVEL,HB,623,45.0,1
2025-03-28,sexta-feira,4,PH CASCAVEL,IFCO,6424,600.0,1
2025-03-28,sexta-feira,4,PH SUL (PF),IFCO,6416,479.0,4
2025-03-28,sexta-feira,4,TREB. MINAS,HB,618,654.0,29
2025-03-28,sexta-feira,4,TREB. MINAS,HB,623,696.0,4
2025-03-28,sexta-feira,4,TREB. MINAS,HB,NAO_INFORMADO,5.0,2
2025-03-28,sexta-feira,4,TREB. MINAS,IFCO,6416,300.0,1
2025-03-28,sexta-feira,4,TREB. MINAS,IFCO,6424,636.0,1
2025-03-29,sábado,5,PH SUL (PF),IFCO,6416,516.0,3
2025-03-29,sábado,5,PH SUL (PF),IFCO,6424,1118.0,1
2025-03-29,sábado,5,PH UBAJARA,HB,618,171.0,19
2025-03-29,sábado,5,PH UBAJARA,HB,623,103.0,3
2025-03-29,sábado,5,PH UBAJARA,HB,NAO_INFORMADO,51.0,7
2025-03-29,sábado,5,PH UBAJARA,IFCO,6416,1047.0,84
2025-03-29,sábado,5,PH UBAJARA,IFCO,6424,654.0,46
2025-03-29,sábado,5,TREB. MINAS,HB,618,520.0,29
2025-03-29,sábado,5,TREB. MINAS,HB,623,1612.0,16
2025-03-29,sábado,5,TREB. MINAS,HB,NAO_INFORMADO,1165.0,44
2025-03-29,sábado,5,TREB. MINAS,IFCO,6416,173.0,13
2025-03-29,sábado,5,TREB. MINAS,IFCO,6424,22.0,3
2025-03-30,domingo,6,TREB. MINAS,HB,623,490.0,1
2025-03-31,segunda-feira,0,PH CASCAVEL,HB,618,240.0,1
2025-03-31,segunda-feira,0,PH CASCAVEL,HB,623,400.0,1
2025-03-31,segunda-feira,0,PH UBAJARA,HB,618,202.0,13
2025-03-31,segunda-feira,0,PH UBAJARA,HB,623,6.0,1
2025-03-31,segunda-feira,0,TREB. MINAS,HB,618,800.0,25
2025-03-31,segunda-feira,0,TREB. MINAS,HB,623,896.0,3
2025-03-31,segunda-feira,0,TREB. MINAS,HB,NAO_INFORMADO,67.0,2
2025-03-31,segunda-feira,0,TREB. MINAS,IFCO,6416,436.0,6
2025-03-31,segunda-feira,0,TREB. MINAS,IFCO,6424,236.0,1
2025-04-01,terça-feira,1,PH UBAJARA,HB,618,201.0,2
2025-04-01,terça-feira,1,PH UBAJARA,HB,623,42.0,1
2025-04-01,terça-feira,1,PH UBAJARA,IFCO,6416,1070.0,66
2025-04-01,terça-feira,1,PH UBAJARA,IFCO,6424,410.0,19
2025-04-01,terça-feira,1,TREB. MINAS,HB,618,524.0,23
2025-04-01,terça-feira,1,TREB. MINAS,HB,623,1646.0,11
2025-04-01,terça-feira,1,TREB. MINAS,HB,NAO_INFORMADO,95.0,10
2025-04-01,terça-feira,1,TREB. MINAS,IFCO,6416,500.0,108
2025-04-01,terça-feira,1,TREB. MINAS,IFCO,6424,40.0,1
2025-04-02,quarta-feira,2,PH CASCAVEL,HB,623,45.0,1
2025-04-02,quarta-feira,2,PH CASCAVEL,IFCO,6424,676.0,3
2025-04-02,quarta-feira,2,PH CORUMBA (PF),IFCO,6424,317.0,2
2025-04-02,quarta-feira,2,PH SUL (PF),HB,623,1253.0,1
2025-04-02,quarta-feira,2,PH UBAJARA,IFCO,6416,342.16666666666663,46
2025-04-02,quarta-feira,2,PH UBAJARA,IFCO,6424,50.1875,12
2025-04-02,quarta-feira,2,TREB. MINAS,HB,618,657.0,17
2025-04-02,quarta-feira,2,TREB. MINAS,HB,623,1121.0,2
2025-04-02,quarta-feira,2,TREB. MINAS,HB,NAO_INFORMADO,267.0,10
2025-04-02,quarta-feira,2,TREB. MINAS,IFCO,6416,782.0,24
2025-04-02,quarta-feira,2,TREB. MINAS,IFCO,6424,356.0,17
2025-04-03,quinta-feira,3,PH SUL (PF),HB,623,640.0,1
2025-04-03,quinta-feira,3,PH UBAJARA,HB,NAO_INFORMADO,0.5,1
2025-04-03,quinta-feira,3,PH UBAJARA,IFCO,6416,32.33333333333333,5
2025-04-03,quinta-feira,3,PH UBAJARA,IFCO,6424,125.0,9
2025-04-03,quinta-feira,3,TREB. MINAS,HB,618,1069.0,43
2025-04-03,quinta-feira,3,TREB. MINAS,HB,623,342.0,9
2025-04-03,quinta-feira,3,TREB. MINAS,HB,NAO_INFORMADO,646.0,24
2025-04-03,quinta-feira,3,TREB. MINAS,IFCO,6424,300.0,1
2025-04-04,sexta-feira,4,PH CASCAVEL,HB,623,690.0,1
2025-04-04,sexta-feira,4,PH CASCAVEL,IFCO,6424,640.0,2
2025-04-04,sexta-feira,4,PH CORUMBA (PF),IFCO,6424,640.0,2
2025-04-04,sexta-feira,4,TREB. MINAS,HB,618,670.0,32
2025-04-04,sexta-feira,4,TREB. MINAS,HB,623,1192.0,6
2025-04-04,sexta-feira,4,TREB. MINAS,HB,NAO_INFORMADO,199.0,12
2025-04-04,sexta-feira,4,TREB. MINAS,IFCO,6416,703.0,5
2025-04-05,sábado,5,PH CASCAVEL,HB,618,320.0,1
2025-04-05,sábado,5,PH CASCAVEL,HB,623,361.0,3
2025-04-05,sábado,5,PH CASCAVEL,IFCO,6424,2276.0,6
2025-04-05,sábado,5,PH SUL (PF),HB,618,159.0,7
2025-04-05,sábado,5,PH UBAJARA,HB,618,119.0,20
2025-04-05,sábado,5,PH UBAJARA,HB,623,5.0,5
2025-04-05,sábado,5,PH UBAJARA,HB,NAO_INFORMADO,14.0,9
2025-04-05,sábado,5,PH UBAJARA,IFCO,6416,854.95,99
2025-04-05,sábado,5,PH UBAJARA,IFCO,6424,736.0,62
2025-04-05,sábado,5,TREB. MINAS,HB,618,1312.0,46
2025-04-05,sábado,5,TREB. MINAS,HB,623,1594.0,15
2025-04-05,sábado,5,TREB. MINAS,HB,NAO_INFORMADO,461.0,39
2025-04-05,sábado,5,TREB. MINAS,IFCO,6416,491.0,5
2025-04-05,sábado,5,TREB. MINAS,IFCO,6424,860.0,1
2025-04-07,segunda-feira,0,PH CORUMBA (PF),IFCO,6424,640.0,1
2025-04-07,segunda-feira,0,PH UBAJARA,HB,618,247.0,13
2025-04-07,segunda-feira,0,PH UBAJARA,HB,623,6.0,1
2025-04-07,segunda-feira,0,TREB. MINAS,HB,618,728.0,32
2025-04-07,segunda-feira,0,TREB. MINAS,HB,623,3.0,1
2025-04-07,segunda-feira,0,TREB. MINAS,HB,NAO_INFORMADO,7.0,1
2025-04-07,segunda-feira,0,TREB. MINAS,IFCO,6416,520.0,8
2025-04-07,segunda-feira,0,TREB. MINAS,IFCO,6424,931.0,4
2025-04-08,terça-feira,1,PH CASCAVEL,HB,618,320.0,1
2025-04-08,terça-feira,1,PH CASCAVEL,IFCO,6424,636.0,2
2025-04-08,terça-feira,1,PH UBAJARA,IFCO,6416,387.0,14
2025-04-08,terça-feira,1,PH UBAJARA,IFCO,6424,207.0,11
2025-04-08,terça-feira,1,TREB. MINAS,HB,618,781.0,27
2025-04-08,terça-feira,1,TREB. MINAS,HB,623,1501.0,12
2025-04-08,terça-feira,1,TREB. MINAS,HB,NAO_INFORMADO,461.0,48
2025-04-08,terça-feira,1,TREB. MINAS,IFCO,6416,687.0,102
2025-04-08,terça-feira,1,TREB. MINAS,IFCO,6424,200.0,1
2025-04-09,quarta-feira,2,PH CASCAVEL,HB,618,200.0,1
2025-04-09,quarta-feira,2,PH CASCAVEL,HB,623,690.0,1
2025-04-09,quarta-feira,2,PH CORUMBA (PF),IFCO,6424,640.0,2
2025-04-09,quarta-feira,2,PH UBAJARA,IFCO,6416,114.0,12
2025-04-09,quarta-feira,2,PH UBAJARA,IFCO,6424,65.0,5
2025-04-09,quarta-feira,2,TREB. MINAS,HB,618,636.0,17
2025-04-09,quarta-feira,2,TREB. MINAS,HB,623,1.0,1
2025-04-09,quarta-feira,2,TREB. MINAS,HB,NAO_INFORMADO,27.0,10
2025-04-09,quarta-feira,2,TREB. MINAS,IFCO,6416,483.0,8
2025-04-09,quarta-feira,2,TREB. MINAS,IFCO,6424,1202.0,12
2025-04-10,quinta-feira,3,PH CORUMBA (PF),HB,623,690.0,2
2025-04-10,quinta-feira,3,PH CORUMBA (PF),IFCO,6424,640.0,2
2025-04-10,quinta-feira,3,PH UBAJARA,HB,618,43.12,25
2025-04-10,quinta-feira,3,PH UBAJARA,HB,623,1.0,1
2025-04-10,quinta-feira,3,PH UBAJARA,IFCO,6424,230.0,3
2025-04-10,quinta-feira,3,TREB. MINAS,HB,618,936.0,49
2025-04-10,quinta-feira,3,TREB. MINAS,HB,623,1070.0,16
2025-04-10,quinta-feira,3,TREB. MINAS,HB,NAO_INFORMADO,745.0,32
2025-04-10,quinta-feira,3,TREB. MINAS,IFCO,6416,645.7777777777778,27
2025-04-10,quinta-feira,3,TREB. MINAS,IFCO,6424,496.0,7
2025-04-11,sexta-feira,4,PH CASCAVEL,HB,623,690.0,2
2025-04-11,sexta-feira,4,PH UBAJARA,IFCO,6416,183.0,11
2025-04-11,sexta-feira,4,PH UBAJARA,IFCO,6424,19.0,1
2025-04-11,sexta-feira,4,TREB. MINAS,HB,618,992.0,45
2025-04-11,sexta-feira,4,TREB. MINAS,HB,623,213.0,4
2025-04-11,sexta-feira,4,TREB. MINAS,HB,NAO_INFORMADO,69.0,6
2025-04-11,sexta-feira,4,TREB. MINAS,IFCO,6416,950.0,20
2025-04-11,sexta-feira,4,TREB. MINAS,IFCO,6424,173.0,21
2025-04-12,sábado,5,PH CASCAVEL,IFCO,6424,1276.0,8
2025-04-12,sábado,5,PH CORUMBA (PF),IFCO,6424,636.0,1
2025-04-12,sábado,5,PH UBAJARA,HB,618,97.0,17
2025-04-12,sábado,5,PH UBAJARA,HB,623,2.0,1
2025-04-12,sábado,5,PH UBAJARA,IFCO,6416,765.2333333333332,74
2025-04-12,sábado,5,PH UBAJARA,IFCO,6424,606.0965909090909,36
2025-04-12,sábado,5,TREB. MINAS,HB,618,819.0,38
2025-04-12,sábado,5,TREB. MINAS,HB,623,2299.0,15
2025-04-12,sábado,5,TREB. MINAS,HB,NAO_INFORMADO,126.0,16
2025-04-12,sábado,5,TREB. MINAS,IFCO,6416,675.0,22
2025-04-12,sábado,5,TREB. MINAS,IFCO,6424,846.0,7
2025-04-14,segunda-feira,0,PH CASCAVEL,HB,623,80.0,1
2025-04-14,segunda-feira,0,PH CORUMBA (PF),IFCO,6424,640.0,1
2025-04-14,segunda-feira,0,PH UBAJARA,HB,618,202.0,15
2025-04-14,segunda-feira,0,PH UBAJARA,HB,623,39.0,2
2025-04-14,segunda-feira,0,PH UBAJARA,IFCO,6424,3.0,3
2025-04-14,segunda-feira,0,TREB. MINAS,HB,618,878.0,34
2025-04-14,segunda-feira,0,TREB. MINAS,HB,623,695.0,3
2025-04-14,segunda-feira,0,TREB. MINAS,HB,NAO_INFORMADO,128.0,24
2025-04-14,segunda-feira,0,TREB. MINAS,IFCO,6416,495.0,12
2025-04-15,terça-feira,1,PH CASCAVEL,HB,623,120.0,1
2025-04-15,terça-feira,1,PH CASCAVEL,IFCO,6424,434.0,3
2025-04-15,terça-feira,1,PH CORUMBA (PF),HB,623,690.0,1
2025-04-15,terça-feira,1,PH CORUMBA (PF),IFCO,6424,640.0,1
2025-04-15,terça-feira,1,PH UBAJARA,IFCO,6416,408.0,25
2025-04-15,terça-feira,1,PH UBAJARA,IFCO,6424,278.0,12
2025-04-15,terça-feira,1,TREB. MINAS,HB,618,885.0,27
2025-04-15,terça-feira,1,TREB. MINAS,HB,623,306.0,10
2025-04-15,terça-feira,1,TREB. MINAS,HB,NAO_INFORMADO,485.0,24
2025-04-15,terça-feira,1,TREB. MINAS,IFCO,6416,1140.0,136
2025-04-15,terça-feira,1,TREB. MINAS,IFCO,6424,933.0,14
2025-04-16,quarta-feira,2,PH CORUMBA (PF),HB,623,690.0,1
2025-04-16,quarta-feira,2,PH CORUMBA (PF),IFCO,6424,640.0,2
2025-04-16,quarta-feira,2,PH UBAJARA,HB,618,45.0,14
2025-04-16,quarta-feira,2,PH UBAJARA,HB,623,3.0,1
2025-04-16,quarta-feira,2,PH UBAJARA,IFCO,6416,386.0,13
2025-04-16,quarta-feira,2,PH UBAJARA,IFCO,6424,33.0,3
2025-04-16,quarta-feira,2,TREB. MINAS,HB,618,1197.0,24
2025-04-16,quarta-feira,2,TREB. MINAS,HB,623,491.0,4
2025-04-16,quarta-feira,2,TREB. MINAS,HB,NAO_INFORMADO,18.0,8
2025-04-16,quarta-feira,2,TREB. MINAS,IFCO,6416,94.0,5
2025-04-16,quarta-feira,2,TREB. MINAS,IFCO,6424,1802.0,6
2025-04-17,quinta-feira,3,PH CASCAVEL,HB,623,690.0,1
2025-04-17,quinta-feira,3,PH CASCAVEL,IFCO,6424,1000.0,1
2025-04-17,quinta-feira,3,PH CORUMBA (PF),IFCO,6424,640.0,1
2025-04-17,quinta-feira,3,PH UBAJARA,IFCO,6416,285.0,20
2025-04-17,quinta-feira,3,PH UBAJARA,IFCO,6424,195.0,22
2025-04-17,quinta-feira,3,TREB. MINAS,HB,618,1049.0,28
2025-04-17,quinta-feira,3,TREB. MINAS,HB,623,288.0,9
2025-04-17,quinta-feira,3,TREB. MINAS,HB,NAO_INFORMADO,640.0,32
2025-04-17,quinta-feira,3,TREB. MINAS,IFCO,6424,3040.0,3
2025-04-19,sábado,5,PH CORUMBA (PF),HB,623,690.0,2
2025-04-19,sábado,5,PH UBAJARA,HB,618,62.0,10
2025-04-19,sábado,5,PH UBAJARA,HB,623,1.0,1
2025-04-19,sábado,5,PH UBAJARA,IFCO,6416,208.0,57
2025-04-19,sábado,5,PH UBAJARA,IFCO,6424,225.0,46
2025-04-19,sábado,5,TREB. MINAS,HB,618,525.0,14
2025-04-19,sábado,5,TREB. MINAS,HB,623,1400.0,4
2025-04-19,sábado,5,TREB. MINAS,HB,NAO_INFORMADO,93.0,12
2025-04-19,sábado,5,TREB. MINAS,IFCO,6424,1120.0,1
2025-04-21,segunda-feira,0,PH CORUMBA (PF),HB,623,420.0,1
2025-04-21,segunda-feira,0,PH CORUMBA (PF),IFCO,6424,858.0,4
2025-04-21,segunda-feira,0,PH UBAJARA,HB,618,156.0,16
2025-04-21,segunda-feira,0,PH UBAJARA,HB,623,30.0,1
2025-04-21,segunda-feira,0,PH UBAJARA,HB,NAO_INFORMADO,5.0,1
2025-04-21,segunda-feira,0,TREB. MINAS,HB,618,1191.0,40
2025-04-21,segunda-feira,0,TREB. MINAS,HB,623,251.0,7
2025-04-21,segunda-feira,0,TREB. MINAS,HB,NAO_INFORMADO,194.0,10
2025-04-21,segunda-feira,0,TREB. MINAS,IFCO,6416,511.0,5
2025-04-21,segunda-feira,0,TREB. MINAS,IFCO,6424,100.0,1
2025-04-22,terça-feira,1,PH CASCAVEL,IFCO,6424,1004.0,2
2025-04-22,terça-feira,1,TREB. MINAS,HB,618,864.0,30
2025-04-22,terça-feira,1,TREB. MINAS,HB,623,978.0,10
2025-04-22,terça-feira,1,TREB. MINAS,HB,NAO_INFORMADO,693.0,40
2025-04-22,terça-feira,1,TREB. MINAS,IFCO,6416,917.0,91
2025-04-22,terça-feira,1,TREB. MINAS,IFCO,6424,404.0,7
2025-04-23,quarta-feira,2,PH CASCAVEL,HB,623,80.0,1
2025-04-23,quarta-feira,2,PH CASCAVEL,IFCO,6424,280.0,3
2025-04-23,quarta-feira,2,PH CORUMBA (PF),HB,623,540.0,1
2025-04-23,quarta-feira,2,PH CORUMBA (PF),IFCO,6424,1612.0,5
2025-04-23,quarta-feira,2,PH UBAJARA,HB,618,75.0,22
2025-04-23,quarta-feira,2,PH UBAJARA,HB,623,48.0,1
2025-04-23,quarta-feira,2,PH UBAJARA,IFCO,6416,667.0,50
2025-04-23,quarta-feira,2,PH UBAJARA,IFCO,6424,113.0,8
2025-04-23,quarta-feira,2,TREB. MINAS,HB,618,545.0,16
2025-04-23,quarta-feira,2,TREB. MINAS,HB,623,1641.0,6
2025-04-23,quarta-feira,2,TREB. MINAS,HB,NAO_INFORMADO,110.0,26
2025-04-23,quarta-feira,2,TREB. MINAS,IFCO,6416,666.0,20
2025-04-23,quarta-feira,2,TREB. MINAS,IFCO,6424,1491.0,17
2025-04-24,quinta-feira,3,PH CASCAVEL,HB,623,80.0,1
2025-04-24,quinta-feira,3,PH CORUMBA (PF),HB,623,900.0,2
2025-04-24,quinta-feira,3,PH UBAJARA,IFCO,6416,95.0,20
2025-04-24,quinta-feira,3,PH UBAJARA,IFCO,6424,36.627906976744185,8
2025-04-24,quinta-feira,3,TREB. MINAS,HB,618,1359.0,40
2025-04-24,quinta-feira,3,TREB. MINAS,HB,623,911.0,11
2025-04-24,quinta-feira,3,TREB. MINAS,HB,NAO_INFORMADO,414.0,23
2025-04-24,quinta-feira,3,TREB. MINAS,IFCO,6416,95.0,5
2025-04-24,quinta-feira,3,TREB. MINAS,IFCO,6424,668.0,5
2025-04-25,sexta-feira,4,PH CORUMBA (PF),IFCO,6424,800.0,1
2025-04-25,sexta-feira,4,PH UBAJARA,IFCO,6416,92.0,6
2025-04-25,sexta-feira,4,PH UBAJARA,IFCO,6424,286.0,9
2025-04-25,sexta-feira,4,TREB. MINAS,HB,618,881.0,30
2025-04-25,sexta-feira,4,TREB. MINAS,HB,623,183.0,2
2025-04-25,sexta-feira,4,TREB. MINAS,HB,NAO_INFORMADO,7.0,2
2025-04-25,sexta-feira,4,TREB. MINAS,IFCO,6416,585.0,3
2025-04-25,sexta-feira,4,TREB. MINAS,IFCO,6424,2240.0,3
2025-04-25,sexta-feira,4,TREBESCHI DF,HB,618,1.0,1
2025-04-26,sábado,5,PH CASCAVEL,IFCO,6424,524.0,1
2025-04-26,sábado,5,PH CORUMBA (PF),HB,623,900.0,2
2025-04-26,sábado,5,PH CORUMBA (PF),IFCO,6424,996.0,2
2025-04-26,sábado,5,PH UBAJARA,HB,618,113.0,25
2025-04-26,sábado,5,PH UBAJARA,HB,623,1.0,1
2025-04-26,sábado,5,PH UBAJARA,HB,NAO_INFORMADO,4.0,1
2025-04-26,sábado,5,PH UBAJARA,IFCO,6416,911.3333333333334,115
2025-04-26,sábado,5,PH UBAJARA,IFCO,6424,472.0,56
2025-04-26,sábado,5,TREB. MINAS,HB,618,1132.0,41
2025-04-26,sábado,5,TREB. MINAS,HB,623,1607.0,13
2025-04-26,sábado,5,TREB. MINAS,HB,NAO_INFORMADO,396.0,37
2025-04-26,sábado,5,TREB. MINAS,IFCO,6416,1156.0,36
2025-04-26,sábado,5,TREB. MINAS,IFCO,6424,899.0,11
2025-04-28,segunda-feira,0,PH CORUMBA (PF),HB,623,705.0,2
2025-04-28,segunda-feira,0,PH CORUMBA (PF),IFCO,6424,930.0,3
2025-04-28,segunda-feira,0,PH UBAJARA,HB,618,373.0,24
2025-04-28,segunda-feira,0,PH UBAJARA,HB,623,3.0,1
2025-04-28,segunda-feira,0,PH UBAJARA,IFCO,6416,0.3999999999999997,2
2025-04-28,segunda-feira,0,PH UBAJARA,IFCO,6424,0.3,1
2025-04-28,segunda-feira,0,TREB. MINAS,HB,618,817.0,30
2025-04-28,segunda-feira,0,TREB. MINAS,HB,623,2455.0,4
2025-04-28,segunda-feira,0,TREB. MINAS,HB,NAO_INFORMADO,267.0,14
2025-04-28,segunda-feira,0,TREB. MINAS,IFCO,6416,298.0,3
2025-04-29,terça-feira,1,PH CASCAVEL,IFCO,6424,560.0,1
2025-04-29,terça-feira,1,PH CORUMBA (PF),IFCO,6424,40.0,1
2025-04-29,terça-feira,1,PH UBAJARA,HB,618,50.0,1
2025-04-29,terça-feira,1,PH UBAJARA,HB,623,44.0,1
2025-04-29,terça-feira,1,PH UBAJARA,IFCO,6416,114.16666666666667,21
2025-04-29,terça-feira,1,PH UBAJARA,IFCO,6424,20.0,6
2025-04-29,terça-feira,1,TREB. MINAS,HB,618,518.0,23
2025-04-29,terça-feira,1,TREB. MINAS,HB,623,1113.0,10
2025-04-29,terça-feira,1,TREB. MINAS,HB,NAO_INFORMADO,407.0,26
2025-04-29,terça-feira,1,TREB. MINAS,IFCO,6416,195.0,135
2025-04-29,terça-feira,1,TREB. MINAS,IFCO,6424,1124.0,3
2025-04-30,quarta-feira,2,PH CORUMBA (PF),HB,623,690.0,1
2025-04-30,quarta-feira,2,PH CORUMBA (PF),IFCO,6424,640.0,1
2025-04-30,quarta-feira,2,PH UBAJARA,HB,618,58.0,17
2025-04-30,quarta-feira,2,PH UBAJARA,IFCO,6416,861.0,36
2025-04-30,quarta-feira,2,PH UBAJARA,IFCO,6424,505.0,23
2025-04-30,quarta-feira,2,TREB. MINAS,HB,618,578.0,19
2025-04-30,quarta-feira,2,TREB. MINAS,HB,623,17.0,2
2025-04-30,quarta-feira,2,TREB. MINAS,HB,NAO_INFORMADO,212.0,21
2025-04-30,quarta-feira,2,TREB. MINAS,IFCO,6416,216.0,18
2025-04-30,quarta-feira,2,TREB. MINAS,IFCO,6424,1996.0,12
2025-04-30,quarta-feira,2,TREBESCHI DF,IFCO,6424,7.0,2
2025-05-01,quinta-feira,3,PH UBAJARA,HB,618,48.0,5
2025-05-01,quinta-feira,3,PH UBAJARA,IFCO,6416,65.0,8
2025-05-01,quinta-feira,3,PH UBAJARA,IFCO,6424,133.0,14
2025-05-01,quinta-feira,3,TREB. MINAS,HB,618,810.0,48
2025-05-01,quinta-feira,3,TREB. MINAS,HB,623,1314.0,18
2025-05-01,quinta-feira,3,TREB. MINAS,HB,NAO_INFORMADO,856.0,31
2025-05-01,quinta-feira,3,TREB. MINAS,IFCO,6416,106.0,5
2025-05-01,quinta-feira,3,TREB. MINAS,IFCO,6424,1207.0,7
2025-05-01,quinta-feira,3,TREBESCHI DF,IFCO,6424,20.0,1
2025-05-02,sexta-feira,4,PH CORUMBA (PF),HB,623,690.0,1
2025-05-02,sexta-feira,4,PH UBAJARA,IFCO,6416,5.0,3
2025-05-02,sexta-feira,4,PH UBAJARA,IFCO,6424,4.0,3
2025-05-02,sexta-feira,4,TREB. MINAS,HB,618,470.0,28
2025-05-02,sexta-feira,4,TREB. MINAS,HB,623,5.0,2
2025-05-02,sexta-feira,4,TREB. MINAS,HB,NAO_INFORMADO,3.0,2
2025-05-02,sexta-feira,4,TREB. MINAS,IFCO,6416,601.0,4
2025-05-03,sábado,5,PH CASCAVEL,IFCO,6424,640.0,1
2025-05-03,sábado,5,PH CORUMBA (PF),HB,623,1165.0,3
2025-05-03,sábado,5,PH CORUMBA (PF),IFCO,6424,800.0,2
2025-05-03,sábado,5,PH UBAJARA,HB,618,121.0,23
2025-05-03,sábado,5,PH UBAJARA,HB,623,1.0,1
2025-05-03,sábado,5,PH UBAJARA,IFCO,6416,1328.0,153
2025-05-03,sábado,5,PH UBAJARA,IFCO,6424,634.0,75
2025-05-03,sábado,5,TREB GOIANIA - GALPAO CD,IFCO,6424,116.0,1
2025-05-03,sábado,5,TREB. MINAS,HB,618,812.0,38
2025-05-03,sábado,5,TREB. MINAS,HB,623,1448.0,11
2025-05-03,sábado,5,TREB. MINAS,HB,NAO_INFORMADO,352.0,34
2025-05-03,sábado,5,TREB. MINAS,IFCO,6416,701.0,17
2025-05-03,sábado,5,TREB. MINAS,IFCO,6424,327.0,8
2025-05-05,segunda-feira,0,PH CASCAVEL,IFCO,6424,640.0,1
2025-05-05,segunda-feira,0,PH CORUMBA (PF),HB,623,1260.0,2
2025-05-05,segunda-feira,0,PH CORUMBA (PF),IFCO,6424,1063.0,5
2025-05-05,segunda-feira,0,PH UBAJARA,HB,618,313.0,23
2025-05-05,segunda-feira,0,PH UBAJARA,HB,623,3.0,1
2025-05-05,segunda-feira,0,TREB GOIANIA - GALPAO CD,IFCO,6424,46.0,3
2025-05-05,segunda-feira,0,TREB. MINAS,HB,618,651.0,29
2025-05-05,segunda-feira,0,TREB. MINAS,HB,623,834.0,4
2025-05-05,segunda-feira,0,TREB. MINAS,HB,NAO_INFORMADO,3.0,1
2025-05-05,segunda-feira,0,TREB. MINAS,IFCO,6416,481.0,5
2025-05-05,segunda-feira,0,TREB. MINAS,IFCO,6424,640.0,1
2025-05-05,segunda-feira,0,TREBESCHI DF,IFCO,6424,13.0,3
2025-05-06,terça-feira,1,PH CASCAVEL,IFCO,6424,560.0,2
2025-05-06,terça-feira,1,PH CORUMBA (PF),HB,623,690.0,2
2025-05-06,terça-feira,1,PH CORUMBA (PF),IFCO,6424,1888.0,4
2025-05-06,terça-feira,1,PH UBAJARA,IFCO,6416,146.06666666666666,18
2025-05-06,terça-feira,1,PH UBAJARA,IFCO,6424,20.0,5
2025-05-06,terça-feira,1,TREB GOIANIA - GALPAO CD,IFCO,6424,2.0,1
2025-05-06,terça-feira,1,TREB. MINAS,HB,618,790.0,25
2025-05-06,terça-feira,1,TREB. MINAS,HB,623,968.0,13
2025-05-06,terça-feira,1,TREB. MINAS,HB,NAO_INFORMADO,787.0,30
2025-05-06,terça-feira,1,TREB. MINAS,IFCO,6416,897.0,138
2025-05-06,terça-feira,1,TREB. MINAS,IFCO,6424,580.0,2
2025-05-06,terça-feira,1,TREBESCHI DF,IFCO,6424,8.0,2
2025-05-07,quarta-feira,2,PH CORUMBA (PF),IFCO,6424,640.0,1
2025-05-07,quarta-feira,2,PH UBAJARA,IFCO,6416,430.0,25
2025-05-07,quarta-feira,2,PH UBAJARA,IFCO,6424,262.0,7
2025-05-07,quarta-feira,2,TREB GOIANIA - GALPAO CD,IFCO,6424,18.0,6
2025-05-07,quarta-feira,2,TREB. MINAS,HB,618,701.0,17
2025-05-07,quarta-feira,2,TREB. MINAS,HB,623,43.0,3
2025-05-07,quarta-feira,2,TREB. MINAS,HB,NAO_INFORMADO,224.0,14
2025-05-07,quarta-feira,2,TREB. MINAS,IFCO,6416,1085.0,27
2025-05-07,quarta-feira,2,TREB. MINAS,IFCO,6424,1740.0,13
2025-05-08,quinta-feira,3,PH CORUMBA (PF),HB,623,900.0,1
2025-05-08,quinta-feira,3,PH CORUMBA (PF),IFCO,6424,1760.0,2
2025-05-08,quinta-feira,3,PH UBAJARA,HB,618,97.0,12
2025-05-08,quinta-feira,3,PH UBAJARA,HB,623,1.0,1
2025-05-08,quinta-feira,3,PH UBAJARA,IFCO,6416,154.0,13
2025-05-08,quinta-feira,3,PH UBAJARA,IFCO,6424,316.0,17
2025-05-08,quinta-feira,3,TREB. MINAS,HB,618,1090.0,43
2025-05-08,quinta-feira,3,TREB. MINAS,HB,623,380.0,13
2025-05-08,quinta-feira,3,TREB. MINAS,HB,NAO_INFORMADO,619.0,30
2025-05-08,quinta-feira,3,TREB. MINAS,IFCO,6416,144.0,5
2025-05-08,quinta-feira,3,TREB. MINAS,IFCO,6424,328.0,6
2025-05-09,sexta-feira,4,PH CORUMBA (PF),HB,623,690.0,1
2025-05-09,sexta-feira,4,TREB. MINAS,HB,618,791.0,31
2025-05-09,sexta-feira,4,TREB. MINAS,HB,623,470.0,4
2025-05-09,sexta-feira,4,TREB. MINAS,HB,NAO_INFORMADO,263.0,13
2025-05-09,sexta-feira,4,TREB. MINAS,IFCO,6416,993.0,19
2025-05-09,sexta-feira,4,TREB. MINAS,IFCO,6424,614.0,4
2025-05-10,sábado,5,PH CASCAVEL,IFCO,6424,720.0,1
2025-05-10,sábado,5,PH CORUMBA (PF),HB,623,690.0,2
2025-05-10,sábado,5,PH CORUMBA (PF),IFCO,6424,890.0,2
2025-05-10,sábado,5,PH UBAJARA,HB,618,105.0,22
2025-05-10,sábado,5,PH UBAJARA,HB,623,1.0,1
2025-05-10,sábado,5,PH UBAJARA,HB,NAO_INFORMADO,3.0,1
2025-05-10,sábado,5,PH UBAJARA,IFCO,6416,991.0,116
2025-05-10,sábado,5,PH UBAJARA,IFCO,6424,537.0,75
2025-05-10,sábado,5,TREB. MINAS,HB,618,927.0,42
2025-05-10,sábado,5,TREB. MINAS,HB,623,959.0,13
2025-05-10,sábado,5,TREB. MINAS,HB,NAO_INFORMADO,181.0,21
2025-05-10,sábado,5,TREB. MINAS,IFCO,6416,650.0,29
2025-05-10,sábado,5,TREB. MINAS,IFCO,6424,207.0,8
2025-05-12,segunda-feira,0,PH CORUMBA (PF),HB,623,1260.0,1
2025-05-12,segunda-feira,0,PH CORUMBA (PF),IFCO,6424,1274.0,2
2025-05-12,segunda-feira,0,PH UBAJARA,HB,618,334.0,18
2025-05-12,segunda-feira,0,PH UBAJARA,HB,623,18.0,1
2025-05-12,segunda-feira,0,PH UBAJARA,IFCO,6416,2.884615384615381,3
2025-05-12,segunda-feira,0,PH UBAJARA,IFCO,6424,1.099999999999999,3
2025-05-12,segunda-feira,0,TREB. MINAS,HB,618,800.0,33
2025-05-12,segunda-feira,0,TREB. MINAS,HB,623,894.0,4
2025-05-12,segunda-feira,0,TREB. MINAS,HB,NAO_INFORMADO,6.0,1
2025-05-12,segunda-feira,0,TREB. MINAS,IFCO,6416,395.0,4
2025-05-13,terça-feira,1,PH CORUMBA (PF),IFCO,6424,1280.0,4
2025-05-13,terça-feira,1,PH SUL (PF),IFCO,6424,61.0,5
2025-05-13,terça-feira,1,PH UBAJARA,HB,618,2.0,1
2025-05-13,terça-feira,1,PH UBAJARA,IFCO,6416,116.0,17
2025-05-13,terça-feira,1,PH UBAJARA,IFCO,6424,17.0,5
2025-05-13,terça-feira,1,TREB. MINAS,HB,618,859.0,26
2025-05-13,terça-feira,1,TREB. MINAS,HB,623,829.0,10
2025-05-13,terça-feira,1,TREB. MINAS,HB,NAO_INFORMADO,395.0,27
2025-05-13,terça-feira,1,TREB. MINAS,IFCO,6416,747.0,125
2025-05-14,quarta-feira,2,PH CORUMBA (PF),IFCO,6424,640.0,1
2025-05-14,quarta-feira,2,PH SUL (PF),IFCO,6424,50.0,1
2025-05-14,quarta-feira,2,PH UBAJARA,IFCO,6416,652.0,45
2025-05-14,quarta-feira,2,PH UBAJARA,IFCO,6424,190.0,14
2025-05-14,quarta-feira,2,TREB. MINAS,HB,618,705.0,16
2025-05-14,quarta-feira,2,TREB. MINAS,HB,623,4.0,1
2025-05-14,quarta-feira,2,TREB. MINAS,HB,NAO_INFORMADO,30.0,15
2025-05-14,quarta-feira,2,TREB. MINAS,IFCO,6416,638.0,8
2025-05-14,quarta-feira,2,TREB. MINAS,IFCO,6424,451.0,6
2025-05-15,quinta-feira,3,PH CORUMBA (PF),HB,623,1260.0,2
2025-05-15,quinta-feira,3,PH CORUMBA (PF),IFCO,6424,248.0,2
2025-05-15,quinta-feira,3,PH SUL (PF),IFCO,6424,40.0,3
2025-05-15,quinta-feira,3,PH UBAJARA,HB,618,97.0,11
2025-05-15,quinta-feira,3,PH UBAJARA,IFCO,6416,519.4782608695652,22
2025-05-15,quinta-feira,3,PH UBAJARA,IFCO,6424,281.74418604651163,25
2025-05-15,quinta-feira,3,TREB. MINAS,HB,618,881.0,45
2025-05-15,quinta-feira,3,TREB. MINAS,HB,623,116.0,11
2025-05-15,quinta-feira,3,TREB. MINAS,HB,NAO_INFORMADO,505.0,27
2025-05-15,quinta-feira,3,TREB. MINAS,IFCO,6416,52.0,4
2025-05-15,quinta-feira,3,TREB. MINAS,IFCO,6424,37.0,5
2025-05-16,sexta-feira,4,PH CORUMBA (PF),HB,618,400.0,1
2025-05-16,sexta-feira,4,PH CORUMBA (PF),HB,623,1010.0,2
2025-05-16,sexta-feira,4,PH SUL (PF),IFCO,6424,393.0,2
2025-05-16,sexta-feira,4,PH UBAJARA,IFCO,6416,23.16666666666667,8
2025-05-16,sexta-feira,4,PH UBAJARA,IFCO,6424,4.083333333333332,7
2025-05-16,sexta-feira,4,TREB. MINAS,HB,618,489.0,29
2025-05-16,sexta-feira,4,TREB. MINAS,HB,623,4.0,1
2025-05-16,sexta-feira,4,TREB. MINAS,HB,NAO_INFORMADO,5.0,1
2025-05-17,sábado,5,PH CORUMBA (PF),HB,623,690.0,2
2025-05-17,sábado,5,PH CORUMBA (PF),IFCO,6424,430.0,2
2025-05-17,sábado,5,PH UBAJARA,HB,618,140.0,26
2025-05-17,sábado,5,PH UBAJARA,HB,623,3.0,1
2025-05-17,sábado,5,PH UBAJARA,IFCO,6416,580.1666666666667,117
2025-05-17,sábado,5,PH UBAJARA,IFCO,6424,338.0,58
2025-05-17,sábado,5,TREB. MINAS,HB,618,799.0,42
2025-05-17,sábado,5,TREB. MINAS,HB,623,814.0,10
2025-05-17,sábado,5,TREB. MINAS,HB,NAO_INFORMADO,338.0,22
2025-05-17,sábado,5,TREB. MINAS,IFCO,6416,860.0,10
2025-05-17,sábado,5,TREB. MINAS,IFCO,6424,160.0,2
2025-05-18,domingo,6,TREB. MINAS,HB,NAO_INFORMADO,50.0,1
2025-05-19,segunda-feira,0,PH CORUMBA (PF),HB,623,1260.0,1
2025-05-19,segunda-feira,0,PH SUL (PF),IFCO,6424,38.0,3
2025-05-19,segunda-feira,0,PH UBAJARA,HB,618,410.0,32
2025-05-19,segunda-feira,0,PH UBAJARA,HB,623,1.0,1
2025-05-19,segunda-feira,0,PH UBAJARA,IFCO,6416,0.0666666666666667,1
2025-05-19,segunda-feira,0,PH UBAJARA,IFCO,6424,16.0,1
2025-05-19,segunda-feira,0,TREB. MINAS,HB,618,666.0,29
2025-05-19,segunda-feira,0,TREB. MINAS,HB,623,244.0,4
2025-05-19,segunda-feira,0,TREB. MINAS,HB,NAO_INFORMADO,12.0,2
2025-05-19,segunda-feira,0,TREB. MINAS,IFCO,6416,437.0,4
2025-05-19,segunda-feira,0,TREB. MINAS,IFCO,6424,90.0,8
2025-05-20,terça-feira,1,PH CORUMBA (PF),HB,623,690.0,2
2025-05-20,terça-feira,1,PH CORUMBA (PF),IFCO,6424,220.0,1
2025-05-20,terça-feira,1,PH UBAJARA,HB,618,2.0,1
2025-05-20,terça-feira,1,PH UBAJARA,IFCO,6416,213.0,58
2025-05-20,terça-feira,1,PH UBAJARA,IFCO,6424,17.0,4
2025-05-20,terça-feira,1,TREB. MINAS,HB,618,866.0,29
2025-05-20,terça-feira,1,TREB. MINAS,HB,623,281.0,14
2025-05-20,terça-feira,1,TREB. MINAS,HB,NAO_INFORMADO,386.0,47
2025-05-20,terça-feira,1,TREB. MINAS,IFCO,6416,944.0,140
2025-05-20,terça-feira,1,TREB. MINAS,IFCO,6424,45.0,7
2025-05-21,quarta-feira,2,PH CORUMBA (PF),HB,623,1586.0,2
2025-05-21,quarta-feira,2,PH CORUMBA (PF),IFCO,6424,640.0,2
2025-05-21,quarta-feira,2,PH UBAJARA,IFCO,6416,379.0,19
2025-05-21,quarta-feira,2,PH UBAJARA,IFCO,6424,116.0,6
2025-05-21,quarta-feira,2,TREB. MINAS,HB,618,765.0,18
2025-05-21,quarta-feira,2,TREB. MINAS,HB,623,4.0,1
2025-05-21,quarta-feira,2,TREB. MINAS,HB,NAO_INFORMADO,20.0,1
2025-05-21,quarta-feira,2,TREB. MINAS,IFCO,6416,681.0,7
2025-05-21,quarta-feira,2,TREB. MINAS,IFCO,6424,55.0,5
2025-05-22,quinta-feira,3,PH CORUMBA (PF),IFCO,6424,638.0,2
2025-05-22,quinta-feira,3,PH UBAJARA,HB,618,200.0,21
2025-05-22,quinta-feira,3,PH UBAJARA,IFCO,6416,990.0,86
2025-05-22,quinta-feira,3,PH UBAJARA,IFCO,6424,883.0,121
2025-05-22,quinta-feira,3,TREB. MINAS,HB,618,971.0,45
2025-05-22,quinta-feira,3,TREB. MINAS,HB,623,307.0,14
2025-05-22,quinta-feira,3,TREB. MINAS,HB,NAO_INFORMADO,522.0,30
2025-05-22,quinta-feira,3,TREB. MINAS,IFCO,6416,112.0,7
2025-05-22,quinta-feira,3,TREB. MINAS,IFCO,6424,43.0,4
2025-05-23,sexta-feira,4,PH UBAJARA,IFCO,6416,82.0,5
2025-05-23,sexta-feira,4,PH UBAJARA,IFCO,6424,302.0,10
2025-05-23,sexta-feira,4,TREB. MINAS,HB,618,483.6166666666667,32
2025-05-23,sexta-feira,4,TREB. MINAS,HB,623,820.0,5
2025-05-23,sexta-feira,4,TREB. MINAS,HB,NAO_INFORMADO,176.0,16
2025-05-23,sexta-feira,4,TREB. MINAS,IFCO,6416,0.716666666666666,3
2025-05-24,sábado,5,PH CORUMBA (PF),HB,618,200.0,1
2025-05-24,sábado,5,PH CORUMBA (PF),HB,623,810.0,2
2025-05-24,sábado,5,PH UBAJARA,HB,618,125.0,21
2025-05-24,sábado,5,PH UBAJARA,HB,623,11.0,2
2025-05-24,sábado,5,PH UBAJARA,HB,NAO_INFORMADO,4.0,1
2025-05-24,sábado,5,PH UBAJARA,IFCO,6416,654.0,96
2025-05-24,sábado,5,PH UBAJARA,IFCO,6424,476.0,73
2025-05-24,sábado,5,TREB. MINAS,HB,618,759.0,43
2025-05-24,sábado,5,TREB. MINAS,HB,623,1037.0,13
2025-05-24,sábado,5,TREB. MINAS,HB,NAO_INFORMADO,832.0,7
2025-05-24,sábado,5,TREB. MINAS,IFCO,6416,854.0,10
2025-05-24,sábado,5,TREB. MINAS,IFCO,6424,640.0,2
2025-05-26,segunda-feira,0,PH CORUMBA (PF),HB,623,690.0,1
2025-05-26,segunda-feira,0,PH UBAJARA,HB,618,181.0,12
2025-05-26,segunda-feira,0,PH UBAJARA,IFCO,6416,2.346153846153847,5
2025-05-26,segunda-feira,0,PH UBAJARA,IFCO,6424,16.383333333333333,5
2025-05-26,segunda-feira,0,TREB. MINAS,HB,618,670.0,30
2025-05-26,segunda-feira,0,TREB. MINAS,HB,623,124.0,2
2025-05-26,segunda-feira,0,TREB. MINAS,HB,NAO_INFORMADO,645.0,2
2025-05-26,segunda-feira,0,TREB. MINAS,IFCO,6416,348.0,4
2025-05-27,terça-feira,1,PH CORUMBA (PF),HB,623,1380.0,4
2025-05-27,terça-feira,1,PH UBAJARA,HB,618,2.0,1
2025-05-27,terça-feira,1,PH UBAJARA,IFCO,6416,117.0,16
2025-05-27,terça-feira,1,PH UBAJARA,IFCO,6424,26.0,6
2025-05-27,terça-feira,1,TREB. MINAS,HB,618,571.0,26
2025-05-27,terça-feira,1,TREB. MINAS,HB,623,142.0,12
2025-05-27,terça-feira,1,TREB. MINAS,HB,NAO_INFORMADO,202.0,27
2025-05-27,terça-feira,1,TREB. MINAS,IFCO,6416,481.0,6
2025-05-27,terça-feira,1,TREB. MINAS,IFCO,6424,500.0,2
2025-05-28,quarta-feira,2,PH CORUMBA (PF),IFCO,6424,400.0,2
2025-05-28,quarta-feira,2,PH UBAJARA,IFCO,6416,272.0,17
2025-05-28,quarta-feira,2,PH UBAJARA,IFCO,6424,209.0,5
2025-05-28,quarta-feira,2,TREB. MINAS,HB,618,491.0,19
2025-05-28,quarta-feira,2,TREB. MINAS,HB,623,712.0,5
2025-05-28,quarta-feira,2,TREB. MINAS,HB,NAO_INFORMADO,518.0,37
2025-05-28,quarta-feira,2,TREB. MINAS,IFCO,6416,1476.0,40
2025-05-28,quarta-feira,2,TREB. MINAS,IFCO,6424,135.0,13
2025-05-29,quinta-feira,3,PH CORUMBA (PF),HB,623,740.0,3
2025-05-29,quinta-feira,3,PH UBAJARA,HB,618,338.0,17
2025-05-29,quinta-feira,3,PH UBAJARA,HB,623,1.0,1
2025-05-29,quinta-feira,3,PH UBAJARA,IFCO,6416,39.0,5
2025-05-29,quinta-feira,3,TREB. MINAS,HB,618,920.0,50
2025-05-29,quinta-feira,3,TREB. MINAS,HB,623,188.0,14
2025-05-29,quinta-feira,3,TREB. MINAS,HB,NAO_INFORMADO,676.0,32
2025-05-29,quinta-feira,3,TREB. MINAS,IFCO,6416,120.0,5
2025-05-29,quinta-feira,3,TREB. MINAS,IFCO,6424,73.0,5
2025-05-30,sexta-feira,4,PH CORUMBA (PF),HB,623,690.0,2
2025-05-30,sexta-feira,4,PH CORUMBA (PF),IFCO,6424,636.0,1
2025-05-30,sexta-feira,4,PH UBAJARA,IFCO,6416,106.0,7
2025-05-30,sexta-feira,4,PH UBAJARA,IFCO,6424,225.0,9
2025-05-30,sexta-feira,4,TREB. MINAS,HB,618,494.0,27
2025-05-30,sexta-feira,4,TREB. MINAS,HB,623,586.0,4
2025-05-30,sexta-feira,4,TREB. MINAS,HB,NAO_INFORMADO,116.0,9
2025-05-30,sexta-feira,4,TREB. MINAS,IFCO,6416,805.0,5
2025-05-30,sexta-feira,4,TREB. MINAS,IFCO,6424,610.0,1
2025-05-31,sábado,5,PH CORUMBA (PF),HB,623,690.0,2
2025-05-31,sábado,5,PH CORUMBA (PF),IFCO,6424,200.0,1
2025-05-31,sábado,5,PH UBAJARA,HB,618,138.0,22
2025-05-31,sábado,5,PH UBAJARA,HB,623,5.0,1
2025-05-31,sábado,5,PH UBAJARA,IFCO,6416,643.3666666666667,113
2025-05-31,sábado,5,PH UBAJARA,IFCO,6424,208.28571428571428,48
2025-05-31,sábado,5,TREB. MINAS,HB,618,857.0,38
2025-05-31,sábado,5,TREB. MINAS,HB,623,885.0,9
2025-05-31,sábado,5,TREB. MINAS,HB,NAO_INFORMADO,433.0,19
2025-05-31,sábado,5,TREB. MINAS,IFCO,6416,620.0,9
2025-05-31,sábado,5,TREB. MINAS,IFCO,6424,123.0,5
2025-06-02,segunda-feira,0,PH CORUMBA (PF),HB,623,1260.0,1
2025-06-02,segunda-feira,0,PH CORUMBA (PF),IFCO,6424,1280.0,2
2025-06-02,segunda-feira,0,PH UBAJARA,HB,618,338.0,28
2025-06-02,segunda-feira,0,PH UBAJARA,HB,623,2.0,1
2025-06-02,segunda-feira,0,PH UBAJARA,IFCO,6416,266.0,22
2025-06-02,segunda-feira,0,PH UBAJARA,IFCO,6424,554.4166666666666,46
2025-06-02,segunda-feira,0,TREB. MINAS,HB,618,344.0,19
2025-06-02,segunda-feira,0,TREB. MINAS,HB,623,693.0,3
2025-06-02,segunda-feira,0,TREB. MINAS,HB,NAO_INFORMADO,30.0,3
2025-06-02,segunda-feira,0,TREB. MINAS,IFCO,6416,416.0,4
2025-06-02,segunda-feira,0,TREBESCHI DF,HB,623,99.0,11
2025-06-03,terça-feira,1,PH CASCAVEL,IFCO,6424,640.0,3
2025-06-03,terça-feira,1,PH CORUMBA (PF),HB,623,1380.0,3
2025-06-03,terça-feira,1,PH UBAJARA,IFCO,6416,127.0,16
2025-06-03,terça-feira,1,PH UBAJARA,IFCO,6424,23.0,6
2025-06-03,terça-feira,1,TREB. MINAS,HB,618,613.0,29
2025-06-03,terça-feira,1,TREB. MINAS,HB,623,101.0,8
2025-06-03,terça-feira,1,TREB. MINAS,HB,NAO_INFORMADO,270.0,26
2025-06-03,terça-feira,1,TREB. MINAS,IFCO,6416,683.0,136
2025-06-03,terça-feira,1,TREB. MINAS,IFCO,6424,520.0,2
2025-06-03,terça-feira,1,TREBESCHI DF,HB,623,6.0,2
2025-06-04,quarta-feira,2,PH CORUMBA (PF),HB,623,690.0,1
2025-06-04,quarta-feira,2,PH UBAJARA,IFCO,6416,497.0,24
2025-06-04,quarta-feira,2,PH UBAJARA,IFCO,6424,50.0,5
2025-06-04,quarta-feira,2,TREB. MINAS,HB,618,405.0,15
2025-06-04,quarta-feira,2,TREB. MINAS,HB,623,7.0,2
2025-06-04,quarta-feira,2,TREB. MINAS,HB,NAO_INFORMADO,441.0,18
2025-06-04,quarta-feira,2,TREB. MINAS,IFCO,6416,523.0,16
2025-06-04,quarta-feira,2,TREB. MINAS,IFCO,6424,1112.0,12
2025-06-04,quarta-feira,2,TREBESCHI DF,HB,623,14.0,2
2025-06-04,quarta-feira,2,TREBESCHI DF,IFCO,6424,38.0,9
2025-06-05,quinta-feira,3,PH CORUMBA (PF),HB,623,1260.0,1
2025-06-05,quinta-feira,3,PH UBAJARA,HB,618,184.0,27
2025-06-05,quinta-feira,3,PH UBAJARA,HB,623,1.0,1
2025-06-05,quinta-feira,3,PH UBAJARA,IFCO,6416,58.90641025641026,24
2025-06-05,quinta-feira,3,PH UBAJARA,IFCO,6424,34.04047619047619,8
2025-06-05,quinta-feira,3,TREB. MINAS,HB,618,933.0,46
2025-06-05,quinta-feira,3,TREB. MINAS,HB,623,96.0,11
2025-06-05,quinta-feira,3,TREB. MINAS,HB,NAO_INFORMADO,621.0,25
2025-06-05,quinta-feira,3,TREB. MINAS,IFCO,6416,449.0,24
2025-06-05,quinta-feira,3,TREB. MINAS,IFCO,6424,402.0,6
2025-06-05,quinta-feira,3,TREBESCHI DF,IFCO,6424,49.0,6
2025-06-06,sexta-feira,4,PH CASCAVEL,IFCO,6424,720.0,3
2025-06-06,sexta-feira,4,PH CORUMBA (PF),HB,623,690.0,1
2025-06-06,sexta-feira,4,PH CORUMBA (PF),IFCO,6424,1120.0,1
2025-06-06,sexta-feira,4,TREB. MINAS,HB,618,531.0,28
2025-06-06,sexta-feira,4,TREB. MINAS,HB,623,4.0,1
2025-06-06,sexta-feira,4,TREB. MINAS,HB,NAO_INFORMADO,5.0,1
2025-06-06,sexta-feira,4,TREB. MINAS,IFCO,6416,532.0,14
2025-06-06,sexta-feira,4,TREB. MINAS,IFCO,6424,1114.0,10
2025-06-06,sexta-feira,4,TREBESCHI DF,IFCO,6424,16.0,2
2025-06-07,sábado,5,PH ALHO/CEBOLA,HB,623,200.0,1
2025-06-07,sábado,5,PH CORUMBA (PF),IFCO,6424,940.0,3
2025-06-07,sábado,5,PH UBAJARA,HB,618,140.0,19
2025-06-07,sábado,5,PH UBAJARA,HB,623,1.0,1
2025-06-07,sábado,5,PH UBAJARA,HB,NAO_INFORMADO,2.2,1
2025-06-07,sábado,5,PH UBAJARA,IFCO,6416,740.4166666666666,87
2025-06-07,sábado,5,PH UBAJARA,IFCO,6424,349.0,35
2025-06-07,sábado,5,TREB. MINAS,HB,618,970.0,41
2025-06-07,sábado,5,TREB. MINAS,HB,623,1222.0,7
2025-06-07,sábado,5,TREB. MINAS,HB,NAO_INFORMADO,996.0,32
2025-06-07,sábado,5,TREB. MINAS,IFCO,6416,570.0,7
2025-06-07,sábado,5,TREB. MINAS,IFCO,6424,300.0,1
2025-06-08,domingo,6,PH UBAJARA,HB,623,75.0,1
2025-06-09,segunda-feira,0,PH CORUMBA (PF),HB,623,1950.0,3
2025-06-09,segunda-feira,0,PH UBAJARA,HB,618,341.0,20
2025-06-09,segunda-feira,0,PH UBAJARA,HB,623,2.0,1
2025-06-09,segunda-feira,0,PH UBAJARA,IFCO,6416,0.0666666666666667,1
2025-06-09,segunda-feira,0,TREB. MINAS,HB,618,728.0,28
2025-06-09,segunda-feira,0,TREB. MINAS,HB,623,693.0,3
2025-06-09,segunda-feira,0,TREB. MINAS,HB,NAO_INFORMADO,4.0,1
2025-06-09,segunda-feira,0,TREB. MINAS,IFCO,6416,334.0,5
2025-06-09,segunda-feira,0,TREB. MINAS,IFCO,6424,200.0,1
2025-06-09,segunda-feira,0,TREBESCHI DF,HB,623,20.0,2
2025-06-09,segunda-feira,0,TREBESCHI DF,IFCO,6424,1.0,1
2025-06-10,terça-feira,1,PH CORUMBA (PF),HB,623,690.0,2
2025-06-10,terça-feira,1,PH CORUMBA (PF),IFCO,6424,150.0,1
2025-06-10,terça-feira,1,PH UBAJARA,IFCO,6416,178.0,42
2025-06-10,terça-feira,1,PH UBAJARA,IFCO,6424,51.0,17
2025-06-10,terça-feira,1,TREB. MINAS,HB,618,687.0,27
2025-06-10,terça-feira,1,TREB. MINAS,HB,623,121.0,11
2025-06-10,terça-feira,1,TREB. MINAS,HB,NAO_INFORMADO,389.0,35
2025-06-10,terça-feira,1,TREB. MINAS,IFCO,6416,627.0,86
2025-06-10,terça-feira,1,TREB. MINAS,IFCO,6424,9.0,5
2025-06-11,quarta-feira,2,PH UBAJARA,IFCO,6416,1166.0,80
2025-06-11,quarta-feira,2,PH UBAJARA,IFCO,6424,789.0,49
2025-06-11,quarta-feira,2,TREB. MINAS,HB,618,488.0,15
2025-06-11,quarta-feira,2,TREB. MINAS,HB,623,714.0,5
2025-06-11,quarta-feira,2,TREB. MINAS,HB,NAO_INFORMADO,84.0,12
2025-06-11,quarta-feira,2,TREB. MINAS,IFCO,6416,603.0,15
2025-06-11,quarta-feira,2,TREB. MINAS,IFCO,6424,88.0,15
2025-06-11,quarta-feira,2,TREBESCHI DF,IFCO,6424,1.0,1
2025-06-12,quinta-feira,3,PH CORUMBA (PF),HB,623,690.0,2
2025-06-12,quinta-feira,3,PH CORUMBA (PF),IFCO,6424,1320.0,4
2025-06-12,quinta-feira,3,PH UBAJARA,HB,618,141.0,27
2025-06-12,quinta-feira,3,PH UBAJARA,HB,623,1.0,1
2025-06-12,quinta-feira,3,PH UBAJARA,IFCO,6424,278.0,1
2025-06-12,quinta-feira,3,TREB. MINAS,HB,618,962.0,42
2025-06-12,quinta-feira,3,TREB. MINAS,HB,623,833.0,12
2025-06-12,quinta-feira,3,TREB. MINAS,HB,NAO_INFORMADO,700.0,25
2025-06-12,quinta-feira,3,TREB. MINAS,IFCO,6416,116.0,6
2025-06-12,quinta-feira,3,TREB. MINAS,IFCO,6424,450.0,6
2025-06-13,sexta-feira,4,PH CORUMBA (PF),HB,623,690.0,1
2025-06-13,sexta-feira,4,PH CORUMBA (PF),IFCO,6424,1120.0,2
2025-06-13,sexta-feira,4,PH UBAJARA,IFCO,6416,70.0,17
2025-06-13,sexta-feira,4,PH UBAJARA,IFCO,6424,137.0,12
2025-06-13,sexta-feira,4,TREB. MINAS,HB,618,474.0,29
2025-06-13,sexta-feira,4,TREB. MINAS,HB,623,363.0,3
2025-06-13,sexta-feira,4,TREB. MINAS,HB,NAO_INFORMADO,3.0,1
2025-06-13,sexta-feira,4,TREB. MINAS,IFCO,6416,434.0,4
2025-06-14,sábado,5,PH UBAJARA,HB,618,178.0,24
2025-06-14,sábado,5,PH UBAJARA,HB,623,1.0,1
2025-06-14,sábado,5,PH UBAJARA,IFCO,6416,570.3076923076924,66
2025-06-14,sábado,5,PH UBAJARA,IFCO,6424,384.0,22
2025-06-14,sábado,5,TREB. MINAS,HB,618,886.0,42
2025-06-14,sábado,5,TREB. MINAS,HB,623,360.0,6
2025-06-14,sábado,5,TREB. MINAS,HB,NAO_INFORMADO,681.0,39
2025-06-14,sábado,5,TREB. MINAS,IFCO,6416,587.0,19
2025-06-14,sábado,5,TREB. MINAS,IFCO,6424,681.0,4
2025-06-16,segunda-feira,0,PH CORUMBA (PF),HB,623,1260.0,1
2025-06-16,segunda-feira,0,PH UBAJARA,HB,618,111.0,13
2025-06-16,segunda-feira,0,PH UBAJARA,IFCO,6416,70.0,43
2025-06-16,segunda-feira,0,TREB. MINAS,HB,618,479.0,25
2025-06-16,segunda-feira,0,TREB. MINAS,HB,623,1382.0,4
2025-06-16,segunda-feira,0,TREB. MINAS,HB,NAO_INFORMADO,408.0,2
2025-06-16,segunda-feira,0,TREB. MINAS,IFCO,6416,368.0,8
2025-06-16,segunda-feira,0,TREB. MINAS,IFCO,6424,280.0,1
2025-06-17,terça-feira,1,PH ALHO/CEBOLA,HB,623,1280.0,2
2025-06-17,terça-feira,1,PH CORUMBA (PF),HB,623,690.0,1
2025-06-17,terça-feira,1,PH CORUMBA (PF),IFCO,6424,250.0,2
2025-06-17,terça-feira,1,PH UBAJARA,HB,618,2.0,1
2025-06-17,terça-feira,1,PH UBAJARA,IFCO,6416,72.0,21
2025-06-17,terça-feira,1,PH UBAJARA,IFCO,6424,12.0,7
2025-06-17,terça-feira,1,TREB. MINAS,HB,618,652.0,26
2025-06-17,terça-feira,1,TREB. MINAS,HB,623,157.0,10
2025-06-17,terça-feira,1,TREB. MINAS,HB,NAO_INFORMADO,692.0,32
2025-06-17,terça-feira,1,TREB. MINAS,IFCO,6416,427.0,8
2025-06-17,terça-feira,1,TREB. MINAS,IFCO,6424,219.0,5
2025-06-17,terça-feira,1,TREBESCHI DF,IFCO,6424,4.0,1
2025-06-18,quarta-feira,2,PH CORUMBA (PF),IFCO,6424,960.0,4
2025-06-18,quarta-feira,2,PH UBAJARA,HB,618,62.0,13
2025-06-18,quarta-feira,2,PH UBAJARA,HB,623,125.0,2
2025-06-18,quarta-feira,2,PH UBAJARA,IFCO,6416,679.0,24
2025-06-18,quarta-feira,2,PH UBAJARA,IFCO,6424,201.0,8
2025-06-18,quarta-feira,2,TREB. MINAS,HB,618,260.0,13
2025-06-18,quarta-feira,2,TREB. MINAS,HB,623,3.0,1
2025-06-18,quarta-feira,2,TREB. MINAS,HB,NAO_INFORMADO,120.0,11
2025-06-18,quarta-feira,2,TREB. MINAS,IFCO,6416,387.0,66
2025-06-18,quarta-feira,2,TREB. MINAS,IFCO,6424,1555.0,8
2025-06-19,quinta-feira,3,PH CORUMBA (PF),HB,623,1260.0,1
2025-06-19,quinta-feira,3,PH CORUMBA (PF),IFCO,6424,640.0,1
2025-06-19,quinta-feira,3,PH UBAJARA,IFCO,6416,49.0,17
2025-06-19,quinta-feira,3,PH UBAJARA,IFCO,6424,20.0,5
2025-06-19,quinta-feira,3,TREB. MINAS,HB,618,850.0,54
2025-06-19,quinta-feira,3,TREB. MINAS,HB,623,780.0,12
2025-06-19,quinta-feira,3,TREB. MINAS,HB,NAO_INFORMADO,642.0,39
2025-06-19,quinta-feira,3,TREB. MINAS,IFCO,6416,75.0,5
2025-06-19,quinta-feira,3,TREB. MINAS,IFCO,6424,247.0,6
2025-06-19,quinta-feira,3,TREBESCHI DF,IFCO,6424,133.0,8
2025-06-20,sexta-feira,4,TREB. MINAS,HB,618,802.0,31
2025-06-20,sexta-feira,4,TREB. MINAS,HB,623,303.0,6
2025-06-20,sexta-feira,4,TREB. MINAS,HB,NAO_INFORMADO,21.0,4
2025-06-20,sexta-feira,4,TREB. MINAS,IFCO,6416,471.0,4
2025-06-20,sexta-feira,4,TREBESCHI DF,IFCO,6424,131.0,4
2025-06-21,sábado,5,PH UBAJARA,HB,618,138.0,26
2025-06-21,sábado,5,PH UBAJARA,HB,623,1.0,1
2025-06-21,sábado,5,PH UBAJARA,IFCO,6416,691.1,171
2025-06-21,sábado,5,PH UBAJARA,IFCO,6424,674.0,90
2025-06-21,sábado,5,TREB. MINAS,HB,618,1161.0,41
2025-06-21,sábado,5,TREB. MINAS,HB,623,877.0,15
2025-06-21,sábado,5,TREB. MINAS,HB,NAO_INFORMADO,313.0,18
2025-06-21,sábado,5,TREB. MINAS,IFCO,6416,607.0,11
2025-06-21,sábado,5,TREB. MINAS,IFCO,6424,217.0,5
2025-06-23,segunda-feira,0,PH CORUMBA (PF),HB,623,1380.0,5
2025-06-23,segunda-feira,0,PH UBAJARA,HB,618,306.0,25
2025-06-23,segunda-feira,0,PH UBAJARA,IFCO,6416,306.0,21
2025-06-23,segunda-feira,0,PH UBAJARA,IFCO,6424,129.0,6
2025-06-23,segunda-feira,0,TREB. MINAS,HB,618,798.0,35
2025-06-23,segunda-feira,0,TREB. MINAS,HB,623,1376.0,8
2025-06-23,segunda-feira,0,TREB. MINAS,IFCO,6416,313.0,5
2025-06-23,segunda-feira,0,TREB. MINAS,IFCO,6424,200.0,1
2025-06-23,segunda-feira,0,TREBESCHI DF,IFCO,6424,108.0,15
2025-06-24,terça-feira,1,PH ALHO/CEBOLA,HB,623,640.0,1
2025-06-24,terça-feira,1,PH UBAJARA,HB,618,7.0,3
2025-06-24,terça-feira,1,PH UBAJARA,HB,623,3.0,1
2025-06-24,terça-feira,1,PH UBAJARA,IFCO,6416,47.0,16
2025-06-24,terça-feira,1,PH UBAJARA,IFCO,6424,26.0,9
2025-06-24,terça-feira,1,TREB. MINAS,HB,618,816.0,26
2025-06-24,terça-feira,1,TREB. MINAS,HB,623,367.0,14
2025-06-24,terça-feira,1,TREB. MINAS,HB,NAO_INFORMADO,55.0,12
2025-06-24,terça-feira,1,TREB. MINAS,IFCO,6416,494.0,8
2025-06-24,terça-feira,1,TREB. MINAS,IFCO,6424,2920.0,5
2025-06-25,quarta-feira,2,PH UBAJARA,IFCO,6416,920.0666666666666,74
2025-06-25,quarta-feira,2,PH UBAJARA,IFCO,6424,344.0,99
2025-06-25,quarta-feira,2,TREB. MINAS,HB,618,239.0,13
2025-06-25,quarta-feira,2,TREB. MINAS,HB,623,978.0,15
2025-06-25,quarta-feira,2,TREB. MINAS,IFCO,6416,481.0,8
2025-06-25,quarta-feira,2,TREB. MINAS,IFCO,6424,42.0,4
2025-06-25,quarta-feira,2,TREBESCHI DF,IFCO,6424,64.0,6
2025-06-26,quinta-feira,3,PH CORUMBA (PF),HB,623,690.0,1
2025-06-26,quinta-feira,3,PH UBAJARA,HB,618,126.0,26
2025-06-26,quinta-feira,3,PH UBAJARA,HB,623,91.0,2
2025-06-26,quinta-feira,3,PH UBAJARA,IFCO,6416,111.0,8
2025-06-26,quinta-feira,3,PH UBAJARA,IFCO,6424,599.0,33
2025-06-26,quinta-feira,3,TREB GOIANIA - GALPAO CD,IFCO,6424,0.208333333333333,1
2025-06-26,quinta-feira,3,TREB. MINAS,HB,618,696.0,38
2025-06-26,quinta-feira,3,TREB. MINAS,HB,623,373.0,25
2025-06-26,quinta-feira,3,TREB. MINAS,HB,NAO_INFORMADO,464.0,41
2025-06-26,quinta-feira,3,TREB. MINAS,IFCO,6416,173.0,8
2025-06-26,quinta-feira,3,TREB. MINAS,IFCO,6424,215.0,9
2025-06-27,sexta-feira,4,TREB GOIANIA - GALPAO CD,IFCO,6424,0.333333333333333,1
2025-06-27,sexta-feira,4,TREB. MINAS,HB,618,412.0,26
2025-06-27,sexta-feira,4,TREB. MINAS,HB,623,1433.0,8
2025-06-27,sexta-feira,4,TREB. MINAS,HB,NAO_INFORMADO,5.0,1
2025-06-27,sexta-feira,4,TREB. MINAS,IFCO,6416,458.0,5
2025-06-28,sábado,5,PH CORUMBA (PF),IFCO,6424,1120.0,1
2025-06-28,sábado,5,PH UBAJARA,HB,618,289.0,30
2025-06-28,sábado,5,PH UBAJARA,HB,623,1.0,1
2025-06-28,sábado,5,PH UBAJARA,IFCO,6416,812.0,112
2025-06-28,sábado,5,PH UBAJARA,IFCO,6424,543.0,82
2025-06-28,sábado,5,TREB. MINAS,HB,618,677.0,34
2025-06-28,sábado,5,TREB. MINAS,HB,623,909.0,23
2025-06-28,sábado,5,TREB. MINAS,HB,NAO_INFORMADO,673.0428571428572,8
2025-06-28,sábado,5,TREB. MINAS,IFCO,6416,1335.0,23
2025-06-28,sábado,5,TREB. MINAS,IFCO,6424,2030.0,5
2025-06-30,segunda-feira,0,PH CORUMBA (PF),HB,623,1260.0,1
2025-06-30,segunda-feira,0,PH SUL (PF),HB,623,36.0,4
2025-06-30,segunda-feira,0,PH UBAJARA,HB,618,271.0,17
2025-06-30,segunda-feira,0,PH UBAJARA,IFCO,6416,0.266666666666667,1
2025-06-30,segunda-feira,0,PH UBAJARA,IFCO,6424,0.8703703703703706,3
2025-06-30,segunda-feira,0,TREB. MINAS,HB,618,665.0,34
2025-06-30,segunda-feira,0,TREB. MINAS,HB,623,1473.0,10
2025-06-30,segunda-feira,0,TREB. MINAS,IFCO,6416,339.0,9
2025-06-30,segunda-feira,0,TREB. MINAS,IFCO,6424,10.0,2
2025-07-01,terça-feira,1,PH ALHO/CEBOLA,HB,623,640.0,1
2025-07-01,terça-feira,1,PH CORUMBA (PF),HB,623,690.0,1
2025-07-01,terça-feira,1,PH CORUMBA (PF),IFCO,6424,1120.0,2
2025-07-01,terça-feira,1,PH SUL (PF),HB,623,14.0,2
2025-07-01,terça-feira,1,PH UBAJARA,HB,618,12.0,3
2025-07-01,terça-feira,1,PH UBAJARA,HB,623,2.0,1
2025-07-01,terça-feira,1,PH UBAJARA,IFCO,6416,81.0,15
2025-07-01,terça-feira,1,PH UBAJARA,IFCO,6424,19.0,7
2025-07-01,terça-feira,1,TREB. MINAS,HB,618,553.0,30
2025-07-01,terça-feira,1,TREB. MINAS,HB,623,334.0,22
2025-07-01,terça-feira,1,TREB. MINAS,HB,NAO_INFORMADO,504.0,13
2025-07-01,terça-feira,1,TREB. MINAS,IFCO,6416,658.0,145
2025-07-01,terça-feira,1,TREB. MINAS,IFCO,6424,1247.0,3
2025-07-02,quarta-feira,2,PH CORUMBA (PF),IFCO,6424,200.0,1
2025-07-02,quarta-feira,2,PH SUL (PF),HB,623,6.0,1
2025-07-02,quarta-feira,2,PH SUL (PF),IFCO,6424,520.0,2
2025-07-02,quarta-feira,2,PH UBAJARA,IFCO,6416,416.0,30
2025-07-02,quarta-feira,2,PH UBAJARA,IFCO,6424,317.0,19
2025-07-02,quarta-feira,2,TREB. MINAS,HB,618,675.0,17
2025-07-02,quarta-feira,2,TREB. MINAS,HB,623,2105.0,17
2025-07-02,quarta-feira,2,TREB. MINAS,HB,NAO_INFORMADO,253.0,4
2025-07-02,quarta-feira,2,TREB. MINAS,IFCO,6416,618.0,10
2025-07-02,quarta-feira,2,TREB. MINAS,IFCO,6424,104.0,8
2025-07-03,quinta-feira,3,PH CORUMBA (PF),HB,623,1260.0,2
2025-07-03,quinta-feira,3,PH SUL (PF),HB,623,8.0,2
2025-07-03,quinta-feira,3,PH SUL (PF),IFCO,6424,562.0,2
2025-07-03,quinta-feira,3,PH UBAJARA,HB,618,136.0,15
2025-07-03,quinta-feira,3,PH UBAJARA,IFCO,6416,312.30555555555554,27
2025-07-03,quinta-feira,3,PH UBAJARA,IFCO,6424,72.0,12
2025-07-03,quinta-feira,3,TREB. MINAS,HB,618,917.0,49
2025-07-03,quinta-feira,3,TREB. MINAS,HB,623,1320.0,49
2025-07-03,quinta-feira,3,TREB. MINAS,HB,NAO_INFORMADO,259.5785714285714,17
2025-07-03,quinta-feira,3,TREB. MINAS,IFCO,6416,57.0,5
2025-07-03,quinta-feira,3,TREB. MINAS,IFCO,6424,129.0,6
2025-07-04,sexta-feira,4,PH CASCAVEL,HB,623,124.0,2
2025-07-04,sexta-feira,4,PH CORUMBA (PF),HB,623,690.0,2
2025-07-04,sexta-feira,4,PH SUL (PF),HB,623,13.0,2
2025-07-04,sexta-feira,4,PH UBAJARA,HB,618,7.0,2
2025-07-04,sexta-feira,4,PH UBAJARA,IFCO,6416,280.0,12
2025-07-04,sexta-feira,4,PH UBAJARA,IFCO,6424,500.0,28
2025-07-04,sexta-feira,4,TREB. MINAS,HB,618,280.0,25
2025-07-04,sexta-feira,4,TREB. MINAS,HB,623,776.0,7
2025-07-04,sexta-feira,4,TREB. MINAS,IFCO,6416,549.0,4
2025-07-04,sexta-feira,4,TREBESCHI DF,IFCO,6424,73.0,4
2025-07-05,sábado,5,PH CASCAVEL,HB,623,120.0,1
2025-07-05,sábado,5,PH CASCAVEL,IFCO,6424,400.0,4
2025-07-05,sábado,5,PH CORUMBA (PF),HB,623,690.0,2
2025-07-05,sábado,5,PH CORUMBA (PF),IFCO,6424,300.0,1
2025-07-05,sábado,5,PH UBAJARA,HB,618,115.0,29
2025-07-05,sábado,5,PH UBAJARA,HB,623,5.0,1
2025-07-05,sábado,5,PH UBAJARA,IFCO,6416,1042.1666666666665,119
2025-07-05,sábado,5,PH UBAJARA,IFCO,6424,454.0,64
2025-07-05,sábado,5,TREB. MINAS,HB,618,610.0,32
2025-07-05,sábado,5,TREB. MINAS,HB,623,309.0,27
2025-07-05,sábado,5,TREB. MINAS,HB,NAO_INFORMADO,201.0,2
2025-07-05,sábado,5,TREB. MINAS,IFCO,6416,562.0,27
2025-07-05,sábado,5,TREB. MINAS,IFCO,6424,500.0,2
2025-07-07,segunda-feira,0,PH ALHO/CEBOLA,HB,623,640.0,1
2025-07-07,segunda-feira,0,PH CORUMBA (PF),HB,623,1260.0,1
2025-07-07,segunda-feira,0,PH SUL (PF),HB,623,27.0,1
2025-07-07,segunda-feira,0,PH SUL (PF),IFCO,6424,460.0,15
2025-07-07,segunda-feira,0,PH UBAJARA,HB,618,307.0,18
2025-07-07,segunda-feira,0,TREB. MINAS,HB,618,693.0,29
2025-07-07,segunda-feira,0,TREB. MINAS,HB,623,766.0,5
2025-07-07,segunda-feira,0,TREB. MINAS,HB,NAO_INFORMADO,200.0,1
2025-07-07,segunda-feira,0,TREB. MINAS,IFCO,6416,453.0,11
2025-07-07,segunda-feira,0,TREBESCHI DF,IFCO,6424,26.0,2
2025-07-08,terça-feira,1,PH CORUMBA (PF),HB,623,690.0,1
2025-07-08,terça-feira,1,PH CORUMBA (PF),IFCO,6424,183.0,2
2025-07-08,terça-feira,1,PH SUL (PF),IFCO,6424,333.0,7
2025-07-08,terça-feira,1,PH UBAJARA,HB,618,14.0,3
2025-07-08,terça-feira,1,PH UBAJARA,HB,623,3.0,1
2025-07-08,terça-feira,1,PH UBAJARA,IFCO,6416,124.0,15
2025-07-08,terça-feira,1,PH UBAJARA,IFCO,6424,28.0,7
2025-07-08,terça-feira,1,TREB. MINAS,HB,618,359.0,24
2025-07-08,terça-feira,1,TREB. MINAS,HB,623,493.0,32
2025-07-08,terça-feira,1,TREB. MINAS,HB,NAO_INFORMADO,302.0,13
2025-07-08,terça-feira,1,TREB. MINAS,IFCO,6416,210.0,117
2025-07-08,terça-feira,1,TREBESCHI DF,IFCO,6424,6.0,2
2025-07-09,quarta-feira,2,PH CORUMBA (PF),HB,623,80.0,2
2025-07-09,quarta-feira,2,PH CORUMBA (PF),IFCO,6424,200.0,1
2025-07-09,quarta-feira,2,PH SUL (PF),IFCO,6424,29.0,3
2025-07-09,quarta-feira,2,PH UBAJARA,IFCO,6416,454.0,25
2025-07-09,quarta-feira,2,PH UBAJARA,IFCO,6424,252.0,14
2025-07-09,quarta-feira,2,TREB. MINAS,HB,618,547.0,16
2025-07-09,quarta-feira,2,TREB. MINAS,HB,623,1894.0,19
2025-07-09,quarta-feira,2,TREB. MINAS,HB,NAO_INFORMADO,29.0,7
2025-07-09,quarta-feira,2,TREB. MINAS,IFCO,6416,661.0,16
2025-07-09,quarta-feira,2,TREB. MINAS,IFCO,6424,356.0,14
2025-07-10,quinta-feira,3,PH CORUMBA (PF),HB,618,20.0,2
2025-07-10,quinta-feira,3,PH CORUMBA (PF),HB,623,630.0,1
2025-07-10,quinta-feira,3,PH CORUMBA (PF),IFCO,6416,13.0,1
2025-07-10,quinta-feira,3,PH CORUMBA (PF),IFCO,6424,5.0,1
2025-07-10,quinta-feira,3,PH SUL (PF),IFCO,6424,108.0,8
2025-07-10,quinta-feira,3,PH UBAJARA,HB,618,206.28301886792454,19
2025-07-10,quinta-feira,3,PH UBAJARA,HB,NAO_INFORMADO,0.5,1
2025-07-10,quinta-feira,3,PH UBAJARA,IFCO,6416,175.0,13
2025-07-10,quinta-feira,3,PH UBAJARA,IFCO,6424,621.75,18
2025-07-10,quinta-feira,3,TREB. MINAS,HB,618,644.0,24
2025-07-10,quinta-feira,3,TREB. MINAS,HB,623,1645.0,25
2025-07-10,quinta-feira,3,TREB. MINAS,HB,NAO_INFORMADO,142.0,4
2025-07-10,quinta-feira,3,TREB. MINAS,IFCO,6416,19.0,4
2025-07-10,quinta-feira,3,TREB. MINAS,IFCO,6424,836.0,5
2025-07-10,quinta-feira,3,TREBESCHI DF,IFCO,6424,57.0,8
2025-07-11,sexta-feira,4,PH ALHO/CEBOLA,IFCO,6424,560.0,2
2025-07-11,sexta-feira,4,PH CASCAVEL,HB,623,285.0,4
2025-07-11,sexta-feira,4,PH CASCAVEL,IFCO,6424,480.0,3
2025-07-11,sexta-feira,4,PH UBAJARA,IFCO,6416,242.0,58
2025-07-11,sexta-feira,4,PH UBAJARA,IFCO,6424,250.0,25
2025-07-11,sexta-feira,4,TREB. MINAS,HB,618,516.0,31
2025-07-11,sexta-feira,4,TREB. MINAS,HB,623,302.0,14
2025-07-11,sexta-feira,4,TREB. MINAS,HB,NAO_INFORMADO,65.0,6
2025-07-11,sexta-feira,4,TREB. MINAS,IFCO,6416,404.0,8
2025-07-12,sábado,5,PH ALHO/CEBOLA,HB,623,640.0,1
2025-07-12,sábado,5,PH CASCAVEL,IFCO,6424,60.0,1
2025-07-12,sábado,5,PH CORUMBA (PF),HB,623,690.0,1
2025-07-12,sábado,5,PH CORUMBA (PF),IFCO,6424,150.0,1
2025-07-12,sábado,5,PH UBAJARA,HB,618,130.0,30
2025-07-12,sábado,5,PH UBAJARA,HB,623,1.0,1
2025-07-12,sábado,5,PH UBAJARA,IFCO,6416,587.8,79
2025-07-12,sábado,5,PH UBAJARA,IFCO,6424,441.0,54
2025-07-12,sábado,5,TREB. MINAS,HB,618,1069.0,34
2025-07-12,sábado,5,TREB. MINAS,HB,623,182.0,20
2025-07-12,sábado,5,TREB. MINAS,HB,NAO_INFORMADO,54.0,6
2025-07-12,sábado,5,TREB. MINAS,IFCO,6416,507.0,7
2025-07-12,sábado,5,TREB. MINAS,IFCO,6424,680.0,3
2025-07-14,segunda-feira,0,PH CASCAVEL,IFCO,6424,640.0,1
2025-07-14,segunda-feira,0,PH CORUMBA (PF),HB,618,20.0,2
2025-07-14,segunda-feira,0,PH CORUMBA (PF),HB,623,1260.0,1
2025-07-14,segunda-feira,0,PH SUL (PF),IFCO,6424,69.0,4
2025-07-14,segunda-feira,0,PH UBAJARA,HB,618,317.0,21
2025-07-14,segunda-feira,0,PH UBAJARA,IFCO,6416,0.3166666666666667,2
2025-07-14,segunda-feira,0,TREB. MINAS,HB,618,430.0,23
2025-07-14,segunda-feira,0,TREB. MINAS,HB,623,765.0,7
2025-07-14,segunda-feira,0,TREB. MINAS,IFCO,6416,296.0,7
2025-07-14,segunda-feira,0,TREB. MINAS,IFCO,6424,201.0,2
2025-07-14,segunda-feira,0,TREBESCHI DF,HB,623,1.0,1
2025-07-15,terça-feira,1,PH CASCAVEL,HB,623,160.0,2
2025-07-15,terça-feira,1,PH CASCAVEL,IFCO,6424,85.0,2
2025-07-15,terça-feira,1,PH CORUMBA (PF),HB,623,690.0,1
2025-07-15,terça-feira,1,PH UBAJARA,HB,618,4.0,3
2025-07-15,terça-feira,1,PH UBAJARA,HB,623,161.0,3
2025-07-15,terça-feira,1,PH UBAJARA,IFCO,6416,55.0,16
2025-07-15,terça-feira,1,PH UBAJARA,IFCO,6424,14.0,4
2025-07-15,terça-feira,1,TREB. MINAS,HB,618,461.0,19
2025-07-15,terça-feira,1,TREB. MINAS,HB,623,1055.0,34
2025-07-15,terça-feira,1,TREB. MINAS,HB,NAO_INFORMADO,40.0,5
2025-07-15,terça-feira,1,TREB. MINAS,IFCO,6416,585.0,88
2025-07-15,terça-feira,1,TREB. MINAS,IFCO,6424,741.0,4
2025-07-15,terça-feira,1,TREBESCHI DF,HB,623,39.0,2
2025-07-15,terça-feira,1,TREBESCHI DF,IFCO,6424,6.0,1
2025-07-16,quarta-feira,2,PH SUL (PF),IFCO,6424,25.0,1
2025-07-16,quarta-feira,2,PH UBAJARA,IFCO,6416,300.0,20
2025-07-16,quarta-feira,2,PH UBAJARA,IFCO,6424,308.0,18
2025-07-16,quarta-feira,2,TREB. MINAS,HB,618,1003.0,28
2025-07-16,quarta-feira,2,TREB. MINAS,HB,623,893.0,14
2025-07-16,quarta-feira,2,TREB. MINAS,HB,NAO_INFORMADO,14.0,2
2025-07-16,quarta-feira,2,TREB. MINAS,IFCO,6416,547.0,15
2025-07-16,quarta-feira,2,TREB. MINAS,IFCO,6424,677.0,9
2025-07-17,quinta-feira,3,PH CASCAVEL,IFCO,6424,60.0,1
2025-07-17,quinta-feira,3,PH CORUMBA (PF),HB,623,1950.0,4
2025-07-17,quinta-feira,3,PH CORUMBA (PF),IFCO,6416,12.0,1
2025-07-17,quinta-feira,3,PH CORUMBA (PF),IFCO,6424,154.0,2
2025-07-17,quinta-feira,3,PH UBAJARA,HB,618,139.0,20
2025-07-17,quinta-feira,3,PH UBAJARA,IFCO,6416,26.0,13
2025-07-17,quinta-feira,3,PH UBAJARA,IFCO,6424,139.0,6
2025-07-17,quinta-feira,3,TREB. MINAS,HB,618,762.0,32
2025-07-17,quinta-feira,3,TREB. MINAS,HB,623,1227.0,33
2025-07-17,quinta-feira,3,TREB. MINAS,HB,NAO_INFORMADO,167.0,10
2025-07-17,quinta-feira,3,TREB. MINAS,IFCO,6416,16.0,4
2025-07-17,quinta-feira,3,TREB. MINAS,IFCO,6424,666.0,5
2025-07-18,sexta-feira,4,PH ALHO/CEBOLA,HB,623,200.0,1
2025-07-18,sexta-feira,4,PH CORUMBA (PF),HB,623,720.0,1
2025-07-18,sexta-feira,4,PH CORUMBA (PF),IFCO,6424,1120.0,1
2025-07-18,sexta-feira,4,TREB. MINAS,HB,618,344.0,15
2025-07-18,sexta-feira,4,TREB. MINAS,HB,623,179.0,19
2025-07-18,sexta-feira,4,TREB. MINAS,HB,NAO_INFORMADO,13.0,2
2025-07-18,sexta-feira,4,TREB. MINAS,IFCO,6416,401.0,8
2025-07-18,sexta-feira,4,TREB. MINAS,IFCO,6424,1236.0,4
2025-07-19,sábado,5,PH CASCAVEL,HB,623,120.0,1
2025-07-19,sábado,5,PH CASCAVEL,IFCO,6424,400.0,2
2025-07-19,sábado,5,PH CORUMBA (PF),IFCO,6424,1270.0,2
2025-07-19,sábado,5,PH UBAJARA,HB,618,153.0,28
2025-07-19,sábado,5,PH UBAJARA,HB,623,2.0,2
2025-07-19,sábado,5,PH UBAJARA,IFCO,6416,575.1666666666667,81
2025-07-19,sábado,5,PH UBAJARA,IFCO,6424,394.0,52
2025-07-19,sábado,5,TREB. MINAS,HB,618,662.0,29
2025-07-19,sábado,5,TREB. MINAS,HB,623,1643.0,22
2025-07-19,sábado,5,TREB. MINAS,HB,NAO_INFORMADO,90.0,3
2025-07-19,sábado,5,TREB. MINAS,IFCO,6416,521.0,12
2025-07-19,sábado,5,TREB. MINAS,IFCO,6424,1357.0,9
2025-07-21,segunda-feira,0,PH CASCAVEL,IFCO,6424,60.0,1
2025-07-21,segunda-feira,0,PH CORUMBA (PF),HB,618,50.0,2
2025-07-21,segunda-feira,0,PH CORUMBA (PF),IFCO,6416,20.0,1
2025-07-21,segunda-feira,0,PH CORUMBA (PF),IFCO,6424,660.0,3
2025-07-21,segunda-feira,0,PH UBAJARA,HB,618,178.0,17
2025-07-21,segunda-feira,0,PH UBAJARA,IFCO,6416,0.3166666666666667,2
2025-07-21,segunda-feira,0,PH UBAJARA,IFCO,6424,1.0,1
2025-07-21,segunda-feira,0,TREB. MINAS,HB,618,1012.0,33
2025-07-21,segunda-feira,0,TREB. MINAS,HB,623,1875.0,8
2025-07-21,segunda-feira,0,TREB. MINAS,HB,NAO_INFORMADO,226.0,5
2025-07-21,segunda-feira,0,TREB. MINAS,IFCO,6416,367.0,9
2025-07-21,segunda-feira,0,TREB. MINAS,IFCO,6424,25.0,2
2025-07-22,terça-feira,1,PH ALHO/CEBOLA,HB,623,612.0,1
2025-07-22,terça-feira,1,PH CASCAVEL,IFCO,6424,640.0,1
2025-07-22,terça-feira,1,PH UBAJARA,HB,618,10.0,2
2025-07-22,terça-feira,1,PH UBAJARA,HB,623,4.0,1
2025-07-22,terça-feira,1,PH UBAJARA,IFCO,6416,159.0,26
2025-07-22,terça-feira,1,PH UBAJARA,IFCO,6424,75.0,12
2025-07-22,terça-feira,1,TREB GOIANIA - GALPAO CD,IFCO,6416,0.416666666666667,1
2025-07-22,terça-feira,1,TREB. MINAS,HB,618,444.0,24
2025-07-22,terça-feira,1,TREB. MINAS,HB,623,763.0,30
2025-07-22,terça-feira,1,TREB. MINAS,HB,NAO_INFORMADO,42.0,6
2025-07-22,terça-feira,1,TREB. MINAS,IFCO,6416,673.0,144
2025-07-22,terça-feira,1,TREB. MINAS,IFCO,6424,1278.0,8
2025-07-23,quarta-feira,2,PH UBAJARA,IFCO,6416,202.0,20
2025-07-23,quarta-feira,2,PH UBAJARA,IFCO,6424,320.0,24
2025-07-23,quarta-feira,2,TREB. MINAS,HB,618,376.0,15
2025-07-23,quarta-feira,2,TREB. MINAS,HB,623,1727.0,22
2025-07-23,quarta-feira,2,TREB. MINAS,IFCO,6416,551.0,9
2025-07-23,quarta-feira,2,TREB. MINAS,IFCO,6424,345.0,6
2025-07-24,quinta-feira,3,PH CASCAVEL,IFCO,6424,60.0,1
2025-07-24,quinta-feira,3,PH CORUMBA (PF),HB,623,690.0,1
2025-07-24,quinta-feira,3,PH CORUMBA (PF),IFCO,6416,56.0,2
2025-07-24,quinta-feira,3,PH UBAJARA,HB,618,106.0,18
2025-07-24,quinta-feira,3,PH UBAJARA,IFCO,6424,150.0,1
2025-07-24,quinta-feira,3,TREB. MINAS,HB,618,683.0,29
2025-07-24,quinta-feira,3,TREB. MINAS,HB,623,636.0,21
2025-07-24,quinta-feira,3,TREB. MINAS,HB,NAO_INFORMADO,61.0,3
2025-07-24,quinta-feira,3,TREB. MINAS,IFCO,6416,20.0,4
2025-07-24,quinta-feira,3,TREB. MINAS,IFCO,6424,66.0,5
2025-07-25,sexta-feira,4,PH ALHO/CEBOLA,HB,623,180.0,1
2025-07-25,sexta-feira,4,TREB. MINAS,HB,618,427.0,28
2025-07-25,sexta-feira,4,TREB. MINAS,HB,623,1297.0,6
2025-07-25,sexta-feira,4,TREB. MINAS,IFCO,6416,386.0,24
2025-07-25,sexta-feira,4,TREB. MINAS,IFCO,6424,156.0,13
2025-07-26,sábado,5,PH ALHO/CEBOLA,IFCO,6424,360.0,1
2025-07-26,sábado,5,PH CORUMBA (PF),HB,623,690.0,1
2025-07-26,sábado,5,PH CORUMBA (PF),IFCO,6416,50.0,1
2025-07-26,sábado,5,PH CORUMBA (PF),IFCO,6424,954.0,4
2025-07-26,sábado,5,PH UBAJARA,HB,618,151.0,29
2025-07-26,sábado,5,PH UBAJARA,HB,623,2.0,2
2025-07-26,sábado,5,PH UBAJARA,HB,NAO_INFORMADO,0.5,1
2025-07-26,sábado,5,PH UBAJARA,IFCO,6416,622.6166666666666,75
2025-07-26,sábado,5,PH UBAJARA,IFCO,6424,353.046875,51
2025-07-26,sábado,5,TREB. MINAS,HB,618,771.0,38
2025-07-26,sábado,5,TREB. MINAS,HB,623,1262.0,23
2025-07-26,sábado,5,TREB. MINAS,HB,NAO_INFORMADO,200.0,1
2025-07-26,sábado,5,TREB. MINAS,IFCO,6416,502.0,24
2025-07-26,sábado,5,TREB. MINAS,IFCO,6424,1100.0,10
2025-07-27,domingo,6,TREB. MINAS,HB,618,20.0,2
2025-07-27,domingo,6,TREB. MINAS,HB,623,156.0,9
2025-07-27,domingo,6,TREB. MINAS,HB,NAO_INFORMADO,45.0,4
2025-07-27,domingo,6,TREB. MINAS,IFCO,6424,15.0,1
2025-07-28,segunda-feira,0,PH CASCAVEL,IFCO,6424,620.0,1
2025-07-28,segunda-feira,0,PH CORUMBA (PF),HB,618,20.0,1
2025-07-28,segunda-feira,0,PH CORUMBA (PF),HB,623,1260.0,1
2025-07-28,segunda-feira,0,PH CORUMBA (PF),IFCO,6416,60.0,2
2025-07-28,segunda-feira,0,PH CORUMBA (PF),IFCO,6424,300.0,2
2025-07-28,segunda-feira,0,PH UBAJARA,HB,618,176.0,18
2025-07-28,segunda-feira,0,TREB. MINAS,HB,618,569.0,28
2025-07-28,segunda-feira,0,TREB. MINAS,HB,623,1589.0,8
2025-07-28,segunda-feira,0,TREB. MINAS,HB,NAO_INFORMADO,10.0,1
2025-07-28,segunda-feira,0,TREB. MINAS,IFCO,6416,288.0,11
2025-07-28,segunda-feira,0,TREB. MINAS,IFCO,6424,853.0,7
2025-07-29,terça-feira,1,PH CORUMBA (PF),HB,623,1380.0,2
2025-07-29,terça-feira,1,PH CORUMBA (PF),IFCO,6424,1210.0,2
2025-07-29,terça-feira,1,PH UBAJARA,HB,618,2.0,1
2025-07-29,terça-feira,1,PH UBAJARA,HB,623,2.0,1
2025-07-29,terça-feira,1,PH UBAJARA,IFCO,6416,194.26666666666665,37
2025-07-29,terça-feira,1,PH UBAJARA,IFCO,6424,78.0,18
2025-07-29,terça-feira,1,TREB. MINAS,HB,618,335.0,22
2025-07-29,terça-feira,1,TREB. MINAS,HB,623,1163.0,17
2025-07-29,terça-feira,1,TREB. MINAS,HB,NAO_INFORMADO,89.0,8
2025-07-29,terça-feira,1,TREB. MINAS,IFCO,6416,462.0,7
2025-07-29,terça-feira,1,TREB. MINAS,IFCO,6424,1120.0,1
2025-07-30,quarta-feira,2,PH CORUMBA (PF),HB,623,690.0,1
2025-07-30,quarta-feira,2,PH CORUMBA (PF),IFCO,6424,1000.0,1
2025-07-30,quarta-feira,2,PH UBAJARA,IFCO,6416,202.0,27
2025-07-30,quarta-feira,2,PH UBAJARA,IFCO,6424,281.0,14
2025-07-30,quarta-feira,2,TREB. MINAS,HB,618,296.0,10
2025-07-30,quarta-feira,2,TREB. MINAS,HB,623,183.0,19
2025-07-30,quarta-feira,2,TREB. MINAS,HB,NAO_INFORMADO,199.0,7
2025-07-30,quarta-feira,2,TREB. MINAS,IFCO,6416,787.0,131
2025-07-30,quarta-feira,2,TREB. MINAS,IFCO,6424,109.0,11
2025-07-31,quinta-feira,3,PH CASCAVEL,IFCO,6424,780.0,2
2025-07-31,quinta-feira,3,PH CORUMBA (PF),HB,623,1260.0,1
2025-07-31,quinta-feira,3,PH CORUMBA (PF),IFCO,6416,12.0,1
2025-07-31,quinta-feira,3,PH CORUMBA (PF),IFCO,6424,801.0,4
2025-07-31,quinta-feira,3,PH SUL (PF),IFCO,6424,14.0,2
2025-07-31,quinta-feira,3,PH UBAJARA,HB,618,163.0,19
2025-07-31,quinta-feira,3,PH UBAJARA,IFCO,6416,92.0,1
2025-07-31,quinta-feira,3,TREB. MINAS,HB,618,1374.0,49
2025-07-31,quinta-feira,3,TREB. MINAS,HB,623,1520.0,20
2025-07-31,quinta-feira,3,TREB. MINAS,HB,NAO_INFORMADO,141.0,7
2025-07-31,quinta-feira,3,TREB. MINAS,IFCO,6416,14.0,3
2025-07-31,quinta-feira,3,TREB. MINAS,IFCO,6424,2566.0,7
2025-08-01,sexta-feira,4,PH CORUMBA (PF),IFCO,6424,1120.0,1
2025-08-01,sexta-feira,4,PH SUL (PF),IFCO,6424,104.0,4
2025-08-01,sexta-feira,4,PH UBAJARA,HB,618,150.0,3
2025-08-01,sexta-feira,4,PH UBAJARA,IFCO,6416,99.0,10
2025-08-01,sexta-feira,4,PH UBAJARA,IFCO,6424,323.0,11
2025-08-01,sexta-feira,4,TREB. MINAS,HB,618,521.0,15
2025-08-01,sexta-feira,4,TREB. MINAS,HB,623,1444.0,6
2025-08-01,sexta-feira,4,TREB. MINAS,IFCO,6416,575.0,7
2025-08-01,sexta-feira,4,TREB. MINAS,IFCO,6424,878.0,1
2025-08-02,sábado,5,PH CASCAVEL,HB,623,80.0,1
2025-08-02,sábado,5,PH CASCAVEL,IFCO,6424,520.0,4
2025-08-02,sábado,5,PH CORUMBA (PF),HB,623,1950.0,2
2025-08-02,sábado,5,PH CORUMBA (PF),IFCO,6424,1280.0,2
2025-08-02,sábado,5,PH UBAJARA,HB,618,122.0,29
2025-08-02,sábado,5,PH UBAJARA,HB,623,1.0,1
2025-08-02,sábado,5,PH UBAJARA,IFCO,6416,835.5,133
2025-08-02,sábado,5,PH UBAJARA,IFCO,6424,413.0,79
2025-08-02,sábado,5,TREB. MINAS,HB,618,736.0,35
2025-08-02,sábado,5,TREB. MINAS,HB,623,427.0,47
2025-08-02,sábado,5,TREB. MINAS,HB,NAO_INFORMADO,282.0,5
2025-08-02,sábado,5,TREB. MINAS,IFCO,6416,627.0,12
2025-08-02,sábado,5,TREB. MINAS,IFCO,6424,1365.0,8
2025-08-04,segunda-feira,0,PH CORUMBA (PF),HB,618,30.0,3
2025-08-04,segunda-feira,0,PH CORUMBA (PF),HB,623,1260.0,1
2025-08-04,segunda-feira,0,PH SUL (PF),IFCO,6424,50.0,3
2025-08-04,segunda-feira,0,PH UBAJARA,HB,618,141.0,14
2025-08-04,segunda-feira,0,TREB. MINAS,HB,618,980.0,32
2025-08-04,segunda-feira,0,TREB. MINAS,HB,623,1864.0,30
2025-08-04,segunda-feira,0,TREB. MINAS,HB,NAO_INFORMADO,21.0,3
2025-08-04,segunda-feira,0,TREB. MINAS,IFCO,6416,455.5,11
2025-08-04,segunda-feira,0,TREB. MINAS,IFCO,6424,2131.0,7
2025-08-05,terça-feira,1,PH CASCAVEL,IFCO,6424,1818.0,4
2025-08-05,terça-feira,1,PH CORUMBA (PF),HB,623,1380.0,2
2025-08-05,terça-feira,1,PH CORUMBA (PF),IFCO,6424,150.0,1
2025-08-05,terça-feira,1,PH SUL (PF),IFCO,6424,24.0,3
2025-08-05,terça-feira,1,PH UBAJARA,HB,618,10.0,3
2025-08-05,terça-feira,1,PH UBAJARA,HB,623,3.0,1
2025-08-05,terça-feira,1,PH UBAJARA,IFCO,6416,89.16666666666666,17
2025-08-05,terça-feira,1,PH UBAJARA,IFCO,6424,19.0,7
2025-08-05,terça-feira,1,TREB. MINAS,HB,618,720.0,37
2025-08-05,terça-feira,1,TREB. MINAS,HB,623,364.0,22
2025-08-05,terça-feira,1,TREB. MINAS,HB,NAO_INFORMADO,76.0,8
2025-08-05,terça-feira,1,TREB. MINAS,IFCO,6416,598.0,95
2025-08-05,terça-feira,1,TREB. MINAS,IFCO,6424,2255.0,4
2025-08-06,quarta-feira,2,PH CASCAVEL,HB,623,120.0,2
2025-08-06,quarta-feira,2,PH CASCAVEL,IFCO,6424,480.0,6
2025-08-06,quarta-feira,2,PH CORUMBA (PF),IFCO,6424,2240.0,2
2025-08-06,quarta-feira,2,PH SUL (PF),IFCO,6424,35.0,2
2025-08-06,quarta-feira,2,PH UBAJARA,HB,NAO_INFORMADO,0.5,1
2025-08-06,quarta-feira,2,PH UBAJARA,IFCO,6416,258.0,28
2025-08-06,quarta-feira,2,PH UBAJARA,IFCO,6424,204.5,14
2025-08-06,quarta-feira,2,TREB. MINAS,HB,618,729.0,17
2025-08-06,quarta-feira,2,TREB. MINAS,HB,623,3405.0,20
2025-08-06,quarta-feira,2,TREB. MINAS,IFCO,6416,639.0,10
2025-08-06,quarta-feira,2,TREB. MINAS,IFCO,6424,2431.0,11
2025-08-07,quinta-feira,3,PH CASCAVEL,IFCO,6424,60.0,1
2025-08-07,quinta-feira,3,PH CORUMBA (PF),HB,623,1950.0,3
2025-08-07,quinta-feira,3,PH CORUMBA (PF),IFCO,6416,38.0,1
2025-08-07,quinta-feira,3,PH CORUMBA (PF),IFCO,6424,108.0,2
2025-08-07,quinta-feira,3,PH SUL (PF),IFCO,6424,60.0,4
2025-08-07,quinta-feira,3,PH UBAJARA,HB,618,123.0,17
2025-08-07,quinta-feira,3,PH UBAJARA,IFCO,6416,42.0,11
2025-08-07,quinta-feira,3,PH UBAJARA,IFCO,6424,83.0,9
2025-08-07,quinta-feira,3,TREB. MINAS,HB,618,1038.0,32
2025-08-07,quinta-feira,3,TREB. MINAS,HB,623,1203.0,14
2025-08-07,quinta-feira,3,TREB. MINAS,HB,NAO_INFORMADO,71.0,3
2025-08-07,quinta-feira,3,TREB. MINAS,IFCO,6416,42.0,4
2025-08-07,quinta-feira,3,TREB. MINAS,IFCO,6424,3415.0,7
2025-08-08,sexta-feira,4,PH CASCAVEL,IFCO,6424,2955.0,5
2025-08-08,sexta-feira,4,PH UBAJARA,IFCO,6416,265.0,51
2025-08-08,sexta-feira,4,PH UBAJARA,IFCO,6424,166.0,19
2025-08-08,sexta-feira,4,TREB. MINAS,HB,618,515.0,18
2025-08-08,sexta-feira,4,TREB. MINAS,HB,623,1816.0,19
2025-08-08,sexta-feira,4,TREB. MINAS,HB,NAO_INFORMADO,58.0,2
2025-08-08,sexta-feira,4,TREB. MINAS,IFCO,6416,562.0,7
2025-08-08,sexta-feira,4,TREB. MINAS,IFCO,6424,1120.0,1
2025-08-09,sábado,5,PH CASCAVEL,IFCO,6424,2540.0,5
2025-08-09,sábado,5,PH CORUMBA (PF),HB,623,690.0,1
2025-08-09,sábado,5,PH CORUMBA (PF),IFCO,6424,1322.0,3
2025-08-09,sábado,5,PH SUL (PF),IFCO,6424,40.0,3
2025-08-09,sábado,5,PH UBAJARA,HB,618,121.0,30
2025-08-09,sábado,5,PH UBAJARA,HB,623,100.0,4
2025-08-09,sábado,5,PH UBAJARA,HB,NAO_INFORMADO,0.1,1
2025-08-09,sábado,5,PH UBAJARA,IFCO,6416,647.0847222222222,70
2025-08-09,sábado,5,PH UBAJARA,IFCO,6424,420.546875,46
2025-08-09,sábado,5,TREB. MINAS,HB,618,1054.0,46
2025-08-09,sábado,5,TREB. MINAS,HB,623,2661.0,49
2025-08-09,sábado,5,TREB. MINAS,HB,NAO_INFORMADO,115.0,10
2025-08-09,sábado,5,TREB. MINAS,IFCO,6416,533.0,17
2025-08-09,sábado,5,TREB. MINAS,IFCO,6424,1235.0,13
2025-08-10,domingo,6,TREB. MINAS,HB,618,59.0,5
2025-08-10,domingo,6,TREB. MINAS,HB,623,1.0,1
2025-08-11,segunda-feira,0,PH CASCAVEL,IFCO,6424,850.0,2
2025-08-11,segunda-feira,0,PH CORUMBA (PF),HB,618,112.0,6
2025-08-11,segunda-feira,0,PH CORUMBA (PF),HB,623,1950.0,3
2025-08-11,segunda-feira,0,PH CORUMBA (PF),IFCO,6416,47.0,1
2025-08-11,segunda-feira,0,PH CORUMBA (PF),IFCO,6424,9.0,1
2025-08-11,segunda-feira,0,PH SUL (PF),IFCO,6424,9.0,1
2025-08-11,segunda-feira,0,PH UBAJARA,HB,618,191.0,19
2025-08-11,segunda-feira,0,PH UBAJARA,IFCO,6416,173.0,8
2025-08-11,segunda-feira,0,PH UBAJARA,IFCO,6424,436.0,25
2025-08-11,segunda-feira,0,TREB. MINAS,HB,618,433.0,24
2025-08-11,segunda-feira,0,TREB. MINAS,HB,623,1132.0,7
2025-08-11,segunda-feira,0,TREB. MINAS,IFCO,6416,514.0,11
2025-08-11,segunda-feira,0,TREB. MINAS,IFCO,6424,1382.0,6
2025-08-12,terça-feira,1,PH CASCAVEL,IFCO,6424,60.0,1
2025-08-12,terça-feira,1,PH CORUMBA (PF),HB,623,1380.0,3
2025-08-12,terça-feira,1,PH UBAJARA,HB,618,16.0,2
2025-08-12,terça-feira,1,PH UBAJARA,HB,623,1.0,1
2025-08-12,terça-feira,1,PH UBAJARA,IFCO,6416,151.16666666666669,21
2025-08-12,terça-feira,1,PH UBAJARA,IFCO,6424,406.0,37
2025-08-12,terça-feira,1,TREB. MINAS,HB,618,520.0,26
2025-08-12,terça-feira,1,TREB. MINAS,HB,623,205.0,11
2025-08-12,terça-feira,1,TREB. MINAS,HB,NAO_INFORMADO,27.0,4
2025-08-12,terça-feira,1,TREB. MINAS,IFCO,6416,571.0,70
2025-08-12,terça-feira,1,TREB. MINAS,IFCO,6424,3360.0,4
2025-08-12,terça-feira,1,TREB. MINAS,IFCO,NAO_INFORMADO,2.0,1
2025-08-13,quarta-feira,2,PH CASCAVEL,IFCO,6424,60.0,1
2025-08-13,quarta-feira,2,PH CORUMBA (PF),HB,623,900.0,1
2025-08-13,quarta-feira,2,PH CORUMBA (PF),IFCO,6416,50.0,1
2025-08-13,quarta-feira,2,PH CORUMBA (PF),IFCO,6424,500.0,2
2025-08-13,quarta-feira,2,PH UBAJARA,IFCO,6416,97.0,14
2025-08-13,quarta-feira,2,PH UBAJARA,IFCO,6424,198.0,15
2025-08-13,quarta-feira,2,TREB. MINAS,HB,618,594.0,14
2025-08-13,quarta-feira,2,TREB. MINAS,HB,623,143.0,15
2025-08-13,quarta-feira,2,TREB. MINAS,IFCO,6416,559.0,12
2025-08-13,quarta-feira,2,TREB. MINAS,IFCO,6424,391.0,5
2025-08-14,quinta-feira,3,PH CORUMBA (PF),HB,623,690.0,1
2025-08-14,quinta-feira,3,PH CORUMBA (PF),IFCO,6416,34.0,1
2025-08-14,quinta-feira,3,PH CORUMBA (PF),IFCO,6424,2388.0,5
2025-08-14,quinta-feira,3,PH UBAJARA,HB,618,118.0,18
2025-08-14,quinta-feira,3,PH UBAJARA,IFCO,6416,65.0,37
2025-08-14,quinta-feira,3,PH UBAJARA,IFCO,6424,600.0,93
2025-08-14,quinta-feira,3,TREB. MINAS,HB,618,1270.0,69
2025-08-14,quinta-feira,3,TREB. MINAS,HB,623,1901.0,34
2025-08-14,quinta-feira,3,TREB. MINAS,HB,NAO_INFORMADO,349.0,9
2025-08-14,quinta-feira,3,TREB. MINAS,IFCO,6416,33.0,6
2025-08-14,quinta-feira,3,TREB. MINAS,IFCO,6424,405.0,4
2025-08-15,sexta-feira,4,PH CORUMBA (PF),HB,623,690.0,1
2025-08-15,sexta-feira,4,PH CORUMBA (PF),IFCO,6424,1120.0,1
2025-08-15,sexta-feira,4,PH UBAJARA,IFCO,6416,188.0,40
2025-08-15,sexta-feira,4,PH UBAJARA,IFCO,6424,156.0,26
2025-08-15,sexta-feira,4,TREB. MINAS,IFCO,6416,424.0,4
2025-08-15,sexta-feira,4,TREB. MINAS,IFCO,6424,640.0,1
2025-08-16,sábado,5,PH CASCAVEL,IFCO,6424,1368.0,3
2025-08-16,sábado,5,PH CORUMBA (PF),HB,623,690.0,1
2025-08-16,sábado,5,PH CORUMBA (PF),IFCO,6424,640.0,1
2025-08-16,sábado,5,PH UBAJARA,HB,618,107.0,26
2025-08-16,sábado,5,PH UBAJARA,HB,623,53.0,3
2025-08-16,sábado,5,PH UBAJARA,HB,NAO_INFORMADO,0.5,1
2025-08-16,sábado,5,PH UBAJARA,IFCO,6416,322.26666666666665,66
2025-08-16,sábado,5,PH UBAJARA,IFCO,6424,1032.4138719512196,62
2025-08-16,sábado,5,TREB. MINAS,HB,618,951.0,44
2025-08-16,sábado,5,TREB. MINAS,HB,623,753.0,28
2025-08-16,sábado,5,TREB. MINAS,HB,NAO_INFORMADO,120.0,6
2025-08-16,sábado,5,TREB. MINAS,IFCO,6416,682.0,17
2025-08-16,sábado,5,TREB. MINAS,IFCO,6424,811.0,11
2025-08-16,sábado,5,TREB. MINAS,IFCO,NAO_INFORMADO,1.0,1
2025-08-18,segunda-feira,0,PH CORUMBA (PF),HB,623,1810.0,2
2025-08-18,segunda-feira,0,PH SUL (PF),IFCO,6424,287.0,6
2025-08-18,segunda-feira,0,PH UBAJARA,HB,618,204.0,19
2025-08-18,segunda-feira,0,PH UBAJARA,HB,NAO_INFORMADO,1.95,2
2025-08-18,segunda-feira,0,PH UBAJARA,IFCO,6416,955.1847222222223,7
2025-08-18,segunda-feira,0,TREB GOIANIA - GALPAO CD,IFCO,6424,30.0,1
2025-08-18,segunda-feira,0,TREB. MINAS,HB,618,569.0,26
2025-08-18,segunda-feira,0,TREB. MINAS,HB,623,800.0,16
2025-08-18,segunda-feira,0,TREB. MINAS,HB,NAO_INFORMADO,8.0,3
2025-08-18,segunda-feira,0,TREB. MINAS,IFCO,6416,316.0,6
2025-08-19,terça-feira,1,PH CASCAVEL,HB,623,102.0,2
2025-08-19,terça-feira,1,PH CASCAVEL,IFCO,6424,2270.0,4
2025-08-19,terça-feira,1,PH CORUMBA (PF),IFCO,6424,2222.0,6
2025-08-19,terça-feira,1,PH SUL (PF),IFCO,6424,153.0,3
2025-08-19,terça-feira,1,PH UBAJARA,HB,618,62.0,18
2025-08-19,terça-feira,1,PH UBAJARA,HB,623,18.0,6
2025-08-19,terça-feira,1,PH UBAJARA,IFCO,6424,13.0,1
2025-08-19,terça-feira,1,TREB. MINAS,HB,618,761.4285714285714,39
2025-08-19,terça-feira,1,TREB. MINAS,HB,623,162.66666666666669,12
2025-08-19,terça-feira,1,TREB. MINAS,HB,NAO_INFORMADO,26.0,4
2025-08-19,terça-feira,1,TREB. MINAS,IFCO,6416,679.0,120
2025-08-19,terça-feira,1,TREB. MINAS,IFCO,6424,40.0,1
2025-08-20,quarta-feira,2,PH CASCAVEL,HB,623,102.0,2
2025-08-20,quarta-feira,2,PH CASCAVEL,IFCO,6424,640.0,1
2025-08-20,quarta-feira,2,PH CORUMBA (PF),HB,623,1260.0,2
2025-08-20,quarta-feira,2,PH CORUMBA (PF),IFCO,6424,1140.0,2
2025-08-20,quarta-feira,2,PH UBAJARA,IFCO,6416,225.0,17
2025-08-20,quarta-feira,2,PH UBAJARA,IFCO,6424,172.0,11
2025-08-20,quarta-feira,2,TREB. MINAS,HB,618,542.0,15
2025-08-20,quarta-feira,2,TREB. MINAS,HB,623,793.0,17
2025-08-20,quarta-feira,2,TREB. MINAS,HB,NAO_INFORMADO,8.0,3
2025-08-20,quarta-feira,2,TREB. MINAS,IFCO,6416,181.0,6
2025-08-20,quarta-feira,2,TREB. MINAS,IFCO,6424,404.0,8
2025-08-20,quarta-feira,2,TREB. MINAS,IFCO,NAO_INFORMADO,1.0,1
2025-08-21,quinta-feira,3,PH CORUMBA (PF),HB,623,1680.0,2
2025-08-21,quinta-feira,3,PH CORUMBA (PF),IFCO,6424,2160.0,2
2025-08-21,quinta-feira,3,PH SUL (PF),IFCO,6424,149.0,8
2025-08-21,quinta-feira,3,PH UBAJARA,HB,618,90.0,18
2025-08-21,quinta-feira,3,PH UBAJARA,IFCO,6416,121.51688311688311,11
2025-08-21,quinta-feira,3,PH UBAJARA,IFCO,6424,294.2190476190476,13
2025-08-21,quinta-feira,3,TREB. MINAS,HB,618,2288.0,49
2025-08-21,quinta-feira,3,TREB. MINAS,HB,623,1616.0,27
2025-08-21,quinta-feira,3,TREB. MINAS,HB,NAO_INFORMADO,12.0,3
2025-08-21,quinta-feira,3,TREB. MINAS,IFCO,6416,162.0,10
2025-08-21,quinta-feira,3,TREB. MINAS,IFCO,6424,1721.0,9
2025-08-22,sexta-feira,4,PH CASCAVEL,IFCO,6424,2880.0,3
2025-08-22,sexta-feira,4,PH CORUMBA (PF),IFCO,6416,1680.0,1
2025-08-22,sexta-feira,4,PH CORUMBA (PF),IFCO,6424,3680.0,5
2025-08-22,sexta-feira,4,PH SUL (PF),IFCO,6424,132.0,8
2025-08-22,sexta-feira,4,PH UBAJARA,IFCO,6416,113.0,26
2025-08-22,sexta-feira,4,PH UBAJARA,IFCO,6424,275.0,19
2025-08-22,sexta-feira,4,TREB GOIANIA - GALPAO CD,IFCO,6424,1.0,1
2025-08-22,sexta-feira,4,TREB. MINAS,HB,618,294.0,22
2025-08-22,sexta-feira,4,TREB. MINAS,HB,623,1216.0,2
2025-08-22,sexta-feira,4,TREB. MINAS,IFCO,6416,281.0,6
2025-08-22,sexta-feira,4,TREB. MINAS,IFCO,6424,2040.0,3
2025-08-23,sábado,5,PH CASCAVEL,IFCO,6424,1416.0,2
2025-08-23,sábado,5,PH CORUMBA (PF),HB,623,670.0,1
2025-08-23,sábado,5,PH CORUMBA (PF),IFCO,6424,640.0,1
2025-08-23,sábado,5,PH UBAJARA,HB,618,187.0,40
2025-08-23,sábado,5,PH UBAJARA,HB,623,169.0,10
2025-08-23,sábado,5,PH UBAJARA,IFCO,6416,339.26666666666665,48
2025-08-23,sábado,5,PH UBAJARA,IFCO,6424,798.0,45
2025-08-23,sábado,5,TREB GOIANIA - GALPAO CD,HB,618,0.0208333333333333,1
2025-08-23,sábado,5,TREB. MINAS,HB,618,1002.0,44
2025-08-23,sábado,5,TREB. MINAS,HB,623,978.0,30
2025-08-23,sábado,5,TREB. MINAS,HB,NAO_INFORMADO,55.0,10
2025-08-23,sábado,5,TREB. MINAS,IFCO,6416,393.0,17
2025-08-23,sábado,5,TREB. MINAS,IFCO,6424,2255.0,4
2025-08-25,segunda-feira,0,PH CASCAVEL,IFCO,6424,4256.0,7
2025-08-25,segunda-feira,0,PH CORUMBA (PF),HB,623,1950.0,4
2025-08-25,segunda-feira,0,PH CORUMBA (PF),IFCO,6416,1653.0,1
2025-08-25,segunda-feira,0,PH SUL (PF),IFCO,6424,265.0,6
2025-08-25,segunda-feira,0,PH UBAJARA,HB,618,292.0,19
2025-08-25,segunda-feira,0,PH UBAJARA,IFCO,6424,2.0,2
2025-08-25,segunda-feira,0,TREB. MINAS,HB,618,780.0,27
2025-08-25,segunda-feira,0,TREB. MINAS,HB,623,54.0,2
2025-08-25,segunda-feira,0,TREB. MINAS,IFCO,6416,233.0,11
2025-08-25,segunda-feira,0,TREB. MINAS,IFCO,6424,1131.0,4
2025-08-25,segunda-feira,0,TREB. MINAS,IFCO,NAO_INFORMADO,2.0,1
2025-08-26,terça-feira,1,PH CASCAVEL,IFCO,6424,3648.0,6
2025-08-26,terça-feira,1,PH CORUMBA (PF),IFCO,6424,890.0,3
2025-08-26,terça-feira,1,PH SUL (PF),IFCO,6424,161.0,5
2025-08-26,terça-feira,1,PH UBAJARA,HB,618,98.0,16
2025-08-26,terça-feira,1,PH UBAJARA,HB,623,33.0,6
2025-08-26,terça-feira,1,PH UBAJARA,IFCO,6416,1.166666666666667,2
2025-08-26,terça-feira,1,PH UBAJARA,IFCO,6424,22.0,1
2025-08-26,terça-feira,1,TREB. MINAS,HB,618,911.0,30
2025-08-26,terça-feira,1,TREB. MINAS,HB,623,984.0,9
2025-08-26,terça-feira,1,TREB. MINAS,HB,NAO_INFORMADO,32.0,4
2025-08-26,terça-feira,1,TREB. MINAS,IFCO,6416,489.0,62
2025-08-26,terça-feira,1,TREB. MINAS,IFCO,6424,680.0,2
2025-08-27,quarta-feira,2,PH CASCAVEL,IFCO,6424,636.0,2
2025-08-27,quarta-feira,2,PH CORUMBA (PF),HB,623,1950.0,3
2025-08-27,quarta-feira,2,PH CORUMBA (PF),IFCO,6424,380.0,2
2025-08-27,quarta-feira,2,PH SUL (PF),IFCO,6424,733.0,3
2025-08-27,quarta-feira,2,PH UBAJARA,IFCO,6416,314.0,18
2025-08-27,quarta-feira,2,PH UBAJARA,IFCO,6424,678.0,12
2025-08-27,quarta-feira,2,TREB. MINAS,HB,618,802.0,16
2025-08-27,quarta-feira,2,TREB. MINAS,HB,623,1618.0,22
2025-08-27,quarta-feira,2,TREB. MINAS,HB,NAO_INFORMADO,10.0,3
2025-08-27,quarta-feira,2,TREB. MINAS,IFCO,6416,339.0,14
2025-08-27,quarta-feira,2,TREB. MINAS,IFCO,6424,1304.0,14
2025-08-28,quinta-feira,3,PH CASCAVEL,IFCO,6424,120.0,2
2025-08-28,quinta-feira,3,PH CORUMBA (PF),HB,623,1590.0,2
2025-08-28,quinta-feira,3,PH CORUMBA (PF),IFCO,6424,2220.0,3
2025-08-28,quinta-feira,3,PH SUL (PF),IFCO,6424,81.0,4
2025-08-28,quinta-feira,3,PH UBAJARA,HB,618,328.0,18
2025-08-28,quinta-feira,3,PH UBAJARA,HB,623,40.0,1
2025-08-28,quinta-feira,3,PH UBAJARA,IFCO,6424,228.0,5
2025-08-28,quinta-feira,3,TREB. MINAS,HB,618,1039.0,44
2025-08-28,quinta-feira,3,TREB. MINAS,HB,623,154.0,9
2025-08-28,quinta-feira,3,TREB. MINAS,HB,NAO_INFORMADO,61.0,5
2025-08-28,quinta-feira,3,TREB. MINAS,IFCO,6424,4522.0,5
2025-08-29,sexta-feira,4,PH CORUMBA (PF),IFCO,6424,640.0,1
2025-08-29,sexta-feira,4,PH UBAJARA,IFCO,6416,22.0,17
2025-08-29,sexta-feira,4,PH UBAJARA,IFCO,6424,620.0,9
2025-08-29,sexta-feira,4,TREB. MINAS,HB,618,323.0,25
2025-08-29,sexta-feira,4,TREB. MINAS,HB,623,20.0,1
2025-08-29,sexta-feira,4,TREB. MINAS,HB,NAO_INFORMADO,200.0,1
2025-08-29,sexta-feira,4,TREB. MINAS,IFCO,6416,385.0,13
2025-08-29,sexta-feira,4,TREB. MINAS,IFCO,6424,2247.0,7
2025-08-30,sábado,5,PH CASCAVEL,IFCO,6424,952.0,4
2025-08-30,sábado,5,PH CORUMBA (PF),HB,623,1950.0,2
2025-08-30,sábado,5,PH CORUMBA (PF),IFCO,6424,304.0,2
2025-08-30,sábado,5,PH UBAJARA,HB,618,173.0,38
2025-08-30,sábado,5,PH UBAJARA,HB,623,164.0,10
2025-08-30,sábado,5,PH UBAJARA,IFCO,6416,266.8,62
2025-08-30,sábado,5,PH UBAJARA,IFCO,6424,206.0,32
2025-08-30,sábado,5,TREB. MINAS,HB,618,1648.0,46
2025-08-30,sábado,5,TREB. MINAS,HB,623,1608.0,45
2025-08-30,sábado,5,TREB. MINAS,HB,NAO_INFORMADO,88.0,6
2025-08-30,sábado,5,TREB. MINAS,IFCO,6416,732.0,192
2025-08-30,sábado,5,TREB. MINAS,IFCO,6424,3851.0,14
2025-09-01,segunda-feira,0,PH CORUMBA (PF),HB,623,1260.0,1
2025-09-01,segunda-feira,0,PH SUL (PF),IFCO,6424,534.0,12
2025-09-01,segunda-feira,0,PH UBAJARA,HB,618,255.0,18
2025-09-01,segunda-feira,0,PH UBAJARA,HB,623,30.0,1
2025-09-01,segunda-feira,0,PH UBAJARA,IFCO,6416,119.06666666666666,21
2025-09-01,segunda-feira,0,PH UBAJARA,IFCO,6424,569.0,33
2025-09-01,segunda-feira,0,TREB. MINAS,HB,618,659.0,28
2025-09-01,segunda-feira,0,TREB. MINAS,HB,623,1962.0,19
2025-09-01,segunda-feira,0,TREB. MINAS,HB,NAO_INFORMADO,4.0,2
2025-09-01,segunda-feira,0,TREB. MINAS,IFCO,6416,208.0,11
2025-09-01,segunda-feira,0,TREB. MINAS,IFCO,6424,17.0,2
2025-09-01,segunda-feira,0,TREB. MINAS,IFCO,NAO_INFORMADO,1.0,1
2025-09-02,terça-feira,1,PH ALHO/CEBOLA,HB,623,1260.0,1
2025-09-02,terça-feira,1,PH CASCAVEL,IFCO,6424,309.0,2
2025-09-02,terça-feira,1,PH CORUMBA (PF),HB,623,1950.0,2
2025-09-02,terça-feira,1,PH CORUMBA (PF),IFCO,6424,200.0,1
2025-09-02,terça-feira,1,PH SUL (PF),IFCO,6424,237.0,6
2025-09-02,terça-feira,1,PH UBAJARA,HB,618,132.0,18
2025-09-02,terça-feira,1,PH UBAJARA,HB,623,47.0,7
2025-09-02,terça-feira,1,PH UBAJARA,IFCO,6416,146.0,10
2025-09-02,terça-feira,1,PH UBAJARA,IFCO,6424,686.0,31
2025-09-02,terça-feira,1,TREB. MINAS,HB,618,1087.0,48
2025-09-02,terça-feira,1,TREB. MINAS,HB,623,861.0,13
2025-09-02,terça-feira,1,TREB. MINAS,HB,NAO_INFORMADO,24.0,4
2025-09-02,terça-feira,1,TREB. MINAS,IFCO,6416,557.0,11
2025-09-02,terça-feira,1,TREB. MINAS,IFCO,6424,280.0,2
2025-09-03,quarta-feira,2,PH ALHO/CEBOLA,HB,623,90.0,1
2025-09-03,quarta-feira,2,PH CORUMBA (PF),IFCO,6424,250.0,1
2025-09-03,quarta-feira,2,PH SUL (PF),IFCO,6424,81.0,5
2025-09-03,quarta-feira,2,PH UBAJARA,IFCO,6416,239.0,32
2025-09-03,quarta-feira,2,PH UBAJARA,IFCO,6424,308.0,19
2025-09-03,quarta-feira,2,TREB. MINAS,HB,618,495.0,14
2025-09-03,quarta-feira,2,TREB. MINAS,HB,623,2668.0,20
2025-09-03,quarta-feira,2,TREB. MINAS,HB,NAO_INFORMADO,3.0,2
2025-09-03,quarta-feira,2,TREB. MINAS,IFCO,6416,405.0,16
2025-09-03,quarta-feira,2,TREB. MINAS,IFCO,6424,1425.0,11
2025-09-04,quinta-feira,3,PH CORUMBA (PF),HB,623,1260.0,1
2025-09-04,quinta-feira,3,PH CORUMBA (PF),IFCO,6424,1847.0,5
2025-09-04,quinta-feira,3,PH SUL (PF),IFCO,6424,77.0,4
2025-09-04,quinta-feira,3,PH UBAJARA,HB,618,104.0,17
2025-09-04,quinta-feira,3,PH UBAJARA,HB,623,30.0,1
2025-09-04,quinta-feira,3,PH UBAJARA,IFCO,6424,100.0,1
2025-09-04,quinta-feira,3,TREB. MINAS,HB,618,912.0,49
2025-09-04,quinta-feira,3,TREB. MINAS,HB,623,2052.0,35
2025-09-04,quinta-feira,3,TREB. MINAS,HB,NAO_INFORMADO,253.0,15
2025-09-04,quinta-feira,3,TREB. MINAS,IFCO,6416,21.0,5
2025-09-04,quinta-feira,3,TREB. MINAS,IFCO,6424,2275.0,6
2025-09-05,sexta-feira,4,PH CASCAVEL,IFCO,6424,920.0,2
2025-09-05,sexta-feira,4,PH CORUMBA (PF),HB,623,690.0,1
2025-09-05,sexta-feira,4,PH CORUMBA (PF),IFCO,6424,2240.0,2
2025-09-05,sexta-feira,4,PH SUL (PF),IFCO,6424,130.0,6
2025-09-05,sexta-feira,4,PH UBAJARA,HB,618,80.0,2
2025-09-05,sexta-feira,4,TREB. MINAS,HB,618,296.0,23
2025-09-05,sexta-feira,4,TREB. MINAS,HB,623,31.0,3
2025-09-05,sexta-feira,4,TREB. MINAS,IFCO,6416,338.0,12
2025-09-05,sexta-feira,4,TREB. MINAS,IFCO,6424,1288.0,13
2025-09-06,sábado,5,PH ALHO/CEBOLA,IFCO,6424,360.0,1
2025-09-06,sábado,5,PH CASCAVEL,IFCO,6424,1902.0,7
2025-09-06,sábado,5,PH CORUMBA (PF),HB,623,1260.0,1
2025-09-06,sábado,5,PH CORUMBA (PF),IFCO,6424,2125.0,5
2025-09-06,sábado,5,PH UBAJARA,HB,618,215.0,38
2025-09-06,sábado,5,PH UBAJARA,HB,623,51.0,8
2025-09-06,sábado,5,PH UBAJARA,IFCO,6416,968.1666666666666,95
2025-09-06,sábado,5,PH UBAJARA,IFCO,6424,680.5,39
2025-09-06,sábado,5,TREB. MINAS,HB,618,1631.0,59
2025-09-06,sábado,5,TREB. MINAS,HB,623,1569.0,36
2025-09-06,sábado,5,TREB. MINAS,HB,NAO_INFORMADO,64.0,9
2025-09-06,sábado,5,TREB. MINAS,IFCO,6416,591.0,26
2025-09-06,sábado,5,TREB. MINAS,IFCO,6424,226.0,3
2025-09-08,segunda-feira,0,PH CASCAVEL,IFCO,6424,1836.0,4
2025-09-08,segunda-feira,0,PH CORUMBA (PF),HB,623,810.0,1
2025-09-08,segunda-feira,0,PH CORUMBA (PF),IFCO,6424,640.0,1
2025-09-08,segunda-feira,0,PH SUL (PF),IFCO,6424,40.0,1
2025-09-08,segunda-feira,0,PH UBAJARA,HB,618,277.0,18
2025-09-08,segunda-feira,0,PH UBAJARA,HB,623,15.0,1
2025-09-08,segunda-feira,0,TREB. MINAS,HB,618,314.0,17
2025-09-08,segunda-feira,0,TREB. MINAS,HB,623,2097.0,22
2025-09-08,segunda-feira,0,TREB. MINAS,HB,NAO_INFORMADO,10.0,3
2025-09-08,segunda-feira,0,TREB. MINAS,IFCO,6416,223.0,11
2025-09-08,segunda-feira,0,TREB. MINAS,IFCO,6424,1514.0,7
2025-09-08,segunda-feira,0,TREB. MINAS,IFCO,NAO_INFORMADO,1.0,1
2025-09-09,terça-feira,1,PH CASCAVEL,IFCO,6424,3523.0,11
2025-09-09,terça-feira,1,PH CORUMBA (PF),HB,623,690.0,1
2025-09-09,terça-feira,1,PH SUL (PF),IFCO,6424,60.0,2
2025-09-09,terça-feira,1,PH UBAJARA,HB,618,88.0,14
2025-09-09,terça-feira,1,PH UBAJARA,HB,623,39.0,6
2025-09-09,terça-feira,1,PH UBAJARA,IFCO,6416,53.0,3
2025-09-09,terça-feira,1,PH UBAJARA,IFCO,6424,146.0,13
2025-09-09,terça-feira,1,TREB. MINAS,HB,618,673.0,39
2025-09-09,terça-feira,1,TREB. MINAS,HB,623,883.0,9
2025-09-09,terça-feira,1,TREB. MINAS,HB,NAO_INFORMADO,21.0,3
2025-09-09,terça-feira,1,TREB. MINAS,IFCO,6416,585.0,9
2025-09-09,terça-feira,1,TREB. MINAS,IFCO,6424,40.0,1
2025-09-10,quarta-feira,2,PH CORUMBA (PF),IFCO,6424,1120.0,1
2025-09-10,quarta-feira,2,PH UBAJARA,IFCO,6424,438.0,1
2025-09-10,quarta-feira,2,TREB. MINAS,HB,618,545.0,14
2025-09-10,quarta-feira,2,TREB. MINAS,HB,623,1619.05,25
2025-09-10,quarta-feira,2,TREB. MINAS,HB,NAO_INFORMADO,2.0,2
2025-09-10,quarta-feira,2,TREB. MINAS,IFCO,6416,592.0,163
2025-09-10,quarta-feira,2,TREB. MINAS,IFCO,6424,223.0,10
2025-09-11,quinta-feira,3,PH CORUMBA (PF),HB,623,1260.0,1
2025-09-11,quinta-feira,3,PH SUL (PF),IFCO,6424,188.0,5
2025-09-11,quinta-feira,3,PH UBAJARA,IFCO,6416,339.0,55
2025-09-11,quinta-feira,3,PH UBAJARA,IFCO,6424,543.0,29
2025-09-11,quinta-feira,3,TREB. MINAS,HB,618,1252.0,55
2025-09-11,quinta-feira,3,TREB. MINAS,HB,623,606.0,23
2025-09-11,quinta-feira,3,TREB. MINAS,HB,NAO_INFORMADO,150.0,9
2025-09-11,quinta-feira,3,TREB. MINAS,IFCO,6416,35.0,5
2025-09-11,quinta-feira,3,TREB. MINAS,IFCO,6424,728.0,7
2025-09-12,sexta-feira,4,PH ALHO/CEBOLA,IFCO,6424,360.0,1
2025-09-12,sexta-feira,4,PH CASCAVEL,IFCO,6424,636.0,2
2025-09-12,sexta-feira,4,PH CORUMBA (PF),HB,623,690.0,1
2025-09-12,sexta-feira,4,PH SUL (PF),IFCO,6424,80.0,6
2025-09-12,sexta-feira,4,PH UBAJARA,HB,618,86.0,15
2025-09-12,sexta-feira,4,PH UBAJARA,IFCO,6416,132.83333333333331,18
2025-09-12,sexta-feira,4,PH UBAJARA,IFCO,6424,81.35087719298245,13
2025-09-12,sexta-feira,4,TREB. MINAS,HB,618,453.0,23
2025-09-12,sexta-feira,4,TREB. MINAS,HB,623,660.0,5
2025-09-12,sexta-feira,4,TREB. MINAS,IFCO,6416,404.0,12
2025-09-12,sexta-feira,4,TREB. MINAS,IFCO,6424,227.0,13
2025-09-13,sábado,5,PH CASCAVEL,IFCO,6424,1336.0,5
2025-09-13,sábado,5,PH CORUMBA (PF),IFCO,6424,150.0,1
2025-09-13,sábado,5,PH UBAJARA,HB,618,208.0,44
2025-09-13,sábado,5,PH UBAJARA,HB,623,37.0,7
2025-09-13,sábado,5,PH UBAJARA,IFCO,6416,244.16666666666669,85
2025-09-13,sábado,5,PH UBAJARA,IFCO,6424,821.0,143
2025-09-13,sábado,5,TREB. MINAS,HB,618,950.0,43
2025-09-13,sábado,5,TREB. MINAS,HB,623,835.0,26
2025-09-13,sábado,5,TREB. MINAS,HB,NAO_INFORMADO,10.0,3
2025-09-13,sábado,5,TREB. MINAS,IFCO,6416,529.4,11
2025-09-13,sábado,5,TREB. MINAS,IFCO,6424,1097.0,6
2025-09-15,segunda-feira,0,PH CASCAVEL,IFCO,6424,640.0,1
2025-09-15,segunda-feira,0,PH CORUMBA (PF),HB,623,1950.0,3
2025-09-15,segunda-feira,0,PH CORUMBA (PF),IFCO,6424,320.0,1
2025-09-15,segunda-feira,0,PH SUL (PF),IFCO,6424,215.0,4
2025-09-15,segunda-feira,0,PH UBAJARA,HB,618,209.0,19
2025-09-15,segunda-feira,0,PH UBAJARA,HB,623,20.0,1
2025-09-15,segunda-feira,0,PH UBAJARA,IFCO,6416,0.133333333333333,1
2025-09-15,segunda-feira,0,TREB. MINAS,HB,618,280.1166666666667,19
2025-09-15,segunda-feira,0,TREB. MINAS,HB,623,133.04761904761904,8
2025-09-15,segunda-feira,0,TREB. MINAS,HB,NAO_INFORMADO,43.0,6
2025-09-15,segunda-feira,0,TREB. MINAS,IFCO,6416,200.0,11
2025-09-15,segunda-feira,0,TREB. MINAS,IFCO,6424,649.0,3
2025-09-16,terça-feira,1,PH CORUMBA (PF),HB,623,270.0,1
2025-09-16,terça-feira,1,PH CORUMBA (PF),IFCO,6424,1280.0,2
2025-09-16,terça-feira,1,PH SUL (PF),IFCO,6424,210.0,10
2025-09-16,terça-feira,1,PH UBAJARA,HB,618,110.0,16
2025-09-16,terça-feira,1,PH UBAJARA,HB,623,30.0,7
2025-09-16,terça-feira,1,PH UBAJARA,IFCO,6416,157.0,16
2025-09-16,terça-feira,1,PH UBAJARA,IFCO,6424,216.0,13
2025-09-16,terça-feira,1,TREB. MINAS,HB,618,707.0,33
2025-09-16,terça-feira,1,TREB. MINAS,HB,623,1049.0,27
2025-09-16,terça-feira,1,TREB. MINAS,HB,NAO_INFORMADO,34.0,6
2025-09-16,terça-feira,1,TREB. MINAS,IFCO,6416,621.0,87
2025-09-16,terça-feira,1,TREB. MINAS,IFCO,6424,320.0,3
2025-09-17,quarta-feira,2,PH CORUMBA (PF),HB,623,690.0,2
2025-09-17,quarta-feira,2,PH CORUMBA (PF),IFCO,6424,320.0,1
2025-09-17,quarta-feira,2,PH SUL (PF),IFCO,6424,103.0,7
2025-09-17,quarta-feira,2,PH UBAJARA,IFCO,6416,92.0,2
2025-09-17,quarta-feira,2,PH UBAJARA,IFCO,6424,236.0,3
2025-09-17,quarta-feira,2,TREB. MINAS,HB,618,722.0,13
2025-09-17,quarta-feira,2,TREB. MINAS,HB,623,1104.05,20
2025-09-17,quarta-feira,2,TREB. MINAS,IFCO,6416,408.3666666666666,20
2025-09-17,quarta-feira,2,TREB. MINAS,IFCO,6424,308.0,14
2025-09-18,quinta-feira,3,PH CASCAVEL,IFCO,6424,60.0,1
2025-09-18,quinta-feira,3,PH CORUMBA (PF),HB,623,690.0,1
2025-09-18,quinta-feira,3,PH CORUMBA (PF),IFCO,6424,1120.0,1
2025-09-18,quinta-feira,3,PH UBAJARA,HB,618,90.60429769392033,20
2025-09-18,quinta-feira,3,PH UBAJARA,HB,623,0.294117647058824,1
2025-09-18,quinta-feira,3,PH UBAJARA,IFCO,6416,57.0,9
2025-09-18,quinta-feira,3,PH UBAJARA,IFCO,6424,26.208333333333332,4
2025-09-18,quinta-feira,3,TREB. MINAS,HB,618,1160.0,55
2025-09-18,quinta-feira,3,TREB. MINAS,HB,623,1208.0,14
2025-09-18,quinta-feira,3,TREB. MINAS,HB,NAO_INFORMADO,83.0,6
2025-09-18,quinta-feira,3,TREB. MINAS,IFCO,6416,18.0,3
2025-09-18,quinta-feira,3,TREB. MINAS,IFCO,6424,17.0,5
2025-09-19,sexta-feira,4,PH CASCAVEL,IFCO,6424,716.0,1
2025-09-19,sexta-feira,4,PH CORUMBA (PF),HB,623,690.0,1
2025-09-19,sexta-feira,4,PH CORUMBA (PF),IFCO,6424,2240.0,2
2025-09-19,sexta-feira,4,PH UBAJARA,IFCO,6416,511.6,73
2025-09-19,sexta-feira,4,PH UBAJARA,IFCO,6424,489.3428571428571,61
2025-09-19,sexta-feira,4,TREB. MINAS,HB,618,157.0,18
2025-09-19,sexta-feira,4,TREB. MINAS,HB,623,70.0,2
2025-09-19,sexta-feira,4,TREB. MINAS,IFCO,6416,316.0,8
2025-09-19,sexta-feira,4,TREB. MINAS,IFCO,6424,2078.0,2
2025-09-20,sábado,5,PH CASCAVEL,IFCO,6424,720.0,2
2025-09-20,sábado,5,PH CORUMBA (PF),IFCO,6424,2424.0,4
2025-09-20,sábado,5,PH SUL (PF),IFCO,6424,33.0,2
2025-09-20,sábado,5,PH UBAJARA,HB,618,170.0,41
2025-09-20,sábado,5,PH UBAJARA,HB,623,14.0,7
2025-09-20,sábado,5,PH UBAJARA,IFCO,6416,429.2,38
2025-09-20,sábado,5,PH UBAJARA,IFCO,6424,1007.0,86
2025-09-20,sábado,5,TREB. MINAS,HB,618,690.0,37
2025-09-20,sábado,5,TREB. MINAS,HB,623,1518.0,31
2025-09-20,sábado,5,TREB. MINAS,HB,NAO_INFORMADO,8.0,3
2025-09-20,sábado,5,TREB. MINAS,IFCO,6416,484.0,12
2025-09-20,sábado,5,TREB. MINAS,IFCO,6424,1243.0,8
2025-09-22,segunda-feira,0,PH CASCAVEL,IFCO,6424,800.0,2
2025-09-22,segunda-feira,0,PH CORUMBA (PF),HB,623,690.0,1
2025-09-22,segunda-feira,0,PH UBAJARA,HB,618,176.0,14
2025-09-22,segunda-feira,0,PH UBAJARA,HB,623,30.0,1
2025-09-22,segunda-feira,0,TREB. MINAS,HB,618,609.0,25
2025-09-22,segunda-feira,0,TREB. MINAS,HB,623,1252.0,21
2025-09-22,segunda-feira,0,TREB. MINAS,HB,NAO_INFORMADO,17.0,3
2025-09-22,segunda-feira,0,TREB. MINAS,IFCO,6416,160.5,11
2025-09-22,segunda-feira,0,TREB. MINAS,IFCO,6424,1131.0,3
2025-09-22,segunda-feira,0,TREB. MINAS,IFCO,NAO_INFORMADO,1.0,1
2025-09-23,terça-feira,1,PH CASCAVEL,IFCO,6424,60.0,1
2025-09-23,terça-feira,1,PH CORUMBA (PF),HB,623,690.0,1
2025-09-23,terça-feira,1,PH SUL (PF),IFCO,6424,110.0,2
2025-09-23,terça-feira,1,PH UBAJARA,HB,618,50.0,14
2025-09-23,terça-feira,1,PH UBAJARA,HB,623,14.0,5
2025-09-23,terça-feira,1,PH UBAJARA,IFCO,6416,8.1,3
2025-09-23,terça-feira,1,PH UBAJARA,IFCO,6424,29.0,2
2025-09-23,terça-feira,1,TREB. MINAS,HB,618,1224.8666666666668,50
2025-09-23,terça-feira,1,TREB. MINAS,HB,623,939.3666666666667,16
2025-09-23,terça-feira,1,TREB. MINAS,IFCO,6416,679.0,139
2025-09-23,terça-feira,1,TREB. MINAS,IFCO,6424,120.0,1
2025-09-24,quarta-feira,2,PH SUL (PF),IFCO,6424,46.0,3
2025-09-24,quarta-feira,2,PH UBAJARA,HB,618,0.416666666666667,1
2025-09-24,quarta-feira,2,PH UBAJARA,IFCO,6416,425.0,19
2025-09-24,quarta-feira,2,PH UBAJARA,IFCO,6424,753.0,52
2025-09-24,quarta-feira,2,TREB. MINAS,HB,618,355.0,14
2025-09-24,quarta-feira,2,TREB. MINAS,HB,623,2357.0,19
2025-09-24,quarta-feira,2,TREB. MINAS,HB,NAO_INFORMADO,7.0,3
2025-09-24,quarta-feira,2,TREB. MINAS,IFCO,6416,351.0,14
2025-09-24,quarta-feira,2,TREB. MINAS,IFCO,6424,1081.0,12
2025-09-24,quarta-feira,2,TREB. MINAS,IFCO,NAO_INFORMADO,1.0,1
2025-09-25,quinta-feira,3,PH CASCAVEL,IFCO,6424,1120.0,2
2025-09-25,quinta-feira,3,PH CORUMBA (PF),HB,623,690.0,1
2025-09-25,quinta-feira,3,PH CORUMBA (PF),IFCO,6424,1380.0,2
2025-09-25,quinta-feira,3,PH SUL (PF),IFCO,6424,33.0,2
2025-09-25,quinta-feira,3,PH UBAJARA,HB,618,15.0,6
2025-09-25,quinta-feira,3,PH UBAJARA,HB,623,30.0,1
2025-09-25,quinta-feira,3,PH UBAJARA,IFCO,6416,39.0,13
2025-09-25,quinta-feira,3,PH UBAJARA,IFCO,6424,7.0,5
2025-09-25,quinta-feira,3,TREB. MINAS,HB,618,1024.0,42
2025-09-25,quinta-feira,3,TREB. MINAS,HB,623,1612.0,15
2025-09-25,quinta-feira,3,TREB. MINAS,HB,NAO_INFORMADO,29.0,4
2025-09-25,quinta-feira,3,TREB. MINAS,IFCO,6416,36.0,5
2025-09-25,quinta-feira,3,TREB. MINAS,IFCO,6424,839.0,5
2025-09-26,sexta-feira,4,PH ALHO/CEBOLA,HB,623,1440.0,2
2025-09-26,sexta-feira,4,PH CORUMBA (PF),HB,623,690.0,1
2025-09-26,sexta-feira,4,PH CORUMBA (PF),IFCO,6424,2240.0,2
2025-09-26,sexta-feira,4,PH SUL (PF),IFCO,6424,89.0,5
2025-09-26,sexta-feira,4,PH UBAJARA,HB,618,326.0,10
2025-09-26,sexta-feira,4,PH UBAJARA,IFCO,6416,44.0,7
2025-09-26,sexta-feira,4,PH UBAJARA,IFCO,6424,170.0,11
2025-09-26,sexta-feira,4,TREB. MINAS,HB,618,255.0,20
2025-09-26,sexta-feira,4,TREB. MINAS,HB,623,105.0,3
2025-09-26,sexta-feira,4,TREB. MINAS,IFCO,6416,322.0,6
2025-09-26,sexta-feira,4,TREB. MINAS,IFCO,6424,3270.0,4
2025-09-27,sábado,5,PH CASCAVEL,IFCO,6424,1129.0,2
2025-09-27,sábado,5,PH CORUMBA (PF),HB,623,720.0,1
2025-09-27,sábado,5,PH CORUMBA (PF),IFCO,6424,1400.0,3
2025-09-27,sábado,5,PH UBAJARA,HB,618,229.1320754716981,41
2025-09-27,sábado,5,PH UBAJARA,HB,623,39.0,7
2025-09-27,sábado,5,PH UBAJARA,IFCO,6416,587.2666666666668,63
2025-09-27,sábado,5,PH UBAJARA,IFCO,6424,1149.0,75
2025-09-27,sábado,5,TREB. MINAS,HB,618,2052.0,54
2025-09-27,sábado,5,TREB. MINAS,HB,623,2176.0,32
2025-09-27,sábado,5,TREB. MINAS,HB,NAO_INFORMADO,6.0,2
2025-09-27,sábado,5,TREB. MINAS,IFCO,6416,444.0,14
2025-09-27,sábado,5,TREB. MINAS,IFCO,6424,1940.0,5
2025-09-29,segunda-feira,0,PH CASCAVEL,IFCO,6424,2642.0,7
2025-09-29,segunda-feira,0,PH CORUMBA (PF),HB,623,1500.0,3
2025-09-29,segunda-feira,0,PH SUL (PF),IFCO,6424,96.0,7
2025-09-29,segunda-feira,0,PH UBAJARA,HB,618,265.0,20
2025-09-29,segunda-feira,0,PH UBAJARA,HB,623,20.0,1
2025-09-29,segunda-feira,0,PH UBAJARA,IFCO,6416,44.476190476190474,8
2025-09-29,segunda-feira,0,PH UBAJARA,IFCO,6424,2.0,2
2025-09-29,segunda-feira,0,TREB. MINAS,HB,618,608.0,32
2025-09-29,segunda-feira,0,TREB. MINAS,HB,623,2125.0,21
2025-09-29,segunda-feira,0,TREB. MINAS,HB,NAO_INFORMADO,3.0,2
2025-09-29,segunda-feira,0,TREB. MINAS,IFCO,6416,196.0,6
2025-09-29,segunda-feira,0,TREB. MINAS,IFCO,6424,640.0,1
2025-09-29,segunda-feira,0,TREB. MINAS,IFCO,NAO_INFORMADO,1.0,1
2025-09-30,terça-feira,1,PH SUL (PF),IFCO,6424,282.0,6
2025-09-30,terça-feira,1,PH UBAJARA,HB,618,152.0,15
2025-09-30,terça-feira,1,PH UBAJARA,HB,623,58.0,6
2025-09-30,terça-feira,1,PH UBAJARA,IFCO,6416,520.0,21
2025-09-30,terça-feira,1,PH UBAJARA,IFCO,6424,631.0,18
2025-09-30,terça-feira,1,TREB GOIANIA - GALPAO CD,HB,623,13.0,3
2025-09-30,terça-feira,1,TREB. MINAS,HB,618,584.0,29
2025-09-30,terça-feira,1,TREB. MINAS,HB,623,1362.0,19
2025-09-30,terça-feira,1,TREB. MINAS,HB,NAO_INFORMADO,30.0,5
2025-09-30,terça-feira,1,TREB. MINAS,IFCO,6416,667.0,111
2025-09-30,terça-feira,1,TREB. MINAS,IFCO,6424,40.0,1
2025-09-30,terça-feira,1,TREB. MINAS,IFCO,NAO_INFORMADO,2.0,1
2025-10-01,quarta-feira,2,PH CASCAVEL,IFCO,6424,1340.0,4
2025-10-01,quarta-feira,2,PH CORUMBA (PF),HB,623,1260.0,1
2025-10-01,quarta-feira,2,PH CORUMBA (PF),IFCO,6424,300.0,1
2025-10-01,quarta-feira,2,PH SUL (PF),IFCO,6424,102.0,6
2025-10-01,quarta-feira,2,PH UBAJARA,HB,618,0.943396226415094,1
2025-10-01,quarta-feira,2,TREB. MINAS,HB,618,1127.0,17
2025-10-01,quarta-feira,2,TREB. MINAS,HB,623,1486.0,23
2025-10-01,quarta-feira,2,TREB. MINAS,HB,NAO_INFORMADO,1.0,1
2025-10-01,quarta-feira,2,TREB. MINAS,IFCO,6416,341.0,11
2025-10-01,quarta-feira,2,TREB. MINAS,IFCO,6424,473.0,5
2025-10-02,quinta-feira,3,PH CORUMBA (PF),IFCO,6424,320.0,2
2025-10-02,quinta-feira,3,PH SUL (PF),IFCO,6424,252.0,2
2025-10-02,quinta-feira,3,PH UBAJARA,HB,618,112.0,15
2025-10-02,quinta-feira,3,PH UBAJARA,HB,623,6.0,1
2025-10-02,quinta-feira,3,PH UBAJARA,IFCO,6416,204.0,21
2025-10-02,quinta-feira,3,PH UBAJARA,IFCO,6424,82.0,8
2025-10-02,quinta-feira,3,TREB GOIANIA - GALPAO CD,HB,623,27.0,6
2025-10-02,quinta-feira,3,TREB. MINAS,HB,618,911.0,50
2025-10-02,quinta-feira,3,TREB. MINAS,HB,623,1577.0,16
2025-10-02,quinta-feira,3,TREB. MINAS,HB,NAO_INFORMADO,115.0,6
2025-10-02,quinta-feira,3,TREB. MINAS,IFCO,6416,25.0,5
2025-10-02,quinta-feira,3,TREB. MINAS,IFCO,6424,31.0,5
2025-10-03,sexta-feira,4,PH ALHO/CEBOLA,HB,623,720.0,1
2025-10-03,sexta-feira,4,PH CASCAVEL,IFCO,6424,1760.0,4
2025-10-03,sexta-feira,4,PH SUL (PF),IFCO,6424,123.0,7
2025-10-03,sexta-feira,4,PH UBAJARA,HB,618,0.188679245283019,1
2025-10-03,sexta-feira,4,PH UBAJARA,IFCO,6424,200.0,1
2025-10-03,sexta-feira,4,TREB. MINAS,HB,618,431.0,21
2025-10-03,sexta-feira,4,TREB. MINAS,HB,623,1077.0,5
2025-10-03,sexta-feira,4,TREB. MINAS,IFCO,6416,331.0,6
2025-10-04,sábado,5,PH CASCAVEL,IFCO,6424,60.0,1
2025-10-04,sábado,5,PH CORUMBA (PF),HB,623,690.0,1
2025-10-04,sábado,5,PH CORUMBA (PF),IFCO,6424,200.0,1
2025-10-04,sábado,5,PH UBAJARA,HB,618,253.0,43
2025-10-04,sábado,5,PH UBAJARA,HB,623,60.0,8
2025-10-04,sábado,5,PH UBAJARA,IFCO,6416,403.7,82
2025-10-04,sábado,5,PH UBAJARA,IFCO,6424,571.0,59
2025-10-04,sábado,5,TREB. MINAS,HB,618,1108.0,35
2025-10-04,sábado,5,TREB. MINAS,HB,623,709.0,22
2025-10-04,sábado,5,TREB. MINAS,HB,NAO_INFORMADO,97.0,4
2025-10-04,sábado,5,TREB. MINAS,IFCO,6416,530.0,11
2025-10-04,sábado,5,TREB. MINAS,IFCO,6424,1087.0,8
2025-10-04,sábado,5,TREB. MINAS,IFCO,NAO_INFORMADO,2.0,1
2025-10-06,segunda-feira,0,PH CASCAVEL,IFCO,6424,430.0,3
2025-10-06,segunda-feira,0,PH CORUMBA (PF),HB,623,720.0,1
2025-10-06,segunda-feira,0,PH SUL (PF),IFCO,6424,35.0,3
2025-10-06,segunda-feira,0,PH UBAJARA,HB,618,273.0,19
2025-10-06,segunda-feira,0,PH UBAJARA,IFCO,6424,545.0,14
2025-10-06,segunda-feira,0,TREB. MINAS,HB,618,489.0,30
2025-10-06,segunda-feira,0,TREB. MINAS,HB,623,820.0,19
2025-10-06,segunda-feira,0,TREB. MINAS,HB,NAO_INFORMADO,27.0,4
2025-10-06,segunda-feira,0,TREB. MINAS,IFCO,6416,355.0,10
2025-10-06,segunda-feira,0,TREB. MINAS,IFCO,6424,10.0,3
2025-10-06,segunda-feira,0,TREB. MINAS,IFCO,NAO_INFORMADO,2.0,1
2025-10-07,terça-feira,1,PH SUL (PF),IFCO,6424,26.0,1
2025-10-07,terça-feira,1,PH UBAJARA,HB,618,93.0,15
2025-10-07,terça-feira,1,PH UBAJARA,HB,623,119.0,9
2025-10-07,terça-feira,1,PH UBAJARA,IFCO,6416,12.0,3
2025-10-07,terça-feira,1,PH UBAJARA,IFCO,6424,54.0,5
2025-10-07,terça-feira,1,TREB. MINAS,HB,618,582.0,34
2025-10-07,terça-feira,1,TREB. MINAS,HB,623,901.0,15
2025-10-07,terça-feira,1,TREB. MINAS,HB,NAO_INFORMADO,28.0,3
2025-10-07,terça-feira,1,TREB. MINAS,IFCO,6416,732.0,146
2025-10-07,terça-feira,1,TREB. MINAS,IFCO,6424,60.0,2
2025-10-08,quarta-feira,2,PH UBAJARA,HB,618,1.273584905660377,3
2025-10-08,quarta-feira,2,PH UBAJARA,IFCO,6416,174.0,23
2025-10-08,quarta-feira,2,PH UBAJARA,IFCO,6424,114.54411764705881,17
2025-10-08,quarta-feira,2,TREB. MINAS,HB,618,267.0,12
2025-10-08,quarta-feira,2,TREB. MINAS,HB,623,213.0,18
2025-10-08,quarta-feira,2,TREB. MINAS,HB,NAO_INFORMADO,2.0,2
2025-10-08,quarta-feira,2,TREB. MINAS,IFCO,6416,460.0,12
2025-10-08,quarta-feira,2,TREB. MINAS,IFCO,6424,331.0,7
2025-10-09,quinta-feira,3,PH CASCAVEL,IFCO,6424,60.0,1
2025-10-09,quinta-feira,3,PH CORUMBA (PF),HB,623,1260.0,1
2025-10-09,quinta-feira,3,PH CORUMBA (PF),IFCO,6424,100.0,1
2025-10-09,quinta-feira,3,PH SUL (PF),IFCO,6424,8.0,1
2025-10-09,quinta-feira,3,PH UBAJARA,HB,618,128.0,19
2025-10-09,quinta-feira,3,PH UBAJARA,HB,623,30.0,1
2025-10-09,quinta-feira,3,PH UBAJARA,IFCO,6416,111.0,11
2025-10-09,quinta-feira,3,PH UBAJARA,IFCO,6424,1.0,1
2025-10-09,quinta-feira,3,TREB. MINAS,HB,618,1112.0,50
2025-10-09,quinta-feira,3,TREB. MINAS,HB,623,900.0,13
2025-10-09,quinta-feira,3,TREB. MINAS,HB,NAO_INFORMADO,94.0,5
2025-10-10,sexta-feira,4,PH UBAJARA,IFCO,6416,246.0,52
2025-10-10,sexta-feira,4,PH UBAJARA,IFCO,6424,1478.0,41
2025-10-10,sexta-feira,4,TREB. MINAS,HB,618,309.0,18
2025-10-10,sexta-feira,4,TREB. MINAS,HB,623,2057.0,19
2025-10-10,sexta-feira,4,TREB. MINAS,HB,NAO_INFORMADO,66.0,4
2025-10-10,sexta-feira,4,TREB. MINAS,IFCO,6416,306.0,8
2025-10-10,sexta-feira,4,TREB. MINAS,IFCO,6424,1640.0,4
2025-10-11,sábado,5,PH CASCAVEL,IFCO,6424,1290.0,6
2025-10-11,sábado,5,PH CORUMBA (PF),IFCO,6424,310.0,2
2025-10-11,sábado,5,PH UBAJARA,HB,618,426.0,42
2025-10-11,sábado,5,PH UBAJARA,HB,623,28.0,6
2025-10-11,sábado,5,PH UBAJARA,IFCO,6416,419.06666666666666,29
2025-10-11,sábado,5,PH UBAJARA,IFCO,6424,614.0,36
2025-10-11,sábado,5,TREB. MINAS,HB,618,835.0,36
2025-10-11,sábado,5,TREB. MINAS,HB,623,247.0,18
2025-10-11,sábado,5,TREB. MINAS,HB,NAO_INFORMADO,2.0,2
2025-10-11,sábado,5,TREB. MINAS,IFCO,6416,520.0,21
2025-10-11,sábado,5,TREB. MINAS,IFCO,6424,1234.0,10
2025-10-13,segunda-feira,0,PH CASCAVEL,IFCO,6424,1120.0,2
2025-10-13,segunda-feira,0,PH CORUMBA (PF),HB,623,720.0,2
2025-10-13,segunda-feira,0,PH UBAJARA,HB,618,304.2830188679245,22
2025-10-13,segunda-feira,0,PH UBAJARA,HB,623,35.0,2
2025-10-13,segunda-feira,0,PH UBAJARA,IFCO,6416,230.0,15
2025-10-13,segunda-feira,0,TREB. MINAS,HB,618,563.0,26
2025-10-13,segunda-feira,0,TREB. MINAS,HB,623,879.0,22
2025-10-13,segunda-feira,0,TREB. MINAS,HB,NAO_INFORMADO,12.0,2
2025-10-13,segunda-feira,0,TREB. MINAS,IFCO,6416,207.0,7
2025-10-13,segunda-feira,0,TREB. MINAS,IFCO,NAO_INFORMADO,1.0,1
2025-10-14,terça-feira,1,PH CASCAVEL,IFCO,6424,60.0,1
2025-10-14,terça-feira,1,PH CORUMBA (PF),HB,623,1380.0,3
2025-10-14,terça-feira,1,PH CORUMBA (PF),IFCO,6424,100.0,1
2025-10-14,terça-feira,1,PH UBAJARA,HB,618,73.0,13
2025-10-14,terça-feira,1,PH UBAJARA,HB,623,41.0,7
2025-10-14,terça-feira,1,PH UBAJARA,IFCO,6416,262.27272727272725,22
2025-10-14,terça-feira,1,PH UBAJARA,IFCO,6424,1361.3636363636365,44
2025-10-14,terça-feira,1,TREB. MINAS,HB,618,362.0,31
2025-10-14,terça-feira,1,TREB. MINAS,HB,623,135.0,10
2025-10-14,terça-feira,1,TREB. MINAS,HB,NAO_INFORMADO,21.0,4
2025-10-14,terça-feira,1,TREB. MINAS,IFCO,6416,869.0,186
2025-10-14,terça-feira,1,TREB. MINAS,IFCO,6424,680.0,2
2025-10-15,quarta-feira,2,PH CASCAVEL,IFCO,6424,1189.0,7
2025-10-15,quarta-feira,2,PH UBAJARA,IFCO,6416,45.0,9
2025-10-15,quarta-feira,2,PH UBAJARA,IFCO,6424,20.0,3
2025-10-15,quarta-feira,2,TREB. MINAS,HB,618,402.0,11
2025-10-15,quarta-feira,2,TREB. MINAS,HB,623,3887.0,33
2025-10-15,quarta-feira,2,TREB. MINAS,HB,NAO_INFORMADO,1.0,1
2025-10-15,quarta-feira,2,TREB. MINAS,IFCO,6416,404.0,16
2025-10-15,quarta-feira,2,TREB. MINAS,IFCO,6424,470.0,9
2025-10-16,quinta-feira,3,PH CORUMBA (PF),HB,623,690.0,1
2025-10-16,quinta-feira,3,PH CORUMBA (PF),IFCO,6424,700.0,2
2025-10-16,quinta-feira,3,PH UBAJARA,HB,618,0.416666666666667,1
2025-10-16,quinta-feira,3,PH UBAJARA,IFCO,6416,74.0,7
2025-10-16,quinta-feira,3,PH UBAJARA,IFCO,6424,3173.0,7
2025-10-16,quinta-feira,3,TREB. MINAS,HB,618,1021.0,59
2025-10-16,quinta-feira,3,TREB. MINAS,HB,623,490.0,25
2025-10-16,quinta-feira,3,TREB. MINAS,HB,NAO_INFORMADO,89.0,7
2025-10-16,quinta-feira,3,TREB. MINAS,IFCO,6416,44.0,5
2025-10-16,quinta-feira,3,TREB. MINAS,IFCO,6424,1722.0,7
2025-10-17,sexta-feira,4,PH CASCAVEL,IFCO,6424,800.0,2
2025-10-17,sexta-feira,4,PH UBAJARA,HB,618,82.0,18
2025-10-17,sexta-feira,4,TREB. MINAS,HB,618,493.0,20
2025-10-17,sexta-feira,4,TREB. MINAS,HB,623,1736.0,5
2025-10-17,sexta-feira,4,TREB. MINAS,IFCO,6416,337.0,6
2025-10-17,sexta-feira,4,TREB. MINAS,IFCO,6424,1560.0,2
2025-10-18,sábado,5,PH UBAJARA,HB,618,211.0,40
2025-10-18,sábado,5,PH UBAJARA,HB,623,22.07894736842105,7
2025-10-18,sábado,5,PH UBAJARA,IFCO,6416,606.0,79
2025-10-18,sábado,5,PH UBAJARA,IFCO,6424,635.6666666666666,52
2025-10-18,sábado,5,TREB. MINAS,HB,618,1387.0,55
2025-10-18,sábado,5,TREB. MINAS,HB,623,618.0,52
2025-10-18,sábado,5,TREB. MINAS,HB,NAO_INFORMADO,73.0,12
2025-10-18,sábado,5,TREB. MINAS,IFCO,6416,615.0,21
2025-10-18,sábado,5,TREB. MINAS,IFCO,6424,683.0,5
2025-10-20,segunda-feira,0,PH CASCAVEL,IFCO,6424,1930.0,6
2025-10-20,segunda-feira,0,PH CORUMBA (PF),HB,623,1410.0,3
2025-10-20,segunda-feira,0,PH UBAJARA,HB,618,262.0,24
2025-10-20,segunda-feira,0,PH UBAJARA,HB,623,1.009109311740891,2
2025-10-20,segunda-feira,0,PH UBAJARA,HB,NAO_INFORMADO,0.4,1
2025-10-20,segunda-feira,0,PH UBAJARA,IFCO,6424,2.29166666666667,1
2025-10-20,segunda-feira,0,TREB. MINAS,HB,618,384.0,14
2025-10-20,segunda-feira,0,TREB. MINAS,HB,623,228.0,5
2025-10-20,segunda-feira,0,TREB. MINAS,IFCO,6416,400.0,9
2025-10-20,segunda-feira,0,TREB. MINAS,IFCO,6424,640.0,1
2025-10-20,segunda-feira,0,TREB. MINAS,IFCO,NAO_INFORMADO,1.0,1
2025-10-21,terça-feira,1,PH UBAJARA,HB,618,136.0,14
2025-10-21,terça-feira,1,PH UBAJARA,HB,623,27.0,6
2025-10-21,terça-feira,1,PH UBAJARA,IFCO,6416,261.0,25
2025-10-21,terça-feira,1,PH UBAJARA,IFCO,6424,278.0,30
2025-10-21,terça-feira,1,TREB. MINAS,HB,618,1284.0,36
2025-10-21,terça-feira,1,TREB. MINAS,HB,623,327.0,11
2025-10-21,terça-feira,1,TREB. MINAS,HB,NAO_INFORMADO,45.0,5
2025-10-21,terça-feira,1,TREB. MINAS,IFCO,6416,667.0,123
2025-10-21,terça-feira,1,TREB. MINAS,IFCO,6424,640.0,1
2025-10-22,quarta-feira,2,PH CASCAVEL,IFCO,6424,605.0,3
2025-10-22,quarta-feira,2,PH SUL (PF),IFCO,6424,5.0,1
2025-10-22,quarta-feira,2,PH UBAJARA,HB,618,0.566037735849057,1
2025-10-22,quarta-feira,2,TREB. MINAS,HB,618,808.0,14
2025-10-22,quarta-feira,2,TREB. MINAS,HB,623,1619.0,28
2025-10-22,quarta-feira,2,TREB. MINAS,HB,NAO_INFORMADO,2.0,2
2025-10-22,quarta-feira,2,TREB. MINAS,IFCO,6416,603.0,15
2025-10-22,quarta-feira,2,TREB. MINAS,IFCO,6424,588.0,6
2025-10-22,quarta-feira,2,TREB. MINAS,IFCO,NAO_INFORMADO,2.0,1
2025-10-23,quinta-feira,3,PH CORUMBA (PF),HB,623,690.0,1
2025-10-23,quinta-feira,3,PH UBAJARA,HB,618,79.88679245283019,16
2025-10-23,quinta-feira,3,PH UBAJARA,HB,623,0.9716599190283399,2
2025-10-23,quinta-feira,3,PH UBAJARA,HB,NAO_INFORMADO,6.75,2
2025-10-23,quinta-feira,3,PH UBAJARA,IFCO,6416,59.0,12
2025-10-23,quinta-feira,3,PH UBAJARA,IFCO,6424,236.41666666666666,7
2025-10-23,quinta-feira,3,TREB. MINAS,HB,618,944.0,51
2025-10-23,quinta-feira,3,TREB. MINAS,HB,623,1796.0,30
2025-10-23,quinta-feira,3,TREB. MINAS,HB,NAO_INFORMADO,100.0,12
2025-10-23,quinta-feira,3,TREB. MINAS,IFCO,6416,120.0,5
2025-10-23,quinta-feira,3,TREB. MINAS,IFCO,6424,1008.0,6
2025-10-24,sexta-feira,4,TREB. MINAS,HB,618,458.0,29
2025-10-24,sexta-feira,4,TREB. MINAS,HB,623,2050.0,10
2025-10-24,sexta-feira,4,TREB. MINAS,IFCO,6416,402.0,7
2025-10-24,sexta-feira,4,TREB. MINAS,IFCO,6424,640.0,1
2025-10-25,sábado,5,PH CASCAVEL,IFCO,6424,512.0,4
2025-10-25,sábado,5,PH UBAJARA,HB,618,336.0,43
2025-10-25,sábado,5,PH UBAJARA,HB,623,30.0,8
2025-10-25,sábado,5,PH UBAJARA,IFCO,6416,307.2,69
2025-10-25,sábado,5,PH UBAJARA,IFCO,6424,703.0,60
2025-10-25,sábado,5,TREB. CEARA,IFCO,6416,41.0,3
2025-10-25,sábado,5,TREB. MINAS,HB,618,1558.0,55
2025-10-25,sábado,5,TREB. MINAS,HB,623,1660.0,49
2025-10-25,sábado,5,TREB. MINAS,HB,NAO_INFORMADO,10.0,5
2025-10-25,sábado,5,TREB. MINAS,IFCO,6416,620.0,14
2025-10-25,sábado,5,TREB. MINAS,IFCO,6424,41.0,6
2025-10-26,domingo,6,PH UBAJARA,IFCO,6416,157.0,17
2025-10-26,domingo,6,PH UBAJARA,IFCO,6424,60.0,10
2025-10-27,segunda-feira,0,PH CORUMBA (PF),HB,618,10.0,2
2025-10-27,segunda-feira,0,PH UBAJARA,HB,618,350.0,21
2025-10-27,segunda-feira,0,PH UBAJARA,HB,623,35.0,2
2025-10-27,segunda-feira,0,TREB. MINAS,HB,618,966.0,31
2025-10-27,segunda-feira,0,TREB. MINAS,HB,623,1306.0,7
2025-10-27,segunda-feira,0,TREB. MINAS,IFCO,6416,168.0,6
2025-10-27,segunda-feira,0,TREB. MINAS,IFCO,NAO_INFORMADO,2.0,1
2025-10-28,terça-feira,1,PH CASCAVEL,IFCO,6424,60.0,1
2025-10-28,terça-feira,1,PH UBAJARA,HB,618,125.0,14
2025-10-28,terça-feira,1,PH UBAJARA,HB,623,86.0,7
2025-10-28,terça-feira,1,PH UBAJARA,IFCO,6416,358.06666666666666,41
2025-10-28,terça-feira,1,PH UBAJARA,IFCO,6424,727.0,36
2025-10-28,terça-feira,1,TREB. MINAS,HB,618,455.0,31
2025-10-28,terça-feira,1,TREB. MINAS,HB,623,1062.0,24
2025-10-28,terça-feira,1,TREB. MINAS,HB,NAO_INFORMADO,30.0,6
2025-10-28,terça-feira,1,TREB. MINAS,IFCO,6416,618.0,35
2025-10-28,terça-feira,1,TREB. MINAS,IFCO,6424,1120.0,1
2025-10-28,terça-feira,1,TREB. MINAS,IFCO,NAO_INFORMADO,1.0,1
2025-10-29,quarta-feira,2,PH CASCAVEL,IFCO,6424,424.0,3
2025-10-29,quarta-feira,2,PH UBAJARA,HB,618,88.0,17
2025-10-29,quarta-feira,2,PH UBAJARA,HB,623,63.0,3
2025-10-29,quarta-feira,2,PH UBAJARA,IFCO,6416,114.0,5
2025-10-29,quarta-feira,2,PH UBAJARA,IFCO,6424,638.5,34
2025-10-29,quarta-feira,2,TREB. MINAS,HB,618,1034.0,24
2025-10-29,quarta-feira,2,TREB. MINAS,HB,623,2182.0,27
2025-10-29,quarta-feira,2,TREB. MINAS,HB,NAO_INFORMADO,8.0,5
2025-10-29,quarta-feira,2,TREB. MINAS,IFCO,6416,231.0,6
2025-10-30,quinta-feira,3,PH CORUMBA (PF),HB,618,35.0,2
2025-10-30,quinta-feira,3,PH UBAJARA,IFCO,6416,89.0,12
2025-10-30,quinta-feira,3,PH UBAJARA,IFCO,6424,1148.0,3
2025-10-30,quinta-feira,3,TREB. MINAS,HB,618,805.0,51
2025-10-30,quinta-feira,3,TREB. MINAS,HB,623,1392.0,21
2025-10-30,quinta-feira,3,TREB. MINAS,HB,NAO_INFORMADO,227.0,12
2025-10-30,quinta-feira,3,TREB. MINAS,IFCO,6416,235.0,8
2025-10-30,quinta-feira,3,TREB. MINAS,IFCO,6424,1298.0,11
2025-10-31,sexta-feira,4,PH CASCAVEL,IFCO,6424,640.0,1
2025-10-31,sexta-feira,4,PH UBAJARA,IFCO,6416,351.0,59
2025-10-31,sexta-feira,4,PH UBAJARA,IFCO,6424,603.0,32
2025-10-31,sexta-feira,4,TREB. CEARA,IFCO,6416,3.0,2
2025-10-31,sexta-feira,4,TREB. CEARA,IFCO,6424,12.0,3
2025-10-31,sexta-feira,4,TREB. MINAS,HB,618,529.0,24
2025-10-31,sexta-feira,4,TREB. MINAS,HB,623,1180.0,19
2025-10-31,sexta-feira,4,TREB. MINAS,HB,NAO_INFORMADO,60.0,2
2025-10-31,sexta-feira,4,TREB. MINAS,IFCO,6416,518.0,9
2025-10-31,sexta-feira,4,TREB. MINAS,IFCO,6424,1400.0,2
2025-11-01,sábado,5,PH CASCAVEL,IFCO,6424,60.0,1
2025-11-01,sábado,5,PH UBAJARA,HB,618,128.0,32
2025-11-01,sábado,5,PH UBAJARA,HB,623,99.0,9
2025-11-01,sábado,5,PH UBAJARA,IFCO,6416,291.1,31
2025-11-01,sábado,5,PH UBAJARA,IFCO,6424,348.0,25
2025-11-01,sábado,5,TREB. CEARA,IFCO,6416,59.0,2
2025-11-01,sábado,5,TREB. MINAS,HB,618,1337.0,56
2025-11-01,sábado,5,TREB. MINAS,HB,623,1476.0,15
2025-11-01,sábado,5,TREB. MINAS,HB,NAO_INFORMADO,26.0,2
2025-11-01,sábado,5,TREB. MINAS,IFCO,6416,460.0,11
2025-11-01,sábado,5,TREB. MINAS,IFCO,6424,200.0,1
2025-11-03,segunda-feira,0,PH CASCAVEL,IFCO,6424,1549.0,5
2025-11-03,segunda-feira,0,PH CORUMBA (PF),HB,618,5.0,1
2025-11-03,segunda-feira,0,PH CORUMBA (PF),IFCO,6424,100.0,1
2025-11-03,segunda-feira,0,PH UBAJARA,HB,618,282.0,15
2025-11-03,segunda-feira,0,PH UBAJARA,HB,623,33.0,2
2025-11-03,segunda-feira,0,TREB. MINAS,HB,618,567.0,32
2025-11-03,segunda-feira,0,TREB. MINAS,HB,623,1549.0,47
2025-11-03,segunda-feira,0,TREB. MINAS,HB,NAO_INFORMADO,17.0,4
2025-11-03,segunda-feira,0,TREB. MINAS,IFCO,6416,493.0,9
2025-11-03,segunda-feira,0,TREB. MINAS,IFCO,NAO_INFORMADO,2.0,1
2025-11-04,terça-feira,1,PH CASCAVEL,IFCO,6424,1120.0,1
2025-11-04,terça-feira,1,PH UBAJARA,HB,618,171.0,15
2025-11-04,terça-feira,1,PH UBAJARA,HB,623,57.0,7
2025-11-04,terça-feira,1,PH UBAJARA,IFCO,6416,461.2,34
2025-11-04,terça-feira,1,PH UBAJARA,IFCO,6424,690.0,33
2025-11-04,terça-feira,1,TREB. CEARA,IFCO,6416,32.0,2
2025-11-04,terça-feira,1,TREB. MINAS,HB,618,839.3333333333334,43
2025-11-04,terça-feira,1,TREB. MINAS,HB,623,1768.6875,29
2025-11-04,terça-feira,1,TREB. MINAS,HB,NAO_INFORMADO,27.0,5
2025-11-04,terça-feira,1,TREB. MINAS,IFCO,6416,808.0,143
2025-11-04,terça-feira,1,TREB. MINAS,IFCO,6424,500.0,3
2025-11-04,terça-feira,1,TREB. MINAS,IFCO,NAO_INFORMADO,2.0,1
2025-11-05,quarta-feira,2,PH CASCAVEL,IFCO,6424,468.0,3
2025-11-05,quarta-feira,2,PH CORUMBA (PF),IFCO,6424,50.0,1
2025-11-05,quarta-feira,2,TREB. MINAS,HB,618,777.0,14
2025-11-05,quarta-feira,2,TREB. MINAS,HB,623,2693.0,29
2025-11-05,quarta-feira,2,TREB. MINAS,HB,NAO_INFORMADO,9.0,5
2025-11-05,quarta-feira,2,TREB. MINAS,IFCO,6416,462.7333333333334,19
2025-11-05,quarta-feira,2,TREB. MINAS,IFCO,6424,1136.0,11
2025-11-06,quinta-feira,3,PH CORUMBA (PF),HB,618,160.0,6
2025-11-06,quinta-feira,3,PH CORUMBA (PF),IFCO,6416,10.0,1
2025-11-06,quinta-feira,3,PH UBAJARA,HB,618,161.0220125786163,20
2025-11-06,quinta-feira,3,PH UBAJARA,HB,623,30.58823529411765,2
2025-11-06,quinta-feira,3,PH UBAJARA,IFCO,6416,198.53333333333333,31
2025-11-06,quinta-feira,3,PH UBAJARA,IFCO,6424,154.92113095238096,19
2025-11-06,quinta-feira,3,TREB. MINAS,HB,618,631.0,48
2025-11-06,quinta-feira,3,TREB. MINAS,HB,623,1642.0,18
2025-11-06,quinta-feira,3,TREB. MINAS,HB,NAO_INFORMADO,57.0,4
2025-11-06,quinta-feira,3,TREB. MINAS,IFCO,6416,93.73333333333333,13
2025-11-06,quinta-feira,3,TREB. MINAS,IFCO,6424,1542.0,6
2025-11-07,sexta-feira,4,PH UBAJARA,IFCO,6416,252.0,56
2025-11-07,sexta-feira,4,PH UBAJARA,IFCO,6424,363.0,35
2025-11-07,sexta-feira,4,TREB. CEARA,IFCO,6416,5.0,4
2025-11-07,sexta-feira,4,TREB. MINAS,HB,618,332.0,22
2025-11-07,sexta-feira,4,TREB. MINAS,HB,623,2623.0,24
2025-11-07,sexta-feira,4,TREB. MINAS,HB,NAO_INFORMADO,39.0,2
2025-11-07,sexta-feira,4,TREB. MINAS,IFCO,6416,521.0,6
2025-11-07,sexta-feira,4,TREB. MINAS,IFCO,6424,640.0,1
2025-11-08,sábado,5,PH CASCAVEL,IFCO,6424,1200.0,8
2025-11-08,sábado,5,PH UBAJARA,HB,618,203.0,37
2025-11-08,sábado,5,PH UBAJARA,HB,623,91.0,8
2025-11-08,sábado,5,PH UBAJARA,HB,NAO_INFORMADO,1.0,1
2025-11-08,sábado,5,PH UBAJARA,IFCO,6416,269.0,41
2025-11-08,sábado,5,PH UBAJARA,IFCO,6424,276.0,37
2025-11-08,sábado,5,TREB. CEARA,IFCO,6416,43.0,2
2025-11-08,sábado,5,TREB. MINAS,HB,618,1086.0,51
2025-11-08,sábado,5,TREB. MINAS,HB,623,1732.0,43
2025-11-08,sábado,5,TREB. MINAS,HB,NAO_INFORMADO,3.0,2
2025-11-08,sábado,5,TREB. MINAS,IFCO,6416,1389.0,12
2025-11-08,sábado,5,TREB. MINAS,IFCO,6424,1990.0,10
2025-11-09,domingo,6,TREB. CEARA,IFCO,6424,1.0,1
2025-11-10,segunda-feira,0,PH CASCAVEL,IFCO,6424,720.0,1
2025-11-10,segunda-feira,0,PH CORUMBA (PF),HB,618,40.0,3
2025-11-10,segunda-feira,0,PH UBAJARA,HB,618,107.28301886792453,13
2025-11-10,segunda-feira,0,PH UBAJARA,HB,623,35.0,2
2025-11-10,segunda-feira,0,PH UBAJARA,IFCO,6416,30.0,3
2025-11-10,segunda-feira,0,PH UBAJARA,IFCO,6424,378.0,21
2025-11-10,segunda-feira,0,TREB. CEARA,IFCO,6424,24.0,3
2025-11-10,segunda-feira,0,TREB. MINAS,HB,618,450.0,15
2025-11-10,segunda-feira,0,TREB. MINAS,HB,623,1614.0,8
2025-11-10,segunda-feira,0,TREB. MINAS,IFCO,6416,291.0,5
2025-11-10,segunda-feira,0,TREB. MINAS,IFCO,6424,640.0,1
2025-11-11,terça-feira,1,PH CORUMBA (PF),IFCO,6424,200.0,2
2025-11-11,terça-feira,1,PH UBAJARA,HB,618,90.56603773584905,16
2025-11-11,terça-feira,1,PH UBAJARA,HB,623,33.0,7
2025-11-11,terça-feira,1,PH UBAJARA,IFCO,6416,118.5,17
2025-11-11,terça-feira,1,PH UBAJARA,IFCO,6424,636.0416666666667,21
2025-11-11,terça-feira,1,TREB. MINAS,HB,618,742.0,32
2025-11-11,terça-feira,1,TREB. MINAS,HB,623,1412.0,17
2025-11-11,terça-feira,1,TREB. MINAS,HB,NAO_INFORMADO,18.0,4
2025-11-11,terça-feira,1,TREB. MINAS,IFCO,6416,702.0,131
2025-11-11,terça-feira,1,TREB. MINAS,IFCO,6424,678.0,8
2025-11-12,quarta-feira,2,PH CASCAVEL,IFCO,6424,441.0,3
2025-11-12,quarta-feira,2,PH CORUMBA (PF),IFCO,6416,1468.0,1
2025-11-12,quarta-feira,2,PH UBAJARA,HB,618,0.584905660377358,1
2025-11-12,quarta-feira,2,PH UBAJARA,IFCO,6416,123.0,15
2025-11-12,quarta-feira,2,PH UBAJARA,IFCO,6424,31.0,4
2025-11-12,quarta-feira,2,TREB. MINAS,HB,618,714.0,21
2025-11-12,quarta-feira,2,TREB. MINAS,HB,623,1724.0,26
2025-11-12,quarta-feira,2,TREB. MINAS,HB,NAO_INFORMADO,10.0,5
2025-11-12,quarta-feira,2,TREB. MINAS,IFCO,6416,1193.0,12
2025-11-12,quarta-feira,2,TREB. MINAS,IFCO,6424,221.0,8
2025-11-13,quinta-feira,3,PH CASCAVEL,IFCO,6424,1120.0,10
2025-11-13,quinta-feira,3,PH CORUMBA (PF),IFCO,6424,300.0,2
2025-11-13,quinta-feira,3,PH UBAJARA,HB,618,49.0,13
2025-11-13,quinta-feira,3,PH UBAJARA,HB,623,35.0,2
2025-11-13,quinta-feira,3,PH UBAJARA,IFCO,6416,83.0,34
2025-11-13,quinta-feira,3,PH UBAJARA,IFCO,6424,84.0,3
2025-11-13,quinta-feira,3,TREB. MINAS,HB,618,737.0,47
2025-11-13,quinta-feira,3,TREB. MINAS,HB,623,1281.0,27
2025-11-13,quinta-feira,3,TREB. MINAS,HB,NAO_INFORMADO,68.0,6
2025-11-13,quinta-feira,3,TREB. MINAS,IFCO,6424,2440.0,3
2025-11-14,sexta-feira,4,PH CASCAVEL,IFCO,6424,4638.0,8
2025-11-14,sexta-feira,4,PH UBAJARA,IFCO,6416,203.0,22
2025-11-14,sexta-feira,4,PH UBAJARA,IFCO,6424,356.0,16
2025-11-14,sexta-feira,4,TREB. CEARA,IFCO,6416,3.0,2
2025-11-14,sexta-feira,4,TREB. MINAS,HB,618,427.0,27
2025-11-14,sexta-feira,4,TREB. MINAS,HB,623,852.0,6
2025-11-14,sexta-feira,4,TREB. MINAS,IFCO,6416,1322.0,9
2025-11-14,sexta-feira,4,TREB. MINAS,IFCO,6424,2240.0,2
2025-11-15,sábado,5,PH CASCAVEL,IFCO,6424,654.0,4
2025-11-15,sábado,5,PH CORUMBA (PF),IFCO,6424,629.0,1
2025-11-15,sábado,5,PH UBAJARA,HB,618,247.0,39
2025-11-15,sábado,5,PH UBAJARA,HB,623,74.0,8
2025-11-15,sábado,5,PH UBAJARA,IFCO,6416,269.2,33
2025-11-15,sábado,5,PH UBAJARA,IFCO,6424,749.0,142
2025-11-15,sábado,5,TREB. CEARA,IFCO,6416,46.0,2
2025-11-15,sábado,5,TREB. MINAS,HB,618,1085.0,41
2025-11-15,sábado,5,TREB. MINAS,HB,623,2153.0,44
2025-11-15,sábado,5,TREB. MINAS,HB,NAO_INFORMADO,16.0,5
2025-11-15,sábado,5,TREB. MINAS,IFCO,6416,1585.0,8
2025-11-15,sábado,5,TREB. MINAS,IFCO,6424,1230.0,3
2025-11-15,sábado,5,TREB. MINAS,IFCO,NAO_INFORMADO,1.0,1
2025-11-17,segunda-feira,0,PH CASCAVEL,IFCO,6424,1752.0,4
2025-11-17,segunda-feira,0,PH CORUMBA (PF),HB,618,20.0,1
2025-11-17,segunda-feira,0,PH UBAJARA,HB,618,156.0,16
2025-11-17,segunda-feira,0,PH UBAJARA,HB,623,35.0,2
2025-11-17,segunda-feira,0,PH UBAJARA,IFCO,6416,0.2,2
2025-11-17,segunda-feira,0,PH UBAJARA,IFCO,6424,2.0,2
2025-11-17,segunda-feira,0,TREB. MINAS,HB,618,653.05,34
2025-11-17,segunda-feira,0,TREB. MINAS,HB,623,1126.05,9
2025-11-17,segunda-feira,0,TREB. MINAS,HB,NAO_INFORMADO,13.1,2
2025-11-17,segunda-feira,0,TREB. MINAS,IFCO,6416,1960.0333333333333,8
2025-11-17,segunda-feira,0,TREB. MINAS,IFCO,NAO_INFORMADO,1.0,1
2025-11-18,terça-feira,1,PH CASCAVEL,IFCO,6424,1848.0,6
2025-11-18,terça-feira,1,PH UBAJARA,HB,618,94.0,17
2025-11-18,terça-feira,1,PH UBAJARA,HB,623,49.0,8
2025-11-18,terça-feira,1,PH UBAJARA,IFCO,6416,170.0,18
2025-11-18,terça-feira,1,PH UBAJARA,IFCO,6424,314.0,21
2025-11-18,terça-feira,1,TREB. CEARA,IFCO,6416,36.0,2
2025-11-18,terça-feira,1,TREB. MINAS,HB,618,931.0,27
2025-11-18,terça-feira,1,TREB. MINAS,HB,623,1039.5520833333333,24
2025-11-18,terça-feira,1,TREB. MINAS,HB,NAO_INFORMADO,104.95238095238095,12
2025-11-18,terça-feira,1,TREB. MINAS,IFCO,6416,159.0,119
2025-11-18,terça-feira,1,TREB. MINAS,IFCO,6424,1280.0,3
2025-11-19,quarta-feira,2,PH CASCAVEL,IFCO,6424,2240.0,3
2025-11-19,quarta-feira,2,PH CORUMBA (PF),IFCO,6424,320.0,1
2025-11-19,quarta-feira,2,TREB. CEARA,HB,618,40.0,1
2025-11-19,quarta-feira,2,TREB. MINAS,HB,618,638.0,15
2025-11-19,quarta-feira,2,TREB. MINAS,HB,623,4276.0,25
2025-11-19,quarta-feira,2,TREB. MINAS,IFCO,6416,1773.0,5
2025-11-19,quarta-feira,2,TREB. MINAS,IFCO,6424,426.0,6
2025-11-20,quinta-feira,3,PH CASCAVEL,IFCO,6424,4478.0,5
2025-11-20,quinta-feira,3,PH CORUMBA (PF),HB,618,65.0,4
2025-11-20,quinta-feira,3,PH CORUMBA (PF),IFCO,6416,27.0,1
2025-11-20,quinta-feira,3,PH CORUMBA (PF),IFCO,6424,295.0,6
2025-11-20,quinta-feira,3,PH UBAJARA,HB,618,62.0,13
2025-11-20,quinta-feira,3,PH UBAJARA,HB,623,35.0,2
2025-11-20,quinta-feira,3,PH UBAJARA,IFCO,6416,98.0,32
2025-11-20,quinta-feira,3,PH UBAJARA,IFCO,6424,5.0,3
2025-11-20,quinta-feira,3,TREB. MINAS,HB,618,752.0,50
2025-11-20,quinta-feira,3,TREB. MINAS,HB,623,1186.0,31
2025-11-20,quinta-feira,3,TREB. MINAS,HB,NAO_INFORMADO,164.0,13
2025-11-20,quinta-feira,3,TREB. MINAS,IFCO,6416,1800.0,10
2025-11-20,quinta-feira,3,TREB. MINAS,IFCO,6424,1813.0,9
2025-11-21,sexta-feira,4,PH CASCAVEL,IFCO,6424,1120.0,2
2025-11-21,sexta-feira,4,PH UBAJARA,IFCO,6416,46.0,6
2025-11-21,sexta-feira,4,PH UBAJARA,IFCO,6424,1293.0,46
2025-11-21,sexta-feira,4,TREB. MINAS,HB,618,383.0,23
2025-11-21,sexta-feira,4,TREB. MINAS,HB,623,1331.0,8
2025-11-21,sexta-feira,4,TREB. MINAS,IFCO,6416,533.0,13
2025-11-21,sexta-feira,4,TREB. MINAS,IFCO,6424,1257.0,11
2025-11-22,sábado,5,PH CASCAVEL,IFCO,6424,480.0,4
2025-11-22,sábado,5,PH CORUMBA (PF),IFCO,6424,640.0,1
2025-11-22,sábado,5,PH UBAJARA,HB,618,232.0,40
2025-11-22,sábado,5,PH UBAJARA,HB,623,13.0,4
2025-11-22,sábado,5,PH UBAJARA,HB,NAO_INFORMADO,1.0,1
2025-11-22,sábado,5,PH UBAJARA,IFCO,6416,265.2,55
2025-11-22,sábado,5,PH UBAJARA,IFCO,6424,430.0,58
2025-11-22,sábado,5,TREB. CEARA,IFCO,6424,3.0,3
2025-11-22,sábado,5,TREB. MINAS,HB,618,974.0,45
2025-11-22,sábado,5,TREB. MINAS,HB,623,1754.0,41
2025-11-22,sábado,5,TREB. MINAS,HB,NAO_INFORMADO,13.0,2
2025-11-22,sábado,5,TREB. MINAS,IFCO,6416,2747.0,10
2025-11-22,sábado,5,TREB. MINAS,IFCO,6424,1760.0,2
2025-11-23,domingo,6,PH UBAJARA,IFCO,6424,46.0,5
2025-11-24,segunda-feira,0,PH CASCAVEL,IFCO,6424,880.0,1
2025-11-24,segunda-feira,0,PH UBAJARA,HB,618,154.0,16
2025-11-24,segunda-feira,0,PH UBAJARA,HB,623,33.0,2
2025-11-24,segunda-feira,0,PH UBAJARA,IFCO,6416,26.0,3
2025-11-24,segunda-feira,0,PH UBAJARA,IFCO,6424,349.0,22
2025-11-24,segunda-feira,0,TREB. MINAS,HB,618,417.0,25
2025-11-24,segunda-feira,0,TREB. MINAS,HB,623,1009.0,8
2025-11-24,segunda-feira,0,TREB. MINAS,IFCO,6416,2859.0,9
2025-11-24,segunda-feira,0,TREB. MINAS,IFCO,6424,1364.6666666666667,7
2025-11-25,terça-feira,1,PH CASCAVEL,IFCO,6424,1120.0,2
2025-11-25,terça-feira,1,PH UBAJARA,HB,618,89.0,13
2025-11-25,terça-feira,1,PH UBAJARA,HB,623,32.0,7
2025-11-25,terça-feira,1,PH UBAJARA,IFCO,6416,235.0,22
2025-11-25,terça-feira,1,PH UBAJARA,IFCO,6424,785.0,28
2025-11-25,terça-feira,1,TREB. MINAS,HB,618,682.0,33
2025-11-25,terça-feira,1,TREB. MINAS,HB,623,1440.0,27
2025-11-25,terça-feira,1,TREB. MINAS,HB,NAO_INFORMADO,109.0,10
2025-11-25,terça-feira,1,TREB. MINAS,IFCO,6416,2390.0,127
2025-11-25,terça-feira,1,TREB. MINAS,IFCO,6424,21.0,6
2025-11-25,terça-feira,1,TREB. MINAS,IFCO,NAO_INFORMADO,8.33333333333333,1
2025-11-26,quarta-feira,2,PH CASCAVEL,IFCO,6424,620.0,4
2025-11-26,quarta-feira,2,PH CORUMBA (PF),HB,623,690.0,1
2025-11-26,quarta-feira,2,PH CORUMBA (PF),IFCO,6416,1680.0,1
2025-11-26,quarta-feira,2,PH UBAJARA,IFCO,6416,31.1,11
2025-11-26,quarta-feira,2,PH UBAJARA,IFCO,6424,18.0,5
2025-11-26,quarta-feira,2,TREB. CEARA,IFCO,6416,84.0,2
2025-11-26,quarta-feira,2,TREB. MINAS,HB,618,579.0,13
2025-11-26,quarta-feira,2,TREB. MINAS,HB,623,506.0,19
2025-11-26,quarta-feira,2,TREB. MINAS,HB,NAO_INFORMADO,1.0,1
2025-11-26,quarta-feira,2,TREB. MINAS,IFCO,6416,3532.0,15
2025-11-26,quarta-feira,2,TREB. MINAS,IFCO,6424,654.0,7
2025-11-26,quarta-feira,2,TREB. MINAS,IFCO,NAO_INFORMADO,1.0,1
2025-11-27,quinta-feira,3,PH CASCAVEL,IFCO,6424,1040.0,2
2025-11-27,quinta-feira,3,PH UBAJARA,HB,618,47.0,15
2025-11-27,quinta-feira,3,PH UBAJARA,HB,623,33.0,2
2025-11-27,quinta-feira,3,PH UBAJARA,IFCO,6416,244.77358490566039,55
2025-11-27,quinta-feira,3,PH UBAJARA,IFCO,6424,542.0,29
2025-11-27,quinta-feira,3,TREB. MINAS,HB,618,1000.0,54
2025-11-27,quinta-feira,3,TREB. MINAS,HB,623,1017.0,26
2025-11-27,quinta-feira,3,TREB. MINAS,HB,NAO_INFORMADO,85.0,12
2025-11-27,quinta-feira,3,TREB. MINAS,IFCO,6416,2818.0,5
2025-11-27,quinta-feira,3,TREB. MINAS,IFCO,6424,20.0,2
2025-11-28,sexta-feira,4,PH CASCAVEL,IFCO,6424,4680.0,6
2025-11-28,sexta-feira,4,PH UBAJARA,IFCO,6416,204.0,17
2025-11-28,sexta-feira,4,PH UBAJARA,IFCO,6424,261.0,23
2025-11-28,sexta-feira,4,TREB. MINAS,HB,618,538.0,25
2025-11-28,sexta-feira,4,TREB. MINAS,HB,623,102.0,7
2025-11-28,sexta-feira,4,TREB. MINAS,IFCO,6416,484.0,7
2025-11-28,sexta-feira,4,TREB. MINAS,IFCO,6424,65.0,6
2025-11-29,sábado,5,PH CASCAVEL,IFCO,6424,2872.0,7
2025-11-29,sábado,5,PH CORUMBA (PF),HB,623,690.0,1
2025-11-29,sábado,5,PH CORUMBA (PF),IFCO,6424,638.0,1
2025-11-29,sábado,5,PH UBAJARA,HB,618,227.83333333333334,41
2025-11-29,sábado,5,PH UBAJARA,HB,623,85.0,7
2025-11-29,sábado,5,PH UBAJARA,IFCO,6416,209.0,58
2025-11-29,sábado,5,PH UBAJARA,IFCO,6424,463.0,44
2025-11-29,sábado,5,TREB. CEARA,IFCO,6416,1.0,1
2025-11-29,sábado,5,TREB. MINAS,HB,618,850.0,45
2025-11-29,sábado,5,TREB. MINAS,HB,623,1209.0,50
2025-11-29,sábado,5,TREB. MINAS,HB,NAO_INFORMADO,15.0,4
2025-11-29,sábado,5,TREB. MINAS,IFCO,6416,2206.0,11
2025-11-29,sábado,5,TREB. MINAS,IFCO,6424,1000.0,4
2025-12-01,segunda-feira,0,PH CASCAVEL,IFCO,6424,1390.0,7
2025-12-01,segunda-feira,0,PH CORUMBA (PF),IFCO,6424,640.0,1
2025-12-01,segunda-feira,0,PH UBAJARA,HB,618,326.0,16
2025-12-01,segunda-feira,0,PH UBAJARA,HB,623,33.0,2
2025-12-01,segunda-feira,0,PH UBAJARA,IFCO,6416,15.0,3
2025-12-01,segunda-feira,0,PH UBAJARA,IFCO,6424,508.0,25
2025-12-01,segunda-feira,0,TREB. CEARA,IFCO,6424,17.0,3
2025-12-01,segunda-feira,0,TREB. MINAS,HB,618,655.0,26
2025-12-01,segunda-feira,0,TREB. MINAS,HB,623,937.0,6
2025-12-01,segunda-feira,0,TREB. MINAS,IFCO,6416,302.0,6
2025-12-01,segunda-feira,0,TREB. MINAS,IFCO,NAO_INFORMADO,1.0,1
2025-12-02,terça-feira,1,PH CASCAVEL,HB,623,640.0,1
2025-12-02,terça-feira,1,PH CASCAVEL,IFCO,6424,280.0,1
2025-12-02,terça-feira,1,PH CORUMBA (PF),IFCO,6424,100.0,1
2025-12-02,terça-feira,1,PH UBAJARA,HB,618,44.0,11
2025-12-02,terça-feira,1,PH UBAJARA,HB,623,9.0,5
2025-12-02,terça-feira,1,PH UBAJARA,IFCO,6416,128.4,19
2025-12-02,terça-feira,1,PH UBAJARA,IFCO,6424,114.0,12
2025-12-02,terça-feira,1,TREB. MINAS,HB,618,725.0,36
2025-12-02,terça-feira,1,TREB. MINAS,HB,623,901.0,10
2025-12-02,terça-feira,1,TREB. MINAS,HB,NAO_INFORMADO,10.0,2
2025-12-02,terça-feira,1,TREB. MINAS,IFCO,6416,777.0,159
2025-12-02,terça-feira,1,TREB. MINAS,IFCO,NAO_INFORMADO,2.0,1
2025-12-03,quarta-feira,2,PH CASCAVEL,IFCO,6424,520.0,3
2025-12-03,quarta-feira,2,PH CORUMBA (PF),IFCO,6424,638.0,1
2025-12-03,quarta-feira,2,PH UBAJARA,HB,618,200.0,1
2025-12-03,quarta-feira,2,PH UBAJARA,IFCO,6424,670.0,23
2025-12-03,quarta-feira,2,TREB. MINAS,HB,618,749.0,24
2025-12-03,quarta-feira,2,TREB. MINAS,HB,623,1007.0,28
2025-12-03,quarta-feira,2,TREB. MINAS,HB,NAO_INFORMADO,2.0,2
2025-12-03,quarta-feira,2,TREB. MINAS,IFCO,6416,2328.0,10
2025-12-03,quarta-feira,2,TREB. MINAS,IFCO,6424,352.0,4
2025-12-04,quinta-feira,3,PH CORUMBA (PF),HB,618,40.0,3
2025-12-04,quinta-feira,3,PH CORUMBA (PF),HB,623,720.0,1
2025-12-04,quinta-feira,3,PH CORUMBA (PF),IFCO,6424,100.0,1
2025-12-04,quinta-feira,3,PH UBAJARA,HB,618,110.0,16
2025-12-04,quinta-feira,3,PH UBAJARA,HB,623,33.0,2
2025-12-04,quinta-feira,3,PH UBAJARA,IFCO,6416,263.0,40
2025-12-04,quinta-feira,3,PH UBAJARA,IFCO,6424,87.0,8
2025-12-04,quinta-feira,3,TREB. MINAS,HB,618,552.0,40
2025-12-04,quinta-feira,3,TREB. MINAS,HB,623,483.0,26
2025-12-04,quinta-feira,3,TREB. MINAS,HB,NAO_INFORMADO,14.0,4
2025-12-04,quinta-feira,3,TREB. MINAS,IFCO,6416,360.0,1
2025-12-04,quinta-feira,3,TREB. MINAS,IFCO,6424,300.0,1
2025-12-05,sexta-feira,4,PH CASCAVEL,HB,623,640.0,1
2025-12-05,sexta-feira,4,PH CORUMBA (PF),HB,623,690.0,1
2025-12-05,sexta-feira,4,PH UBAJARA,IFCO,6416,334.0,51
2025-12-05,sexta-feira,4,PH UBAJARA,IFCO,6424,228.0,24
2025-12-05,sexta-feira,4,TREB. CEARA,IFCO,6416,1.0,1
2025-12-05,sexta-feira,4,TREB. MINAS,HB,618,367.0,20
2025-12-05,sexta-feira,4,TREB. MINAS,HB,623,60.0,6
2025-12-05,sexta-feira,4,TREB. MINAS,IFCO,6416,490.0,12
2025-12-05,sexta-feira,4,TREB. MINAS,IFCO,6424,2624.0,21
2025-12-06,sábado,5,PH CASCAVEL,IFCO,6424,2087.0,7
2025-12-06,sábado,5,PH CORUMBA (PF),HB,618,320.0,1
2025-12-06,sábado,5,PH CORUMBA (PF),IFCO,6424,100.0,1
2025-12-06,sábado,5,PH UBAJARA,HB,618,462.0,38
2025-12-06,sábado,5,PH UBAJARA,HB,623,95.0,7
2025-12-06,sábado,5,PH UBAJARA,IFCO,6416,230.1,8
2025-12-06,sábado,5,PH UBAJARA,IFCO,6424,418.0,52
2025-12-06,sábado,5,PH UBAJARA,IFCO,NAO_INFORMADO,0.2,1
2025-12-06,sábado,5,TREB. CEARA,IFCO,6416,72.0,2
2025-12-06,sábado,5,TREB. MINAS,HB,618,598.0,34
2025-12-06,sábado,5,TREB. MINAS,HB,623,220.0,30
2025-12-06,sábado,5,TREB. MINAS,HB,NAO_INFORMADO,35.23809523809524,4
2025-12-06,sábado,5,TREB. MINAS,IFCO,6416,2208.0,30
2025-12-07,domingo,6,TREB. MINAS,HB,623,4.0,1
2025-12-07,domingo,6,TREB. MINAS,HB,NAO_INFORMADO,16.0,4
2025-12-08,segunda-feira,0,PH CASCAVEL,HB,623,520.0,2
2025-12-08,segunda-feira,0,PH CASCAVEL,IFCO,6424,1295.0,7
2025-12-08,segunda-feira,0,PH CORUMBA (PF),HB,618,40.0,3
2025-12-08,segunda-feira,0,PH UBAJARA,HB,618,291.0,15
2025-12-08,segunda-feira,0,PH UBAJARA,HB,623,33.0,2
2025-12-08,segunda-feira,0,TREB. MINAS,HB,618,313.0,24
2025-12-08,segunda-feira,0,TREB. MINAS,HB,623,928.0,43
2025-12-08,segunda-feira,0,TREB. MINAS,HB,NAO_INFORMADO,45.23809523809524,7
2025-12-08,segunda-feira,0,TREB. MINAS,IFCO,6416,749.0,13
2025-12-08,segunda-feira,0,TREB. MINAS,IFCO,6424,692.0,8
2025-12-08,segunda-feira,0,TREB. MINAS,IFCO,NAO_INFORMADO,3.0,1
2025-12-09,terça-feira,1,PH CASCAVEL,IFCO,6424,110.0,3
2025-12-09,terça-feira,1,PH CORUMBA (PF),IFCO,6424,143.0,1
2025-12-09,terça-feira,1,PH UBAJARA,HB,618,110.0,15
2025-12-09,terça-feira,1,PH UBAJARA,HB,623,26.0,6
2025-12-09,terça-feira,1,PH UBAJARA,IFCO,6416,163.0,16
2025-12-09,terça-feira,1,PH UBAJARA,IFCO,6424,280.0,23
2025-12-09,terça-feira,1,TREB. MINAS,HB,618,649.0,28
2025-12-09,terça-feira,1,TREB. MINAS,HB,623,516.0,11
2025-12-09,terça-feira,1,TREB. MINAS,HB,NAO_INFORMADO,150.0,4
2025-12-09,terça-feira,1,TREB. MINAS,IFCO,6416,718.0,131
2025-12-09,terça-feira,1,TREB. MINAS,IFCO,6424,1676.0,9
2025-12-09,terça-feira,1,TREB. MINAS,IFCO,NAO_INFORMADO,1.0,1
2025-12-10,quarta-feira,2,PH CASCAVEL,IFCO,6424,1250.0,10
2025-12-10,quarta-feira,2,PH CORUMBA (PF),HB,623,720.0,1
2025-12-10,quarta-feira,2,TREB. MINAS,HB,618,475.0,11
2025-12-10,quarta-feira,2,TREB. MINAS,HB,623,2624.0,27
2025-12-10,quarta-feira,2,TREB. MINAS,HB,NAO_INFORMADO,90.0,3
2025-12-10,quarta-feira,2,TREB. MINAS,IFCO,6416,162.0,6
2025-12-10,quarta-feira,2,TREB. MINAS,IFCO,6424,862.0,7
2025-12-11,quinta-feira,3,PH CASCAVEL,IFCO,6424,1516.0,5
2025-12-11,quinta-feira,3,PH CORUMBA (PF),HB,618,540.0,5
2025-12-11,quinta-feira,3,PH CORUMBA (PF),HB,623,120.0,1
2025-12-11,quinta-feira,3,PH CORUMBA (PF),IFCO,6416,11.0,1
2025-12-11,quinta-feira,3,PH CORUMBA (PF),IFCO,6424,821.0,5
2025-12-11,quinta-feira,3,PH UBAJARA,IFCO,6416,194.0,45
2025-12-11,quinta-feira,3,PH UBAJARA,IFCO,6424,986.0,39
2025-12-11,quinta-feira,3,TREB. MINAS,HB,618,1042.0,48
2025-12-11,quinta-feira,3,TREB. MINAS,HB,623,317.0,22
2025-12-11,quinta-feira,3,TREB. MINAS,HB,NAO_INFORMADO,45.0,6
2025-12-11,quinta-feira,3,TREB. MINAS,IFCO,6416,54.0,4
2025-12-11,quinta-feira,3,TREB. MINAS,IFCO,6424,27.0,2
2025-12-12,sexta-feira,4,PH CASCAVEL,IFCO,6424,1120.0,1
2025-12-12,sexta-feira,4,PH CORUMBA (PF),HB,618,100.0,1
2025-12-12,sexta-feira,4,PH CORUMBA (PF),IFCO,6424,1274.0,2
2025-12-12,sexta-feira,4,PH UBAJARA,HB,618,196.0,16
2025-12-12,sexta-feira,4,PH UBAJARA,IFCO,6416,1232.0,65
2025-12-12,sexta-feira,4,PH UBAJARA,IFCO,6424,372.0,35
2025-12-12,sexta-feira,4,TREB. CEARA,IFCO,6416,55.0,4
2025-12-12,sexta-feira,4,TREB. MINAS,HB,618,249.0,21
2025-12-12,sexta-feira,4,TREB. MINAS,HB,623,67.0,5
2025-12-12,sexta-feira,4,TREB. MINAS,IFCO,6416,552.0,16
2025-12-12,sexta-feira,4,TREB. MINAS,IFCO,6424,52.0,1
2025-12-13,sábado,5,PH CASCAVEL,HB,623,607.0,1
2025-12-13,sábado,5,PH CASCAVEL,IFCO,6424,2280.0,7
2025-12-13,sábado,5,PH CORUMBA (PF),HB,623,450.0,1
2025-12-13,sábado,5,PH CORUMBA (PF),IFCO,6416,1680.0,2
2025-12-13,sábado,5,PH CORUMBA (PF),IFCO,6424,400.0,1
2025-12-13,sábado,5,PH UBAJARA,HB,618,429.0,39
2025-12-13,sábado,5,PH UBAJARA,HB,623,92.0,6
2025-12-13,sábado,5,PH UBAJARA,IFCO,6416,197.7,53
2025-12-13,sábado,5,PH UBAJARA,IFCO,6424,577.3125,37
2025-12-13,sábado,5,TREB. MINAS,HB,618,862.0,41
2025-12-13,sábado,5,TREB. MINAS,HB,623,1053.0,44
2025-12-13,sábado,5,TREB. MINAS,HB,NAO_INFORMADO,115.0,9
2025-12-13,sábado,5,TREB. MINAS,IFCO,6416,729.0,15
2025-12-13,sábado,5,TREB. MINAS,IFCO,6424,1565.0,47
2025-12-13,sábado,5,TREB. MINAS,IFCO,NAO_INFORMADO,6.0,1
2025-12-14,domingo,6,PH UBAJARA,IFCO,6416,20.0,1
2025-12-15,segunda-feira,0,PH CASCAVEL,HB,623,1120.0,3
2025-12-15,segunda-feira,0,PH CORUMBA (PF),HB,618,30.0,4
2025-12-15,segunda-feira,0,PH CORUMBA (PF),HB,NAO_INFORMADO,1.0,1
2025-12-15,segunda-feira,0,PH UBAJARA,HB,618,207.0,15
2025-12-15,segunda-feira,0,TREB. MINAS,HB,618,450.0,20
2025-12-15,segunda-feira,0,TREB. MINAS,HB,623,106.0,4
2025-12-15,segunda-feira,0,TREB. MINAS,IFCO,6416,414.0,8
2025-12-15,segunda-feira,0,TREB. MINAS,IFCO,6424,709.0,11
2025-12-15,segunda-feira,0,TREB. MINAS,IFCO,NAO_INFORMADO,7.0,1
2025-12-16,terça-feira,1,PH CASCAVEL,IFCO,6424,2730.0,8
2025-12-16,terça-feira,1,PH CORUMBA (PF),IFCO,6416,1680.0,1
2025-12-16,terça-feira,1,PH CORUMBA (PF),IFCO,6424,125.0,1
2025-12-16,terça-feira,1,PH UBAJARA,HB,618,240.0,15
2025-12-16,terça-feira,1,PH UBAJARA,HB,623,53.0,5
2025-12-16,terça-feira,1,PH UBAJARA,IFCO,6416,125.0,10
2025-12-16,terça-feira,1,PH UBAJARA,IFCO,6424,609.7142857142858,30
2025-12-16,terça-feira,1,TREB. CEARA,IFCO,6424,42.0,3
2025-12-16,terça-feira,1,TREB. MINAS,HB,618,798.0,40
2025-12-16,terça-feira,1,TREB. MINAS,HB,623,189.0,11
2025-12-16,terça-feira,1,TREB. MINAS,HB,NAO_INFORMADO,83.0,5
2025-12-16,terça-feira,1,TREB. MINAS,IFCO,6416,532.0,120
2025-12-16,terça-feira,1,TREB. MINAS,IFCO,6424,413.0,10
2025-12-16,terça-feira,1,TREB. MINAS,IFCO,NAO_INFORMADO,2.0,1
2025-12-17,quarta-feira,2,PH CORUMBA (PF),HB,623,180.0,1
2025-12-17,quarta-feira,2,PH CORUMBA (PF),IFCO,6424,200.0,2
2025-12-17,quarta-feira,2,PH SUL (PF),IFCO,6424,2.0,1
2025-12-17,quarta-feira,2,PH UBAJARA,IFCO,6416,336.0,30
2025-12-17,quarta-feira,2,PH UBAJARA,IFCO,6424,355.0,36
2025-12-17,quarta-feira,2,TREB. CEARA,IFCO,6416,31.0,2
2025-12-17,quarta-feira,2,TREB. MINAS,HB,618,696.0,13
2025-12-17,quarta-feira,2,TREB. MINAS,HB,623,86.0,3
2025-12-17,quarta-feira,2,TREB. MINAS,IFCO,6416,164.0,11
2025-12-17,quarta-feira,2,TREB. MINAS,IFCO,6424,262.0,6
2025-12-17,quarta-feira,2,TREB. MINAS,IFCO,NAO_INFORMADO,1.0,1
2025-12-18,quinta-feira,3,PH CORUMBA (PF),HB,618,245.0,7
2025-12-18,quinta-feira,3,PH CORUMBA (PF),HB,623,1260.0,2
2025-12-18,quinta-feira,3,PH CORUMBA (PF),IFCO,6416,1686.0,3
2025-12-18,quinta-feira,3,PH CORUMBA (PF),IFCO,6424,193.0,4
2025-12-18,quinta-feira,3,PH UBAJARA,HB,618,321.0,14
2025-12-18,quinta-feira,3,PH UBAJARA,HB,623,5.0,1
2025-12-18,quinta-feira,3,PH UBAJARA,IFCO,6416,158.0,31
2025-12-18,quinta-feira,3,PH UBAJARA,IFCO,6424,99.0,6
2025-12-18,quinta-feira,3,TREB. MINAS,HB,618,1459.0,39
2025-12-18,quinta-feira,3,TREB. MINAS,HB,623,309.0,7
2025-12-18,quinta-feira,3,TREB. MINAS,HB,NAO_INFORMADO,273.0,4
2025-12-18,quinta-feira,3,TREB. MINAS,IFCO,6416,6.0,2
2025-12-18,quinta-feira,3,TREB. MINAS,IFCO,6424,167.0,3
2025-12-19,sexta-feira,4,PH CASCAVEL,HB,623,1330.0,2
2025-12-19,sexta-feira,4,PH CASCAVEL,IFCO,6424,1440.0,2
2025-12-19,sexta-feira,4,PH CORUMBA (PF),IFCO,6416,960.0,1
2025-12-19,sexta-feira,4,PH UBAJARA,IFCO,6416,719.0,58
2025-12-19,sexta-feira,4,PH UBAJARA,IFCO,6424,347.78644211538955,99
2025-12-19,sexta-feira,4,TREB. MINAS,HB,618,1259.0,30
2025-12-19,sexta-feira,4,TREB. MINAS,HB,623,1223.0,22
2025-12-19,sexta-feira,4,TREB. MINAS,HB,NAO_INFORMADO,15.0,1
2025-12-19,sexta-feira,4,TREB. MINAS,IFCO,6416,242.0,24
2025-12-19,sexta-feira,4,TREB. MINAS,IFCO,6424,3.0,3
2025-12-20,sábado,5,PH CASCAVEL,IFCO,6424,610.0,5
2025-12-20,sábado,5,PH SUL (PF),IFCO,6424,4.0,1
2025-12-20,sábado,5,PH UBAJARA,HB,618,425.0,36
2025-12-20,sábado,5,PH UBAJARA,HB,623,39.0,6
2025-12-20,sábado,5,PH UBAJARA,IFCO,6416,104.66666666666667,34
2025-12-20,sábado,5,PH UBAJARA,IFCO,6424,164.0,35
2025-12-20,sábado,5,TREB. CEARA,HB,618,50.0,1
2025-12-20,sábado,5,TREB. CEARA,IFCO,6416,42.0,2
2025-12-20,sábado,5,TREB. MINAS,HB,618,343.0,15
2025-12-20,sábado,5,TREB. MINAS,HB,623,782.6666666666666,25
2025-12-20,sábado,5,TREB. MINAS,HB,NAO_INFORMADO,100.0,11
2025-12-20,sábado,5,TREB. MINAS,IFCO,6416,284.0,12
2025-12-20,sábado,5,TREB. MINAS,IFCO,6424,108.0,21
2025-12-20,sábado,5,TREB. MINAS,IFCO,NAO_INFORMADO,1.0,1
2025-12-21,domingo,6,PH UBAJARA,IFCO,6416,127.0,2
2025-12-21,domingo,6,PH UBAJARA,IFCO,6424,6.0,1
2025-12-22,segunda-feira,0,PH CASCAVEL,IFCO,6424,600.0,2
2025-12-22,segunda-feira,0,PH CORUMBA (PF),HB,618,10.0,1
2025-12-22,segunda-feira,0,PH CORUMBA (PF),HB,623,585.0,1
2025-12-22,segunda-feira,0,PH CORUMBA (PF),IFCO,6416,1680.0,1
2025-12-22,segunda-feira,0,PH CORUMBA (PF),IFCO,6424,82.0,1
2025-12-22,segunda-feira,0,PH UBAJARA,IFCO,6424,2.0,1
2025-12-22,segunda-feira,0,TREB. MINAS,HB,618,386.0,19
2025-12-22,segunda-feira,0,TREB. MINAS,HB,623,228.0,4
2025-12-22,segunda-feira,0,TREB. MINAS,IFCO,6424,57.0,5
2025-12-23,terça-feira,1,PH CASCAVEL,HB,623,1360.0,2
2025-12-23,terça-feira,1,PH CORUMBA (PF),HB,623,690.0,1
2025-12-23,terça-feira,1,PH CORUMBA (PF),IFCO,6416,1680.0,1
2025-12-23,terça-feira,1,PH UBAJARA,HB,618,153.0,16
2025-12-23,terça-feira,1,PH UBAJARA,HB,623,52.0,6
2025-12-23,terça-feira,1,PH UBAJARA,IFCO,6416,19.0,1
2025-12-23,terça-feira,1,PH UBAJARA,IFCO,6424,17.0,2
2025-12-23,terça-feira,1,TREB. MINAS,HB,618,195.0,11
2025-12-23,terça-feira,1,TREB. MINAS,HB,623,489.0,4
2025-12-23,terça-feira,1,TREB. MINAS,IFCO,6424,170.0,1
2025-12-24,quarta-feira,2,PH CASCAVEL,IFCO,6424,640.0,1
2025-12-24,quarta-feira,2,PH CORUMBA (PF),HB,618,70.0,4
2025-12-24,quarta-feira,2,PH CORUMBA (PF),HB,623,690.0,2
2025-12-24,quarta-feira,2,PH CORUMBA (PF),IFCO,6416,1691.0,2
2025-12-24,quarta-feira,2,PH CORUMBA (PF),IFCO,6424,1223.0,6
2025-12-24,quarta-feira,2,PH SUL (PF),IFCO,6424,1.0,1
2025-12-24,quarta-feira,2,PH UBAJARA,HB,618,258.0,17
2025-12-24,quarta-feira,2,PH UBAJARA,HB,623,6.0,1
2025-12-24,quarta-feira,2,PH UBAJARA,IFCO,6416,108.0,15
2025-12-24,quarta-feira,2,PH UBAJARA,IFCO,6424,148.0,13
2025-12-24,quarta-feira,2,TREB. CEARA,IFCO,6416,34.0,2
2025-12-24,quarta-feira,2,TREB. MINAS,HB,618,778.0,28
2025-12-24,quarta-feira,2,TREB. MINAS,HB,623,123.0,3
2025-12-24,quarta-feira,2,TREB. MINAS,IFCO,6416,259.0,135
2025-12-24,quarta-feira,2,TREB. MINAS,IFCO,6424,829.0,9
2025-12-26,sexta-feira,4,PH CORUMBA (PF),HB,623,690.0,1
2025-12-26,sexta-feira,4,PH CORUMBA (PF),IFCO,6416,1680.0,2
2025-12-26,sexta-feira,4,PH UBAJARA,IFCO,6416,610.5,60
2025-12-26,sexta-feira,4,PH UBAJARA,IFCO,6424,1209.0,98
2025-12-26,sexta-feira,4,TREB. CEARA,IFCO,6416,8.0,2
2025-12-26,sexta-feira,4,TREB. CEARA,IFCO,6424,23.0,3
2025-12-26,sexta-feira,4,TREB. MINAS,HB,618,1398.0,34
2025-12-26,sexta-feira,4,TREB. MINAS,HB,623,769.0,12
2025-12-26,sexta-feira,4,TREB. MINAS,HB,NAO_INFORMADO,76.0,5
2025-12-27,sábado,5,PH CORUMBA (PF),HB,618,200.0,1
2025-12-27,sábado,5,PH CORUMBA (PF),HB,623,720.0,2
2025-12-27,sábado,5,PH CORUMBA (PF),HB,NAO_INFORMADO,10.0,1
2025-12-27,sábado,5,PH CORUMBA (PF),IFCO,6424,340.0,2
2025-12-27,sábado,5,PH UBAJARA,HB,618,398.0,43
2025-12-27,sábado,5,PH UBAJARA,HB,623,73.0,7
2025-12-27,sábado,5,PH UBAJARA,IFCO,6416,51.13333333333333,17
2025-12-27,sábado,5,PH UBAJARA,IFCO,6424,277.0,19
2025-12-27,sábado,5,TREB. MINAS,HB,618,384.0,16
2025-12-27,sábado,5,TREB. MINAS,HB,623,227.0,20
2025-12-27,sábado,5,TREB. MINAS,HB,NAO_INFORMADO,20.0,3
2025-12-27,sábado,5,TREB. MINAS,IFCO,6416,19.0,3
2025-12-27,sábado,5,TREB. MINAS,IFCO,6424,160.0,31
2025-12-29,segunda-feira,0,PH CASCAVEL,IFCO,6424,600.0,4
2025-12-29,segunda-feira,0,PH CORUMBA (PF),HB,618,100.0,6
2025-12-29,segunda-feira,0,PH CORUMBA (PF),HB,623,360.0,1
2025-12-29,segunda-feira,0,PH UBAJARA,IFCO,6424,85.0,3
2025-12-29,segunda-feira,0,TREB. MINAS,HB,618,673.0,21
2025-12-29,segunda-feira,0,TREB. MINAS,HB,623,414.0,14
2025-12-30,terça-feira,1,PH CASCAVEL,HB,623,720.0,1
2025-12-30,terça-feira,1,PH CASCAVEL,IFCO,6424,1080.0,6
2025-12-30,terça-feira,1,PH CORUMBA (PF),IFCO,6416,1680.0,1
2025-12-30,terça-feira,1,PH UBAJARA,HB,618,133.0,17
2025-12-30,terça-feira,1,PH UBAJARA,HB,623,88.0,6
2025-12-30,terça-feira,1,PH UBAJARA,IFCO,6416,36.0,22
2025-12-30,terça-feira,1,PH UBAJARA,IFCO,6424,82.0,28
2025-12-30,terça-feira,1,TREB. MINAS,HB,618,639.0,22
2025-12-30,terça-feira,1,TREB. MINAS,HB,623,236.0,18
2025-12-30,terça-feira,1,TREB. MINAS,HB,NAO_INFORMADO,18.0,2
2025-12-30,terça-feira,1,TREB. MINAS,IFCO,6416,210.0,48
2025-12-30,terça-feira,1,TREB. MINAS,IFCO,6424,22.0,15
2025-12-31,quarta-feira,2,PH CORUMBA (PF),HB,618,250.0,1
2025-12-31,quarta-feira,2,PH CORUMBA (PF),HB,623,400.0,1
2025-12-31,quarta-feira,2,PH CORUMBA (PF),IFCO,6416,1200.0,2
2025-12-31,quarta-feira,2,PH CORUMBA (PF),IFCO,6424,1543.0,5
2025-12-31,quarta-feira,2,PH UBAJARA,HB,618,148.0,17
2025-12-31,quarta-feira,2,PH UBAJARA,HB,623,5.0,1
2025-12-31,quarta-feira,2,PH UBAJARA,IFCO,6416,68.0,14
2025-12-31,quarta-feira,2,PH UBAJARA,IFCO,6424,60.5,12
2025-12-31,quarta-feira,2,TREB. CEARA,IFCO,6416,51.0,2
2025-12-31,quarta-feira,2,TREB. MINAS,HB,618,808.0,20
2025-12-31,quarta-feira,2,TREB. MINAS,HB,623,314.0,7
2025-12-31,quarta-feira,2,TREB. MINAS,IFCO,6416,212.03333333333333,100
2025-12-31,quarta-feira,2,TREB. MINAS,IFCO,6424,36.0,3
2026-01-02,sexta-feira,4,PH CASCAVEL,IFCO,6424,548.0,21
2026-01-02,sexta-feira,4,PH UBAJARA,IFCO,6416,337.0,33
2026-01-02,sexta-feira,4,PH UBAJARA,IFCO,6424,248.5625,13
2026-01-02,sexta-feira,4,TREB. CEARA,IFCO,6416,67.0,2
2026-01-02,sexta-feira,4,TREB. MINAS,HB,618,736.0,32
2026-01-02,sexta-feira,4,TREB. MINAS,HB,623,53.0,4
2026-01-03,sábado,5,PH CASCAVEL,IFCO,6424,638.0,5
2026-01-03,sábado,5,PH CORUMBA (PF),HB,618,200.0,1
2026-01-03,sábado,5,PH CORUMBA (PF),HB,623,2190.0,3
2026-01-03,sábado,5,PH CORUMBA (PF),IFCO,6416,463.0,3
2026-01-03,sábado,5,PH CORUMBA (PF),IFCO,6424,2640.0,7
2026-01-03,sábado,5,PH UBAJARA,HB,618,320.0,43
2026-01-03,sábado,5,PH UBAJARA,HB,623,81.0,7
2026-01-03,sábado,5,PH UBAJARA,IFCO,6416,343.0,70
2026-01-03,sábado,5,PH UBAJARA,IFCO,6424,889.0,145
2026-01-03,sábado,5,TREB. CEARA,IFCO,6416,8.0,2
2026-01-03,sábado,5,TREB. MINAS,HB,618,698.0,34
2026-01-03,sábado,5,TREB. MINAS,HB,623,184.0,23
2026-01-03,sábado,5,TREB. MINAS,HB,NAO_INFORMADO,44.0,6
2026-01-03,sábado,5,TREB. MINAS,IFCO,6416,76.0,5
2026-01-03,sábado,5,TREB. MINAS,IFCO,6424,117.0,22
2026-01-05,segunda-feira,0,AGROINDUSTRIA TREBESCHI,HB,618,52.0,1
2026-01-05,segunda-feira,0,PH CASCAVEL,IFCO,6424,640.0,2
2026-01-05,segunda-feira,0,PH CORUMBA (PF),HB,618,30.0,5
2026-01-05,segunda-feira,0,PH CORUMBA (PF),HB,623,960.0,2
2026-01-05,segunda-feira,0,PH UBAJARA,HB,618,181.0,15
2026-01-05,segunda-feira,0,PH UBAJARA,HB,623,33.0,2
2026-01-05,segunda-feira,0,TREB. MINAS,HB,618,474.0,20
2026-01-05,segunda-feira,0,TREB. MINAS,HB,623,67.0,3
2026-01-05,segunda-feira,0,TREB. MINAS,IFCO,6416,201.0,5
2026-01-05,segunda-feira,0,TREB. MINAS,IFCO,6424,47.0,8
2026-01-05,segunda-feira,0,TREB. MINAS,IFCO,NAO_INFORMADO,2.0,1
2026-01-06,terça-feira,1,AGROINDUSTRIA TREBESCHI,HB,618,60.0,2
2026-01-06,terça-feira,1,PH CASCAVEL,HB,623,480.0,2
2026-01-06,terça-feira,1,PH CASCAVEL,IFCO,6424,420.0,4
2026-01-06,terça-feira,1,PH CORUMBA (PF),HB,618,240.0,1
2026-01-06,terça-feira,1,PH CORUMBA (PF),HB,623,1090.0,2
2026-01-06,terça-feira,1,PH CORUMBA (PF),IFCO,6416,2599.0,7
2026-01-06,terça-feira,1,PH CORUMBA (PF),IFCO,6424,390.0,3
2026-01-06,terça-feira,1,PH UBAJARA,HB,618,196.0,16
2026-01-06,terça-feira,1,PH UBAJARA,HB,623,30.0,4
2026-01-06,terça-feira,1,PH UBAJARA,IFCO,6416,215.0,26
2026-01-06,terça-feira,1,PH UBAJARA,IFCO,6424,152.0,19
2026-01-06,terça-feira,1,TREB. MINAS,HB,618,859.0,22
2026-01-06,terça-feira,1,TREB. MINAS,HB,623,213.0,9
2026-01-06,terça-feira,1,TREB. MINAS,HB,NAO_INFORMADO,35.0,3
2026-01-06,terça-feira,1,TREB. MINAS,IFCO,6416,210.0,112
2026-01-06,terça-feira,1,TREB. MINAS,IFCO,6424,21.0,4
2026-01-07,quarta-feira,2,AGROINDUSTRIA TREBESCHI,IFCO,6424,2.0,2
2026-01-07,quarta-feira,2,PH CASCAVEL,IFCO,6424,1420.0,3
2026-01-07,quarta-feira,2,PH CORUMBA (PF),HB,623,1260.0,1
2026-01-07,quarta-feira,2,PH CORUMBA (PF),IFCO,6416,1500.0,1
2026-01-07,quarta-feira,2,PH UBAJARA,HB,618,0.416666666666667,1
2026-01-07,quarta-feira,2,PH UBAJARA,IFCO,6416,50.06666666666666,11
2026-01-07,quarta-feira,2,PH UBAJARA,IFCO,6424,20.0,4
2026-01-07,quarta-feira,2,TREB. MINAS,HB,618,527.0,9
2026-01-07,quarta-feira,2,TREB. MINAS,HB,623,427.0,15
2026-01-07,quarta-feira,2,TREB. MINAS,HB,NAO_INFORMADO,70.0,6
2026-01-07,quarta-feira,2,TREB. MINAS,IFCO,6416,150.0,7
2026-01-07,quarta-feira,2,TREB. MINAS,IFCO,6424,1353.0,29
2026-01-08,quinta-feira,3,AGROINDUSTRIA TREBESCHI,HB,618,20.0,1
2026-01-08,quinta-feira,3,AGROINDUSTRIA TREBESCHI,IFCO,6416,120.0,2
2026-01-08,quinta-feira,3,AGROINDUSTRIA TREBESCHI,IFCO,6424,320.0,1
2026-01-08,quinta-feira,3,PH CASCAVEL,IFCO,6424,1280.0,2
2026-01-08,quinta-feira,3,PH CORUMBA (PF),HB,618,100.0,5
2026-01-08,quinta-feira,3,PH CORUMBA (PF),HB,623,684.0,1
2026-01-08,quinta-feira,3,PH CORUMBA (PF),IFCO,6416,8.0,1
2026-01-08,quinta-feira,3,PH CORUMBA (PF),IFCO,6424,25.0,3
2026-01-08,quinta-feira,3,PH SUL (PF),HB,623,690.0,1
2026-01-08,quinta-feira,3,PH UBAJARA,IFCO,6416,229.0,30
2026-01-08,quinta-feira,3,PH UBAJARA,IFCO,6424,654.0,33
2026-01-08,quinta-feira,3,TREB. MINAS,HB,618,956.0,36
2026-01-08,quinta-feira,3,TREB. MINAS,HB,623,538.0,25
2026-01-08,quinta-feira,3,TREB. MINAS,HB,NAO_INFORMADO,79.0,5
2026-01-08,quinta-feira,3,TREB. MINAS,IFCO,6416,133.0,5
2026-01-08,quinta-feira,3,TREB. MINAS,IFCO,6424,3.0,2
2026-01-09,sexta-feira,4,AGROINDUSTRIA TREBESCHI,IFCO,6424,120.0,1
2026-01-09,sexta-feira,4,PH CASCAVEL,HB,623,640.0,1
2026-01-09,sexta-feira,4,PH CORUMBA (PF),HB,623,690.0,1
2026-01-09,sexta-feira,4,PH CORUMBA (PF),IFCO,6416,183.0,4
2026-01-09,sexta-feira,4,PH SUL (PF),IFCO,6416,1633.0,1
2026-01-09,sexta-feira,4,PH UBAJARA,HB,618,159.0,15
2026-01-09,sexta-feira,4,PH UBAJARA,IFCO,6416,45.0,2
2026-01-09,sexta-feira,4,PH UBAJARA,IFCO,6424,342.0,30
2026-01-09,sexta-feira,4,TREB GOIANIA - GALPAO CD,IFCO,6424,920.0,7
2026-01-09,sexta-feira,4,TREB. CEARA,IFCO,6416,161.0,2
2026-01-09,sexta-feira,4,TREB. MINAS,HB,618,514.0,19
2026-01-09,sexta-feira,4,TREB. MINAS,HB,623,100.0,6
2026-01-09,sexta-feira,4,TREB. MINAS,IFCO,6416,190.0,31
2026-01-09,sexta-feira,4,TREB. MINAS,IFCO,6424,308.0,19
2026-01-10,sábado,5,AGROINDUSTRIA TREBESCHI,HB,618,10.0,1
2026-01-10,sábado,5,PH CASCAVEL,IFCO,6424,480.0,5
2026-01-10,sábado,5,PH CORUMBA (PF),IFCO,6416,1835.0,5
2026-01-10,sábado,5,PH CORUMBA (PF),IFCO,6424,183.0,1
2026-01-10,sábado,5,PH SUL (PF),IFCO,6424,631.0,2
2026-01-10,sábado,5,PH UBAJARA,HB,618,385.0,41
2026-01-10,sábado,5,PH UBAJARA,HB,623,14.0,3
2026-01-10,sábado,5,PH UBAJARA,IFCO,6416,342.2,23
2026-01-10,sábado,5,PH UBAJARA,IFCO,6424,411.0,23
2026-01-10,sábado,5,TREB. MINAS,HB,618,385.0,16
2026-01-10,sábado,5,TREB. MINAS,HB,623,128.0,8
2026-01-10,sábado,5,TREB. MINAS,HB,NAO_INFORMADO,75.0,3
2026-01-10,sábado,5,TREB. MINAS,IFCO,6416,605.0,26
2026-01-10,sábado,5,TREB. MINAS,IFCO,6424,494.0,1
2026-01-12,segunda-feira,0,PH CORUMBA (PF),HB,623,1650.0,3
2026-01-12,segunda-feira,0,PH CORUMBA (PF),IFCO,6424,636.0,1
2026-01-12,segunda-feira,0,PH UBAJARA,HB,618,170.0,27
2026-01-12,segunda-feira,0,PH UBAJARA,HB,623,27.0,3
2026-01-12,segunda-feira,0,PH UBAJARA,IFCO,6416,94.0,15
2026-01-12,segunda-feira,0,PH UBAJARA,IFCO,6424,8.0,3
2026-01-12,segunda-feira,0,TREB. MINAS,HB,618,361.0,26
2026-01-12,segunda-feira,0,TREB. MINAS,HB,623,720.0,4
2026-01-12,segunda-feira,0,TREB. MINAS,IFCO,6416,163.0,5
2026-01-12,segunda-feira,0,TREB. MINAS,IFCO,6424,640.0,1
2026-01-13,terça-feira,1,AGROINDUSTRIA TREBESCHI,HB,618,100.0,1
2026-01-13,terça-feira,1,AGROINDUSTRIA TREBESCHI,IFCO,6424,240.0,1
2026-01-13,terça-feira,1,PH CORUMBA (PF),HB,623,870.0,2
2026-01-13,terça-feira,1,PH CORUMBA (PF),IFCO,6416,503.0,4
2026-01-13,terça-feira,1,PH CORUMBA (PF),IFCO,6424,720.0,2
2026-01-13,terça-feira,1,PH SUL (PF),HB,623,640.0,1
2026-01-13,terça-feira,1,PH UBAJARA,HB,618,157.0,14
2026-01-13,terça-feira,1,PH UBAJARA,HB,623,35.0,5
2026-01-13,terça-feira,1,PH UBAJARA,IFCO,6416,0.233333333333333,2
2026-01-13,terça-feira,1,PH UBAJARA,IFCO,6424,167.0,13
2026-01-13,terça-feira,1,TREB. MINAS,HB,618,463.1111111111111,22
2026-01-13,terça-feira,1,TREB. MINAS,HB,623,183.0,9
2026-01-13,terça-feira,1,TREB. MINAS,HB,NAO_INFORMADO,7.0,2
2026-01-13,terça-feira,1,TREB. MINAS,IFCO,6416,143.0,107
2026-01-13,terça-feira,1,TREB. MINAS,IFCO,6424,300.0,1
2026-01-13,terça-feira,1,TREB. MINAS,IFCO,NAO_INFORMADO,0.2,1
2026-01-14,quarta-feira,2,PH SUL (PF),HB,618,100.0,1
2026-01-14,quarta-feira,2,PH SUL (PF),HB,623,540.0,1
2026-01-14,quarta-feira,2,PH SUL (PF),IFCO,6416,796.0,6
2026-01-14,quarta-feira,2,PH SUL (PF),IFCO,6424,640.0,1
2026-01-14,quarta-feira,2,PH UBAJARA,IFCO,6416,102.04761904761905,14
2026-01-14,quarta-feira,2,PH UBAJARA,IFCO,6424,190.0,11
2026-01-14,quarta-feira,2,TREB. MINAS,HB,618,918.0,13
2026-01-14,quarta-feira,2,TREB. MINAS,HB,623,131.0,8
2026-01-14,quarta-feira,2,TREB. MINAS,HB,NAO_INFORMADO,22.0,3
2026-01-14,quarta-feira,2,TREB. MINAS,IFCO,6416,62.0,25
2026-01-14,quarta-feira,2,TREB. MINAS,IFCO,6424,114.0,6
2026-01-15,quinta-feira,3,AGROINDUSTRIA TREBESCHI,HB,618,160.0,3
2026-01-15,quinta-feira,3,PH CASCAVEL,HB,623,690.0,1
2026-01-15,quinta-feira,3,PH CORUMBA (PF),HB,618,245.0,7
2026-01-15,quinta-feira,3,PH CORUMBA (PF),HB,623,1230.0,2
2026-01-15,quinta-feira,3,PH CORUMBA (PF),IFCO,6424,169.0,3
2026-01-15,quinta-feira,3,PH UBAJARA,HB,618,333.0,28
2026-01-15,quinta-feira,3,PH UBAJARA,HB,623,2.0,1
2026-01-15,quinta-feira,3,PH UBAJARA,IFCO,6416,93.0,19
2026-01-15,quinta-feira,3,PH UBAJARA,IFCO,6424,113.0,4
2026-01-15,quinta-feira,3,TREB. MINAS,HB,618,1001.0,40
2026-01-15,quinta-feira,3,TREB. MINAS,HB,623,174.0,9
2026-01-15,quinta-feira,3,TREB. MINAS,HB,NAO_INFORMADO,38.0,6
2026-01-15,quinta-feira,3,TREB. MINAS,IFCO,6416,36.0,4
2026-01-15,quinta-feira,3,TREB. MINAS,IFCO,6424,25.0,2
2026-01-16,sexta-feira,4,PH CASCAVEL,HB,623,690.0,2
2026-01-16,sexta-feira,4,PH CASCAVEL,IFCO,6416,1680.0,1
2026-01-16,sexta-feira,4,PH SUL (PF),HB,618,100.0,1
2026-01-16,sexta-feira,4,PH SUL (PF),HB,623,540.0,1
2026-01-16,sexta-feira,4,PH SUL (PF),IFCO,6416,226.0,4
2026-01-16,sexta-feira,4,PH UBAJARA,HB,618,200.0,26
2026-01-16,sexta-feira,4,PH UBAJARA,HB,623,3.0,1
2026-01-16,sexta-feira,4,PH UBAJARA,IFCO,6416,256.4545454545455,17
2026-01-16,sexta-feira,4,PH UBAJARA,IFCO,6424,247.0,11
2026-01-16,sexta-feira,4,TREB. CEARA,HB,618,25.0,2
2026-01-16,sexta-feira,4,TREB. CEARA,IFCO,6416,56.0,2
2026-01-16,sexta-feira,4,TREB. MINAS,HB,618,464.0,24
2026-01-16,sexta-feira,4,TREB. MINAS,HB,623,246.0263157894737,16
2026-01-16,sexta-feira,4,TREB. MINAS,IFCO,6416,515.0,60
2026-01-16,sexta-feira,4,TREB. MINAS,IFCO,6424,278.0,49
2026-01-17,sábado,5,AGROINDUSTRIA TREBESCHI,HB,618,10.0,1
2026-01-17,sábado,5,PH CASCAVEL,IFCO,6424,1120.0,2
2026-01-17,sábado,5,PH CORUMBA (PF),HB,623,690.0,1
2026-01-17,sábado,5,PH CORUMBA (PF),IFCO,6424,85.0,1
2026-01-17,sábado,5,PH SUL (PF),HB,618,400.0,1
2026-01-17,sábado,5,PH SUL (PF),HB,623,1010.0,2
2026-01-17,sábado,5,PH SUL (PF),IFCO,6416,469.0,3
2026-01-17,sábado,5,PH SUL (PF),IFCO,6424,640.0,2
2026-01-17,sábado,5,PH UBAJARA,HB,618,121.0,14
2026-01-17,sábado,5,PH UBAJARA,HB,623,42.0,6
2026-01-17,sábado,5,PH UBAJARA,IFCO,6416,48.6,28
2026-01-17,sábado,5,PH UBAJARA,IFCO,6424,209.0,34
2026-01-17,sábado,5,TREB. MINAS,HB,618,679.0,25
2026-01-17,sábado,5,TREB. MINAS,HB,623,102.0,13
2026-01-17,sábado,5,TREB. MINAS,HB,NAO_INFORMADO,76.0,5
2026-01-17,sábado,5,TREB. MINAS,IFCO,6416,268.0,19
2026-01-19,segunda-feira,0,PH CASCAVEL,IFCO,6424,480.0,4
2026-01-19,segunda-feira,0,PH CORUMBA (PF),HB,623,720.0,1
2026-01-19,segunda-feira,0,PH SUL (PF),HB,618,300.0,1
2026-01-19,segunda-feira,0,PH SUL (PF),HB,623,400.0,1
2026-01-19,segunda-feira,0,PH SUL (PF),IFCO,6416,204.0,4
2026-01-19,segunda-feira,0,PH UBAJARA,HB,618,199.8,26
2026-01-19,segunda-feira,0,PH UBAJARA,HB,623,31.0,3
2026-01-19,segunda-feira,0,TREB GOIANIA - GALPAO CD,IFCO,6424,360.0,1
2026-01-19,segunda-feira,0,TREB. MINAS,HB,618,345.0,20
2026-01-19,segunda-feira,0,TREB. MINAS,HB,623,76.0,2
2026-01-19,segunda-feira,0,TREB. MINAS,HB,NAO_INFORMADO,5.0,1
2026-01-20,terça-feira,1,AGROINDUSTRIA TREBESCHI,HB,618,60.0,1
2026-01-20,terça-feira,1,PH CASCAVEL,HB,623,320.0,1
2026-01-20,terça-feira,1,PH CASCAVEL,IFCO,6424,2330.0,6
2026-01-20,terça-feira,1,PH CORUMBA (PF),HB,623,690.0,2
2026-01-20,terça-feira,1,PH CORUMBA (PF),IFCO,6424,425.0,4
2026-01-20,terça-feira,1,PH SUL (PF),HB,618,500.0,1
2026-01-20,terça-feira,1,PH SUL (PF),HB,623,240.0,1
2026-01-20,terça-feira,1,PH SUL (PF),IFCO,6416,379.0,5
2026-01-20,terça-feira,1,PH SUL (PF),IFCO,6424,840.0,3
2026-01-20,terça-feira,1,PH UBAJARA,HB,618,156.0,13
2026-01-20,terça-feira,1,PH UBAJARA,HB,623,24.0,4
2026-01-20,terça-feira,1,PH UBAJARA,HB,NAO_INFORMADO,5.0,1
2026-01-20,terça-feira,1,PH UBAJARA,IFCO,6416,35.0,7
2026-01-20,terça-feira,1,PH UBAJARA,IFCO,6424,715.0,26
2026-01-20,terça-feira,1,TREB. MINAS,HB,618,874.0,25
2026-01-20,terça-feira,1,TREB. MINAS,HB,623,205.0,9
2026-01-20,terça-feira,1,TREB. MINAS,HB,NAO_INFORMADO,58.0,6
2026-01-20,terça-feira,1,TREB. MINAS,IFCO,6416,257.0,156
2026-01-21,quarta-feira,2,AGROINDUSTRIA TREBESCHI,IFCO,6416,29.0,5
2026-01-21,quarta-feira,2,PH CORUMBA (PF),IFCO,6424,640.0,2
2026-01-21,quarta-feira,2,PH SUL (PF),HB,618,500.0,1
2026-01-21,quarta-feira,2,PH SUL (PF),HB,623,1500.0,2
2026-01-21,quarta-feira,2,PH SUL (PF),IFCO,6416,160.0,4
2026-01-21,quarta-feira,2,PH SUL (PF),IFCO,6424,821.0,5
2026-01-21,quarta-feira,2,PH UBAJARA,IFCO,6416,672.0,42
2026-01-21,quarta-feira,2,PH UBAJARA,IFCO,6424,193.0,17
2026-01-21,quarta-feira,2,TREB. CEARA,IFCO,6416,46.0,2
2026-01-21,quarta-feira,2,TREB. MINAS,HB,618,391.0,10
2026-01-21,quarta-feira,2,TREB. MINAS,HB,623,187.0,11
2026-01-21,quarta-feira,2,TREB. MINAS,HB,NAO_INFORMADO,95.0,6
2026-01-21,quarta-feira,2,TREB. MINAS,IFCO,6416,80.0,21
2026-01-21,quarta-feira,2,TREB. MINAS,IFCO,6424,165.0,10
2026-01-22,quinta-feira,3,AGROINDUSTRIA TREBESCHI,HB,618,30.0,2
2026-01-22,quinta-feira,3,PH CASCAVEL,IFCO,6424,790.0,3
2026-01-22,quinta-feira,3,PH CORUMBA (PF),HB,618,82.0,6
2026-01-22,quinta-feira,3,PH CORUMBA (PF),HB,623,840.0,3
2026-01-22,quinta-feira,3,PH CORUMBA (PF),IFCO,6424,130.0,2
2026-01-22,quinta-feira,3,PH UBAJARA,HB,618,196.0,25
2026-01-22,quinta-feira,3,PH UBAJARA,HB,623,3.0,1
2026-01-22,quinta-feira,3,PH UBAJARA,IFCO,6416,144.0,19
2026-01-22,quinta-feira,3,PH UBAJARA,IFCO,6424,118.0,8
2026-01-22,quinta-feira,3,TREB. MINAS,HB,618,789.0,41
2026-01-22,quinta-feira,3,TREB. MINAS,HB,623,181.0,10
2026-01-22,quinta-feira,3,TREB. MINAS,HB,NAO_INFORMADO,266.0,7
2026-01-22,quinta-feira,3,TREB. MINAS,IFCO,6416,40.0,1
2026-01-23,sexta-feira,4,AGROINDUSTRIA TREBESCHI,IFCO,6424,440.0,1
2026-01-23,sexta-feira,4,PH SUL (PF),HB,618,500.0,1
2026-01-23,sexta-feira,4,PH SUL (PF),HB,623,930.0,2
2026-01-23,sexta-feira,4,PH SUL (PF),IFCO,6416,335.0,4
2026-01-23,sexta-feira,4,PH SUL (PF),IFCO,6424,2240.0,3
2026-01-23,sexta-feira,4,PH UBAJARA,IFCO,6416,98.0,17
2026-01-23,sexta-feira,4,PH UBAJARA,IFCO,6424,78.0,9
2026-01-23,sexta-feira,4,TREB. MINAS,HB,618,384.0,15
2026-01-23,sexta-feira,4,TREB. MINAS,HB,623,81.0,3
2026-01-23,sexta-feira,4,TREB. MINAS,IFCO,6416,207.0,45
2026-01-23,sexta-feira,4,TREB. MINAS,IFCO,6424,437.0,24
2026-01-24,sábado,5,PH CASCAVEL,HB,623,400.0,2
2026-01-24,sábado,5,PH CASCAVEL,IFCO,6424,510.0,5
2026-01-24,sábado,5,PH SUL (PF),HB,618,513.0,3
2026-01-24,sábado,5,PH SUL (PF),HB,623,2220.0,3
2026-01-24,sábado,5,PH SUL (PF),IFCO,6416,481.0,4
2026-01-24,sábado,5,PH UBAJARA,HB,618,341.0,44
2026-01-24,sábado,5,PH UBAJARA,HB,623,59.0,7
2026-01-24,sábado,5,PH UBAJARA,IFCO,6416,41.16666666666667,25
2026-01-24,sábado,5,PH UBAJARA,IFCO,6424,401.0,34
2026-01-24,sábado,5,TREB. MINAS,HB,618,500.0,29
2026-01-24,sábado,5,TREB. MINAS,HB,623,316.0,29
2026-01-24,sábado,5,TREB. MINAS,HB,NAO_INFORMADO,166.0,10
2026-01-24,sábado,5,TREB. MINAS,IFCO,6416,137.0,32
2026-01-24,sábado,5,TREB. MINAS,IFCO,6424,6.0,6
2026-01-26,segunda-feira,0,PH CASCAVEL,HB,623,80.0,1
2026-01-26,segunda-feira,0,PH CASCAVEL,IFCO,6424,730.0,1
2026-01-26,segunda-feira,0,PH SUL (PF),HB,618,600.0,1
2026-01-26,segunda-feira,0,PH SUL (PF),HB,623,720.0,1
2026-01-26,segunda-feira,0,PH SUL (PF),IFCO,6416,214.0,5
2026-01-26,segunda-feira,0,PH UBAJARA,HB,618,193.0,26
2026-01-26,segunda-feira,0,PH UBAJARA,HB,623,46.0,3
2026-01-26,segunda-feira,0,PH UBAJARA,IFCO,6416,45.0,2
2026-01-26,segunda-feira,0,PH UBAJARA,IFCO,6424,651.0,27
2026-01-26,segunda-feira,0,TREB. MINAS,HB,618,780.0,36
2026-01-26,segunda-feira,0,TREB. MINAS,HB,623,83.0,2
2026-01-26,segunda-feira,0,TREB. MINAS,IFCO,6416,17.0,4
2026-01-26,segunda-feira,0,TREB. MINAS,IFCO,6424,29.0,3
2026-01-27,terça-feira,1,AGROINDUSTRIA TREBESCHI,HB,618,75.0,2
2026-01-27,terça-feira,1,PH CASCAVEL,IFCO,6424,640.0,1
2026-01-27,terça-feira,1,PH CORUMBA (PF),IFCO,6424,100.0,1
2026-01-27,terça-feira,1,PH SUL (PF),HB,618,500.0,1
2026-01-27,terça-feira,1,PH SUL (PF),HB,623,2190.0,4
2026-01-27,terça-feira,1,PH SUL (PF),IFCO,6416,402.0,5
2026-01-27,terça-feira,1,PH UBAJARA,IFCO,6416,4.152380952380952,4
2026-01-27,terça-feira,1,PH UBAJARA,IFCO,6424,385.0,15
2026-01-27,terça-feira,1,TREB. MINAS,HB,618,365.0,16
2026-01-27,terça-feira,1,TREB. MINAS,HB,623,97.0,8
2026-01-27,terça-feira,1,TREB. MINAS,HB,NAO_INFORMADO,13.0,5
2026-01-27,terça-feira,1,TREB. MINAS,IFCO,6416,211.0,138
2026-01-28,quarta-feira,2,AGROINDUSTRIA TREBESCHI,IFCO,6424,140.0,2
2026-01-28,quarta-feira,2,PH CASCAVEL,IFCO,6424,1062.0,4
2026-01-28,quarta-feira,2,PH SUL (PF),HB,623,1540.0,2
2026-01-28,quarta-feira,2,PH SUL (PF),IFCO,6416,171.0,4
2026-01-28,quarta-feira,2,PH UBAJARA,HB,618,159.0,16
2026-01-28,quarta-feira,2,PH UBAJARA,HB,623,168.0,8
2026-01-28,quarta-feira,2,PH UBAJARA,IFCO,6416,257.0,18
2026-01-28,quarta-feira,2,PH UBAJARA,IFCO,6424,388.0,17
2026-01-28,quarta-feira,2,TREB. CEARA,IFCO,6416,35.0,1
2026-01-28,quarta-feira,2,TREB. MINAS,HB,618,237.0,8
2026-01-28,quarta-feira,2,TREB. MINAS,HB,623,142.0,3
2026-01-28,quarta-feira,2,TREB. MINAS,IFCO,6416,44.0,19
2026-01-28,quarta-feira,2,TREB. MINAS,IFCO,6424,131.0,11
2026-01-29,quinta-feira,3,AGROINDUSTRIA TREBESCHI,HB,618,35.0,2
2026-01-29,quinta-feira,3,PH CORUMBA (PF),IFCO,6424,75.0,1
2026-01-29,quinta-feira,3,PH SUL (PF),HB,618,500.0,1
2026-01-29,quinta-feira,3,PH SUL (PF),IFCO,6424,1120.0,1
2026-01-29,quinta-feira,3,PH UBAJARA,HB,618,341.0,24
2026-01-29,quinta-feira,3,PH UBAJARA,HB,623,1.0,1
2026-01-29,quinta-feira,3,PH UBAJARA,IFCO,6416,139.0,34
2026-01-29,quinta-feira,3,PH UBAJARA,IFCO,6424,31.0,5
2026-01-29,quinta-feira,3,TREB. MINAS,HB,618,882.0,44
2026-01-29,quinta-feira,3,TREB. MINAS,HB,623,246.0,21
2026-01-29,quinta-feira,3,TREB. MINAS,HB,NAO_INFORMADO,246.0,13
2026-01-30,sexta-feira,4,PH SUL (PF),HB,618,500.0,1
2026-01-30,sexta-feira,4,PH SUL (PF),HB,623,1210.0,3
2026-01-30,sexta-feira,4,PH SUL (PF),IFCO,6416,1481.0,10
2026-01-30,sexta-feira,4,PH SUL (PF),IFCO,6424,1170.0,4
2026-01-30,sexta-feira,4,PH UBAJARA,IFCO,6416,465.0,54
2026-01-30,sexta-feira,4,PH UBAJARA,IFCO,6424,315.0,31
2026-01-30,sexta-feira,4,TREB. CEARA,IFCO,6416,6.0,2
2026-01-30,sexta-feira,4,TREB. MINAS,HB,618,354.0,21
2026-01-30,sexta-feira,4,TREB. MINAS,HB,623,80.0,4
2026-01-31,sábado,5,AGROINDUSTRIA TREBESCHI,HB,618,30.0,2
2026-01-31,sábado,5,AGROINDUSTRIA TREBESCHI,IFCO,6416,80.0,2
2026-01-31,sábado,5,AGROINDUSTRIA TREBESCHI,IFCO,6424,560.0,2
2026-01-31,sábado,5,PH CASCAVEL,IFCO,6424,890.0,6
2026-01-31,sábado,5,PH CORUMBA (PF),HB,623,1330.0,2
2026-01-31,sábado,5,PH CORUMBA (PF),IFCO,6416,1500.0,1
2026-01-31,sábado,5,PH CORUMBA (PF),IFCO,6424,100.0,1
2026-01-31,sábado,5,PH SUL (PF),HB,618,500.0,1
2026-01-31,sábado,5,PH SUL (PF),HB,623,2430.0,7
2026-01-31,sábado,5,PH SUL (PF),IFCO,6416,386.0,4
2026-01-31,sábado,5,PH SUL (PF),IFCO,6424,1360.0,3
2026-01-31,sábado,5,PH UBAJARA,HB,618,325.0,41
2026-01-31,sábado,5,PH UBAJARA,HB,623,60.0,7
2026-01-31,sábado,5,PH UBAJARA,IFCO,6416,455.42857142857144,61
2026-01-31,sábado,5,PH UBAJARA,IFCO,6424,491.0,132
2026-01-31,sábado,5,TREB. MINAS,HB,618,929.0,47
2026-01-31,sábado,5,TREB. MINAS,HB,623,311.0,22
2026-01-31,sábado,5,TREB. MINAS,HB,NAO_INFORMADO,68.0,5
2026-01-31,sábado,5,TREB. MINAS,IFCO,6416,497.0,56
2026-01-31,sábado,5,TREB. MINAS,IFCO,6424,291.0,4
2026-02-02,segunda-feira,0,PH CASCAVEL,IFCO,6424,1379.0,4
2026-02-02,segunda-feira,0,PH SUL (PF),HB,618,500.0,1
2026-02-02,segunda-feira,0,PH SUL (PF),HB,623,1360.0,3
2026-02-02,segunda-feira,0,PH SUL (PF),IFCO,6416,276.0,6
2026-02-02,segunda-feira,0,PH UBAJARA,HB,618,129.0,19
2026-02-02,segunda-feira,0,PH UBAJARA,IFCO,6416,2.0,2
2026-02-02,segunda-feira,0,PH UBAJARA,IFCO,6424,23.464673046251995,21
2026-02-02,segunda-feira,0,TREB. MINAS,HB,618,632.0,34
2026-02-02,segunda-feira,0,TREB. MINAS,HB,623,70.0,3
2026-02-02,segunda-feira,0,TREB. MINAS,IFCO,6416,0.0333333333333333,1
2026-02-03,terça-feira,1,AGROINDUSTRIA TREBESCHI,IFCO,6424,200.0,1
2026-02-03,terça-feira,1,PH CASCAVEL,HB,623,400.0,2
2026-02-03,terça-feira,1,PH CORUMBA (PF),IFCO,6424,100.0,1
2026-02-03,terça-feira,1,PH SUL (PF),IFCO,6416,497.0,5
2026-02-03,terça-feira,1,PH SUL (PF),IFCO,6424,1280.0,3
2026-02-03,terça-feira,1,PH UBAJARA,HB,618,231.0,16
2026-02-03,terça-feira,1,PH UBAJARA,HB,623,41.0,5
2026-02-03,terça-feira,1,PH UBAJARA,IFCO,6416,68.2,18
2026-02-03,terça-feira,1,PH UBAJARA,IFCO,6424,594.0,55
2026-02-03,terça-feira,1,TREB. MINAS,HB,618,449.0,20
2026-02-03,terça-feira,1,TREB. MINAS,HB,623,164.0,8
2026-02-03,terça-feira,1,TREB. MINAS,HB,NAO_INFORMADO,17.0,2
2026-02-03,terça-feira,1,TREB. MINAS,IFCO,6416,288.0,156
2026-02-04,quarta-feira,2,PH CASCAVEL,IFCO,6424,586.0,4
2026-02-04,quarta-feira,2,PH SUL (PF),HB,618,400.0,1
2026-02-04,quarta-feira,2,PH SUL (PF),HB,623,1500.0,2
2026-02-04,quarta-feira,2,PH SUL (PF),IFCO,6416,2214.0,7
2026-02-04,quarta-feira,2,PH SUL (PF),IFCO,6424,1813.0,7
2026-02-04,quarta-feira,2,PH UBAJARA,IFCO,6416,178.0,22
2026-02-04,quarta-feira,2,PH UBAJARA,IFCO,6424,347.0,39
2026-02-04,quarta-feira,2,TREB. CEARA,IFCO,6416,73.0,2
2026-02-04,quarta-feira,2,TREB. CEARA,IFCO,6424,27.0,4
2026-02-04,quarta-feira,2,TREB. MINAS,HB,618,547.0,16
2026-02-04,quarta-feira,2,TREB. MINAS,HB,623,69.0,4
2026-02-04,quarta-feira,2,TREB. MINAS,IFCO,6416,83.0,23
2026-02-04,quarta-feira,2,TREB. MINAS,IFCO,6424,156.27272727272725,10
2026-02-05,quinta-feira,3,AGROINDUSTRIA TREBESCHI,IFCO,6424,680.0,1
2026-02-05,quinta-feira,3,PH CASCAVEL,IFCO,6424,630.0,2
2026-02-05,quinta-feira,3,PH CORUMBA (PF),HB,623,400.0,1
2026-02-05,quinta-feira,3,PH CORUMBA (PF),IFCO,6424,105.0,1
2026-02-05,quinta-feira,3,PH SUL (PF),HB,618,400.0,1
2026-02-05,quinta-feira,3,PH SUL (PF),HB,623,880.0,2
2026-02-05,quinta-feira,3,PH SUL (PF),IFCO,6416,1680.0,1
2026-02-05,quinta-feira,3,PH SUL (PF),IFCO,6424,1120.0,1
2026-02-05,quinta-feira,3,PH UBAJARA,HB,618,196.0,26
2026-02-05,quinta-feira,3,PH UBAJARA,HB,623,1.0,1
2026-02-05,quinta-feira,3,PH UBAJARA,IFCO,6416,162.0,34
2026-02-05,quinta-feira,3,PH UBAJARA,IFCO,6424,50.0,8
2026-02-05,quinta-feira,3,TREB. MINAS,HB,618,840.2083333333334,43
2026-02-05,quinta-feira,3,TREB. MINAS,HB,623,193.0,18
2026-02-05,quinta-feira,3,TREB. MINAS,HB,NAO_INFORMADO,205.0,13
2026-02-05,quinta-feira,3,TREB. MINAS,IFCO,6416,67.0,5
2026-02-05,quinta-feira,3,TREB. MINAS,IFCO,6424,24.0,5
2026-02-06,sexta-feira,4,PH CASCAVEL,IFCO,6424,3280.0,5
2026-02-06,sexta-feira,4,PH SUL (PF),HB,618,400.0,1
2026-02-06,sexta-feira,4,PH SUL (PF),HB,623,960.0,2
2026-02-06,sexta-feira,4,PH SUL (PF),IFCO,6416,1078.0,5
2026-02-06,sexta-feira,4,PH SUL (PF),IFCO,6424,4460.0,9
2026-02-06,sexta-feira,4,PH UBAJARA,IFCO,6416,354.0,18
2026-02-06,sexta-feira,4,PH UBAJARA,IFCO,6424,278.0,12
2026-02-06,sexta-feira,4,TREB. CEARA,IFCO,6416,128.0,2
2026-02-06,sexta-feira,4,TREB. MINAS,HB,618,333.0,22
2026-02-06,sexta-feira,4,TREB. MINAS,HB,623,85.0,7
2026-02-06,sexta-feira,4,TREB. MINAS,IFCO,6416,231.0,38
2026-02-06,sexta-feira,4,TREB. MINAS,IFCO,6424,340.0,29
2026-02-07,sábado,5,PH CASCAVEL,IFCO,6424,1310.0,5
2026-02-07,sábado,5,PH CORUMBA (PF),IFCO,6424,100.0,1
2026-02-07,sábado,5,PH SUL (PF),HB,618,400.0,1
2026-02-07,sábado,5,PH SUL (PF),HB,623,880.0,2
2026-02-07,sábado,5,PH SUL (PF),IFCO,6416,3137.0,5
2026-02-07,sábado,5,PH SUL (PF),IFCO,6424,2240.0,3
2026-02-07,sábado,5,PH UBAJARA,HB,618,298.0,41
2026-02-07,sábado,5,PH UBAJARA,HB,623,29.0,7
2026-02-07,sábado,5,PH UBAJARA,IFCO,6416,63.494949494949495,30
2026-02-07,sábado,5,PH UBAJARA,IFCO,6424,573.1428571428571,33
2026-02-07,sábado,5,TREB. MINAS,HB,618,648.0,35
2026-02-07,sábado,5,TREB. MINAS,HB,623,113.0,8
2026-02-07,sábado,5,TREB. MINAS,HB,NAO_INFORMADO,0.0,1
2026-02-07,sábado,5,TREB. MINAS,IFCO,6416,72.5,20
2026-02-08,domingo,6,PH SUL (PF),HB,623,1410.0,2
2026-02-09,segunda-feira,0,PH SUL (PF),HB,618,400.0,1
2026-02-09,segunda-feira,0,PH SUL (PF),HB,623,1600.0,3
2026-02-09,segunda-feira,0,PH SUL (PF),IFCO,6416,213.0,4
2026-02-09,segunda-feira,0,PH SUL (PF),IFCO,6424,1320.0,2
2026-02-09,segunda-feira,0,PH UBAJARA,HB,618,112.0,20
2026-02-09,segunda-feira,0,PH UBAJARA,HB,623,50.0,2
2026-02-09,segunda-feira,0,TREB. MINAS,HB,618,618.0,30
2026-02-09,segunda-feira,0,TREB. MINAS,HB,623,150.0,17
2026-02-09,segunda-feira,0,TREB. MINAS,HB,NAO_INFORMADO,6.0,1
2026-02-09,segunda-feira,0,TREB. MINAS,IFCO,6416,40.06666666666667,2
2026-02-10,terça-feira,1,PH CASCAVEL,HB,623,360.0,2
2026-02-10,terça-feira,1,PH CASCAVEL,IFCO,6424,945.0,5
2026-02-10,terça-feira,1,PH CORUMBA (PF),IFCO,6424,300.0,1
2026-02-10,terça-feira,1,PH SUL (PF),HB,618,400.0,1
2026-02-10,terça-feira,1,PH SUL (PF),HB,623,1410.0,2
2026-02-10,terça-feira,1,PH SUL (PF),IFCO,6416,376.0,4
2026-02-10,terça-feira,1,PH UBAJARA,HB,618,101.0,13
2026-02-10,terça-feira,1,PH UBAJARA,HB,623,25.0,5
2026-02-10,terça-feira,1,PH UBAJARA,IFCO,6416,382.1333333333333,34
2026-02-10,terça-feira,1,PH UBAJARA,IFCO,6424,309.0,26
2026-02-10,terça-feira,1,TREB. MINAS,HB,618,507.0,24
2026-02-10,terça-feira,1,TREB. MINAS,HB,623,186.0,11
2026-02-10,terça-feira,1,TREB. MINAS,HB,NAO_INFORMADO,47.0,7
2026-02-10,terça-feira,1,TREB. MINAS,IFCO,6416,121.0,75
2026-02-10,terça-feira,1,TREB. MINAS,IFCO,6424,12.0,3
2026-02-11,quarta-feira,2,PH CASCAVEL,HB,623,80.0,1
2026-02-11,quarta-feira,2,PH CASCAVEL,IFCO,6424,840.0,5
2026-02-11,quarta-feira,2,PH SUL (PF),IFCO,6416,150.0,4
2026-02-11,quarta-feira,2,PH SUL (PF),IFCO,6424,2360.0,4
2026-02-11,quarta-feira,2,PH UBAJARA,IFCO,6416,100.0,9
2026-02-11,quarta-feira,2,PH UBAJARA,IFCO,6424,225.0,15
2026-02-11,quarta-feira,2,TREB. MINAS,HB,618,553.0,12
2026-02-11,quarta-feira,2,TREB. MINAS,HB,623,169.0,15
2026-02-11,quarta-feira,2,TREB. MINAS,IFCO,6416,64.0,27
2026-02-11,quarta-feira,2,TREB. MINAS,IFCO,6424,41.0,7
2026-02-12,quinta-feira,3,AGROINDUSTRIA TREBESCHI,IFCO,6424,5.0,1
2026-02-12,quinta-feira,3,PH CASCAVEL,IFCO,6424,1120.0,4
2026-02-12,quinta-feira,3,PH CORUMBA (PF),HB,623,690.0,1
2026-02-12,quinta-feira,3,PH SUL (PF),HB,618,400.0,1
2026-02-12,quinta-feira,3,PH SUL (PF),HB,623,240.0,1
2026-02-12,quinta-feira,3,PH SUL (PF),IFCO,6416,3360.0,2
2026-02-12,quinta-feira,3,PH SUL (PF),IFCO,6424,6400.0,9
2026-02-12,quinta-feira,3,PH UBAJARA,HB,618,141.0,20
2026-02-12,quinta-feira,3,PH UBAJARA,HB,623,1.0,1
2026-02-12,quinta-feira,3,PH UBAJARA,IFCO,6416,172.0,25
2026-02-12,quinta-feira,3,PH UBAJARA,IFCO,6424,369.0,19
2026-02-12,quinta-feira,3,TREB. CEARA,IFCO,6416,7.0,2
2026-02-12,quinta-feira,3,TREB. MINAS,HB,618,1151.5,44
2026-02-12,quinta-feira,3,TREB. MINAS,HB,623,226.0,11
2026-02-12,quinta-feira,3,TREB. MINAS,HB,NAO_INFORMADO,169.0,7
2026-02-12,quinta-feira,3,TREB. MINAS,IFCO,6416,26.0,4
2026-02-12,quinta-feira,3,TREB. MINAS,IFCO,6424,89.0,7
2026-02-13,sexta-feira,4,AGROINDUSTRIA TREBESCHI,IFCO,6416,120.0,2
2026-02-13,sexta-feira,4,PH CASCAVEL,IFCO,6424,880.0,1
2026-02-13,sexta-feira,4,PH SUL (PF),HB,618,500.0,1
2026-02-13,sexta-feira,4,PH SUL (PF),HB,623,860.0,2
2026-02-13,sexta-feira,4,PH SUL (PF),IFCO,6416,3614.0,6
2026-02-13,sexta-feira,4,PH SUL (PF),IFCO,6424,4480.0,5
2026-02-13,sexta-feira,4,PH UBAJARA,IFCO,6416,755.6179487179486,94
2026-02-13,sexta-feira,4,PH UBAJARA,IFCO,6424,327.9939024390244,43
2026-02-13,sexta-feira,4,TREB. CEARA,IFCO,6416,80.0,1
2026-02-13,sexta-feira,4,TREB. MINAS,HB,618,441.0,19
2026-02-13,sexta-feira,4,TREB. MINAS,HB,623,54.0,4
2026-02-14,sábado,5,AGROINDUSTRIA TREBESCHI,IFCO,6416,100.0,2
2026-02-14,sábado,5,PH CASCAVEL,IFCO,6424,562.0,4
2026-02-14,sábado,5,PH SUL (PF),HB,618,400.0,1
2026-02-14,sábado,5,PH SUL (PF),HB,623,3570.0,6
2026-02-14,sábado,5,PH SUL (PF),IFCO,6416,3360.0,2
2026-02-14,sábado,5,PH SUL (PF),IFCO,6424,2240.0,4
2026-02-14,sábado,5,PH UBAJARA,HB,618,419.0,62
2026-02-14,sábado,5,PH UBAJARA,HB,623,35.0,8
2026-02-14,sábado,5,PH UBAJARA,IFCO,6416,0.166666666666667,1
2026-02-14,sábado,5,PH UBAJARA,IFCO,6424,470.0,15
2026-02-14,sábado,5,TREB. MINAS,HB,618,345.0,25
2026-02-14,sábado,5,TREB. MINAS,HB,623,59.0,7
2026-02-14,sábado,5,TREB. MINAS,HB,NAO_INFORMADO,10.0,1
2026-02-14,sábado,5,TREB. MINAS,IFCO,6416,441.0,24
2026-02-14,sábado,5,TREB. MINAS,IFCO,6424,106.0,7
2026-02-16,segunda-feira,0,PH CASCAVEL,HB,623,480.0,3
2026-02-16,segunda-feira,0,PH CASCAVEL,IFCO,6424,1120.0,5
2026-02-16,segunda-feira,0,PH SUL (PF),HB,618,300.0,1
2026-02-16,segunda-feira,0,PH SUL (PF),HB,623,960.0,2
2026-02-16,segunda-feira,0,PH SUL (PF),IFCO,6424,1120.0,1
2026-02-16,segunda-feira,0,TREB. MINAS,HB,618,550.0,34
2026-02-16,segunda-feira,0,TREB. MINAS,HB,623,68.0,4
2026-02-17,terça-feira,1,PH CASCAVEL,IFCO,6424,1864.0,8
2026-02-17,terça-feira,1,PH SUL (PF),HB,618,300.0,1
2026-02-17,terça-feira,1,PH SUL (PF),HB,623,1010.0,2
2026-02-17,terça-feira,1,PH SUL (PF),IFCO,6416,378.0,4
2026-02-17,terça-feira,1,PH SUL (PF),IFCO,6424,640.0,1
2026-02-17,terça-feira,1,PH UBAJARA,HB,618,195.0,16
2026-02-17,terça-feira,1,PH UBAJARA,HB,623,41.0,6
2026-02-17,terça-feira,1,PH UBAJARA,IFCO,6416,27.0,13
2026-02-17,terça-feira,1,PH UBAJARA,IFCO,6424,159.0,17
2026-02-18,quarta-feira,2,AGROINDUSTRIA TREBESCHI,IFCO,6424,390.0,3
2026-02-18,quarta-feira,2,PH SUL (PF),HB,618,300.0,1
2026-02-18,quarta-feira,2,PH SUL (PF),HB,623,690.0,1
2026-02-18,quarta-feira,2,PH SUL (PF),IFCO,6416,177.0,4
2026-02-18,quarta-feira,2,PH SUL (PF),IFCO,6424,2445.0,9
2026-02-18,quarta-feira,2,TREB. MINAS,HB,618,569.0,26
2026-02-18,quarta-feira,2,TREB. MINAS,HB,623,97.0,7
2026-02-18,quarta-feira,2,TREB. MINAS,IFCO,6416,333.0,146
2026-02-18,quarta-feira,2,TREB. MINAS,IFCO,6424,155.0,5
2026-02-19,quinta-feira,3,PH CASCAVEL,IFCO,6424,1597.0,4
2026-02-19,quinta-feira,3,PH CORUMBA (PF),IFCO,6424,140.0,2
2026-02-19,quinta-feira,3,PH SUL (PF),HB,618,400.0,1
2026-02-19,quinta-feira,3,PH SUL (PF),HB,623,240.0,1
2026-02-19,quinta-feira,3,PH SUL (PF),IFCO,6424,2240.0,2
2026-02-19,quinta-feira,3,PH UBAJARA,HB,618,146.0,26
2026-02-19,quinta-feira,3,PH UBAJARA,IFCO,6416,272.0,37
2026-02-19,quinta-feira,3,PH UBAJARA,IFCO,6424,277.0,7
2026-02-19,quinta-feira,3,TREB. MINAS,HB,618,855.0,41
2026-02-19,quinta-feira,3,TREB. MINAS,HB,623,196.0,11
2026-02-19,quinta-feira,3,TREB. MINAS,HB,NAO_INFORMADO,53.0,7
2026-02-19,quinta-feira,3,TREB. MINAS,IFCO,6416,28.0,4
2026-02-19,quinta-feira,3,TREB. MINAS,IFCO,6424,161.0,6
2026-02-20,sexta-feira,4,PH SUL (PF),HB,618,400.0,1
2026-02-20,sexta-feira,4,PH SUL (PF),HB,623,720.0,1
2026-02-20,sexta-feira,4,PH SUL (PF),IFCO,6416,399.0,5
2026-02-20,sexta-feira,4,PH SUL (PF),IFCO,6424,7600.0,9
2026-02-20,sexta-feira,4,PH UBAJARA,IFCO,6416,308.0,62
2026-02-20,sexta-feira,4,PH UBAJARA,IFCO,6424,253.0,43
2026-02-20,sexta-feira,4,TREB. MINAS,HB,618,420.0,21
2026-02-20,sexta-feira,4,TREB. MINAS,HB,623,86.0,4
2026-02-21,sábado,5,AGROINDUSTRIA TREBESCHI,IFCO,6416,5.0,4
2026-02-21,sábado,5,AGROINDUSTRIA TREBESCHI,IFCO,6424,920.0,2
2026-02-21,sábado,5,PH CASCAVEL,HB,623,690.0,1
2026-02-21,sábado,5,PH CASCAVEL,IFCO,6424,568.0,5
2026-02-21,sábado,5,PH CORUMBA (PF),IFCO,6424,621.0,2
2026-02-21,sábado,5,PH SUL (PF),HB,618,400.0,1
2026-02-21,sábado,5,PH SUL (PF),HB,623,930.0,2
2026-02-21,sábado,5,PH SUL (PF),IFCO,6416,468.0,3
2026-02-21,sábado,5,PH SUL (PF),IFCO,6424,1760.0,2
2026-02-21,sábado,5,PH UBAJARA,HB,618,230.0,34
2026-02-21,sábado,5,PH UBAJARA,HB,623,337.0,7
2026-02-21,sábado,5,PH UBAJARA,IFCO,6416,483.1333333333333,56
2026-02-21,sábado,5,PH UBAJARA,IFCO,6424,905.0,54
2026-02-21,sábado,5,TREB. CEARA,HB,618,60.0,1
2026-02-21,sábado,5,TREB. MINAS,HB,618,813.0,35
2026-02-21,sábado,5,TREB. MINAS,HB,623,444.0,36
2026-02-21,sábado,5,TREB. MINAS,HB,NAO_INFORMADO,174.0,8
2026-02-21,sábado,5,TREB. MINAS,IFCO,6416,221.0,41
2026-02-21,sábado,5,TREB. MINAS,IFCO,6424,326.0,12
2026-02-23,segunda-feira,0,PH CASCAVEL,IFCO,6424,590.0,2
2026-02-23,segunda-feira,0,PH SUL (PF),HB,623,320.0,1
2026-02-23,segunda-feira,0,PH SUL (PF),IFCO,6416,248.0,4
2026-02-23,segunda-feira,0,PH UBAJARA,HB,618,72.0,20
2026-02-23,segunda-feira,0,PH UBAJARA,IFCO,6416,132.0,6
2026-02-23,segunda-feira,0,PH UBAJARA,IFCO,6424,20.0,15
2026-02-23,segunda-feira,0,TREB. MINAS,HB,618,698.0,28
2026-02-23,segunda-feira,0,TREB. MINAS,HB,623,146.0,4
2026-02-24,terça-feira,1,PH CASCAVEL,HB,623,520.0,4
2026-02-24,terça-feira,1,PH CASCAVEL,IFCO,6424,708.0,6
2026-02-24,terça-feira,1,PH CORUMBA (PF),HB,623,600.0,1
2026-02-24,terça-feira,1,PH SUL (PF),HB,618,400.0,1
2026-02-24,terça-feira,1,PH SUL (PF),HB,623,240.0,1
2026-02-24,terça-feira,1,PH SUL (PF),IFCO,6416,428.0,5
2026-02-24,terça-feira,1,PH UBAJARA,HB,618,164.0,16
2026-02-24,terça-feira,1,PH UBAJARA,HB,623,346.0,7
2026-02-24,terça-feira,1,PH UBAJARA,IFCO,6416,51.0,8
2026-02-24,terça-feira,1,PH UBAJARA,IFCO,6424,313.5,41
2026-02-24,terça-feira,1,TREB. MINAS,HB,618,642.0,34
2026-02-24,terça-feira,1,TREB. MINAS,HB,623,123.0,13
2026-02-24,terça-feira,1,TREB. MINAS,HB,NAO_INFORMADO,30.0,8
2026-02-24,terça-feira,1,TREB. MINAS,IFCO,6416,156.0,107
2026-02-24,terça-feira,1,TREB. MINAS,IFCO,6424,111.0,6
2026-02-25,quarta-feira,2,AGROINDUSTRIA TREBESCHI,IFCO,6424,1.0,1
2026-02-25,quarta-feira,2,PH CASCAVEL,IFCO,6424,980.0,3
2026-02-25,quarta-feira,2,PH SUL (PF),HB,623,1260.0,1
2026-02-25,quarta-feira,2,PH SUL (PF),IFCO,6416,143.0,5
2026-02-25,quarta-feira,2,PH SUL (PF),IFCO,6424,515.0,5
2026-02-25,quarta-feira,2,PH UBAJARA,IFCO,6416,157.0,17
2026-02-25,quarta-feira,2,PH UBAJARA,IFCO,6424,130.0,13
2026-02-25,quarta-feira,2,TREB. MINAS,HB,618,495.0,11
2026-02-25,quarta-feira,2,TREB. MINAS,HB,623,26.0,3
2026-02-25,quarta-feira,2,TREB. MINAS,IFCO,6416,150.0,19
2026-02-25,quarta-feira,2,TREB. MINAS,IFCO,6424,112.0,10
2026-02-26,quinta-feira,3,PH CASCAVEL,IFCO,6424,1803.0,7
2026-02-26,quinta-feira,3,PH CORUMBA (PF),IFCO,6424,157.0,2
2026-02-26,quinta-feira,3,PH SUL (PF),HB,618,200.0,1
2026-02-26,quinta-feira,3,PH SUL (PF),HB,623,1460.0,2
2026-02-26,quinta-feira,3,PH UBAJARA,HB,618,110.0,24
2026-02-26,quinta-feira,3,PH UBAJARA,IFCO,6416,297.0,52
2026-02-26,quinta-feira,3,PH UBAJARA,IFCO,6424,407.0,28
2026-02-26,quinta-feira,3,TREB. MINAS,HB,618,908.0,43
2026-02-26,quinta-feira,3,TREB. MINAS,HB,623,329.0,23
2026-02-26,quinta-feira,3,TREB. MINAS,HB,NAO_INFORMADO,122.0,7
2026-02-26,quinta-feira,3,TREB. MINAS,IFCO,6416,28.0,4
2026-02-26,quinta-feira,3,TREB. MINAS,IFCO,6424,34.0,4
2026-02-27,sexta-feira,4,PH CASCAVEL,HB,623,360.0,2
2026-02-27,sexta-feira,4,PH SUL (PF),HB,618,300.0,1
2026-02-27,sexta-feira,4,PH SUL (PF),HB,623,960.0,2
2026-02-27,sexta-feira,4,PH SUL (PF),IFCO,6416,420.0,4
2026-02-27,sexta-feira,4,PH SUL (PF),IFCO,6424,1865.0,5
2026-02-27,sexta-feira,4,PH UBAJARA,IFCO,6416,117.0,17
2026-02-27,sexta-feira,4,PH UBAJARA,IFCO,6424,760.0,53
2026-02-27,sexta-feira,4,TREB. MINAS,HB,618,367.0,20
2026-02-27,sexta-feira,4,TREB. MINAS,HB,623,25.0,3
2026-02-28,sábado,5,AGROINDUSTRIA TREBESCHI,IFCO,6424,200.0,1
2026-02-28,sábado,5,PH CASCAVEL,HB,623,410.0,2
2026-02-28,sábado,5,PH CASCAVEL,IFCO,6424,647.0,22
2026-02-28,sábado,5,PH CORUMBA (PF),IFCO,6424,250.0,2
2026-02-28,sábado,5,PH SUL (PF),HB,618,150.0,1
2026-02-28,sábado,5,PH SUL (PF),HB,623,800.0,2
2026-02-28,sábado,5,PH SUL (PF),IFCO,6416,522.0,3
2026-02-28,sábado,5,PH SUL (PF),IFCO,6424,160.0,1
2026-02-28,sábado,5,PH UBAJARA,HB,618,330.0,41
2026-02-28,sábado,5,PH UBAJARA,HB,623,117.0,8
2026-02-28,sábado,5,PH UBAJARA,IFCO,6416,586.1666666666666,60
2026-02-28,sábado,5,PH UBAJARA,IFCO,6424,542.0,122
2026-02-28,sábado,5,TREB. CEARA,IFCO,6416,182.0,4
2026-02-28,sábado,5,TREB. MINAS,HB,618,868.0,38
2026-02-28,sábado,5,TREB. MINAS,HB,623,88.0,9
2026-02-28,sábado,5,TREB. MINAS,HB,NAO_INFORMADO,93.0,3
2026-02-28,sábado,5,TREB. MINAS,IFCO,6416,462.5,23
2026-02-28,sábado,5,TREB. MINAS,IFCO,6424,160.0,2
2026-03-02,segunda-feira,0,PH CASCAVEL,IFCO,6424,1380.0,4
2026-03-02,segunda-feira,0,PH CORUMBA (PF),HB,623,690.0,1
2026-03-02,segunda-feira,0,PH CORUMBA (PF),IFCO,6424,640.0,1
2026-03-02,segunda-feira,0,PH SUL (PF),HB,618,100.0,1
2026-03-02,segunda-feira,0,PH SUL (PF),HB,623,700.0,2
2026-03-02,segunda-feira,0,PH SUL (PF),IFCO,6416,190.0,4
2026-03-02,segunda-feira,0,PH UBAJARA,HB,618,158.0,24
2026-03-02,segunda-feira,0,PH UBAJARA,HB,623,6.0,1
2026-03-02,segunda-feira,0,TREB. MINAS,HB,618,661.0,26
2026-03-02,segunda-feira,0,TREB. MINAS,HB,623,107.0,16
2026-03-02,segunda-feira,0,TREB. MINAS,HB,NAO_INFORMADO,10.0,2
2026-03-03,terça-feira,1,PH CASCAVEL,HB,623,280.0,2
2026-03-03,terça-feira,1,PH CASCAVEL,IFCO,6424,485.0,4
2026-03-03,terça-feira,1,PH CORUMBA (PF),HB,623,690.0,1
2026-03-03,terça-feira,1,PH SUL (PF),HB,618,200.0,1
2026-03-03,terça-feira,1,PH SUL (PF),HB,623,240.0,1
2026-03-03,terça-feira,1,PH SUL (PF),IFCO,6416,458.0,4
2026-03-03,terça-feira,1,PH UBAJARA,HB,618,362.0,16
2026-03-03,terça-feira,1,PH UBAJARA,HB,623,53.0,6
2026-03-03,terça-feira,1,PH UBAJARA,IFCO,6416,159.0,33
2026-03-03,terça-feira,1,PH UBAJARA,IFCO,6424,544.0,34
2026-03-03,terça-feira,1,TREB. MINAS,HB,618,719.0,37
2026-03-03,terça-feira,1,TREB. MINAS,HB,623,107.0,10
2026-03-03,terça-feira,1,TREB. MINAS,HB,NAO_INFORMADO,34.0,9
2026-03-03,terça-feira,1,TREB. MINAS,IFCO,6416,155.0,130
2026-03-04,quarta-feira,2,AGROINDUSTRIA TREBESCHI,IFCO,6424,12.0,1
2026-03-04,quarta-feira,2,PH CASCAVEL,HB,623,140.0,1
2026-03-04,quarta-feira,2,PH CORUMBA (PF),HB,618,272.0,1
2026-03-04,quarta-feira,2,PH CORUMBA (PF),HB,623,690.0,2
2026-03-04,quarta-feira,2,PH CORUMBA (PF),IFCO,6416,1200.0,1
2026-03-04,quarta-feira,2,PH SUL (PF),HB,618,200.0,1
2026-03-04,quarta-feira,2,PH SUL (PF),HB,623,240.0,1
2026-03-04,quarta-feira,2,PH SUL (PF),IFCO,6416,1652.0,4
2026-03-04,quarta-feira,2,PH UBAJARA,IFCO,6416,266.0,20
2026-03-04,quarta-feira,2,PH UBAJARA,IFCO,6424,124.0,15
2026-03-04,quarta-feira,2,TREB. CEARA,IFCO,6416,112.0,3
2026-03-04,quarta-feira,2,TREB. MINAS,HB,618,437.0,11
2026-03-04,quarta-feira,2,TREB. MINAS,HB,623,49.0,3
2026-03-04,quarta-feira,2,TREB. MINAS,IFCO,6416,70.0,19
2026-03-04,quarta-feira,2,TREB. MINAS,IFCO,6424,75.0,5
2026-03-05,quinta-feira,3,PH CASCAVEL,IFCO,6424,420.0,24
2026-03-05,quinta-feira,3,PH UBAJARA,HB,618,85.0,11
2026-03-05,quinta-feira,3,PH UBAJARA,HB,623,1.0,1
2026-03-05,quinta-feira,3,PH UBAJARA,IFCO,6416,364.3273156089194,47
2026-03-05,quinta-feira,3,PH UBAJARA,IFCO,6424,135.0,9
2026-03-05,quinta-feira,3,TREB. MINAS,HB,618,920.0,41
2026-03-05,quinta-feira,3,TREB. MINAS,HB,623,562.0,34
2026-03-05,quinta-feira,3,TREB. MINAS,HB,NAO_INFORMADO,201.0,13
2026-03-05,quinta-feira,3,TREB. MINAS,IFCO,6416,31.0,4
2026-03-05,quinta-feira,3,TREB. MINAS,IFCO,6424,0.0,4
2026-03-06,sexta-feira,4,PH CASCAVEL,IFCO,6424,1280.0,4
2026-03-06,sexta-feira,4,PH CORUMBA (PF),HB,623,690.0,1
2026-03-06,sexta-feira,4,PH SUL (PF),HB,618,300.0,1
2026-03-06,sexta-feira,4,PH SUL (PF),HB,623,240.0,1
2026-03-06,sexta-feira,4,PH SUL (PF),IFCO,6416,368.0,4
2026-03-06,sexta-feira,4,PH SUL (PF),IFCO,6424,970.0,3
2026-03-06,sexta-feira,4,PH UBAJARA,HB,618,146.0,17
2026-03-06,sexta-feira,4,PH UBAJARA,HB,623,1.0,1
2026-03-06,sexta-feira,4,PH UBAJARA,IFCO,6416,394.0,23
2026-03-06,sexta-feira,4,PH UBAJARA,IFCO,6424,581.0,17
2026-03-06,sexta-feira,4,TREB. CEAGESP,IFCO,6424,490.0,2
2026-03-06,sexta-feira,4,TREB. CEARA,IFCO,6416,72.0,5
2026-03-06,sexta-feira,4,TREB. MINAS,HB,618,554.0,25
2026-03-06,sexta-feira,4,TREB. MINAS,HB,623,129.0,9
2026-03-06,sexta-feira,4,TREB. MINAS,IFCO,6416,8.0,1
2026-03-07,sábado,5,PH CASCAVEL,IFCO,6424,520.0,3
2026-03-07,sábado,5,PH CORUMBA (PF),HB,623,1330.0,2
2026-03-07,sábado,5,PH SUL (PF),HB,618,300.0,1
2026-03-07,sábado,5,PH SUL (PF),HB,623,240.0,1
2026-03-07,sábado,5,PH SUL (PF),IFCO,6416,469.0,3
2026-03-07,sábado,5,PH UBAJARA,HB,618,169.0,10
2026-03-07,sábado,5,PH UBAJARA,HB,623,67.0,5
2026-03-07,sábado,5,PH UBAJARA,IFCO,6416,431.0,44
2026-03-07,sábado,5,PH UBAJARA,IFCO,6424,276.0,32
2026-03-07,sábado,5,TREB. MINAS,HB,618,617.0,24
2026-03-07,sábado,5,TREB. MINAS,HB,623,148.0,10
2026-03-07,sábado,5,TREB. MINAS,IFCO,6416,196.0,44
2026-03-07,sábado,5,TREB. MINAS,IFCO,6424,53.0,6
2026-03-09,segunda-feira,0,AGROINDUSTRIA TREBESCHI,IFCO,6424,480.0,1
2026-03-09,segunda-feira,0,PH CASCAVEL,IFCO,6424,1760.0,2
2026-03-09,segunda-feira,0,PH CORUMBA (PF),HB,623,690.0,1
2026-03-09,segunda-feira,0,PH CORUMBA (PF),IFCO,6424,640.0,1
2026-03-09,segunda-feira,0,PH SUL (PF),HB,618,150.0,1
2026-03-09,segunda-feira,0,PH SUL (PF),HB,623,200.0,1
2026-03-09,segunda-feira,0,PH SUL (PF),IFCO,6416,294.0,5
2026-03-09,segunda-feira,0,PH UBAJARA,HB,618,75.0,12
2026-03-09,segunda-feira,0,PH UBAJARA,IFCO,6416,27.276190476190475,8
2026-03-09,segunda-feira,0,PH UBAJARA,IFCO,6424,514.0,39
2026-03-09,segunda-feira,0,TREB. MINAS,HB,618,568.0,41
2026-03-09,segunda-feira,0,TREB. MINAS,HB,623,120.0,5
2026-03-09,segunda-feira,0,TREB. MINAS,HB,NAO_INFORMADO,4.0,4
2026-03-09,segunda-feira,0,TREB. MINAS,IFCO,6424,80.0,1
2026-03-10,terça-feira,1,PH CASCAVEL,HB,623,690.0,2
2026-03-10,terça-feira,1,PH CASCAVEL,IFCO,6424,16.0,1
2026-03-10,terça-feira,1,PH CORUMBA (PF),HB,618,350.0,1
2026-03-10,terça-feira,1,PH CORUMBA (PF),HB,623,320.0,1
2026-03-10,terça-feira,1,PH SUL (PF),HB,618,200.0,1
2026-03-10,terça-feira,1,PH SUL (PF),HB,623,200.0,1
2026-03-10,terça-feira,1,PH SUL (PF),IFCO,6416,490.0,4
2026-03-10,terça-feira,1,PH UBAJARA,HB,618,182.0,10
2026-03-10,terça-feira,1,PH UBAJARA,HB,623,40.0,4
2026-03-10,terça-feira,1,PH UBAJARA,IFCO,6416,46.408424908424905,21
2026-03-10,terça-feira,1,PH UBAJARA,IFCO,6424,269.0,15
2026-03-10,terça-feira,1,TREB. CEAGESP,IFCO,6424,437.0,1
2026-03-10,terça-feira,1,TREB. CEARA,IFCO,6416,74.0,3
2026-03-10,terça-feira,1,TREB. MINAS,HB,618,708.0,24
2026-03-10,terça-feira,1,TREB. MINAS,HB,623,105.0,9
2026-03-10,terça-feira,1,TREB. MINAS,HB,NAO_INFORMADO,39.0,5
2026-03-10,terça-feira,1,TREB. MINAS,IFCO,6416,20.0,1
2026-03-11,quarta-feira,2,AGROINDUSTRIA TREBESCHI,IFCO,6424,12.0,1
2026-03-11,quarta-feira,2,PH CASCAVEL,IFCO,6424,769.0,29
2026-03-11,quarta-feira,2,PH CORUMBA (PF),HB,618,350.0,1
2026-03-11,quarta-feira,2,PH CORUMBA (PF),HB,623,360.0,1
2026-03-11,quarta-feira,2,PH CORUMBA (PF),IFCO,6416,1680.0,1
2026-03-11,quarta-feira,2,PH SUL (PF),IFCO,6416,323.0,5
2026-03-11,quarta-feira,2,PH SUL (PF),IFCO,6424,1280.0,4
2026-03-11,quarta-feira,2,PH UBAJARA,IFCO,6416,351.0,15
2026-03-11,quarta-feira,2,PH UBAJARA,IFCO,6424,276.08333333333337,14
2026-03-11,quarta-feira,2,TREB. MINAS,HB,618,249.0,10
2026-03-11,quarta-feira,2,TREB. MINAS,HB,623,247.0,14
2026-03-11,quarta-feira,2,TREB. MINAS,HB,NAO_INFORMADO,87.0,8
2026-03-11,quarta-feira,2,TREB. MINAS,IFCO,6416,133.0,20
2026-03-11,quarta-feira,2,TREB. MINAS,IFCO,6424,85.0,6
2026-03-12,quinta-feira,3,PH CASCAVEL,IFCO,6424,812.0,2
2026-03-12,quinta-feira,3,PH CORUMBA (PF),HB,623,450.0,1
2026-03-12,quinta-feira,3,PH UBAJARA,HB,618,220.0,25
2026-03-12,quinta-feira,3,PH UBAJARA,HB,623,2.0,1
2026-03-12,quinta-feira,3,PH UBAJARA,IFCO,6416,135.0,29
2026-03-12,quinta-feira,3,PH UBAJARA,IFCO,6424,15.0,5
2026-03-12,quinta-feira,3,TREB. MINAS,HB,618,502.0,41
2026-03-12,quinta-feira,3,TREB. MINAS,HB,623,292.0,23
2026-03-12,quinta-feira,3,TREB. MINAS,HB,NAO_INFORMADO,12.0,3
2026-03-12,quinta-feira,3,TREB. MINAS,IFCO,6416,42.0,4
2026-03-12,quinta-feira,3,TREB. MINAS,IFCO,6424,0.0,4
2026-03-13,sexta-feira,4,PH CASCAVEL,HB,623,80.0,1
2026-03-13,sexta-feira,4,PH CASCAVEL,IFCO,6424,80.0,1
2026-03-13,sexta-feira,4,PH CORUMBA (PF),HB,618,360.0,1
2026-03-13,sexta-feira,4,PH CORUMBA (PF),HB,623,300.0,1
2026-03-13,sexta-feira,4,PH SUL (PF),HB,623,720.0,1
2026-03-13,sexta-feira,4,PH SUL (PF),IFCO,6416,362.0,4
2026-03-13,sexta-feira,4,TREB. MINAS,HB,618,308.0,9
2026-03-13,sexta-feira,4,TREB. MINAS,HB,623,56.0,3
2026-03-13,sexta-feira,4,TREB. MINAS,IFCO,6416,244.0,39
2026-03-13,sexta-feira,4,TREB. MINAS,IFCO,6424,281.0,28
2026-03-14,sábado,5,AGROINDUSTRIA TREBESCHI,IFCO,6416,4.0,2
2026-03-14,sábado,5,PH CASCAVEL,HB,623,240.0,2
2026-03-14,sábado,5,PH CASCAVEL,IFCO,6424,1072.0,5
2026-03-14,sábado,5,PH CORUMBA (PF),HB,618,400.0,1
2026-03-14,sábado,5,PH CORUMBA (PF),HB,623,690.0,1
2026-03-14,sábado,5,PH SUL (PF),IFCO,6416,424.0,3
2026-03-14,sábado,5,PH UBAJARA,HB,618,375.0,39
2026-03-14,sábado,5,PH UBAJARA,HB,623,76.0,8
2026-03-14,sábado,5,PH UBAJARA,IFCO,6416,160.13333333333333,24
2026-03-14,sábado,5,PH UBAJARA,IFCO,6424,541.0,31
2026-03-14,sábado,5,TREB. CEARA,IFCO,6416,164.0,5
2026-03-14,sábado,5,TREB. MINAS,HB,618,803.0,34
2026-03-14,sábado,5,TREB. MINAS,HB,623,165.0,8
2026-03-14,sábado,5,TREB. MINAS,HB,NAO_INFORMADO,13.0,1
2026-03-14,sábado,5,TREB. MINAS,IFCO,6416,32.0,11
2026-03-14,sábado,5,TREB. MINAS,IFCO,6424,80.0,1
2026-03-16,segunda-feira,0,PH CORUMBA (PF),HB,618,400.0,1
2026-03-16,segunda-feira,0,PH CORUMBA (PF),HB,623,320.0,1
2026-03-16,segunda-feira,0,PH SUL (PF),IFCO,6416,317.0,4
2026-03-16,segunda-feira,0,PH UBAJARA,HB,618,294.0,26
2026-03-16,segunda-feira,0,PH UBAJARA,HB,623,2.0,1
2026-03-16,segunda-feira,0,PH UBAJARA,IFCO,6416,0.0809523809523809,2
2026-03-16,segunda-feira,0,TREB. MINAS,HB,618,415.0,38
2026-03-16,segunda-feira,0,TREB. MINAS,HB,623,195.0,15
2026-03-16,segunda-feira,0,TREB. MINAS,HB,NAO_INFORMADO,0.0,2
2026-03-16,segunda-feira,0,TREB. MINAS,IFCO,6416,0.0666666666666667,1
2026-03-17,terça-feira,1,AGROINDUSTRIA TREBESCHI,IFCO,6424,5.0,1
2026-03-17,terça-feira,1,PH CASCAVEL,HB,623,200.0,2
2026-03-17,terça-feira,1,PH CASCAVEL,IFCO,6424,486.0,3
2026-03-17,terça-feira,1,PH SUL (PF),IFCO,6416,475.0,4
2026-03-17,terça-feira,1,PH UBAJARA,HB,618,141.0,18
2026-03-17,terça-feira,1,PH UBAJARA,HB,623,45.0,7
2026-03-17,terça-feira,1,PH UBAJARA,IFCO,6416,372.0,39
2026-03-17,terça-feira,1,PH UBAJARA,IFCO,6424,232.0,29
2026-03-17,terça-feira,1,TREB. MINAS,HB,618,380.0,20
2026-03-17,terça-feira,1,TREB. MINAS,HB,623,75.0,7
2026-03-17,terça-feira,1,TREB. MINAS,HB,NAO_INFORMADO,7.0,5
2026-03-17,terça-feira,1,TREB. MINAS,IFCO,6416,48.0,3
2026-03-17,terça-feira,1,TREB. MINAS,IFCO,6424,13.0,5
2026-03-18,quarta-feira,2,AGROINDUSTRIA TREBESCHI,IFCO,6416,123.0,4
2026-03-18,quarta-feira,2,AGROINDUSTRIA TREBESCHI,IFCO,6424,250.0,2
2026-03-18,quarta-feira,2,PH CASCAVEL,IFCO,6424,200.0,24
2026-03-18,quarta-feira,2,PH CORUMBA (PF),HB,618,400.0,1
2026-03-18,quarta-feira,2,PH CORUMBA (PF),HB,623,320.0,1
2026-03-18,quarta-feira,2,PH SUL (PF),HB,623,690.0,1
2026-03-18,quarta-feira,2,PH SUL (PF),IFCO,6416,284.0,4
2026-03-18,quarta-feira,2,PH UBAJARA,IFCO,6424,1.0,1
2026-03-18,quarta-feira,2,TREB. CEAGESP,IFCO,6424,629.0,1
2026-03-18,quarta-feira,2,TREB. MINAS,HB,618,209.0,8
2026-03-18,quarta-feira,2,TREB. MINAS,HB,623,20.0,3
2026-03-18,quarta-feira,2,TREB. MINAS,IFCO,6416,104.0,17
2026-03-18,quarta-feira,2,TREB. MINAS,IFCO,6424,689.0,12
2026-03-19,quinta-feira,3,AGROINDUSTRIA TREBESCHI,HB,618,53.0,2
2026-03-19,quinta-feira,3,PH CASCAVEL,IFCO,6424,1134.0,5
2026-03-19,quinta-feira,3,PH CORUMBA (PF),HB,623,320.0,1
2026-03-19,quinta-feira,3,PH SUL (PF),IFCO,6424,640.0,1
2026-03-19,quinta-feira,3,PH UBAJARA,HB,618,405.0,27
2026-03-19,quinta-feira,3,PH UBAJARA,HB,623,8.0,1
2026-03-19,quinta-feira,3,PH UBAJARA,IFCO,6416,272.0,39
2026-03-19,quinta-feira,3,PH UBAJARA,IFCO,6424,54.0,5
2026-03-19,quinta-feira,3,TREB. CEAGESP,IFCO,6424,272.0,1
2026-03-19,quinta-feira,3,TREB. MINAS,HB,618,462.0,28
2026-03-19,quinta-feira,3,TREB. MINAS,HB,623,174.0,12
2026-03-19,quinta-feira,3,TREB. MINAS,HB,NAO_INFORMADO,147.0,8
2026-03-19,quinta-feira,3,TREB. MINAS,IFCO,6416,42.0,4
2026-03-19,quinta-feira,3,TREB. MINAS,IFCO,6424,58.0,4
2026-03-20,sexta-feira,4,AGROINDUSTRIA TREBESCHI,HB,618,37.0,3
2026-03-20,sexta-feira,4,PH CASCAVEL,HB,623,630.0,1
2026-03-20,sexta-feira,4,PH CASCAVEL,IFCO,6424,640.0,1
2026-03-20,sexta-feira,4,PH CORUMBA (PF),IFCO,6416,1680.0,1
2026-03-20,sexta-feira,4,PH SUL (PF),IFCO,6416,394.0,4
2026-03-20,sexta-feira,4,PH UBAJARA,IFCO,6416,62.0,12
2026-03-20,sexta-feira,4,PH UBAJARA,IFCO,6424,145.0,11
2026-03-20,sexta-feira,4,TREB. MINAS,HB,618,255.0,6
2026-03-20,sexta-feira,4,TREB. MINAS,HB,623,10.0,2
2026-03-21,sábado,5,AGROINDUSTRIA TREBESCHI,HB,618,173.0,3
2026-03-21,sábado,5,PH CASCAVEL,HB,623,120.0,1
2026-03-21,sábado,5,PH CASCAVEL,IFCO,6424,484.0,3
2026-03-21,sábado,5,PH CORUMBA (PF),HB,618,400.0,1
2026-03-21,sábado,5,PH CORUMBA (PF),HB,623,320.0,1
2026-03-21,sábado,5,PH SUL (PF),HB,623,1330.0,2
2026-03-21,sábado,5,PH SUL (PF),IFCO,6416,519.0,3
2026-03-21,sábado,5,PH UBAJARA,HB,618,318.0,48
2026-03-21,sábado,5,PH UBAJARA,HB,623,47.0,8
2026-03-21,sábado,5,PH UBAJARA,IFCO,6416,366.0,87
2026-03-21,sábado,5,PH UBAJARA,IFCO,6424,1423.0,66
2026-03-21,sábado,5,TREB. CEAGESP,IFCO,6424,440.0,1
2026-03-21,sábado,5,TREB. CEARA,IFCO,6416,10.0,4
2026-03-21,sábado,5,TREB. MINAS,HB,618,653.0,37
2026-03-21,sábado,5,TREB. MINAS,HB,623,88.0,12
2026-03-21,sábado,5,TREB. MINAS,IFCO,6416,64.0,13
2026-03-23,segunda-feira,0,AGROINDUSTRIA TREBESCHI,HB,618,92.0,3
2026-03-23,segunda-feira,0,PH ALHO/CEBOLA,HB,618,10.0,1
2026-03-23,segunda-feira,0,PH CORUMBA (PF),HB,618,148.0,1
2026-03-23,segunda-feira,0,PH CORUMBA (PF),HB,623,320.0,1
2026-03-23,segunda-feira,0,PH SUL (PF),IFCO,6416,292.0,5
2026-03-23,segunda-feira,0,PH UBAJARA,HB,618,135.0,26
2026-03-23,segunda-feira,0,PH UBAJARA,HB,623,4.0,1
2026-03-23,segunda-feira,0,PH UBAJARA,IFCO,6416,186.0,5
2026-03-23,segunda-feira,0,PH UBAJARA,IFCO,6424,5.0,1
2026-03-23,segunda-feira,0,TREB. CEARA,IFCO,6416,13.0,2
2026-03-23,segunda-feira,0,TREB. MINAS,HB,618,418.0,22
2026-03-23,segunda-feira,0,TREB. MINAS,HB,623,49.0,3
2026-03-23,segunda-feira,0,TREB. MINAS,IFCO,6416,11.0,1
2026-03-23,segunda-feira,0,TREB. MINAS,IFCO,6424,21.0,2
2026-03-24,terça-feira,1,AGROINDUSTRIA TREBESCHI,HB,618,45.0,2
2026-03-24,terça-feira,1,AGROINDUSTRIA TREBESCHI,IFCO,6424,280.0,2
2026-03-24,terça-feira,1,PH CASCAVEL,HB,623,360.0,2
2026-03-24,terça-feira,1,PH CASCAVEL,IFCO,6424,500.0,3
2026-03-24,terça-feira,1,PH SUL (PF),IFCO,6416,563.0,5
2026-03-24,terça-feira,1,PH UBAJARA,HB,618,136.0,20
2026-03-24,terça-feira,1,PH UBAJARA,HB,623,50.0,12
2026-03-24,terça-feira,1,PH UBAJARA,IFCO,6416,158.0,41
2026-03-24,terça-feira,1,PH UBAJARA,IFCO,6424,122.0,50
2026-03-24,terça-feira,1,TREB. MINAS,HB,618,848.0,22
2026-03-24,terça-feira,1,TREB. MINAS,HB,623,172.0,9
2026-03-24,terça-feira,1,TREB. MINAS,HB,NAO_INFORMADO,23.0,5
2026-03-24,terça-feira,1,TREB. MINAS,IFCO,6416,40.0,1
2026-03-24,terça-feira,1,TREB. MINAS,IFCO,6424,280.0,2
2026-03-25,quarta-feira,2,AGROINDUSTRIA TREBESCHI,HB,618,66.0,3
2026-03-25,quarta-feira,2,AGROINDUSTRIA TREBESCHI,IFCO,6424,9.0,1
2026-03-25,quarta-feira,2,PH CORUMBA (PF),HB,618,205.0,1
2026-03-25,quarta-feira,2,PH CORUMBA (PF),HB,623,1010.0,3
2026-03-25,quarta-feira,2,PH SUL (PF),IFCO,6424,514.0,2
2026-03-25,quarta-feira,2,PH UBAJARA,IFCO,6416,70.0,6
2026-03-25,quarta-feira,2,PH UBAJARA,IFCO,6424,1444.0,55
2026-03-25,quarta-feira,2,TREB. MINAS,HB,618,200.0,8
2026-03-25,quarta-feira,2,TREB. MINAS,HB,623,177.0,20
2026-03-25,quarta-feira,2,TREB. MINAS,HB,NAO_INFORMADO,15.0,2
2026-03-25,quarta-feira,2,TREB. MINAS,IFCO,6416,319.0,26
2026-03-25,quarta-feira,2,TREB. MINAS,IFCO,6424,189.0,11
2026-03-26,quinta-feira,3,AGROINDUSTRIA TREBESCHI,HB,618,20.0,2
2026-03-26,quinta-feira,3,PH CASCAVEL,IFCO,6424,1106.0,5
2026-03-26,quinta-feira,3,PH UBAJARA,HB,618,175.0,16
2026-03-26,quinta-feira,3,PH UBAJARA,HB,623,6.0,1
2026-03-26,quinta-feira,3,PH UBAJARA,IFCO,6416,34.0,6
2026-03-26,quinta-feira,3,PH UBAJARA,IFCO,6424,240.0,38
2026-03-26,quinta-feira,3,TREB. CEARA,IFCO,6416,5.0,1
2026-03-26,quinta-feira,3,TREB. CEARA,IFCO,6424,16.0,6
2026-03-26,quinta-feira,3,TREB. MINAS,HB,618,739.0,34
2026-03-26,quinta-feira,3,TREB. MINAS,HB,623,310.0,11
2026-03-26,quinta-feira,3,TREB. MINAS,HB,NAO_INFORMADO,37.0,3
2026-03-26,quinta-feira,3,TREB. MINAS,IFCO,6416,32.0,4
2026-03-26,quinta-feira,3,TREB. MINAS,IFCO,6424,103.0,7
2026-03-27,sexta-feira,4,AGROINDUSTRIA TREBESCHI,HB,618,37.0,3
2026-03-27,sexta-feira,4,PH CASCAVEL,IFCO,6424,2240.0,4
2026-03-27,sexta-feira,4,PH SUL (PF),IFCO,6416,365.0,4
2026-03-27,sexta-feira,4,PH UBAJARA,IFCO,6416,566.0,27
2026-03-27,sexta-feira,4,PH UBAJARA,IFCO,6424,586.0,23
2026-03-27,sexta-feira,4,TREB. CEARA,IFCO,6416,285.0,5
2026-03-27,sexta-feira,4,TREB. MINAS,HB,618,250.0,7
2026-03-27,sexta-feira,4,TREB. MINAS,HB,623,1413.0,17
2026-03-27,sexta-feira,4,TREB. MINAS,HB,NAO_INFORMADO,41.0,2
2026-03-28,sábado,5,AGROINDUSTRIA TREBESCHI,HB,618,45.0,5
2026-03-28,sábado,5,AGROINDUSTRIA TREBESCHI,IFCO,6416,23.0,4
2026-03-28,sábado,5,AGROINDUSTRIA TREBESCHI,IFCO,6424,120.0,1
2026-03-28,sábado,5,PH CASCAVEL,HB,623,200.0,1
2026-03-28,sábado,5,PH CASCAVEL,IFCO,6424,360.0,3
2026-03-28,sábado,5,PH SUL (PF),IFCO,6416,587.0,3
2026-03-28,sábado,5,PH SUL (PF),IFCO,6424,598.0,1
2026-03-28,sábado,5,PH UBAJARA,HB,618,393.0,28
2026-03-28,sábado,5,PH UBAJARA,HB,623,75.0,8
2026-03-28,sábado,5,PH UBAJARA,IFCO,6416,242.6415094339623,65
2026-03-28,sábado,5,PH UBAJARA,IFCO,6424,156.0,121
2026-03-28,sábado,5,TREB. MINAS,HB,618,1779.0,28
2026-03-28,sábado,5,TREB. MINAS,HB,623,878.0,19
2026-03-28,sábado,5,TREB. MINAS,HB,NAO_INFORMADO,254.0,8
2026-03-28,sábado,5,TREB. MINAS,IFCO,6416,94.0,31
2026-03-28,sábado,5,TREB. MINAS,IFCO,6424,708.0,7
2026-03-30,segunda-feira,0,AGROINDUSTRIA TREBESCHI,HB,618,254.0,3
2026-03-30,segunda-feira,0,PH CORUMBA (PF),HB,618,250.0,1
2026-03-30,segunda-feira,0,PH CORUMBA (PF),HB,623,320.0,1
2026-03-30,segunda-feira,0,PH SUL (PF),IFCO,6416,334.0,4
2026-03-30,segunda-feira,0,PH UBAJARA,HB,618,154.0,31
2026-03-30,segunda-feira,0,PH UBAJARA,HB,623,1.0,1
2026-03-30,segunda-feira,0,PH UBAJARA,IFCO,6416,177.0,21
2026-03-30,segunda-feira,0,PH UBAJARA,IFCO,6424,56.0,22
2026-03-30,segunda-feira,0,TREB. CEARA,IFCO,6416,5.0,1
2026-03-30,segunda-feira,0,TREB. CEARA,IFCO,6424,2.0,1
2026-03-30,segunda-feira,0,TREB. MINAS,HB,618,1006.0,28
2026-03-30,segunda-feira,0,TREB. MINAS,HB,623,300.0,5
2026-03-30,segunda-feira,0,TREB. MINAS,IFCO,6424,400.0,1
2026-03-31,terça-feira,1,AGROINDUSTRIA TREBESCHI,HB,618,62.0,4
2026-03-31,terça-feira,1,PH CASCAVEL,HB,623,160.0,1
2026-03-31,terça-feira,1,PH CASCAVEL,IFCO,6424,1095.0,6
2026-03-31,terça-feira,1,PH CORUMBA (PF),HB,618,250.0,1
2026-03-31,terça-feira,1,PH CORUMBA (PF),HB,623,320.0,1
2026-03-31,terça-feira,1,PH CORUMBA (PF),IFCO,6424,145.0,1
2026-03-31,terça-feira,1,PH SUL (PF),IFCO,6416,581.0,5
2026-03-31,terça-feira,1,PH UBAJARA,HB,618,100.0,16
2026-03-31,terça-feira,1,PH UBAJARA,HB,623,27.0,6
2026-03-31,terça-feira,1,PH UBAJARA,IFCO,6416,312.0,21
2026-03-31,terça-feira,1,PH UBAJARA,IFCO,6424,244.0,21
2026-03-31,terça-feira,1,TREB. MINAS,HB,618,733.0,30
2026-03-31,terça-feira,1,TREB. MINAS,HB,623,497.0,14
2026-03-31,terça-feira,1,TREB. MINAS,HB,NAO_INFORMADO,23.0,4
2026-03-31,terça-feira,1,TREB. MINAS,IFCO,6416,40.0,1
2026-03-31,terça-feira,1,TREB. MINAS,IFCO,6424,200.0,1
2026-04-01,quarta-feira,2,AGROINDUSTRIA TREBESCHI,HB,618,241.0,4
2026-04-01,quarta-feira,2,AGROINDUSTRIA TREBESCHI,IFCO,6416,18.0,2
2026-04-01,quarta-feira,2,AGROINDUSTRIA TREBESCHI,IFCO,6424,18.0,2
2026-04-01,quarta-feira,2,PH CASCAVEL,IFCO,6424,900.0,1
2026-04-01,quarta-feira,2,PH CORUMBA (PF),HB,623,690.0,1
2026-04-01,quarta-feira,2,PH CORUMBA (PF),IFCO,6424,150.0,1
2026-04-01,quarta-feira,2,PH UBAJARA,HB,618,114.0,22
2026-04-01,quarta-feira,2,PH UBAJARA,HB,623,1.0,1
2026-04-01,quarta-feira,2,TREB. MINAS,HB,618,284.0,18
2026-04-01,quarta-feira,2,TREB. MINAS,HB,623,839.0,5
2026-04-01,quarta-feira,2,TREB. MINAS,IFCO,6416,80.5,20
2026-04-01,quarta-feira,2,TREB. MINAS,IFCO,6424,116.0,11
2026-04-02,quinta-feira,3,AGROINDUSTRIA TREBESCHI,HB,618,26.0,3
2026-04-02,quinta-feira,3,AGROINDUSTRIA TREBESCHI,IFCO,6416,80.0,2
2026-04-02,quinta-feira,3,AGROINDUSTRIA TREBESCHI,IFCO,6424,320.0,1
2026-04-02,quinta-feira,3,PH CASCAVEL,HB,623,690.0,1
2026-04-02,quinta-feira,3,PH UBAJARA,IFCO,6416,50.0,4
2026-04-02,quinta-feira,3,PH UBAJARA,IFCO,6424,333.0,20
2026-04-02,quinta-feira,3,TREB. CEARA,IFCO,6424,7.0,2
2026-04-02,quinta-feira,3,TREB. MINAS,HB,618,580.0,16
2026-04-02,quinta-feira,3,TREB. MINAS,HB,623,394.0,8
2026-04-02,quinta-feira,3,TREB. MINAS,IFCO,6424,400.0,1
2026-04-03,sexta-feira,4,AGROINDUSTRIA TREBESCHI,HB,618,31.0,3
2026-04-03,sexta-feira,4,TREB. MINAS,HB,618,282.0,6
2026-04-03,sexta-feira,4,TREB. MINAS,HB,623,96.0,4
2026-04-04,sábado,5,AGROINDUSTRIA TREBESCHI,HB,618,49.0,4
2026-04-04,sábado,5,PH CASCAVEL,IFCO,6424,640.0,2
2026-04-04,sábado,5,PH UBAJARA,HB,618,261.0,39
2026-04-04,sábado,5,PH UBAJARA,HB,623,54.0,8
2026-04-04,sábado,5,PH UBAJARA,IFCO,6416,600.2,110
2026-04-04,sábado,5,PH UBAJARA,IFCO,6424,421.0,73
2026-04-04,sábado,5,TREB. CEARA,IFCO,6416,47.0,6
2026-04-04,sábado,5,TREB. MINAS,HB,618,806.0,15
2026-04-04,sábado,5,TREB. MINAS,HB,623,622.0,13
2026-04-04,sábado,5,TREB. MINAS,HB,NAO_INFORMADO,180.0,5
2026-04-04,sábado,5,TREB. MINAS,IFCO,6416,460.0,16
2026-04-06,segunda-feira,0,AGROINDUSTRIA TREBESCHI,HB,618,45.0,3
2026-04-06,segunda-feira,0,PH CASCAVEL,IFCO,6424,1895.0,5
2026-04-06,segunda-feira,0,PH CORUMBA (PF),HB,623,690.0,1
2026-04-06,segunda-feira,0,PH UBAJARA,HB,618,47.0,14
2026-04-06,segunda-feira,0,PH UBAJARA,IFCO,6424,5.0,2
2026-04-06,segunda-feira,0,TREB. CEARA,IFCO,6416,7.0,3
2026-04-06,segunda-feira,0,TREB. MINAS,HB,618,793.0,24
2026-04-06,segunda-feira,0,TREB. MINAS,HB,623,306.0,5
2026-04-06,segunda-feira,0,TREB. MINAS,IFCO,6416,396.0,6
2026-04-07,terça-feira,1,AGROINDUSTRIA TREBESCHI,HB,618,48.0,4
2026-04-07,terça-feira,1,PH CASCAVEL,HB,623,690.0,1
2026-04-07,terça-feira,1,PH UBAJARA,HB,618,207.0,10
2026-04-07,terça-feira,1,PH UBAJARA,HB,623,66.0,7
2026-04-07,terça-feira,1,PH UBAJARA,IFCO,6416,57.0,26
2026-04-07,terça-feira,1,PH UBAJARA,IFCO,6424,44.0,16
2026-04-07,terça-feira,1,TREB. MINAS,HB,618,490.0,9
2026-04-07,terça-feira,1,TREB. MINAS,HB,623,312.0,7
2026-04-07,terça-feira,1,TREB. MINAS,HB,NAO_INFORMADO,22.0,4
2026-04-07,terça-feira,1,TREB. MINAS,IFCO,6416,366.0,5
2026-04-08,quarta-feira,2,AGROINDUSTRIA TREBESCHI,HB,618,30.0,2
2026-04-08,quarta-feira,2,AGROINDUSTRIA TREBESCHI,IFCO,6424,29.0,3
2026-04-08,quarta-feira,2,PH CASCAVEL,HB,623,690.0,2
2026-04-08,quarta-feira,2,PH CASCAVEL,IFCO,6424,865.0,21
2026-04-08,quarta-feira,2,PH CORUMBA (PF),IFCO,6424,632.0,2
2026-04-08,quarta-feira,2,PH UBAJARA,IFCO,6416,345.0,29
2026-04-08,quarta-feira,2,PH UBAJARA,IFCO,6424,563.0,53
2026-04-08,quarta-feira,2,TREB. MINAS,HB,618,633.0,9
2026-04-08,quarta-feira,2,TREB. MINAS,HB,623,465.0,19
2026-04-08,quarta-feira,2,TREB. MINAS,HB,NAO_INFORMADO,22.0,3
2026-04-08,quarta-feira,2,TREB. MINAS,IFCO,6416,547.0,35
2026-04-08,quarta-feira,2,TREB. MINAS,IFCO,6424,545.0,8
2026-04-09,quinta-feira,3,AGROINDUSTRIA TREBESCHI,HB,618,24.0,3
2026-04-09,quinta-feira,3,PH CASCAVEL,IFCO,6424,264.0,2
2026-04-09,quinta-feira,3,PH CORUMBA (PF),HB,623,690.0,1
2026-04-09,quinta-feira,3,PH UBAJARA,HB,618,96.0,18
2026-04-09,quinta-feira,3,PH UBAJARA,HB,623,1.0,1
2026-04-09,quinta-feira,3,PH UBAJARA,IFCO,6416,140.0,27
2026-04-09,quinta-feira,3,PH UBAJARA,IFCO,6424,26.0,8
2026-04-09,quinta-feira,3,TREB. MINAS,HB,618,1172.0,46
2026-04-09,quinta-feira,3,TREB. MINAS,HB,623,447.0,12
2026-04-09,quinta-feira,3,TREB. MINAS,IFCO,6424,800.0,2
2026-04-10,sexta-feira,4,AGROINDUSTRIA TREBESCHI,HB,618,28.0,2
2026-04-10,sexta-feira,4,AGROINDUSTRIA TREBESCHI,IFCO,6416,80.0,2
2026-04-10,sexta-feira,4,AGROINDUSTRIA TREBESCHI,IFCO,6424,480.0,1
2026-04-10,sexta-feira,4,PH CASCAVEL,IFCO,6424,2880.0,3
2026-04-10,sexta-feira,4,PH UBAJARA,IFCO,6416,55.0,7
2026-04-10,sexta-feira,4,PH UBAJARA,IFCO,6424,107.0,10
2026-04-10,sexta-feira,4,TREB. CEARA,IFCO,6416,1.0,1
2026-04-10,sexta-feira,4,TREB. MINAS,HB,618,442.0,8
2026-04-10,sexta-feira,4,TREB. MINAS,HB,623,799.0,13
2026-04-10,sexta-feira,4,TREB. MINAS,IFCO,6416,323.0,4
2026-04-10,sexta-feira,4,TREB. MINAS,IFCO,6424,520.0,2
2026-04-11,sábado,5,AGROINDUSTRIA TREBESCHI,HB,618,50.0,4
2026-04-11,sábado,5,AGROINDUSTRIA TREBESCHI,IFCO,6424,80.0,1
2026-04-11,sábado,5,PH CASCAVEL,HB,623,270.0,1
2026-04-11,sábado,5,PH CASCAVEL,IFCO,6424,2362.0,8
2026-04-11,sábado,5,PH CORUMBA (PF),HB,623,585.0,1
2026-04-11,sábado,5,PH UBAJARA,HB,618,310.0,33
2026-04-11,sábado,5,PH UBAJARA,HB,623,62.0,8
2026-04-11,sábado,5,PH UBAJARA,IFCO,6416,428.0,96
2026-04-11,sábado,5,PH UBAJARA,IFCO,6424,436.0,61
2026-04-11,sábado,5,TREB. CEARA,IFCO,6416,38.0,3
2026-04-11,sábado,5,TREB. MINAS,HB,618,939.0,31
2026-04-11,sábado,5,TREB. MINAS,HB,623,523.0,15
2026-04-11,sábado,5,TREB. MINAS,HB,NAO_INFORMADO,88.0,6
2026-04-11,sábado,5,TREB. MINAS,IFCO,6416,457.0,20
2026-04-11,sábado,5,TREB. MINAS,IFCO,6424,140.0,2
2026-04-13,segunda-feira,0,AGROINDUSTRIA TREBESCHI,HB,618,82.0,4
2026-04-13,segunda-feira,0,PH CASCAVEL,IFCO,6424,1661.0,4
2026-04-13,segunda-feira,0,PH UBAJARA,HB,618,156.0,17
2026-04-13,segunda-feira,0,TREB. MINAS,HB,618,619.0,18
2026-04-13,segunda-feira,0,TREB. MINAS,HB,623,266.0,5
2026-04-13,segunda-feira,0,TREB. MINAS,IFCO,6416,251.0,9
2026-04-13,segunda-feira,0,TREB. MINAS,IFCO,6424,22.0,4
2026-04-14,terça-feira,1,AGROINDUSTRIA TREBESCHI,HB,618,70.0,4
2026-04-14,terça-feira,1,PH CASCAVEL,HB,623,260.0,1
2026-04-14,terça-feira,1,PH CASCAVEL,IFCO,6424,2768.0,9
2026-04-14,terça-feira,1,PH CORUMBA (PF),HB,623,690.0,1
2026-04-14,terça-feira,1,PH UBAJARA,HB,618,147.0,10
2026-04-14,terça-feira,1,PH UBAJARA,HB,623,41.0,7
2026-04-14,terça-feira,1,PH UBAJARA,IFCO,6416,146.0,20
2026-04-14,terça-feira,1,PH UBAJARA,IFCO,6424,158.0,20
2026-04-14,terça-feira,1,TREB. MINAS,HB,618,860.0,20
2026-04-14,terça-feira,1,TREB. MINAS,HB,623,440.0,8
2026-04-14,terça-feira,1,TREB. MINAS,IFCO,6416,531.0,7
2026-04-14,terça-feira,1,TREB. MINAS,IFCO,6424,80.0,1
2026-04-15,quarta-feira,2,AGROINDUSTRIA TREBESCHI,HB,618,69.0,4
2026-04-15,quarta-feira,2,AGROINDUSTRIA TREBESCHI,IFCO,6416,14.0,5
2026-04-15,quarta-feira,2,AGROINDUSTRIA TREBESCHI,IFCO,6424,22.0,2
2026-04-15,quarta-feira,2,PH CASCAVEL,HB,623,40.0,1
2026-04-15,quarta-feira,2,PH CASCAVEL,IFCO,6424,400.0,2
2026-04-15,quarta-feira,2,PH CORUMBA (PF),IFCO,6424,1010.0,3
2026-04-15,quarta-feira,2,TREB. MINAS,HB,618,406.0,6
2026-04-15,quarta-feira,2,TREB. MINAS,HB,623,133.0,4
2026-04-15,quarta-feira,2,TREB. MINAS,IFCO,6416,237.0,31
2026-04-15,quarta-feira,2,TREB. MINAS,IFCO,6424,121.0,7
2026-04-16,quinta-feira,3,AGROINDUSTRIA TREBESCHI,HB,618,69.0,4
2026-04-16,quinta-feira,3,PH CORUMBA (PF),HB,623,690.0,1
2026-04-16,quinta-feira,3,PH UBAJARA,HB,618,148.0,11
2026-04-16,quinta-feira,3,PH UBAJARA,IFCO,6416,140.0,24
2026-04-16,quinta-feira,3,PH UBAJARA,IFCO,6424,23.0,6
2026-04-16,quinta-feira,3,TREB. MINAS,HB,618,1187.0,40
2026-04-16,quinta-feira,3,TREB. MINAS,HB,623,1121.0,18
2026-04-16,quinta-feira,3,TREB. MINAS,IFCO,6416,33.0,4
2026-04-16,quinta-feira,3,TREB. MINAS,IFCO,6424,341.0,5
2026-04-17,sexta-feira,4,AGROINDUSTRIA TREBESCHI,HB,618,33.0,3
2026-04-17,sexta-feira,4,PH CASCAVEL,HB,623,720.0,1
2026-04-17,sexta-feira,4,PH CASCAVEL,IFCO,6424,165.0,2
2026-04-17,sexta-feira,4,PH CORUMBA (PF),IFCO,6424,560.0,1
2026-04-17,sexta-feira,4,PH UBAJARA,IFCO,6416,264.0,47
2026-04-17,sexta-feira,4,PH UBAJARA,IFCO,6424,168.0,30
2026-04-17,sexta-feira,4,TREB. CEARA,IFCO,6416,3.0,2
2026-04-17,sexta-feira,4,TREB. MINAS,HB,618,490.0,8
2026-04-17,sexta-feira,4,TREB. MINAS,HB,623,929.0,5
2026-04-17,sexta-feira,4,TREB. MINAS,IFCO,6416,433.0,4
2026-04-18,sábado,5,AGROINDUSTRIA TREBESCHI,HB,618,41.0,4
2026-04-18,sábado,5,PH CASCAVEL,IFCO,6424,580.0,4
2026-04-18,sábado,5,PH UBAJARA,HB,618,339.0,37
2026-04-18,sábado,5,PH UBAJARA,HB,623,27.0,7
2026-04-18,sábado,5,PH UBAJARA,IFCO,6416,264.0,53
2026-04-18,sábado,5,PH UBAJARA,IFCO,6424,811.0,75
2026-04-18,sábado,5,PH UBAJARA,IFCO,NAO_INFORMADO,1.0,1
2026-04-18,sábado,5,TREB. CEARA,IFCO,6416,37.0,4
2026-04-18,sábado,5,TREB. CEARA,IFCO,6424,20.0,1
2026-04-18,sábado,5,TREB. MINAS,HB,618,1274.0,31
2026-04-18,sábado,5,TREB. MINAS,HB,623,1063.0,26
2026-04-18,sábado,5,TREB. MINAS,HB,NAO_INFORMADO,145.0,8
2026-04-18,sábado,5,TREB. MINAS,IFCO,6416,96.0,19
2026-04-18,sábado,5,TREB. MINAS,IFCO,6424,200.0,2
2026-04-19,domingo,6,TREB. MINAS,HB,618,11.0,1
2026-04-19,domingo,6,TREB. MINAS,HB,623,129.0,14
2026-04-19,domingo,6,TREB. MINAS,HB,NAO_INFORMADO,16.0,2
2026-04-20,segunda-feira,0,AGROINDUSTRIA TREBESCHI,HB,618,78.0,8
2026-04-20,segunda-feira,0,AGROINDUSTRIA TREBESCHI,IFCO,6424,40.0,1
2026-04-20,segunda-feira,0,PH CASCAVEL,HB,623,960.0,1
2026-04-20,segunda-feira,0,PH UBAJARA,HB,618,95.0,13
2026-04-20,segunda-feira,0,PH UBAJARA,HB,623,1.0,1
2026-04-20,segunda-feira,0,PH UBAJARA,IFCO,6416,21.0,4
2026-04-20,segunda-feira,0,PH UBAJARA,IFCO,6424,457.0,34
2026-04-20,segunda-feira,0,TREB. MINAS,HB,618,1547.0,41
2026-04-20,segunda-feira,0,TREB. MINAS,HB,623,1175.0,21
2026-04-20,segunda-feira,0,TREB. MINAS,HB,NAO_INFORMADO,9.0,1
2026-04-20,segunda-feira,0,TREB. MINAS,IFCO,6416,491.0,7
2026-04-20,segunda-feira,0,TREB. MINAS,IFCO,6424,100.0,1
2026-04-21,terça-feira,1,PH UBAJARA,HB,618,127.0,13
2026-04-21,terça-feira,1,PH UBAJARA,HB,623,33.0,6
2026-04-21,terça-feira,1,PH UBAJARA,IFCO,6416,19.0,10
2026-04-21,terça-feira,1,PH UBAJARA,IFCO,6424,96.0,12
2026-04-22,quarta-feira,2,AGROINDUSTRIA TREBESCHI,HB,618,65.0,4
2026-04-22,quarta-feira,2,AGROINDUSTRIA TREBESCHI,IFCO,6424,3.27272727272727,1
2026-04-22,quarta-feira,2,PH CASCAVEL,IFCO,6424,645.0,3
2026-04-22,quarta-feira,2,PH CORUMBA (PF),IFCO,6416,960.0,3
2026-04-22,quarta-feira,2,PH SUL (PF),HB,623,171.0,5
2026-04-22,quarta-feira,2,PH UBAJARA,IFCO,6416,287.0,23
2026-04-22,quarta-feira,2,PH UBAJARA,IFCO,6424,159.0,12
2026-04-22,quarta-feira,2,TREB. CEAGESP,IFCO,6424,160.0,1
2026-04-22,quarta-feira,2,TREB. MINAS,HB,618,626.0,13
2026-04-22,quarta-feira,2,TREB. MINAS,HB,623,357.0,7
2026-04-22,quarta-feira,2,TREB. MINAS,IFCO,6416,2071.0,24
2026-04-22,quarta-feira,2,TREB. MINAS,IFCO,6424,89.0,3
2026-04-23,quinta-feira,3,AGROINDUSTRIA TREBESCHI,HB,618,45.0,4
2026-04-23,quinta-feira,3,AGROINDUSTRIA TREBESCHI,IFCO,6416,3.0,1
2026-04-23,quinta-feira,3,AGROINDUSTRIA TREBESCHI,IFCO,6424,16.0,1
2026-04-23,quinta-feira,3,PH CASCAVEL,IFCO,6424,80.0,1
2026-04-23,quinta-feira,3,PH SUL (PF),HB,623,307.0,5
2026-04-23,quinta-feira,3,PH UBAJARA,HB,618,27.0,12
2026-04-23,quinta-feira,3,PH UBAJARA,HB,623,1.0,1
2026-04-23,quinta-feira,3,PH UBAJARA,IFCO,6416,165.0,27
2026-04-23,quinta-feira,3,PH UBAJARA,IFCO,6424,46.5,5
2026-04-23,quinta-feira,3,TREB. MINAS,HB,618,743.0,25
2026-04-23,quinta-feira,3,TREB. MINAS,HB,623,154.0,9
2026-04-23,quinta-feira,3,TREB. MINAS,HB,NAO_INFORMADO,16.0,3
2026-04-23,quinta-feira,3,TREB. MINAS,IFCO,6416,42.0,5
2026-04-23,quinta-feira,3,TREB. MINAS,IFCO,6424,31.0,4
2026-04-24,sexta-feira,4,AGROINDUSTRIA TREBESCHI,HB,618,29.0,3
2026-04-24,sexta-feira,4,AGROINDUSTRIA TREBESCHI,IFCO,6424,403.0,2
2026-04-24,sexta-feira,4,PH CASCAVEL,IFCO,6424,640.0,2
2026-04-24,sexta-feira,4,PH CORUMBA (PF),IFCO,6424,1120.0,1
2026-04-24,sexta-feira,4,PH SUL (PF),HB,623,76.0,4
2026-04-24,sexta-feira,4,PH UBAJARA,IFCO,6416,368.0,49
2026-04-24,sexta-feira,4,PH UBAJARA,IFCO,6424,325.0,29
2026-04-24,sexta-feira,4,TREB. CEARA,IFCO,6416,108.0,6
2026-04-24,sexta-feira,4,TREB. MINAS,HB,618,465.0,7
2026-04-24,sexta-feira,4,TREB. MINAS,HB,623,741.0,9
2026-04-24,sexta-feira,4,TREB. MINAS,IFCO,6416,346.0,4
2026-04-24,sexta-feira,4,TREB. MINAS,IFCO,6424,280.0,2
2026-04-25,sábado,5,AGROINDUSTRIA TREBESCHI,HB,618,75.0,4
2026-04-25,sábado,5,AGROINDUSTRIA TREBESCHI,IFCO,6416,3.0,1
2026-04-25,sábado,5,PH CORUMBA (PF),HB,623,720.0,1
2026-04-25,sábado,5,PH CORUMBA (PF),IFCO,6424,630.0,6
2026-04-25,sábado,5,PH UBAJARA,HB,618,341.0,38
2026-04-25,sábado,5,PH UBAJARA,HB,623,64.0,8
2026-04-25,sábado,5,PH UBAJARA,IFCO,6416,60.0,32
2026-04-25,sábado,5,PH UBAJARA,IFCO,6424,297.0,40
2026-04-25,sábado,5,TREB. MINAS,HB,618,1095.0,43
2026-04-25,sábado,5,TREB. MINAS,HB,623,398.0,15
2026-04-25,sábado,5,TREB. MINAS,HB,NAO_INFORMADO,6.0,1
2026-04-25,sábado,5,TREB. MINAS,IFCO,6416,512.0,24
2026-04-25,sábado,5,TREB. MINAS,IFCO,6424,100.0,1
2026-04-27,segunda-feira,0,AGROINDUSTRIA TREBESCHI,HB,618,78.0,4
2026-04-27,segunda-feira,0,PH CORUMBA (PF),IFCO,6424,640.0,2
2026-04-27,segunda-feira,0,PH SUL (PF),HB,623,76.0,4
2026-04-27,segunda-feira,0,PH UBAJARA,IFCO,6424,1.0,1
2026-04-27,segunda-feira,0,TREB. MINAS,HB,618,741.0,40
2026-04-27,segunda-feira,0,TREB. MINAS,HB,623,836.0,14
2026-04-27,segunda-feira,0,TREB. MINAS,HB,NAO_INFORMADO,208.0,8
2026-04-27,segunda-feira,0,TREB. MINAS,IFCO,6416,171.0,8
2026-04-27,segunda-feira,0,TREB. MINAS,IFCO,6424,41.0,4
2026-04-28,terça-feira,1,AGROINDUSTRIA TREBESCHI,HB,618,41.0,2
2026-04-28,terça-feira,1,AGROINDUSTRIA TREBESCHI,IFCO,6424,40.0,1
2026-04-28,terça-feira,1,PH CASCAVEL,HB,623,240.0,1
2026-04-28,terça-feira,1,PH CASCAVEL,IFCO,6424,690.0,3
2026-04-28,terça-feira,1,PH CORUMBA (PF),IFCO,6424,240.0,1
2026-04-28,terça-feira,1,PH UBAJARA,HB,618,142.0,10
2026-04-28,terça-feira,1,PH UBAJARA,HB,623,58.0,7
2026-04-28,terça-feira,1,PH UBAJARA,IFCO,6416,295.0,34
2026-04-28,terça-feira,1,PH UBAJARA,IFCO,6424,875.0,25
2026-04-28,terça-feira,1,TREB. MINAS,HB,618,595.0,17
2026-04-28,terça-feira,1,TREB. MINAS,HB,623,432.0,9
2026-04-28,terça-feira,1,TREB. MINAS,IFCO,6416,551.0,6
2026-04-28,terça-feira,1,TREB. MINAS,IFCO,6424,80.0,2
2026-04-29,quarta-feira,2,AGROINDUSTRIA TREBESCHI,HB,618,118.0,4
2026-04-29,quarta-feira,2,AGROINDUSTRIA TREBESCHI,IFCO,6424,11.0,1
2026-04-29,quarta-feira,2,PH CORUMBA (PF),IFCO,6424,60.0,2
2026-04-29,quarta-feira,2,PH UBAJARA,HB,618,161.0,12
2026-04-29,quarta-feira,2,PH UBAJARA,IFCO,6424,2.0,2
2026-04-29,quarta-feira,2,TREB. MINAS,HB,618,769.0,23
2026-04-29,quarta-feira,2,TREB. MINAS,HB,623,1749.0,8
2026-04-29,quarta-feira,2,TREB. MINAS,IFCO,6416,159.0,26
2026-04-29,quarta-feira,2,TREB. MINAS,IFCO,6424,1085.0,13
2026-04-30,quinta-feira,3,AGROINDUSTRIA TREBESCHI,HB,618,106.0,8
2026-04-30,quinta-feira,3,AGROINDUSTRIA TREBESCHI,IFCO,6424,360.0,1
2026-04-30,quinta-feira,3,PH UBAJARA,IFCO,6416,12.0,6
2026-04-30,quinta-feira,3,PH UBAJARA,IFCO,6424,3.0,3
2026-04-30,quinta-feira,3,TREB. MINAS,HB,618,750.0,22
2026-04-30,quinta-feira,3,TREB. MINAS,HB,623,414.0,12
2026-04-30,quinta-feira,3,TREB. MINAS,IFCO,6424,760.0,2
2026-05-01,sexta-feira,4,PH CORUMBA (PF),IFCO,6424,1097.0,2
2026-05-01,sexta-feira,4,TREB. MINAS,HB,623,690.0,1
2026-05-01,sexta-feira,4,TREB. MINAS,IFCO,6424,618.0,3
2026-05-02,sábado,5,AGROINDUSTRIA TREBESCHI,HB,618,124.0,7
2026-05-02,sábado,5,AGROINDUSTRIA TREBESCHI,IFCO,6416,5.0,2
2026-05-02,sábado,5,AGROINDUSTRIA TREBESCHI,IFCO,6424,40.0,1
2026-05-02,sábado,5,PH CASCAVEL,IFCO,6424,640.0,4
2026-05-02,sábado,5,PH UBAJARA,HB,618,405.0,52
2026-05-02,sábado,5,PH UBAJARA,HB,623,64.0,10
2026-05-02,sábado,5,PH UBAJARA,IFCO,6416,459.0,77
2026-05-02,sábado,5,PH UBAJARA,IFCO,6424,614.0,110
2026-05-02,sábado,5,TREB. CEARA,IFCO,6416,70.0,9
2026-05-02,sábado,5,TREB. MINAS,HB,618,858.0,24
2026-05-02,sábado,5,TREB. MINAS,HB,623,1012.0,8
2026-05-02,sábado,5,TREB. MINAS,IFCO,6416,442.0,22
2026-05-02,sábado,5,TREB. MINAS,IFCO,6424,720.0,2
2026-05-03,domingo,6,TREB. MINAS,HB,618,10.0,1
2026-05-03,domingo,6,TREB. MINAS,HB,623,92.0,14
2026-05-03,domingo,6,TREB. MINAS,HB,NAO_INFORMADO,7.0,1
2026-05-04,segunda-feira,0,AGROINDUSTRIA TREBESCHI,HB,618,77.0,4
2026-05-04,segunda-feira,0,PH UBAJARA,IFCO,6416,50.0,8
2026-05-04,segunda-feira,0,PH UBAJARA,IFCO,6424,420.0,50
2026-05-04,segunda-feira,0,TREB. CEARA,IFCO,6424,50.0,6
2026-05-04,segunda-feira,0,TREB. MINAS,HB,618,537.0,20
2026-05-04,segunda-feira,0,TREB. MINAS,HB,623,226.0,5
2026-05-04,segunda-feira,0,TREB. MINAS,IFCO,6416,177.0,4
2026-05-05,terça-feira,1,AGROINDUSTRIA TREBESCHI,HB,618,57.0,4
2026-05-05,terça-feira,1,AGROINDUSTRIA TREBESCHI,IFCO,6424,40.0,1
2026-05-05,terça-feira,1,PH CASCAVEL,HB,623,120.0,1
2026-05-05,terça-feira,1,PH CASCAVEL,IFCO,6424,342.0,3
2026-05-05,terça-feira,1,PH CORUMBA (PF),IFCO,6424,240.0,1
2026-05-05,terça-feira,1,PH UBAJARA,HB,618,179.0,10
2026-05-05,terça-feira,1,PH UBAJARA,HB,623,58.0,7
2026-05-05,terça-feira,1,PH UBAJARA,IFCO,6416,340.0,32
2026-05-05,terça-feira,1,PH UBAJARA,IFCO,6424,471.0,22
2026-05-05,terça-feira,1,TREB. CEARA,IFCO,6424,32.0,1
2026-05-05,terça-feira,1,TREB. MINAS,HB,618,397.0,29
2026-05-05,terça-feira,1,TREB. MINAS,HB,623,330.0,26
2026-05-05,terça-feira,1,TREB. MINAS,HB,NAO_INFORMADO,7.0,1
2026-05-05,terça-feira,1,TREB. MINAS,IFCO,6416,489.0,5
2026-05-05,terça-feira,1,TREB. MINAS,IFCO,6424,80.0,1
2026-05-06,quarta-feira,2,AGROINDUSTRIA TREBESCHI,HB,618,59.0,4
2026-05-06,quarta-feira,2,AGROINDUSTRIA TREBESCHI,IFCO,6416,6.0,1
2026-05-06,quarta-feira,2,AGROINDUSTRIA TREBESCHI,IFCO,6424,20.0,2
2026-05-06,quarta-feira,2,PH CASCAVEL,IFCO,6424,350.0,1
2026-05-06,quarta-feira,2,PH UBAJARA,IFCO,6416,22.0,3
2026-05-06,quarta-feira,2,PH UBAJARA,IFCO,6424,282.0,36
2026-05-06,quarta-feira,2,TREB. CEARA,IFCO,6416,76.0,4
2026-05-06,quarta-feira,2,TREB. CEARA,IFCO,6424,27.0,6
2026-05-06,quarta-feira,2,TREB. MINAS,HB,618,624.0,9
2026-05-06,quarta-feira,2,TREB. MINAS,HB,623,1855.0,14
2026-05-06,quarta-feira,2,TREB. MINAS,HB,NAO_INFORMADO,45.0,5
2026-05-06,quarta-feira,2,TREB. MINAS,IFCO,6416,306.0,27
2026-05-06,quarta-feira,2,TREB. MINAS,IFCO,6424,173.0,8
2026-05-07,quinta-feira,3,AGROINDUSTRIA TREBESCHI,HB,618,31.0,4
2026-05-07,quinta-feira,3,PH CASCAVEL,IFCO,6424,330.0,3
2026-05-07,quinta-feira,3,PH UBAJARA,HB,618,47.0,23
2026-05-07,quinta-feira,3,PH UBAJARA,HB,623,3.0,2
2026-05-07,quinta-feira,3,PH UBAJARA,IFCO,6416,233.0,27
2026-05-07,quinta-feira,3,PH UBAJARA,IFCO,6424,39.0,8
2026-05-07,quinta-feira,3,PH UBAJARA,IFCO,NAO_INFORMADO,1.0,1
2026-05-07,quinta-feira,3,TREB. CEARA,IFCO,6416,6.33333333333333,2
2026-05-07,quinta-feira,3,TREB. MINAS,HB,618,554.0,18
2026-05-07,quinta-feira,3,TREB. MINAS,HB,623,298.0,8
2026-05-07,quinta-feira,3,TREB. MINAS,HB,NAO_INFORMADO,42.0,5
2026-05-07,quinta-feira,3,TREB. MINAS,IFCO,6416,22.0,2
2026-05-07,quinta-feira,3,TREB. MINAS,IFCO,6424,25.0,3
2026-05-08,sexta-feira,4,AGROINDUSTRIA TREBESCHI,HB,618,37.0,3
2026-05-08,sexta-feira,4,PH CASCAVEL,IFCO,6424,240.0,3
2026-05-08,sexta-feira,4,PH UBAJARA,IFCO,6416,124.0,19
2026-05-08,sexta-feira,4,TREB. CEARA,IFCO,6416,1.0,1
2026-05-08,sexta-feira,4,TREB. MINAS,HB,618,384.0,7
2026-05-08,sexta-feira,4,TREB. MINAS,HB,623,966.0,14
2026-05-08,sexta-feira,4,TREB. MINAS,IFCO,6416,342.0,5
2026-05-09,sábado,5,AGROINDUSTRIA TREBESCHI,HB,618,138.0,7
2026-05-09,sábado,5,AGROINDUSTRIA TREBESCHI,IFCO,6416,6.0,1
2026-05-09,sábado,5,AGROINDUSTRIA TREBESCHI,IFCO,6424,40.0,1
2026-05-09,sábado,5,F. BICAME,IFCO,6424,1170.0,2
2026-05-09,sábado,5,PH CASCAVEL,IFCO,6424,1295.0,4
2026-05-09,sábado,5,PH UBAJARA,HB,618,251.0,27
2026-05-09,sábado,5,PH UBAJARA,HB,623,61.0,8
2026-05-09,sábado,5,PH UBAJARA,IFCO,6416,457.0,55
2026-05-09,sábado,5,PH UBAJARA,IFCO,6424,657.0,50
2026-05-09,sábado,5,TREB. CEARA,IFCO,6416,45.0,5
2026-05-09,sábado,5,TREB. MINAS,HB,618,949.0,32
2026-05-09,sábado,5,TREB. MINAS,HB,623,1664.0,12
2026-05-09,sábado,5,TREB. MINAS,HB,NAO_INFORMADO,14.0,1
2026-05-09,sábado,5,TREB. MINAS,IFCO,6416,569.0,25
2026-05-09,sábado,5,TREB. MINAS,IFCO,6424,636.0,1
2026-05-11,segunda-feira,0,AGROINDUSTRIA TREBESCHI,HB,618,74.0,4
2026-05-11,segunda-feira,0,F. BICAME,HB,623,480.0,1
2026-05-11,segunda-feira,0,PH CORUMBA (PF),HB,623,360.0,1
2026-05-11,segunda-feira,0,PH UBAJARA,HB,618,135.0,12
2026-05-11,segunda-feira,0,PH UBAJARA,HB,623,3.0,1
2026-05-11,segunda-feira,0,PH UBAJARA,IFCO,6424,14.0,11
2026-05-11,segunda-feira,0,TREB. MINAS,HB,618,456.0,18
2026-05-11,segunda-feira,0,TREB. MINAS,HB,623,170.0,5
2026-05-11,segunda-feira,0,TREB. MINAS,IFCO,6416,171.0,3
2026-05-12,terça-feira,1,AGROINDUSTRIA TREBESCHI,HB,618,72.0,4
2026-05-12,terça-feira,1,PH CASCAVEL,IFCO,6424,554.0,4
2026-05-12,terça-feira,1,PH UBAJARA,HB,618,165.0,10
2026-05-12,terça-feira,1,PH UBAJARA,HB,623,53.0,6
2026-05-12,terça-feira,1,PH UBAJARA,IFCO,6416,73.0,33
2026-05-12,terça-feira,1,PH UBAJARA,IFCO,6424,210.0,33
2026-05-12,terça-feira,1,TREB. MINAS,HB,618,530.0,16
2026-05-12,terça-feira,1,TREB. MINAS,HB,623,224.0,7
2026-05-12,terça-feira,1,TREB. MINAS,IFCO,6416,510.0,7
2026-05-12,terça-feira,1,TREB. MINAS,IFCO,6424,640.0,1
2026-05-13,quarta-feira,2,AGROINDUSTRIA TREBESCHI,HB,618,77.0,4
2026-05-13,quarta-feira,2,AGROINDUSTRIA TREBESCHI,IFCO,6416,20.0,3
2026-05-13,quarta-feira,2,AGROINDUSTRIA TREBESCHI,IFCO,6424,27.0,2
2026-05-13,quarta-feira,2,PH CORUMBA (PF),IFCO,6424,636.0,1
2026-05-13,quarta-feira,2,PH UBAJARA,IFCO,6416,223.0,22
2026-05-13,quarta-feira,2,PH UBAJARA,IFCO,6424,107.0,15
2026-05-13,quarta-feira,2,TREB. CEARA,IFCO,6416,109.0,7
2026-05-13,quarta-feira,2,TREB. MINAS,HB,618,439.0,8
2026-05-13,quarta-feira,2,TREB. MINAS,HB,623,832.0,5
2026-05-13,quarta-feira,2,TREB. MINAS,IFCO,6416,634.0,37
2026-05-13,quarta-feira,2,TREB. MINAS,IFCO,6424,543.0,12
2026-05-14,quinta-feira,3,AGROINDUSTRIA TREBESCHI,HB,618,51.0,3
2026-05-14,quinta-feira,3,AGROINDUSTRIA TREBESCHI,IFCO,6416,80.0,1
2026-05-14,quinta-feira,3,AGROINDUSTRIA TREBESCHI,IFCO,6424,360.0,1
2026-05-14,quinta-feira,3,PH CASCAVEL,IFCO,6424,940.0,2
2026-05-14,quinta-feira,3,PH UBAJARA,HB,618,88.0,12
2026-05-14,quinta-feira,3,PH UBAJARA,HB,623,1.0,1
2026-05-14,quinta-feira,3,PH UBAJARA,IFCO,6416,107.0,28
2026-05-14,quinta-feira,3,PH UBAJARA,IFCO,6424,18.0,5
2026-05-14,quinta-feira,3,TREB. MINAS,HB,618,603.0,32
2026-05-14,quinta-feira,3,TREB. MINAS,HB,623,199.0,7
2026-05-14,quinta-feira,3,TREB. MINAS,IFCO,6416,28.0,4
2026-05-14,quinta-feira,3,TREB. MINAS,IFCO,6424,244.0,4
2026-05-15,sexta-feira,4,AGROINDUSTRIA TREBESCHI,HB,618,28.0,3
2026-05-15,sexta-feira,4,F. BICAME,IFCO,6424,1120.0,1
2026-05-15,sexta-feira,4,PH ALHO/CEBOLA,IFCO,6424,240.0,3
2026-05-15,sexta-feira,4,PH CORUMBA (PF),IFCO,6424,553.0,2
2026-05-15,sexta-feira,4,PH UBAJARA,IFCO,6416,294.0,12
2026-05-15,sexta-feira,4,PH UBAJARA,IFCO,6424,200.0,6
2026-05-15,sexta-feira,4,TREB. CEARA,IFCO,6416,26.0,3
2026-05-15,sexta-feira,4,TREB. MINAS,HB,618,406.0,7
2026-05-15,sexta-feira,4,TREB. MINAS,HB,623,103.0,4
2026-05-15,sexta-feira,4,TREB. MINAS,IFCO,6416,619.0,5
2026-05-15,sexta-feira,4,TREB. MINAS,IFCO,6424,580.0,4
2026-05-16,sábado,5,AGROINDUSTRIA TREBESCHI,HB,618,78.0,4
2026-05-16,sábado,5,PH CORUMBA (PF),HB,623,500.0,1
2026-05-16,sábado,5,PH UBAJARA,HB,618,448.0,35
2026-05-16,sábado,5,PH UBAJARA,HB,623,44.0,5
2026-05-16,sábado,5,PH UBAJARA,IFCO,6416,158.0,63
2026-05-16,sábado,5,PH UBAJARA,IFCO,6424,183.0,33
2026-05-16,sábado,5,TREB. CEARA,IFCO,6416,12.0,2
2026-05-16,sábado,5,TREB. MINAS,HB,618,748.0,27
2026-05-16,sábado,5,TREB. MINAS,HB,623,646.0,9
2026-05-16,sábado,5,TREB. MINAS,IFCO,6416,640.0,20
2026-05-16,sábado,5,TREB. MINAS,IFCO,6424,80.0,1
2026-05-18,segunda-feira,0,AGROINDUSTRIA TREBESCHI,HB,618,114.0,4
2026-05-18,segunda-feira,0,TREB. MINAS,HB,618,405.0,21
2026-05-18,segunda-feira,0,TREB. MINAS,HB,623,360.0,25
2026-05-18,segunda-feira,0,TREB. MINAS,HB,NAO_INFORMADO,17.0,2
2026-05-18,segunda-feira,0,TREB. MINAS,IFCO,6416,232.0,8
2026-05-18,segunda-feira,0,TREB. MINAS,IFCO,6424,10.0,4
2026-05-19,terça-feira,1,AGROINDUSTRIA TREBESCHI,HB,618,66.0,4
2026-05-19,terça-feira,1,AGROINDUSTRIA TREBESCHI,HB,623,45.0,3
2026-05-19,terça-feira,1,AGROINDUSTRIA TREBESCHI,IFCO,6424,40.0,1
2026-05-19,terça-feira,1,PH CASCAVEL,IFCO,6424,460.0,4
2026-05-19,terça-feira,1,PH UBAJARA,HB,618,136.0,10
2026-05-19,terça-feira,1,PH UBAJARA,HB,623,69.0,7
2026-05-19,terça-feira,1,PH UBAJARA,IFCO,6416,24.0,13
2026-05-19,terça-feira,1,PH UBAJARA,IFCO,6424,361.0,15
2026-05-19,terça-feira,1,TREB. CEARA,IFCO,6424,21.0,1
2026-05-19,terça-feira,1,TREB. MINAS,HB,618,510.0,30
2026-05-19,terça-feira,1,TREB. MINAS,HB,623,678.0,18
2026-05-19,terça-feira,1,TREB. MINAS,HB,NAO_INFORMADO,80.0,6
2026-05-19,terça-feira,1,TREB. MINAS,IFCO,6416,503.0,5
2026-05-19,terça-feira,1,TREB. MINAS,IFCO,6424,790.0,2
2026-05-20,quarta-feira,2,AGROINDUSTRIA TREBESCHI,HB,618,98.0,4
2026-05-20,quarta-feira,2,AGROINDUSTRIA TREBESCHI,IFCO,6416,13.0,4
2026-05-20,quarta-feira,2,AGROINDUSTRIA TREBESCHI,IFCO,6424,20.0,2
2026-05-20,quarta-feira,2,PH CORUMBA (PF),HB,623,690.0,1
2026-05-20,quarta-feira,2,PH UBAJARA,IFCO,6416,147.0,12
2026-05-20,quarta-feira,2,PH UBAJARA,IFCO,6424,74.0,6
2026-05-20,quarta-feira,2,TREB. MINAS,HB,618,260.0,8
2026-05-20,quarta-feira,2,TREB. MINAS,HB,623,743.0,14
2026-05-20,quarta-feira,2,TREB. MINAS,IFCO,6416,545.0,34
2026-05-20,quarta-feira,2,TREB. MINAS,IFCO,6424,552.0,14
2026-05-21,quinta-feira,3,AGROINDUSTRIA TREBESCHI,HB,618,64.0,4
2026-05-21,quinta-feira,3,AGROINDUSTRIA TREBESCHI,IFCO,6424,360.0,1
2026-05-21,quinta-feira,3,F. BICAME,IFCO,6424,39.0,1
2026-05-21,quinta-feira,3,PH UBAJARA,HB,618,141.0,14
2026-05-21,quinta-feira,3,PH UBAJARA,HB,623,3.0,1
2026-05-21,quinta-feira,3,PH UBAJARA,IFCO,6416,152.0,28
2026-05-21,quinta-feira,3,PH UBAJARA,IFCO,6424,33.0,8
2026-05-21,quinta-feira,3,TREB. MINAS,HB,618,397.0,20
2026-05-21,quinta-feira,3,TREB. MINAS,HB,623,225.0,8
2026-05-21,quinta-feira,3,TREB. MINAS,IFCO,6424,120.0,1
2026-05-22,sexta-feira,4,AGROINDUSTRIA TREBESCHI,HB,618,55.0,4
2026-05-22,sexta-feira,4,PH CORUMBA (PF),HB,623,120.0,1
2026-05-22,sexta-feira,4,PH CORUMBA (PF),IFCO,6424,518.0,3
2026-05-22,sexta-feira,4,PH UBAJARA,IFCO,6416,179.0,12
2026-05-22,sexta-feira,4,PH UBAJARA,IFCO,6424,161.0,9
2026-05-22,sexta-feira,4,TREB. CEARA,IFCO,6416,121.0,3
2026-05-22,sexta-feira,4,TREB. MINAS,HB,618,204.0,6
2026-05-22,sexta-feira,4,TREB. MINAS,HB,623,62.0,3
2026-05-22,sexta-feira,4,TREB. MINAS,IFCO,6416,627.0,10
2026-05-22,sexta-feira,4,TREB. MINAS,IFCO,6424,478.0,11
2026-05-23,sábado,5,AGROINDUSTRIA TREBESCHI,HB,618,73.0,4
2026-05-23,sábado,5,AGROINDUSTRIA TREBESCHI,IFCO,6424,80.0,1
2026-05-23,sábado,5,F. BICAME,HB,623,630.0,1
2026-05-23,sábado,5,PH CASCAVEL,IFCO,6424,551.0,4
2026-05-23,sábado,5,PH CORUMBA (PF),HB,623,500.0,1
2026-05-23,sábado,5,PH CORUMBA (PF),IFCO,6424,636.0,1
2026-05-23,sábado,5,PH UBAJARA,HB,618,374.0,40
2026-05-23,sábado,5,PH UBAJARA,HB,623,60.0,9
2026-05-23,sábado,5,PH UBAJARA,IFCO,6416,348.0,71
2026-05-23,sábado,5,PH UBAJARA,IFCO,6424,534.0,54
2026-05-23,sábado,5,TREB. CEARA,IFCO,6424,25.0,1
2026-05-23,sábado,5,TREB. MINAS,HB,618,765.0,27
2026-05-23,sábado,5,TREB. MINAS,HB,623,269.0,10
2026-05-23,sábado,5,TREB. MINAS,IFCO,6416,442.0,26
2026-05-23,sábado,5,TREB. MINAS,IFCO,6424,160.0,1
2026-05-25,segunda-feira,0,AGROINDUSTRIA TREBESCHI,HB,618,142.0,7
2026-05-25,segunda-feira,0,PH UBAJARA,IFCO,6416,105.0,5
2026-05-25,segunda-feira,0,PH UBAJARA,IFCO,6424,567.0,53
2026-05-25,segunda-feira,0,TREB. CEARA,IFCO,6424,27.0,9
2026-05-25,segunda-feira,0,TREB. MINAS,HB,618,415.0,28
2026-05-25,segunda-feira,0,TREB. MINAS,HB,623,903.0,16
2026-05-25,segunda-feira,0,TREB. MINAS,HB,NAO_INFORMADO,105.0,7
2026-05-25,segunda-feira,0,TREB. MINAS,IFCO,6416,428.0,6
2026-05-26,terça-feira,1,AGROINDUSTRIA TREBESCHI,HB,618,65.0,5
2026-05-26,terça-feira,1,PH ALHO/CEBOLA,HB,623,200.0,1
2026-05-26,terça-feira,1,PH ALHO/CEBOLA,IFCO,6424,1560.0,3
2026-05-26,terça-feira,1,PH CASCAVEL,IFCO,6424,310.0,3
2026-05-26,terça-feira,1,PH CORUMBA (PF),HB,623,120.0,1
2026-05-26,terça-feira,1,PH CORUMBA (PF),IFCO,6424,1636.0,16
2026-05-26,terça-feira,1,PH UBAJARA,HB,618,94.0,11
2026-05-26,terça-feira,1,PH UBAJARA,HB,623,57.0,6
2026-05-26,terça-feira,1,PH UBAJARA,IFCO,6416,66.0,32
2026-05-26,terça-feira,1,PH UBAJARA,IFCO,6424,485.0,33
2026-05-26,terça-feira,1,TREB. CEARA,IFCO,6424,20.0,1
2026-05-26,terça-feira,1,TREB. MINAS,HB,618,424.0,15
2026-05-26,terça-feira,1,TREB. MINAS,HB,623,222.0,7
2026-05-26,terça-feira,1,TREB. MINAS,IFCO,6416,556.0,7
2026-05-27,quarta-feira,2,AGROINDUSTRIA TREBESCHI,HB,618,87.0,4
2026-05-27,quarta-feira,2,AGROINDUSTRIA TREBESCHI,IFCO,6424,16.0,2
2026-05-27,quarta-feira,2,PH CORUMBA (PF),IFCO,6424,900.0,1
2026-05-27,quarta-feira,2,PH UBAJARA,HB,618,166.0,15
2026-05-27,quarta-feira,2,PH UBAJARA,HB,623,2.0,1
2026-05-27,quarta-feira,2,PH UBAJARA,IFCO,6416,211.0,14
2026-05-27,quarta-feira,2,PH UBAJARA,IFCO,6424,148.0,7
2026-05-27,quarta-feira,2,TREB. CEARA,IFCO,6416,83.0,7
2026-05-27,quarta-feira,2,TREB. MINAS,HB,618,428.0,7
2026-05-27,quarta-feira,2,TREB. MINAS,HB,623,208.0,5
2026-05-27,quarta-feira,2,TREB. MINAS,IFCO,6416,422.0,30
2026-05-27,quarta-feira,2,TREB. MINAS,IFCO,6424,137.0,8
2026-05-28,quinta-feira,3,AGROINDUSTRIA TREBESCHI,HB,618,87.0,7
2026-05-28,quinta-feira,3,PH CORUMBA (PF),HB,623,1200.0,3
2026-05-28,quinta-feira,3,PH CORUMBA (PF),IFCO,6424,1255.0,2
2026-05-28,quinta-feira,3,PH UBAJARA,IFCO,6416,292.0,44
2026-05-28,quinta-feira,3,PH UBAJARA,IFCO,6424,73.0,9
2026-05-28,quinta-feira,3,TREB. CEAGESP,IFCO,6424,155.0,1
2026-05-28,quinta-feira,3,TREB. CEARA,IFCO,6416,5.0,3
2026-05-28,quinta-feira,3,TREB. MINAS,HB,618,721.0,33
2026-05-28,quinta-feira,3,TREB. MINAS,HB,623,177.0,5
2026-05-28,quinta-feira,3,TREB. MINAS,IFCO,6424,749.0,79
2026-05-29,sexta-feira,4,AGROINDUSTRIA TREBESCHI,HB,618,48.0,4
2026-05-29,sexta-feira,4,AGROINDUSTRIA TREBESCHI,IFCO,6424,240.0,1
2026-05-29,sexta-feira,4,F. BICAME,IFCO,6424,32.0,1
2026-05-29,sexta-feira,4,PH CASCAVEL,IFCO,6424,43.0,1
2026-05-29,sexta-feira,4,PH CORUMBA (PF),HB,623,160.0,1
2026-05-29,sexta-feira,4,PH CORUMBA (PF),IFCO,6424,1120.0,2
2026-05-29,sexta-feira,4,PH UBAJARA,IFCO,6416,229.0,13
2026-05-29,sexta-feira,4,PH UBAJARA,IFCO,6424,206.0,7
2026-05-29,sexta-feira,4,TREB. CEARA,IFCO,6416,55.0,3
2026-05-29,sexta-feira,4,TREB. MINAS,HB,618,84.0,6
2026-05-29,sexta-feira,4,TREB. MINAS,HB,623,40.0,2
2026-05-29,sexta-feira,4,TREB. MINAS,IFCO,6416,640.0,5
2026-05-29,sexta-feira,4,TREB. MINAS,IFCO,6424,480.0,2
2026-05-30,sábado,5,AGROINDUSTRIA TREBESCHI,HB,618,151.0,7
2026-05-30,sábado,5,AGROINDUSTRIA TREBESCHI,IFCO,6416,7.0,2
2026-05-30,sábado,5,AGROINDUSTRIA TREBESCHI,IFCO,6424,50.0,1
2026-05-30,sábado,5,PH CASCAVEL,IFCO,6424,193.0,1
2026-05-30,sábado,5,PH CORUMBA (PF),IFCO,6424,310.0,3
2026-05-30,sábado,5,PH UBAJARA,HB,618,428.0,39
2026-05-30,sábado,5,PH UBAJARA,HB,623,42.0,8
2026-05-30,sábado,5,PH UBAJARA,IFCO,6416,10.0,8
2026-05-30,sábado,5,PH UBAJARA,IFCO,6424,333.0,13
2026-05-30,sábado,5,TREB. CEARA,IFCO,6424,20.0,1
2026-05-30,sábado,5,TREB. MINAS,HB,618,644.0,29
2026-05-30,sábado,5,TREB. MINAS,HB,623,201.0,7
2026-05-30,sábado,5,TREB. MINAS,IFCO,6416,718.0,66
2026-05-30,sábado,5,TREB. MINAS,IFCO,6424,20.0,17
2026-06-01,segunda-feira,0,AGROINDUSTRIA TREBESCHI,HB,618,105.0,4
2026-06-01,segunda-feira,0,PH ALHO/CEBOLA,IFCO,6424,560.0,2
2026-06-01,segunda-feira,0,PH UBAJARA,HB,623,220.0,2
2026-06-01,segunda-feira,0,PH UBAJARA,IFCO,6416,54.0,50
2026-06-01,segunda-feira,0,PH UBAJARA,IFCO,6424,30.0,23
2026-06-01,segunda-feira,0,TREB. MINAS,HB,618,478.0,25
2026-06-01,segunda-feira,0,TREB. MINAS,HB,623,628.0,6
2026-06-01,segunda-feira,0,TREB. MINAS,IFCO,6416,331.0,8
2026-06-01,segunda-feira,0,TREB. MINAS,IFCO,6424,31.0,3
2026-06-02,terça-feira,1,AGROINDUSTRIA TREBESCHI,HB,618,128.0,4
2026-06-02,terça-feira,1,PH CORUMBA (PF),HB,623,440.0,1
2026-06-02,terça-feira,1,PH CORUMBA (PF),IFCO,6424,880.0,5
2026-06-02,terça-feira,1,PH UBAJARA,HB,618,185.0,16
2026-06-02,terça-feira,1,PH UBAJARA,HB,623,68.0,7
2026-06-02,terça-feira,1,PH UBAJARA,IFCO,6416,52.0,18
2026-06-02,terça-feira,1,PH UBAJARA,IFCO,6424,265.0,33
2026-06-02,terça-feira,1,TREB. CEARA,IFCO,6424,41.0,1
2026-06-02,terça-feira,1,TREB. MINAS,HB,618,483.0,28
2026-06-02,terça-feira,1,TREB. MINAS,HB,623,1215.0,31
2026-06-02,terça-feira,1,TREB. MINAS,HB,NAO_INFORMADO,139.0,9
2026-06-03,quarta-feira,2,AGROINDUSTRIA TREBESCHI,HB,618,72.0,4
2026-06-03,quarta-feira,2,AGROINDUSTRIA TREBESCHI,IFCO,6416,8.0,1
2026-06-03,quarta-feira,2,AGROINDUSTRIA TREBESCHI,IFCO,6424,49.0,3
2026-06-03,quarta-feira,2,PH CORUMBA (PF),HB,618,150.0,1
2026-06-03,quarta-feira,2,PH CORUMBA (PF),HB,623,1080.0,2
2026-06-03,quarta-feira,2,PH CORUMBA (PF),IFCO,6424,280.0,2
2026-06-03,quarta-feira,2,PH UBAJARA,HB,618,160.0,14
2026-06-03,quarta-feira,2,PH UBAJARA,HB,623,2.0,1
2026-06-03,quarta-feira,2,PH UBAJARA,IFCO,6416,241.0,18
2026-06-03,quarta-feira,2,PH UBAJARA,IFCO,6424,80.0,10
2026-06-03,quarta-feira,2,TREB. CEARA,HB,618,9.0,1
2026-06-03,quarta-feira,2,TREB. CEARA,IFCO,6416,32.0,1
2026-06-03,quarta-feira,2,TREB. MINAS,HB,618,414.0,5
2026-06-03,quarta-feira,2,TREB. MINAS,HB,623,85.0,4
2026-06-03,quarta-feira,2,TREB. MINAS,IFCO,6416,300.0,32
2026-06-03,quarta-feira,2,TREB. MINAS,IFCO,6424,118.0,8
2026-06-04,quinta-feira,3,AGROINDUSTRIA TREBESCHI,HB,618,57.0,4
2026-06-04,quinta-feira,3,PH CORUMBA (PF),IFCO,6424,560.0,1
2026-06-04,quinta-feira,3,PH UBAJARA,IFCO,6416,112.0,25
2026-06-04,quinta-feira,3,PH UBAJARA,IFCO,6424,8.0,1
2026-06-04,quinta-feira,3,TREB. CEARA,IFCO,6416,1.0,1
2026-06-04,quinta-feira,3,TREB. MINAS,HB,618,433.0,33
2026-06-04,quinta-feira,3,TREB. MINAS,HB,623,100.0,4
2026-06-04,quinta-feira,3,TREB. MINAS,IFCO,6416,22.0,4
2026-06-04,quinta-feira,3,TREB. MINAS,IFCO,6424,34.0,5
2026-06-05,sexta-feira,4,AGROINDUSTRIA TREBESCHI,HB,618,39.0,4
2026-06-05,sexta-feira,4,AGROINDUSTRIA TREBESCHI,IFCO,6416,40.0,1
2026-06-05,sexta-feira,4,AGROINDUSTRIA TREBESCHI,IFCO,6424,520.0,1
2026-06-05,sexta-feira,4,PH CORUMBA (PF),HB,623,120.0,2
2026-06-05,sexta-feira,4,PH UBAJARA,IFCO,6416,169.0,35
2026-06-05,sexta-feira,4,PH UBAJARA,IFCO,6424,51.0,13
2026-06-05,sexta-feira,4,TREB. CEARA,IFCO,6416,25.0,2
2026-06-05,sexta-feira,4,TREB. MINAS,HB,618,119.0,5
2026-06-05,sexta-feira,4,TREB. MINAS,HB,623,562.0,5
2026-06-05,sexta-feira,4,TREB. MINAS,IFCO,6416,668.0,6
2026-06-06,sábado,5,AGROINDUSTRIA TREBESCHI,HB,618,176.0,7
2026-06-06,sábado,5,AGROINDUSTRIA TREBESCHI,IFCO,6424,100.0,1
2026-06-06,sábado,5,PH CORUMBA (PF),IFCO,6424,310.0,4
2026-06-06,sábado,5,PH UBAJARA,HB,618,340.0,30
2026-06-06,sábado,5,PH UBAJARA,HB,623,47.0,9
2026-06-06,sábado,5,PH UBAJARA,IFCO,6416,3.0,1
2026-06-06,sábado,5,PH UBAJARA,IFCO,6424,191.0,15
2026-06-06,sábado,5,TREB. CEARA,HB,618,25.0,1
2026-06-06,sábado,5,TREB. CEARA,IFCO,6424,41.0,1
2026-06-06,sábado,5,TREB. MINAS,HB,618,666.0,24
2026-06-06,sábado,5,TREB. MINAS,HB,623,270.0,6
2026-06-06,sábado,5,TREB. MINAS,IFCO,6416,682.0,22
2026-06-06,sábado,5,TREB. MINAS,IFCO,6424,440.0,4
2026-06-08,segunda-feira,0,AGROINDUSTRIA TREBESCHI,HB,618,82.0,5
2026-06-08,segunda-feira,0,PH CORUMBA (PF),HB,623,450.0,1
2026-06-08,segunda-feira,0,PH CORUMBA (PF),IFCO,6424,80.0,4
2026-06-08,segunda-feira,0,PH UBAJARA,IFCO,6424,5.0,3
2026-06-08,segunda-feira,0,TREB. MINAS,HB,618,532.0,26
2026-06-08,segunda-feira,0,TREB. MINAS,HB,623,192.0,6
2026-06-08,segunda-feira,0,TREB. MINAS,IFCO,6416,389.0,5
2026-06-09,terça-feira,1,AGROINDUSTRIA TREBESCHI,HB,618,351.0,7
2026-06-09,terça-feira,1,AGROINDUSTRIA TREBESCHI,IFCO,6424,40.0,1
2026-06-09,terça-feira,1,PH CORUMBA (PF),IFCO,6424,240.0,2
2026-06-09,terça-feira,1,PH UBAJARA,HB,618,96.0,9
2026-06-09,terça-feira,1,PH UBAJARA,HB,623,43.0,7
2026-06-09,terça-feira,1,PH UBAJARA,IFCO,6424,120.0,14
2026-06-09,terça-feira,1,TREB. MINAS,HB,618,678.0,24
2026-06-09,terça-feira,1,TREB. MINAS,HB,623,1252.0,21
2026-06-09,terça-feira,1,TREB. MINAS,HB,NAO_INFORMADO,105.0,6
2026-06-09,terça-feira,1,TREB. MINAS,IFCO,6416,520.0,15
2026-06-09,terça-feira,1,TREB. MINAS,IFCO,6424,1248.0,10
2026-06-10,quarta-feira,2,AGROINDUSTRIA TREBESCHI,HB,618,68.0,4
2026-06-10,quarta-feira,2,AGROINDUSTRIA TREBESCHI,IFCO,6416,12.0,4
2026-06-10,quarta-feira,2,AGROINDUSTRIA TREBESCHI,IFCO,6424,866.0,3
2026-06-10,quarta-feira,2,PH CORUMBA (PF),HB,623,80.0,1
2026-06-10,quarta-feira,2,PH CORUMBA (PF),IFCO,6424,440.0,9
2026-06-10,quarta-feira,2,PH UBAJARA,HB,618,149.0,14
2026-06-10,quarta-feira,2,PH UBAJARA,HB,623,2.0,1
2026-06-10,quarta-feira,2,PH UBAJARA,IFCO,6416,346.0,28
2026-06-10,quarta-feira,2,PH UBAJARA,IFCO,6424,180.0,7
2026-06-10,quarta-feira,2,TREB. CEARA,IFCO,6416,71.0,3
2026-06-10,quarta-feira,2,TREB. MINAS,HB,618,66.0,6
2026-06-10,quarta-feira,2,TREB. MINAS,HB,623,88.0,4
2026-06-10,quarta-feira,2,TREB. MINAS,IFCO,6416,320.0,30
2026-06-10,quarta-feira,2,TREB. MINAS,IFCO,6424,1195.0,15
2026-06-11,quinta-feira,3,AGROINDUSTRIA TREBESCHI,HB,618,301.0,6
2026-06-11,quinta-feira,3,PH CORUMBA (PF),HB,623,890.0,3
2026-06-11,quinta-feira,3,PH CORUMBA (PF),IFCO,6424,74.0,1
2026-06-11,quinta-feira,3,PH UBAJARA,IFCO,6416,401.0,35
2026-06-11,quinta-feira,3,PH UBAJARA,IFCO,6424,315.0,23
2026-06-11,quinta-feira,3,TREB. CEARA,IFCO,6416,54.0,8
2026-06-11,quinta-feira,3,TREB. CEARA,IFCO,6424,83.0,9
2026-06-11,quinta-feira,3,TREB. MINAS,HB,618,588.0,23
2026-06-11,quinta-feira,3,TREB. MINAS,HB,623,168.0,6
2026-06-11,quinta-feira,3,TREB. MINAS,IFCO,6416,31.0,4
2026-06-11,quinta-feira,3,TREB. MINAS,IFCO,6424,81.0,8
2026-06-12,sexta-feira,4,AGROINDUSTRIA TREBESCHI,HB,618,46.0,4
2026-06-12,sexta-feira,4,PH CORUMBA (PF),HB,623,640.0,1
2026-06-12,sexta-feira,4,PH UBAJARA,IFCO,6416,20.0,2
2026-06-12,sexta-feira,4,PH UBAJARA,IFCO,6424,686.0,31
2026-06-12,sexta-feira,4,TREB. MINAS,HB,618,113.0,5
2026-06-12,sexta-feira,4,TREB. MINAS,HB,623,73.0,4
2026-06-12,sexta-feira,4,TREB. MINAS,IFCO,6416,453.0,5
2026-06-13,sábado,5,AGROINDUSTRIA TREBESCHI,HB,618,190.0,6
2026-06-13,sábado,5,AGROINDUSTRIA TREBESCHI,IFCO,6424,100.0,1
2026-06-13,sábado,5,PH CORUMBA (PF),IFCO,6424,240.0,2
2026-06-13,sábado,5,PH UBAJARA,HB,618,332.0,39
2026-06-13,sábado,5,PH UBAJARA,HB,623,37.0,9
2026-06-13,sábado,5,PH UBAJARA,IFCO,6416,292.0,71
2026-06-13,sábado,5,PH UBAJARA,IFCO,6424,307.0,53
2026-06-13,sábado,5,TREB. CEARA,HB,618,11.0,2
2026-06-13,sábado,5,TREB. CEARA,IFCO,6416,65.0,4
2026-06-13,sábado,5,TREB. MINAS,HB,618,633.0,29
2026-06-13,sábado,5,TREB. MINAS,HB,623,239.0,8
2026-06-13,sábado,5,TREB. MINAS,IFCO,6416,438.0,43
2026-06-13,sábado,5,TREB. MINAS,IFCO,6424,112.0,13
2026-06-15,segunda-feira,0,PH CORUMBA (PF),HB,623,810.0,1
2026-06-15,segunda-feira,0,PH CORUMBA (PF),IFCO,6424,280.0,3
2026-06-15,segunda-feira,0,PH UBAJARA,HB,618,80.0,2
2026-06-15,segunda-feira,0,PH UBAJARA,IFCO,6416,89.0,88
2026-06-15,segunda-feira,0,PH UBAJARA,IFCO,6424,134.0,35
2026-06-15,segunda-feira,0,TREB. MINAS,HB,618,311.0,11
2026-06-15,segunda-feira,0,TREB. MINAS,HB,623,178.0,6
2026-06-15,segunda-feira,0,TREB. MINAS,IFCO,6416,347.0,4
2026-06-16,terça-feira,1,AGROINDUSTRIA TREBESCHI,HB,618,210.0,3
2026-06-16,terça-feira,1,PH CORUMBA (PF),IFCO,6424,1590.0,7
2026-06-16,terça-feira,1,PH UBAJARA,HB,618,89.0,14
2026-06-16,terça-feira,1,PH UBAJARA,HB,623,22.0,5
2026-06-16,terça-feira,1,PH UBAJARA,IFCO,6416,7.0,7
2026-06-16,terça-feira,1,PH UBAJARA,IFCO,6424,403.0,22
2026-06-16,terça-feira,1,TREB. CEARA,HB,618,125.0,4
2026-06-16,terça-feira,1,TREB. MINAS,HB,618,708.0,24
2026-06-16,terça-feira,1,TREB. MINAS,HB,623,307.0,25
2026-06-16,terça-feira,1,TREB. MINAS,HB,NAO_INFORMADO,11.0,2
2026-06-16,terça-feira,1,TREB. MINAS,IFCO,6416,408.0,7
2026-06-17,quarta-feira,2,AGROINDUSTRIA TREBESCHI,HB,618,300.0,1
2026-06-17,quarta-feira,2,AGROINDUSTRIA TREBESCHI,IFCO,6416,91.0,6
2026-06-17,quarta-feira,2,AGROINDUSTRIA TREBESCHI,IFCO,6424,231.0,3
2026-06-17,quarta-feira,2,F. BICAME,HB,623,450.0,1
2026-06-17,quarta-feira,2,PH CORUMBA (PF),HB,623,810.0,1
2026-06-17,quarta-feira,2,PH CORUMBA (PF),IFCO,6424,1120.0,2
2026-06-17,quarta-feira,2,PH UBAJARA,HB,618,77.0,13
2026-06-17,quarta-feira,2,PH UBAJARA,HB,623,2.0,1
2026-06-17,quarta-feira,2,PH UBAJARA,IFCO,6416,227.0,15
2026-06-17,quarta-feira,2,PH UBAJARA,IFCO,6424,198.0,13
2026-06-17,quarta-feira,2,TREB. CEARA,HB,618,7.0,2
2026-06-17,quarta-feira,2,TREB. CEARA,IFCO,6416,56.0,3
2026-06-17,quarta-feira,2,TREB. MINAS,HB,618,154.0,7
2026-06-17,quarta-feira,2,TREB. MINAS,HB,623,57.0,4
2026-06-17,quarta-feira,2,TREB. MINAS,IFCO,6416,581.0,32
2026-06-17,quarta-feira,2,TREB. MINAS,IFCO,6424,1366.0,18
2026-06-18,quinta-feira,3,AGROINDUSTRIA TREBESCHI,HB,618,29.0,1
2026-06-18,quinta-feira,3,PH CORUMBA (PF),HB,623,881.0,3
2026-06-18,quinta-feira,3,PH CORUMBA (PF),IFCO,6424,1272.0,2
2026-06-18,quinta-feira,3,PH UBAJARA,IFCO,6416,78.0,15
2026-06-18,quinta-feira,3,PH UBAJARA,IFCO,6424,206.0,2
2026-06-18,quinta-feira,3,TREB. CEARA,IFCO,6416,14.0,2
2026-06-18,quinta-feira,3,TREB. MINAS,HB,618,757.0,45
2026-06-18,quinta-feira,3,TREB. MINAS,HB,623,216.0,16
2026-06-18,quinta-feira,3,TREB. MINAS,HB,NAO_INFORMADO,21.0,4
2026-06-18,quinta-feira,3,TREB. MINAS,IFCO,6416,507.0,9
2026-06-18,quinta-feira,3,TREB. MINAS,IFCO,6424,28.0,3
2026-06-19,sexta-feira,4,AGROINDUSTRIA TREBESCHI,HB,618,250.0,3
2026-06-19,sexta-feira,4,PH ALHO/CEBOLA,IFCO,6424,640.0,4
2026-06-19,sexta-feira,4,PH CORUMBA (PF),IFCO,6424,280.0,3
2026-06-19,sexta-feira,4,PH UBAJARA,HB,618,24.0,2
2026-06-19,sexta-feira,4,TREB. MINAS,HB,618,177.0,5
2026-06-19,sexta-feira,4,TREB. MINAS,HB,623,203.0,5
2026-06-19,sexta-feira,4,TREB. MINAS,IFCO,6424,520.0,4
2026-06-20,sábado,5,AGROINDUSTRIA TREBESCHI,HB,618,35.0,3
2026-06-20,sábado,5,AGROINDUSTRIA TREBESCHI,IFCO,6424,2.0,1
2026-06-20,sábado,5,PH CORUMBA (PF),IFCO,6424,2370.0,7
2026-06-20,sábado,5,PH UBAJARA,HB,618,336.0,49
2026-06-20,sábado,5,PH UBAJARA,HB,623,38.0,7
2026-06-20,sábado,5,PH UBAJARA,IFCO,6416,310.0,61
2026-06-20,sábado,5,PH UBAJARA,IFCO,6424,405.0,53
2026-06-20,sábado,5,TREB. CEARA,HB,618,50.0,3
2026-06-20,sábado,5,TREB. CEARA,IFCO,6416,106.0,4
2026-06-20,sábado,5,TREB. CEARA,IFCO,6424,12.0,3
2026-06-20,sábado,5,TREB. MINAS,HB,618,749.0,38
2026-06-20,sábado,5,TREB. MINAS,HB,623,396.0,20
2026-06-20,sábado,5,TREB. MINAS,HB,NAO_INFORMADO,21.0,4
2026-06-20,sábado,5,TREB. MINAS,IFCO,6416,479.0,26
2026-06-20,sábado,5,TREB. MINAS,IFCO,6424,1528.0,7
2026-06-22,segunda-feira,0,PH UBAJARA,IFCO,6416,337.0,76
2026-06-22,segunda-feira,0,PH UBAJARA,IFCO,6424,31.0,20
2026-06-22,segunda-feira,0,TREB. MINAS,HB,618,334.0,7
2026-06-22,segunda-feira,0,TREB. MINAS,HB,623,991.0,7
2026-06-22,segunda-feira,0,TREB. MINAS,IFCO,6416,282.0,4
2026-06-23,terça-feira,1,AGROINDUSTRIA TREBESCHI,HB,618,2.0,1
2026-06-23,terça-feira,1,PH ALHO/CEBOLA,IFCO,6424,1040.0,5
2026-06-23,terça-feira,1,PH CORUMBA (PF),IFCO,6424,540.0,4
2026-06-23,terça-feira,1,PH UBAJARA,HB,618,122.0,15
2026-06-23,terça-feira,1,PH UBAJARA,HB,623,42.0,6
2026-06-23,terça-feira,1,PH UBAJARA,IFCO,6416,12.0,2
2026-06-23,terça-feira,1,PH UBAJARA,IFCO,6424,198.0,24
2026-06-23,terça-feira,1,TREB. CEARA,HB,618,28.0,1
2026-06-23,terça-feira,1,TREB. MINAS,HB,618,604.0,23
2026-06-23,terça-feira,1,TREB. MINAS,HB,623,887.0,23
2026-06-23,terça-feira,1,TREB. MINAS,HB,NAO_INFORMADO,20.0,2
2026-06-23,terça-feira,1,TREB. MINAS,IFCO,6416,391.0,7
2026-06-23,terça-feira,1,TREB. MINAS,IFCO,6424,2888.0,10
2026-06-24,quarta-feira,2,AGROINDUSTRIA TREBESCHI,IFCO,6416,53.0,5
2026-06-24,quarta-feira,2,AGROINDUSTRIA TREBESCHI,IFCO,6424,217.0,3
2026-06-24,quarta-feira,2,PH CORUMBA (PF),HB,623,690.0,1
2026-06-24,quarta-feira,2,PH UBAJARA,HB,618,104.0,11
2026-06-24,quarta-feira,2,PH UBAJARA,HB,623,1.0,1
2026-06-24,quarta-feira,2,PH UBAJARA,IFCO,6416,222.0,24
2026-06-24,quarta-feira,2,PH UBAJARA,IFCO,6424,693.0,42
2026-06-24,quarta-feira,2,TREB. CEARA,HB,618,10.0,2
2026-06-24,quarta-feira,2,TREB. CEARA,IFCO,6416,62.0,2
2026-06-24,quarta-feira,2,TREB. MINAS,HB,618,194.0,6
2026-06-24,quarta-feira,2,TREB. MINAS,HB,623,145.0,5
2026-06-24,quarta-feira,2,TREB. MINAS,IFCO,6416,464.0,26
2026-06-24,quarta-feira,2,TREB. MINAS,IFCO,6424,2817.0,19
2026-06-25,quinta-feira,3,PH CORUMBA (PF),HB,623,280.0,1
2026-06-25,quinta-feira,3,PH CORUMBA (PF),IFCO,6424,3448.0,7
2026-06-25,quinta-feira,3,PH UBAJARA,IFCO,6416,128.0,26
2026-06-25,quinta-feira,3,PH UBAJARA,IFCO,6424,263.0,21
2026-06-25,quinta-feira,3,TREB. MINAS,HB,618,463.0,35
2026-06-25,quinta-feira,3,TREB. MINAS,HB,623,113.0,6
2026-06-25,quinta-feira,3,TREB. MINAS,IFCO,6416,180.0,1
2026-06-25,quinta-feira,3,TREB. MINAS,IFCO,6424,2500.0,5
2026-06-26,sexta-feira,4,PH CASCAVEL,HB,623,80.0,1
2026-06-26,sexta-feira,4,PH CASCAVEL,IFCO,6424,1200.0,6
2026-06-26,sexta-feira,4,TREB. MINAS,HB,618,148.0,5
2026-06-26,sexta-feira,4,TREB. MINAS,HB,623,18.0,3
2026-06-26,sexta-feira,4,TREB. MINAS,IFCO,6424,2638.0,4
2026-06-27,sábado,5,AGROINDUSTRIA TREBESCHI,IFCO,6416,2.0,2
2026-06-27,sábado,5,AGROINDUSTRIA TREBESCHI,IFCO,6424,40.0,1
2026-06-27,sábado,5,PH CASCAVEL,IFCO,6424,970.0,2
2026-06-27,sábado,5,PH CORUMBA (PF),HB,623,640.0,1
2026-06-27,sábado,5,PH CORUMBA (PF),IFCO,6424,350.0,2
2026-06-27,sábado,5,PH UBAJARA,HB,618,263.0,37
2026-06-27,sábado,5,PH UBAJARA,HB,623,33.0,7
2026-06-27,sábado,5,PH UBAJARA,IFCO,6416,229.0,70
2026-06-27,sábado,5,PH UBAJARA,IFCO,6424,145.0,65
2026-06-27,sábado,5,TREB. CEARA,HB,618,14.0,1
2026-06-27,sábado,5,TREB. CEARA,IFCO,6424,1.0,1
2026-06-27,sábado,5,TREB. MINAS,HB,618,552.0,28
2026-06-27,sábado,5,TREB. MINAS,HB,623,1512.0,31
2026-06-27,sábado,5,TREB. MINAS,HB,NAO_INFORMADO,132.0,8
2026-06-27,sábado,5,TREB. MINAS,IFCO,6416,105.0,31
2026-06-27,sábado,5,TREB. MINAS,IFCO,6424,400.0,2
2026-06-29,segunda-feira,0,AGROINDUSTRIA TREBESCHI,HB,623,16.0,1
2026-06-29,segunda-feira,0,PH CASCAVEL,HB,623,80.0,1
2026-06-29,segunda-feira,0,PH CASCAVEL,IFCO,6424,560.0,3
2026-06-29,segunda-feira,0,PH UBAJARA,IFCO,6416,171.0,28
2026-06-29,segunda-feira,0,PH UBAJARA,IFCO,6424,191.0,15
2026-06-29,segunda-feira,0,TREB. CEARA,IFCO,6416,62.0,4
2026-06-29,segunda-feira,0,TREB. MINAS,HB,618,551.0,22
2026-06-29,segunda-feira,0,TREB. MINAS,HB,623,784.0,6
2026-06-29,segunda-feira,0,TREB. MINAS,IFCO,6416,18.0,4
2026-06-29,segunda-feira,0,TREB. MINAS,IFCO,6424,28.0,3
2026-06-30,terça-feira,1,AGROINDUSTRIA TREBESCHI,HB,618,178.0,4
2026-06-30,terça-feira,1,AGROINDUSTRIA TREBESCHI,IFCO,6424,100.0,1
2026-06-30,terça-feira,1,PH CASCAVEL,IFCO,6424,90.0,1
2026-06-30,terça-feira,1,PH CORUMBA (PF),IFCO,6424,450.0,2
2026-06-30,terça-feira,1,PH UBAJARA,HB,618,89.0,9
2026-06-30,terça-feira,1,PH UBAJARA,HB,623,33.0,6
2026-06-30,terça-feira,1,PH UBAJARA,IFCO,6416,26.0,13
2026-06-30,terça-feira,1,PH UBAJARA,IFCO,6424,161.0,23
2026-06-30,terça-feira,1,TREB. CEARA,IFCO,6424,3.0,1
2026-06-30,terça-feira,1,TREB. MINAS,HB,618,338.0,23
2026-06-30,terça-feira,1,TREB. MINAS,HB,623,226.0,10
2026-06-30,terça-feira,1,TREB. MINAS,IFCO,6416,100.0,3
2026-06-30,terça-feira,1,TREB. MINAS,IFCO,6424,80.0,2
2026-07-01,quarta-feira,2,AGROINDUSTRIA TREBESCHI,HB,618,168.0,3
2026-07-01,quarta-feira,2,AGROINDUSTRIA TREBESCHI,IFCO,6416,11.0,1
2026-07-01,quarta-feira,2,AGROINDUSTRIA TREBESCHI,IFCO,6424,12.0,2
2026-07-01,quarta-feira,2,PH CORUMBA (PF),HB,623,1901.0,3
2026-07-01,quarta-feira,2,PH CORUMBA (PF),IFCO,6424,640.0,1
2026-07-01,quarta-feira,2,PH UBAJARA,HB,618,69.0,13
2026-07-01,quarta-feira,2,PH UBAJARA,HB,623,1.0,1
2026-07-01,quarta-feira,2,PH UBAJARA,IFCO,6416,52.0,9
2026-07-01,quarta-feira,2,PH UBAJARA,IFCO,6424,34.0,6
2026-07-01,quarta-feira,2,TREB. MINAS,HB,618,413.0,7
2026-07-01,quarta-feira,2,TREB. MINAS,HB,623,2672.0,7
2026-07-01,quarta-feira,2,TREB. MINAS,IFCO,6416,1797.0,31
2026-07-01,quarta-feira,2,TREB. MINAS,IFCO,6424,936.0,18
2026-07-02,quinta-feira,3,AGROINDUSTRIA TREBESCHI,HB,618,279.0,5
2026-07-02,quinta-feira,3,AGROINDUSTRIA TREBESCHI,IFCO,6424,40.0,1
2026-07-02,quinta-feira,3,PH CORUMBA (PF),HB,623,1540.0,2
2026-07-02,quinta-feira,3,PH CORUMBA (PF),IFCO,6424,41.0,1
2026-07-02,quinta-feira,3,PH UBAJARA,HB,618,55.0,4
2026-07-02,quinta-feira,3,PH UBAJARA,IFCO,6416,319.0,45
2026-07-02,quinta-feira,3,PH UBAJARA,IFCO,6424,188.0,17
2026-07-02,quinta-feira,3,TREB. CEARA,IFCO,6416,42.0,5
2026-07-02,quinta-feira,3,TREB. MINAS,HB,618,428.0,35
2026-07-02,quinta-feira,3,TREB. MINAS,HB,623,2768.0,8
2026-07-02,quinta-feira,3,TREB. MINAS,IFCO,6416,27.0,4
2026-07-02,quinta-feira,3,TREB. MINAS,IFCO,6424,1037.0,7
2026-07-03,sexta-feira,4,AGROINDUSTRIA TREBESCHI,HB,618,46.0,3
2026-07-03,sexta-feira,4,PH CASCAVEL,IFCO,6424,880.0,1
2026-07-03,sexta-feira,4,PH CORUMBA (PF),HB,623,690.0,1
2026-07-03,sexta-feira,4,PH UBAJARA,IFCO,6416,15.0,1
2026-07-03,sexta-feira,4,PH UBAJARA,IFCO,6424,195.0,13
2026-07-03,sexta-feira,4,TREB. MINAS,HB,618,364.0,5
2026-07-03,sexta-feira,4,TREB. MINAS,HB,623,1323.0,4
2026-07-03,sexta-feira,4,TREB. MINAS,IFCO,6416,468.0,5
2026-07-03,sexta-feira,4,TREB. MINAS,IFCO,6424,640.0,2
2026-07-04,sábado,5,AGROINDUSTRIA TREBESCHI,HB,618,18.0,3
2026-07-04,sábado,5,AGROINDUSTRIA TREBESCHI,HB,623,7.0,1
2026-07-04,sábado,5,AGROINDUSTRIA TREBESCHI,IFCO,6424,80.0,1
2026-07-04,sábado,5,PH CASCAVEL,IFCO,6424,880.0,3
2026-07-04,sábado,5,PH UBAJARA,HB,618,343.0,38
2026-07-04,sábado,5,PH UBAJARA,HB,623,35.0,7
2026-07-04,sábado,5,PH UBAJARA,IFCO,6416,110.0,27
2026-07-04,sábado,5,PH UBAJARA,IFCO,6424,373.0,37
2026-07-04,sábado,5,TREB. CEARA,HB,618,19.0,2
2026-07-04,sábado,5,TREB. MINAS,HB,618,677.0,33
2026-07-04,sábado,5,TREB. MINAS,HB,623,2017.0,14
2026-07-04,sábado,5,TREB. MINAS,IFCO,6416,404.0,22
2026-07-04,sábado,5,TREB. MINAS,IFCO,6424,80.0,1
2026-07-06,segunda-feira,0,AGROINDUSTRIA TREBESCHI,HB,618,400.0,2
2026-07-06,segunda-feira,0,AGROINDUSTRIA TREBESCHI,HB,623,71.0,3
2026-07-06,segunda-feira,0,PH UBAJARA,IFCO,6416,447.0,193
2026-07-06,segunda-feira,0,PH UBAJARA,IFCO,6424,235.0,63
2026-07-06,segunda-feira,0,TREB. CEARA,IFCO,6416,67.0,4
2026-07-06,segunda-feira,0,TREB. MINAS,HB,618,336.0,8
2026-07-06,segunda-feira,0,TREB. MINAS,HB,623,676.0,30
2026-07-06,segunda-feira,0,TREB. MINAS,HB,NAO_INFORMADO,33.0,6
2026-07-06,segunda-feira,0,TREB. MINAS,IFCO,6416,186.0,5
2026-07-07,terça-feira,1,AGROINDUSTRIA TREBESCHI,HB,618,54.0,3
2026-07-07,terça-feira,1,PH CASCAVEL,IFCO,6424,240.0,2
2026-07-07,terça-feira,1,PH CORUMBA (PF),IFCO,6424,480.0,1
2026-07-07,terça-feira,1,PH UBAJARA,HB,618,108.0,13
2026-07-07,terça-feira,1,PH UBAJARA,HB,623,41.0,6
2026-07-07,terça-feira,1,PH UBAJARA,IFCO,6416,57.0,24
2026-07-07,terça-feira,1,PH UBAJARA,IFCO,6424,97.0,28
2026-07-07,terça-feira,1,TREB. CEARA,HB,618,18.0,1
2026-07-07,terça-feira,1,TREB. CEARA,IFCO,6424,28.0,3
2026-07-07,terça-feira,1,TREB. MINAS,HB,618,390.0,24
2026-07-07,terça-feira,1,TREB. MINAS,HB,623,1965.0,11
2026-07-07,terça-feira,1,TREB. MINAS,IFCO,6416,40.0,2
2026-07-07,terça-feira,1,TREB. MINAS,IFCO,6424,80.0,1
2026-07-08,quarta-feira,2,AGROINDUSTRIA TREBESCHI,HB,618,65.0,3
2026-07-08,quarta-feira,2,AGROINDUSTRIA TREBESCHI,IFCO,6416,7.0,2
2026-07-08,quarta-feira,2,AGROINDUSTRIA TREBESCHI,IFCO,6424,9.0,1
2026-07-08,quarta-feira,2,PH CORUMBA (PF),IFCO,6424,480.0,1
2026-07-08,quarta-feira,2,PH UBAJARA,HB,618,146.0,14
2026-07-08,quarta-feira,2,PH UBAJARA,HB,623,1.0,1
2026-07-08,quarta-feira,2,PH UBAJARA,IFCO,6416,235.0,21
2026-07-08,quarta-feira,2,PH UBAJARA,IFCO,6424,214.0,19
2026-07-08,quarta-feira,2,TREB. CEARA,HB,618,7.0,2
2026-07-08,quarta-feira,2,TREB. CEARA,IFCO,6416,13.0,5
2026-07-08,quarta-feira,2,TREB. MINAS,HB,618,473.0,7
2026-07-08,quarta-feira,2,TREB. MINAS,HB,623,75.0,4
2026-07-08,quarta-feira,2,TREB. MINAS,IFCO,6416,208.0,33
2026-07-08,quarta-feira,2,TREB. MINAS,IFCO,6424,955.0,15
2026-07-09,quinta-feira,3,AGROINDUSTRIA TREBESCHI,HB,618,56.0,3
2026-07-09,quinta-feira,3,PH CASCAVEL,IFCO,6424,1120.0,2
2026-07-09,quinta-feira,3,PH CORUMBA (PF),HB,623,360.0,1
2026-07-09,quinta-feira,3,PH CORUMBA (PF),IFCO,6424,50.0,1
2026-07-09,quinta-feira,3,PH UBAJARA,IFCO,6416,140.0,37
2026-07-09,quinta-feira,3,PH UBAJARA,IFCO,6424,7.0,5
2026-07-09,quinta-feira,3,TREB. CEARA,IFCO,6416,1.0,1
2026-07-09,quinta-feira,3,TREB. MINAS,HB,618,372.0,23
2026-07-09,quinta-feira,3,TREB. MINAS,HB,623,4102.0,8
2026-07-09,quinta-feira,3,TREB. MINAS,IFCO,6416,26.0,4
2026-07-09,quinta-feira,3,TREB. MINAS,IFCO,6424,195.0,6
2026-07-10,sexta-feira,4,AGROINDUSTRIA TREBESCHI,HB,618,46.0,3
2026-07-10,sexta-feira,4,AGROINDUSTRIA TREBESCHI,IFCO,6416,80.0,2
2026-07-10,sexta-feira,4,PH CASCAVEL,HB,623,280.0,1
2026-07-10,sexta-feira,4,PH CASCAVEL,IFCO,6424,880.0,1
2026-07-10,sexta-feira,4,PH CORUMBA (PF),HB,623,1260.0,1
2026-07-10,sexta-feira,4,TREB. MINAS,HB,618,261.0,7
2026-07-10,sexta-feira,4,TREB. MINAS,HB,623,2574.0,6
2026-07-10,sexta-feira,4,TREB. MINAS,IFCO,6416,398.0,4
2026-07-10,sexta-feira,4,TREB. MINAS,IFCO,6424,1280.1333333333334,5
2026-07-11,sábado,5,AGROINDUSTRIA TREBESCHI,HB,618,70.0,3
2026-07-11,sábado,5,AGROINDUSTRIA TREBESCHI,HB,623,9.0,1
2026-07-11,sábado,5,AGROINDUSTRIA TREBESCHI,IFCO,6424,40.0,1
2026-07-11,sábado,5,PH CASCAVEL,IFCO,6424,1120.0,3
2026-07-11,sábado,5,PH CORUMBA (PF),IFCO,6424,560.0,2
2026-07-11,sábado,5,PH UBAJARA,HB,618,401.0,42
2026-07-11,sábado,5,PH UBAJARA,HB,623,48.0,7
2026-07-11,sábado,5,PH UBAJARA,IFCO,6416,213.0,58
2026-07-11,sábado,5,PH UBAJARA,IFCO,6424,306.0,45
2026-07-11,sábado,5,TREB. CEARA,HB,618,29.0,3
2026-07-11,sábado,5,TREB. CEARA,IFCO,6424,25.0,1
2026-07-11,sábado,5,TREB. MINAS,HB,618,440.0,8
2026-07-11,sábado,5,TREB. MINAS,HB,623,1465.0,6
2026-07-11,sábado,5,TREB. MINAS,IFCO,6416,508.0,22
2026-07-11,sábado,5,TREB. MINAS,IFCO,6424,810.0,3
2026-07-13,segunda-feira,0,PH CORUMBA (PF),IFCO,6424,520.0,1
2026-07-13,segunda-feira,0,PH UBAJARA,IFCO,6416,127.0,15
2026-07-13,segunda-feira,0,PH UBAJARA,IFCO,6424,79.0,8
2026-07-13,segunda-feira,0,TREB. CEARA,IFCO,6416,90.0,4
2026-07-13,segunda-feira,0,TREB. MINAS,HB,618,402.0,7
2026-07-13,segunda-feira,0,TREB. MINAS,HB,623,785.0,5
2026-07-13,segunda-feira,0,TREB. MINAS,IFCO,6416,150.0,9
2026-07-13,segunda-feira,0,TREB. MINAS,IFCO,6424,964.0,7
2026-07-14,terça-feira,1,AGROINDUSTRIA TREBESCHI,HB,618,300.0,1
2026-07-14,terça-feira,1,AGROINDUSTRIA TREBESCHI,IFCO,6424,30.0,1
2026-07-14,terça-feira,1,PH CASCAVEL,HB,623,120.0,1
2026-07-14,terça-feira,1,PH CASCAVEL,IFCO,6424,530.0,6
2026-07-14,terça-feira,1,PH CORUMBA (PF),HB,623,690.0,1
2026-07-14,terça-feira,1,PH CORUMBA (PF),IFCO,6424,640.0,2
2026-07-14,terça-feira,1,PH UBAJARA,HB,618,184.0,15
2026-07-14,terça-feira,1,PH UBAJARA,HB,623,51.0,6
2026-07-14,terça-feira,1,PH UBAJARA,IFCO,6416,32.0,9
2026-07-14,terça-feira,1,PH UBAJARA,IFCO,6424,446.0,41
2026-07-14,terça-feira,1,TREB. CEARA,HB,618,16.0,1
2026-07-14,terça-feira,1,TREB. MINAS,HB,618,519.0,17
2026-07-14,terça-feira,1,TREB. MINAS,HB,623,822.0,18
2026-07-14,terça-feira,1,TREB. MINAS,HB,NAO_INFORMADO,30.0,5
2026-07-14,terça-feira,1,TREB. MINAS,IFCO,6416,382.0,6
2026-07-14,terça-feira,1,TREB. MINAS,IFCO,6424,520.0,2
2026-07-15,quarta-feira,2,AGROINDUSTRIA TREBESCHI,HB,618,63.0,3
2026-07-15,quarta-feira,2,AGROINDUSTRIA TREBESCHI,IFCO,6416,8.0,4
2026-07-15,quarta-feira,2,AGROINDUSTRIA TREBESCHI,IFCO,6424,48.0,2
2026-07-15,quarta-feira,2,PH CASCAVEL,IFCO,6424,1520.0,3
2026-07-15,quarta-feira,2,PH CORUMBA (PF),IFCO,6424,640.0,1
2026-07-15,quarta-feira,2,PH UBAJARA,HB,618,128.0,13
2026-07-15,quarta-feira,2,PH UBAJARA,IFCO,6416,60.0,4
2026-07-15,quarta-feira,2,PH UBAJARA,IFCO,6424,645.0,38
2026-07-15,quarta-feira,2,TREB. CEARA,HB,618,8.0,2
2026-07-15,quarta-feira,2,TREB. CEARA,IFCO,6424,15.0,2
2026-07-15,quarta-feira,2,TREB. MINAS,HB,618,457.0,7
2026-07-15,quarta-feira,2,TREB. MINAS,HB,623,1031.0,7
2026-07-15,quarta-feira,2,TREB. MINAS,IFCO,6416,2058.0,34
2026-07-15,quarta-feira,2,TREB. MINAS,IFCO,6424,342.0,10
2026-07-16,quinta-feira,3,AGROINDUSTRIA TREBESCHI,HB,618,57.0,5
2026-07-16,quinta-feira,3,AGROINDUSTRIA TREBESCHI,IFCO,6416,50.0,2
2026-07-16,quinta-feira,3,AGROINDUSTRIA TREBESCHI,IFCO,6424,200.0,1
2026-07-16,quinta-feira,3,PH CORUMBA (PF),HB,623,540.0,1
2026-07-16,quinta-feira,3,PH CORUMBA (PF),IFCO,6424,65.0,1
2026-07-16,quinta-feira,3,PH UBAJARA,IFCO,6416,357.0,49
2026-07-16,quinta-feira,3,PH UBAJARA,IFCO,6424,204.0,13
2026-07-16,quinta-feira,3,TREB. CEARA,IFCO,6416,71.0,5
2026-07-16,quinta-feira,3,TREB. MINAS,HB,618,571.0,33
2026-07-16,quinta-feira,3,TREB. MINAS,HB,623,2546.0,11
2026-07-16,quinta-feira,3,TREB. MINAS,IFCO,6424,1841.0,6
2026-07-17,sexta-feira,4,AGROINDUSTRIA TREBESCHI,HB,618,56.0,3
2026-07-17,sexta-feira,4,PH CASCAVEL,HB,623,200.0,1
2026-07-17,sexta-feira,4,PH CORUMBA (PF),HB,623,900.0,1
2026-07-17,sexta-feira,4,PH UBAJARA,IFCO,6416,66.0,20
2026-07-17,sexta-feira,4,PH UBAJARA,IFCO,6424,19.0,17
2026-07-17,sexta-feira,4,TREB. MINAS,HB,618,351.0,5
2026-07-17,sexta-feira,4,TREB. MINAS,HB,623,2610.0,4
2026-07-17,sexta-feira,4,TREB. MINAS,IFCO,6416,390.0,4
2026-07-18,sábado,5,AGROINDUSTRIA TREBESCHI,HB,618,37.0,4
2026-07-18,sábado,5,PH ALHO/CEBOLA,IFCO,6424,120.0,2
2026-07-18,sábado,5,PH CASCAVEL,HB,623,160.0,1
2026-07-18,sábado,5,PH CASCAVEL,IFCO,6424,410.0,3
2026-07-18,sábado,5,PH UBAJARA,HB,618,361.0,40
2026-07-18,sábado,5,PH UBAJARA,HB,623,53.0,7
2026-07-18,sábado,5,PH UBAJARA,IFCO,6416,57.0,33
2026-07-18,sábado,5,PH UBAJARA,IFCO,6424,119.0,35
2026-07-18,sábado,5,TREB. CEARA,HB,618,7.0,3
2026-07-18,sábado,5,TREB. CEARA,IFCO,6416,3.0,1
2026-07-18,sábado,5,TREB. MINAS,HB,618,811.0,28
2026-07-18,sábado,5,TREB. MINAS,HB,623,3085.0,27
2026-07-18,sábado,5,TREB. MINAS,HB,NAO_INFORMADO,114.0,6
2026-07-18,sábado,5,TREB. MINAS,IFCO,6416,497.0,23
2026-07-18,sábado,5,TREB. MINAS,IFCO,6424,2140.0,2
2026-07-20,segunda-feira,0,AGROINDUSTRIA TREBESCHI,HB,618,10.0,3
2026-07-20,segunda-feira,0,PH CASCAVEL,IFCO,6424,920.0,2
2026-07-20,segunda-feira,0,PH CORUMBA (PF),HB,623,720.0,1
2026-07-20,segunda-feira,0,PH UBAJARA,HB,618,68.0,4
2026-07-20,segunda-feira,0,PH UBAJARA,IFCO,6416,225.0,34
2026-07-20,segunda-feira,0,PH UBAJARA,IFCO,6424,287.0,15
2026-07-20,segunda-feira,0,TREB. CEARA,IFCO,6416,32.0,4
2026-07-20,segunda-feira,0,TREB. MINAS,HB,618,669.0,25
2026-07-20,segunda-feira,0,TREB. MINAS,HB,623,380.0,7
2026-07-20,segunda-feira,0,TREB. MINAS,HB,NAO_INFORMADO,96.0,4
2026-07-20,segunda-feira,0,TREB. MINAS,IFCO,6416,216.0,6
2026-07-21,terça-feira,1,AGROINDUSTRIA TREBESCHI,HB,618,26.0,4
2026-07-21,terça-feira,1,PH CASCAVEL,HB,623,400.0,1
2026-07-21,terça-feira,1,PH CASCAVEL,IFCO,6424,250.0,2
2026-07-21,terça-feira,1,PH CORUMBA (PF),IFCO,6424,575.0,3
2026-07-21,terça-feira,1,PH UBAJARA,HB,618,119.0,14
2026-07-21,terça-feira,1,PH UBAJARA,HB,623,42.0,6
2026-07-21,terça-feira,1,PH UBAJARA,IFCO,6416,30.0,20
2026-07-21,terça-feira,1,PH UBAJARA,IFCO,6424,113.0,30
2026-07-21,terça-feira,1,TREB. CEARA,HB,618,11.0,1
2026-07-21,terça-feira,1,TREB. CEARA,IFCO,6424,1.0,1
2026-07-21,terça-feira,1,TREB. MINAS,HB,618,426.0,25
2026-07-21,terça-feira,1,TREB. MINAS,HB,623,1562.0,10
2026-07-21,terça-feira,1,TREB. MINAS,IFCO,6416,351.0,5
2026-07-21,terça-feira,1,TREB. MINAS,IFCO,6424,636.0,2
2026-07-22,quarta-feira,2,AGROINDUSTRIA TREBESCHI,HB,618,16.0,3
2026-07-22,quarta-feira,2,AGROINDUSTRIA TREBESCHI,IFCO,6416,6.0,1
2026-07-22,quarta-feira,2,PH ALHO/CEBOLA,IFCO,6424,640.0,1
2026-07-22,quarta-feira,2,PH CORUMBA (PF),HB,623,2520.0,2
2026-07-22,quarta-feira,2,PH UBAJARA,HB,618,82.0,13
2026-07-22,quarta-feira,2,PH UBAJARA,HB,NAO_INFORMADO,2.0,1
2026-07-22,quarta-feira,2,PH UBAJARA,IFCO,6416,161.0,15
2026-07-22,quarta-feira,2,PH UBAJARA,IFCO,6424,206.0,12
2026-07-22,quarta-feira,2,TREB. CEARA,HB,618,5.0,2
2026-07-22,quarta-feira,2,TREB. CEARA,IFCO,6416,105.0,4
2026-07-22,quarta-feira,2,TREB. MINAS,HB,618,334.0,7
2026-07-22,quarta-feira,2,TREB. MINAS,HB,623,160.0,4
2026-07-22,quarta-feira,2,TREB. MINAS,IFCO,6416,4011.0,35
2026-07-22,quarta-feira,2,TREB. MINAS,IFCO,6424,1952.0,19
2026-07-23,quinta-feira,3,AGROINDUSTRIA TREBESCHI,HB,618,17.0,4
2026-07-23,quinta-feira,3,PH CASCAVEL,IFCO,6424,640.0,2
2026-07-23,quinta-feira,3,PH CORUMBA (PF),HB,623,1900.0,3
2026-07-23,quinta-feira,3,PH CORUMBA (PF),IFCO,6424,20.0,1
2026-07-23,quinta-feira,3,PH UBAJARA,IFCO,6416,156.0,33
2026-07-23,quinta-feira,3,PH UBAJARA,IFCO,6424,82.0,8
2026-07-23,quinta-feira,3,TREB. CEARA,IFCO,6416,1.0,1
2026-07-23,quinta-feira,3,TREB. MINAS,HB,618,845.0,42
2026-07-23,quinta-feira,3,TREB. MINAS,HB,623,5272.0,13
2026-07-23,quinta-feira,3,TREB. MINAS,IFCO,6416,26.0,6
2026-07-23,quinta-feira,3,TREB. MINAS,IFCO,6424,1520.0,5
2026-07-24,sexta-feira,4,AGROINDUSTRIA TREBESCHI,HB,618,12.0,3
2026-07-24,sexta-feira,4,PH CASCAVEL,HB,623,160.0,1
2026-07-24,sexta-feira,4,PH CORUMBA (PF),IFCO,6424,3360.0,3
2026-07-24,sexta-feira,4,PH UBAJARA,IFCO,6416,132.0,26
2026-07-24,sexta-feira,4,PH UBAJARA,IFCO,6424,94.0,14
2026-07-24,sexta-feira,4,TREB. MINAS,HB,618,426.0,8
2026-07-24,sexta-feira,4,TREB. MINAS,HB,623,1768.0,6
2026-07-24,sexta-feira,4,TREB. MINAS,IFCO,6416,296.0,4
2026-07-24,sexta-feira,4,TREB. MINAS,IFCO,6424,1120.0,1
2026-07-25,sábado,5,AGROINDUSTRIA TREBESCHI,HB,618,18.0,4
2026-07-25,sábado,5,AGROINDUSTRIA TREBESCHI,HB,623,20.0,2
2026-07-25,sábado,5,AGROINDUSTRIA TREBESCHI,IFCO,6416,2.0,2
2026-07-25,sábado,5,PH CASCAVEL,IFCO,6424,250.0,2
2026-07-25,sábado,5,PH UBAJARA,HB,618,408.0,50
2026-07-25,sábado,5,PH UBAJARA,HB,623,46.0,8
2026-07-25,sábado,5,PH UBAJARA,IFCO,6416,14.0,6
2026-07-25,sábado,5,PH UBAJARA,IFCO,6424,232.0,28
2026-07-25,sábado,5,TREB. CEARA,HB,618,36.0,3
2026-07-25,sábado,5,TREB. MINAS,HB,618,935.0,39
2026-07-25,sábado,5,TREB. MINAS,HB,623,3142.0,38
2026-07-25,sábado,5,TREB. MINAS,HB,NAO_INFORMADO,39.0,7
2026-07-25,sábado,5,TREB. MINAS,IFCO,6416,444.0,35
2026-07-25,sábado,5,TREB. MINAS,IFCO,6424,100.0,1
2026-07-27,segunda-feira,0,AGROINDUSTRIA TREBESCHI,HB,618,73.0,4
2026-07-27,segunda-feira,0,PH CASCAVEL,IFCO,6424,1040.0,3
2026-07-27,segunda-feira,0,PH UBAJARA,HB,623,40.0,1
2026-07-27,segunda-feira,0,PH UBAJARA,IFCO,6416,286.0,97
2026-07-27,segunda-feira,0,PH UBAJARA,IFCO,6424,141.0,45
2026-07-27,segunda-feira,0,TREB. CEARA,IFCO,6416,41.0,4
2026-07-27,segunda-feira,0,TREB. MINAS,HB,618,535.0,9
2026-07-27,segunda-feira,0,TREB. MINAS,HB,623,1155.0,5
2026-07-27,segunda-feira,0,TREB. MINAS,IFCO,6416,186.0,4
2026-07-27,segunda-feira,0,TREB. MINAS,IFCO,6424,850.0,2
2026-07-28,terça-feira,1,AGROINDUSTRIA TREBESCHI,HB,618,82.0,6
2026-07-28,terça-feira,1,AGROINDUSTRIA TREBESCHI,IFCO,6424,20.0,1
2026-07-28,terça-feira,1,PH CASCAVEL,IFCO,6424,240.0,2
2026-07-28,terça-feira,1,PH CORUMBA (PF),HB,623,720.0,1
2026-07-28,terça-feira,1,PH CORUMBA (PF),IFCO,6424,54.0,1
2026-07-28,terça-feira,1,PH UBAJARA,HB,618,162.0,15
2026-07-28,terça-feira,1,PH UBAJARA,HB,623,59.0,6
2026-07-28,terça-feira,1,PH UBAJARA,IFCO,6416,38.0,9
2026-07-28,terça-feira,1,PH UBAJARA,IFCO,6424,192.0,25
2026-07-28,terça-feira,1,TREB. CEARA,HB,618,13.0,1
2026-07-28,terça-feira,1,TREB. CEARA,IFCO,6424,0.0,1
2026-07-28,terça-feira,1,TREB. MINAS,HB,618,610.0,36
2026-07-28,terça-feira,1,TREB. MINAS,HB,623,570.0,11
2026-07-28,terça-feira,1,TREB. MINAS,IFCO,6416,344.0,5
2026-07-28,terça-feira,1,TREB. MINAS,IFCO,6424,640.0,1
2026-07-29,quarta-feira,2,AGROINDUSTRIA TREBESCHI,HB,618,26.0,4
2026-07-29,quarta-feira,2,AGROINDUSTRIA TREBESCHI,IFCO,6416,3.0,1
2026-07-29,quarta-feira,2,AGROINDUSTRIA TREBESCHI,IFCO,6424,6.0,1
2026-07-29,quarta-feira,2,PH CASCAVEL,HB,623,320.0,1
2026-07-29,quarta-feira,2,PH CASCAVEL,IFCO,6424,640.0,1
2026-07-29,quarta-feira,2,PH SUL (PF),IFCO,6424,170.0,1
2026-07-29,quarta-feira,2,PH UBAJARA,HB,618,116.0,14
2026-07-29,quarta-feira,2,PH UBAJARA,HB,623,3.0,1
2026-07-29,quarta-feira,2,PH UBAJARA,IFCO,6416,177.0,22
2026-07-29,quarta-feira,2,PH UBAJARA,IFCO,6424,252.0,19
2026-07-29,quarta-feira,2,TREB. CEARA,IFCO,6416,55.0,4
2026-07-29,quarta-feira,2,TREB. MINAS,HB,618,505.0,6
2026-07-29,quarta-feira,2,TREB. MINAS,HB,623,2040.0,5
2026-07-29,quarta-feira,2,TREB. MINAS,IFCO,6416,670.0,30
2026-07-29,quarta-feira,2,TREB. MINAS,IFCO,6424,1658.0,11
2026-07-30,quinta-feira,3,AGROINDUSTRIA TREBESCHI,HB,618,54.0,3
2026-07-30,quinta-feira,3,AGROINDUSTRIA TREBESCHI,IFCO,6416,120.0,2
2026-07-30,quinta-feira,3,PH CORUMBA (PF),HB,623,690.0,1
2026-07-30,quinta-feira,3,PH CORUMBA (PF),IFCO,6424,50.0,1
2026-07-30,quinta-feira,3,PH SUL (PF),IFCO,6424,113.0,5
2026-07-30,quinta-feira,3,PH UBAJARA,IFCO,6416,268.0,137
2026-07-30,quinta-feira,3,PH UBAJARA,IFCO,6424,67.0,25
2026-07-30,quinta-feira,3,TREB. MINAS,HB,618,349.0,17
2026-07-30,quinta-feira,3,TREB. MINAS,HB,623,3062.0,10
2026-07-30,quinta-feira,3,TREB. MINAS,IFCO,6424,1460.0,3
2026-07-31,sexta-feira,4,AGROINDUSTRIA TREBESCHI,HB,618,34.0,3
2026-07-31,sexta-feira,4,PH CASCAVEL,IFCO,6424,640.0,2
2026-07-31,sexta-feira,4,PH SUL (PF),IFCO,6424,41.0,2
2026-07-31,sexta-feira,4,PH UBAJARA,HB,623,1.0,1
2026-07-31,sexta-feira,4,PH UBAJARA,IFCO,6416,155.0,40
2026-07-31,sexta-feira,4,PH UBAJARA,IFCO,6424,521.0,65
2026-07-31,sexta-feira,4,TREB. MINAS,HB,618,227.0,8
2026-07-31,sexta-feira,4,TREB. MINAS,HB,623,3608.0,7
2026-07-31,sexta-feira,4,TREB. MINAS,IFCO,6416,402.0,4
2026-07-31,sexta-feira,4,TREB. MINAS,IFCO,6424,640.0,2
2026-08-01,sábado,5,AGROINDUSTRIA TREBESCHI,HB,618,22.0,7
2026-08-01,sábado,5,AGROINDUSTRIA TREBESCHI,HB,623,14.0,1
2026-08-01,sábado,5,AGROINDUSTRIA TREBESCHI,IFCO,6424,20.0,1
2026-08-01,sábado,5,PH CASCAVEL,IFCO,6424,850.0,3
2026-08-01,sábado,5,PH CORUMBA (PF),HB,623,690.0,1
2026-08-01,sábado,5,PH CORUMBA (PF),IFCO,6424,300.0,2
2026-08-01,sábado,5,PH SUL (PF),IFCO,6424,280.0,8
2026-08-01,sábado,5,PH UBAJARA,HB,618,314.0,39
2026-08-01,sábado,5,PH UBAJARA,HB,623,26.0,6
2026-08-01,sábado,5,PH UBAJARA,IFCO,6416,10.0,6
2026-08-01,sábado,5,PH UBAJARA,IFCO,6424,270.0,27
2026-08-01,sábado,5,TREB. CEARA,HB,618,56.0,5
2026-08-01,sábado,5,TREB. MINAS,HB,618,899.0,30
2026-08-01,sábado,5,TREB. MINAS,HB,623,2874.0,22
2026-08-01,sábado,5,TREB. MINAS,HB,NAO_INFORMADO,14.0,2
2026-08-01,sábado,5,TREB. MINAS,IFCO,6416,333.0,22
2026-08-01,sábado,5,TREB. MINAS,IFCO,6424,300.0,1
2026-08-03,segunda-feira,0,AGROINDUSTRIA TREBESCHI,HB,618,47.0,4
2026-08-03,segunda-feira,0,PH CASCAVEL,IFCO,6424,880.0,1
2026-08-03,segunda-feira,0,PH SUL (PF),IFCO,6424,72.0,5
2026-08-03,segunda-feira,0,PH UBAJARA,IFCO,6416,90.0,13
2026-08-03,segunda-feira,0,PH UBAJARA,IFCO,6424,156.0,14
2026-08-03,segunda-feira,0,TREB. CEARA,IFCO,6416,19.0,3
2026-08-03,segunda-feira,0,TREB. MINAS,HB,618,766.0,29
2026-08-03,segunda-feira,0,TREB. MINAS,HB,623,905.0,5
2026-08-03,segunda-feira,0,TREB. MINAS,IFCO,6416,192.0,2
2026-08-04,terça-feira,1,AGROINDUSTRIA TREBESCHI,HB,618,16.0,3
2026-08-04,terça-feira,1,AGROINDUSTRIA TREBESCHI,IFCO,6424,20.0,1
2026-08-04,terça-feira,1,PH CASCAVEL,HB,623,200.0,1
2026-08-04,terça-feira,1,PH CASCAVEL,IFCO,6424,1100.0,3
2026-08-04,terça-feira,1,PH SUL (PF),IFCO,6424,124.0,6
2026-08-04,terça-feira,1,PH UBAJARA,HB,618,171.0,17
2026-08-04,terça-feira,1,PH UBAJARA,HB,623,26.0,4
2026-08-04,terça-feira,1,PH UBAJARA,IFCO,6416,35.0,22
2026-08-04,terça-feira,1,PH UBAJARA,IFCO,6424,214.0,31
2026-08-04,terça-feira,1,TREB. MINAS,HB,618,638.0,33
2026-08-04,terça-feira,1,TREB. MINAS,HB,623,1011.0,12
2026-08-04,terça-feira,1,TREB. MINAS,IFCO,6416,326.0,5
2026-08-05,quarta-feira,2,AGROINDUSTRIA TREBESCHI,HB,618,16.0,3
2026-08-05,quarta-feira,2,AGROINDUSTRIA TREBESCHI,IFCO,6416,19.0,4
2026-08-05,quarta-feira,2,AGROINDUSTRIA TREBESCHI,IFCO,6424,46.0,2
2026-08-05,quarta-feira,2,PH CASCAVEL,IFCO,6424,60.0,2
2026-08-05,quarta-feira,2,PH SUL (PF),IFCO,6424,67.0,2
2026-08-05,quarta-feira,2,PH UBAJARA,HB,618,128.0,14
2026-08-05,quarta-feira,2,PH UBAJARA,HB,623,2.0,1
2026-08-05,quarta-feira,2,PH UBAJARA,IFCO,6424,35.0,3
2026-08-05,quarta-feira,2,TREB. CEARA,HB,618,6.0,2
2026-08-05,quarta-feira,2,TREB. MINAS,HB,618,610.0,8
2026-08-05,quarta-feira,2,TREB. MINAS,HB,623,175.0,4
2026-08-05,quarta-feira,2,TREB. MINAS,IFCO,6416,741.0,28
2026-08-05,quarta-feira,2,TREB. MINAS,IFCO,6424,1703.0,10
2026-08-06,quinta-feira,3,AGROINDUSTRIA TREBESCHI,HB,618,13.0,4
2026-08-06,quinta-feira,3,PH CASCAVEL,IFCO,6424,151.0,5
2026-08-06,quinta-feira,3,PH CORUMBA (PF),HB,623,2520.0,2
2026-08-06,quinta-feira,3,PH CORUMBA (PF),IFCO,6424,395.0,2
2026-08-06,quinta-feira,3,PH SUL (PF),IFCO,6424,5.0,1
2026-08-06,quinta-feira,3,PH UBAJARA,HB,618,15.0,1
2026-08-06,quinta-feira,3,PH UBAJARA,IFCO,6416,404.0,62
2026-08-06,quinta-feira,3,PH UBAJARA,IFCO,6424,631.0,56
2026-08-06,quinta-feira,3,TREB. CEARA,IFCO,6416,60.0,3
2026-08-06,quinta-feira,3,TREB. MINAS,HB,618,390.0,16
2026-08-06,quinta-feira,3,TREB. MINAS,HB,623,2302.0,13
2026-08-06,quinta-feira,3,TREB. MINAS,HB,NAO_INFORMADO,50.0,5
2026-08-06,quinta-feira,3,TREB. MINAS,IFCO,6424,1260.0,2
2026-08-07,sexta-feira,4,AGROINDUSTRIA TREBESCHI,HB,618,7.0,4
2026-08-07,sexta-feira,4,PH CORUMBA (PF),HB,623,3210.0,3
2026-08-07,sexta-feira,4,PH UBAJARA,IFCO,6416,131.0,26
2026-08-07,sexta-feira,4,PH UBAJARA,IFCO,6424,55.0,12
2026-08-07,sexta-feira,4,TREB. MINAS,HB,618,635.0,6
2026-08-07,sexta-feira,4,TREB. MINAS,HB,623,3330.0,8
2026-08-07,sexta-feira,4,TREB. MINAS,IFCO,6416,551.0,4
2026-08-07,sexta-feira,4,TREB. MINAS,IFCO,6424,720.0,2
2026-08-08,sábado,5,AGROINDUSTRIA TREBESCHI,HB,618,25.0,6
2026-08-08,sábado,5,AGROINDUSTRIA TREBESCHI,HB,623,14.0,1
2026-08-08,sábado,5,AGROINDUSTRIA TREBESCHI,IFCO,6424,80.0,1
2026-08-08,sábado,5,PH CASCAVEL,IFCO,6424,220.0,2
2026-08-08,sábado,5,PH UBAJARA,HB,618,372.0,43
2026-08-08,sábado,5,PH UBAJARA,HB,623,39.0,7
2026-08-08,sábado,5,PH UBAJARA,IFCO,6416,46.0,33
2026-08-08,sábado,5,PH UBAJARA,IFCO,6424,176.0,33
2026-08-08,sábado,5,TREB. CEARA,HB,618,2.0,1
2026-08-08,sábado,5,TREB. MINAS,HB,618,933.0,31
2026-08-08,sábado,5,TREB. MINAS,HB,623,2118.0,11
2026-08-08,sábado,5,TREB. MINAS,IFCO,6416,315.0,27
2026-08-08,sábado,5,TREB. MINAS,IFCO,6424,400.0,1
2026-08-10,segunda-feira,0,AGROINDUSTRIA TREBESCHI,HB,618,21.0,4
2026-08-10,segunda-feira,0,PH CORUMBA (PF),HB,623,720.0,1
2026-08-10,segunda-feira,0,PH CORUMBA (PF),IFCO,6424,50.0,1
2026-08-10,segunda-feira,0,PH UBAJARA,IFCO,6416,210.0,72
2026-08-10,segunda-feira,0,PH UBAJARA,IFCO,6424,228.0,39
2026-08-10,segunda-feira,0,TREB. CEARA,IFCO,6416,82.0,4
2026-08-10,segunda-feira,0,TREB. MINAS,HB,618,512.0,28
2026-08-10,segunda-feira,0,TREB. MINAS,HB,623,790.0,4
2026-08-10,segunda-feira,0,TREB. MINAS,IFCO,6416,252.0,6
2026-08-10,segunda-feira,0,TREB. MINAS,IFCO,6424,25.0,5
2026-08-11,terça-feira,1,AGROINDUSTRIA TREBESCHI,HB,618,153.0,3
2026-08-11,terça-feira,1,AGROINDUSTRIA TREBESCHI,IFCO,6424,20.0,1
2026-08-11,terça-feira,1,PH CASCAVEL,IFCO,6424,220.0,2
2026-08-11,terça-feira,1,PH CORUMBA (PF),IFCO,6424,50.0,1
2026-08-11,terça-feira,1,PH SUL (PF),HB,623,182.0,3
2026-08-11,terça-feira,1,PH UBAJARA,HB,618,143.0,15
2026-08-11,terça-feira,1,PH UBAJARA,HB,623,36.0,6
2026-08-11,terça-feira,1,PH UBAJARA,IFCO,6416,32.0,16
2026-08-11,terça-feira,1,PH UBAJARA,IFCO,6424,190.0,24
2026-08-11,terça-feira,1,TREB. MINAS,HB,618,403.0,28
2026-08-11,terça-feira,1,TREB. MINAS,HB,623,1910.0,13
2026-08-11,terça-feira,1,TREB. MINAS,IFCO,6416,420.0,6
2026-08-11,terça-feira,1,TREB. MINAS,IFCO,6424,640.0,1
2026-08-12,quarta-feira,2,AGROINDUSTRIA TREBESCHI,HB,618,159.0,3
2026-08-12,quarta-feira,2,AGROINDUSTRIA TREBESCHI,IFCO,6424,14.0,1
2026-08-12,quarta-feira,2,PH CORUMBA (PF),HB,623,690.0,1
2026-08-12,quarta-feira,2,PH CORUMBA (PF),IFCO,6424,1260.0,2
2026-08-12,quarta-feira,2,PH SUL (PF),HB,623,25.0,1
2026-08-12,quarta-feira,2,PH UBAJARA,HB,618,112.0,11
2026-08-12,quarta-feira,2,TREB. CEARA,HB,618,5.0,2
2026-08-12,quarta-feira,2,TREB. MINAS,HB,618,392.0,7
2026-08-12,quarta-feira,2,TREB. MINAS,HB,623,1610.0,5
2026-08-12,quarta-feira,2,TREB. MINAS,IFCO,6416,2035.0,30
2026-08-12,quarta-feira,2,TREB. MINAS,IFCO,6424,1167.0,7
2026-08-13,quinta-feira,3,AGROINDUSTRIA TREBESCHI,HB,618,118.0,4
2026-08-13,quinta-feira,3,AGROINDUSTRIA TREBESCHI,IFCO,6416,4.0,1
2026-08-13,quinta-feira,3,AGROINDUSTRIA TREBESCHI,IFCO,6424,22.0,1
2026-08-13,quinta-feira,3,PH CORUMBA (PF),HB,623,640.0,1
2026-08-13,quinta-feira,3,PH SUL (PF),HB,623,143.0,5
2026-08-13,quinta-feira,3,PH UBAJARA,HB,623,40.0,1
2026-08-13,quinta-feira,3,PH UBAJARA,IFCO,6416,387.0,53
2026-08-13,quinta-feira,3,PH UBAJARA,IFCO,6424,219.0,19
2026-08-13,quinta-feira,3,TREB. CEARA,IFCO,6416,44.0,3
2026-08-13,quinta-feira,3,TREB. MINAS,HB,618,576.0,46
2026-08-13,quinta-feira,3,TREB. MINAS,HB,623,162.0,9
2026-08-13,quinta-feira,3,TREB. MINAS,IFCO,6416,37.0,3
2026-08-13,quinta-feira,3,TREB. MINAS,IFCO,6424,1171.0,7
2026-08-14,sexta-feira,4,AGROINDUSTRIA TREBESCHI,HB,618,118.0,4
2026-08-14,sexta-feira,4,PH CORUMBA (PF),HB,623,640.0,1
2026-08-14,sexta-feira,4,PH SUL (PF),HB,623,166.0,9
2026-08-14,sexta-feira,4,PH UBAJARA,IFCO,6416,165.0,46
2026-08-14,sexta-feira,4,PH UBAJARA,IFCO,6424,29.0,15
2026-08-14,sexta-feira,4,TREB. MINAS,HB,623,1950.0,2
2026-08-14,sexta-feira,4,TREB. MINAS,IFCO,6416,1864.0,5
2026-08-15,sábado,5,AGROINDUSTRIA TREBESCHI,HB,618,74.0,4
2026-08-15,sábado,5,AGROINDUSTRIA TREBESCHI,HB,623,4.0,1
2026-08-15,sábado,5,AGROINDUSTRIA TREBESCHI,IFCO,6424,20.0,1
2026-08-15,sábado,5,PH CASCAVEL,IFCO,6424,220.0,2
2026-08-15,sábado,5,PH CORUMBA (PF),IFCO,6424,1294.0,3
2026-08-15,sábado,5,PH UBAJARA,HB,618,394.0,39
2026-08-15,sábado,5,PH UBAJARA,HB,623,36.0,7
2026-08-15,sábado,5,PH UBAJARA,IFCO,6416,74.0,51
2026-08-15,sábado,5,PH UBAJARA,IFCO,6424,225.0,40
2026-08-15,sábado,5,TREB. CEARA,HB,618,6.0,2
2026-08-15,sábado,5,TREB. MINAS,HB,618,818.0,39
2026-08-15,sábado,5,TREB. MINAS,HB,623,1186.0,31
2026-08-15,sábado,5,TREB. MINAS,HB,NAO_INFORMADO,63.0,7
2026-08-15,sábado,5,TREB. MINAS,IFCO,6416,615.0,31
2026-08-15,sábado,5,TREB. MINAS,IFCO,6424,560.0,2
2026-08-17,segunda-feira,0,AGROINDUSTRIA TREBESCHI,HB,618,169.0,4
2026-08-17,segunda-feira,0,PH SUL (PF),HB,623,156.0,6
2026-08-17,segunda-feira,0,PH UBAJARA,IFCO,6416,279.0,36
2026-08-17,segunda-feira,0,PH UBAJARA,IFCO,6424,704.0,61
2026-08-17,segunda-feira,0,TREB. CEARA,IFCO,6416,64.0,4
2026-08-17,segunda-feira,0,TREB. MINAS,HB,618,779.0,29
2026-08-17,segunda-feira,0,TREB. MINAS,HB,623,336.0,5
2026-08-17,segunda-feira,0,TREB. MINAS,IFCO,6416,209.0,3
2026-08-17,segunda-feira,0,TREB. MINAS,IFCO,6424,200.0,1
2026-08-18,terça-feira,1,AGROINDUSTRIA TREBESCHI,HB,618,71.0,4
2026-08-18,terça-feira,1,AGROINDUSTRIA TREBESCHI,IFCO,6424,20.0,1
2026-08-18,terça-feira,1,PH CASCAVEL,IFCO,6424,220.0,2
2026-08-18,terça-feira,1,PH SUL (PF),HB,623,21.0,4
2026-08-18,terça-feira,1,PH UBAJARA,HB,618,130.0,14
2026-08-18,terça-feira,1,PH UBAJARA,HB,623,56.0,6
2026-08-18,terça-feira,1,PH UBAJARA,IFCO,6416,10.0,9
2026-08-18,terça-feira,1,PH UBAJARA,IFCO,6424,189.0,24
2026-08-18,terça-feira,1,TREB. CEARA,HB,618,52.0,3
2026-08-18,terça-feira,1,TREB. MINAS,HB,618,610.0,17
2026-08-18,terça-feira,1,TREB. MINAS,HB,623,342.0,7
2026-08-18,terça-feira,1,TREB. MINAS,IFCO,6416,385.0,5
2026-08-19,quarta-feira,2,AGROINDUSTRIA TREBESCHI,HB,618,147.0,4
2026-08-19,quarta-feira,2,AGROINDUSTRIA TREBESCHI,IFCO,6416,3.0,1
2026-08-19,quarta-feira,2,AGROINDUSTRIA TREBESCHI,IFCO,6424,27.0,2
2026-08-19,quarta-feira,2,PH SUL (PF),HB,623,276.0,4
2026-08-19,quarta-feira,2,PH UBAJARA,HB,618,82.0,10
2026-08-19,quarta-feira,2,TREB. CEARA,HB,618,3.0,1
2026-08-19,quarta-feira,2,TREB. MINAS,HB,618,520.0,7
2026-08-19,quarta-feira,2,TREB. MINAS,HB,623,915.0,5
2026-08-19,quarta-feira,2,TREB. MINAS,IFCO,6416,681.0,25
2026-08-19,quarta-feira,2,TREB. MINAS,IFCO,6424,2009.0,12
2026-08-20,quinta-feira,3,AGROINDUSTRIA TREBESCHI,HB,618,68.0,5
2026-08-20,quinta-feira,3,PH CORUMBA (PF),HB,623,640.0,1
2026-08-20,quinta-feira,3,PH SUL (PF),IFCO,6424,5.0,1
2026-08-20,quinta-feira,3,PH UBAJARA,IFCO,6416,203.0,36
2026-08-20,quinta-feira,3,PH UBAJARA,IFCO,6424,103.0,14
2026-08-20,quinta-feira,3,TREB. CEARA,IFCO,6416,36.0,4
2026-08-20,quinta-feira,3,TREB. MINAS,HB,618,940.0,39
2026-08-20,quinta-feira,3,TREB. MINAS,HB,623,1707.0,19
2026-08-20,quinta-feira,3,TREB. MINAS,IFCO,6424,1081.0,3
2026-08-21,sexta-feira,4,AGROINDUSTRIA TREBESCHI,HB,618,43.0,3
2026-08-21,sexta-feira,4,PH ALHO/CEBOLA,IFCO,6424,480.0,2
2026-08-21,sexta-feira,4,PH CORUMBA (PF),IFCO,6424,640.0,1
2026-08-21,sexta-feira,4,PH UBAJARA,IFCO,6416,124.0,37
2026-08-21,sexta-feira,4,PH UBAJARA,IFCO,6424,12.0,11
2026-08-21,sexta-feira,4,TREB. MINAS,HB,618,252.0,6
2026-08-21,sexta-feira,4,TREB. MINAS,HB,623,3495.0,8
2026-08-21,sexta-feira,4,TREB. MINAS,IFCO,6416,570.0,3
2026-08-22,sábado,5,AGROINDUSTRIA TREBESCHI,HB,618,130.0,4
2026-08-22,sábado,5,AGROINDUSTRIA TREBESCHI,HB,623,19.0,3
2026-08-22,sábado,5,AGROINDUSTRIA TREBESCHI,IFCO,6424,20.0,1
2026-08-22,sábado,5,PH CASCAVEL,IFCO,6424,220.0,2
2026-08-22,sábado,5,PH CORUMBA (PF),IFCO,6424,640.0,1
2026-08-22,sábado,5,PH UBAJARA,HB,618,347.0,45
2026-08-22,sábado,5,PH UBAJARA,HB,623,16.0,6
2026-08-22,sábado,5,PH UBAJARA,IFCO,6416,130.0,43
2026-08-22,sábado,5,PH UBAJARA,IFCO,6424,266.0,44
2026-08-22,sábado,5,TREB. CEARA,HB,618,2.0,1
2026-08-22,sábado,5,TREB. MINAS,HB,618,718.0,18
2026-08-22,sábado,5,TREB. MINAS,HB,623,708.0,19
2026-08-22,sábado,5,TREB. MINAS,HB,NAO_INFORMADO,12.0,2
2026-08-22,sábado,5,TREB. MINAS,IFCO,6416,666.0,28
2026-08-22,sábado,5,TREB. MINAS,IFCO,6424,637.0,1
2026-08-24,segunda-feira,0,AGROINDUSTRIA TREBESCHI,HB,618,76.0,3
2026-08-24,segunda-feira,0,AGROINDUSTRIA TREBESCHI,IFCO,6424,120.0,1
2026-08-24,segunda-feira,0,PH CORUMBA (PF),IFCO,6424,1280.0,2
2026-08-24,segunda-feira,0,TREB. MINAS,HB,618,450.0,8
2026-08-24,segunda-feira,0,TREB. MINAS,HB,623,1195.0,5
2026-08-24,segunda-feira,0,TREB. MINAS,IFCO,6416,403.0,3
2026-08-24,segunda-feira,0,TREB. MINAS,IFCO,6424,1120.0,2
2026-08-25,terça-feira,1,AGROINDUSTRIA TREBESCHI,HB,618,94.0,4
2026-08-25,terça-feira,1,AGROINDUSTRIA TREBESCHI,IFCO,6424,20.0,1
2026-08-25,terça-feira,1,PH CASCAVEL,IFCO,6424,70.0,1
2026-08-25,terça-feira,1,PH CORUMBA (PF),HB,623,690.0,1
2026-08-25,terça-feira,1,PH CORUMBA (PF),IFCO,6424,640.0,1
2026-08-25,terça-feira,1,PH SUL (PF),HB,623,238.0,4
2026-08-25,terça-feira,1,PH UBAJARA,HB,618,116.0,15
2026-08-25,terça-feira,1,PH UBAJARA,HB,623,55.0,6
2026-08-25,terça-feira,1,PH UBAJARA,IFCO,6416,443.0,212
2026-08-25,terça-feira,1,PH UBAJARA,IFCO,6424,362.0,99
2026-08-25,terça-feira,1,TREB. CEARA,IFCO,6416,128.0,4
2026-08-25,terça-feira,1,TREB. MINAS,HB,618,610.0,18
2026-08-25,terça-feira,1,TREB. MINAS,HB,623,300.0,20
2026-08-25,terça-feira,1,TREB. MINAS,HB,NAO_INFORMADO,12.0,2
2026-08-25,terça-feira,1,TREB. MINAS,IFCO,6416,414.0,5
2026-08-25,terça-feira,1,TREB. MINAS,IFCO,6424,1120.0,2
2026-08-26,quarta-feira,2,AGROINDUSTRIA TREBESCHI,HB,618,94.0,3
2026-08-26,quarta-feira,2,AGROINDUSTRIA TREBESCHI,HB,623,6.0,1
2026-08-26,quarta-feira,2,AGROINDUSTRIA TREBESCHI,IFCO,6416,10.0,4
2026-08-26,quarta-feira,2,AGROINDUSTRIA TREBESCHI,IFCO,6424,16.0,2
2026-08-26,quarta-feira,2,PH CORUMBA (PF),HB,623,720.0,1
2026-08-26,quarta-feira,2,PH SUL (PF),HB,623,65.0,2
2026-08-26,quarta-feira,2,PH UBAJARA,HB,618,106.0,20
2026-08-26,quarta-feira,2,PH UBAJARA,IFCO,6416,40.0,2
2026-08-26,quarta-feira,2,PH UBAJARA,IFCO,6424,371.0,24
2026-08-26,quarta-feira,2,TREB. MINAS,HB,618,333.0,9
2026-08-26,quarta-feira,2,TREB. MINAS,HB,623,240.0,4
2026-08-26,quarta-feira,2,TREB. MINAS,IFCO,6416,835.0,33
2026-08-26,quarta-feira,2,TREB. MINAS,IFCO,6424,2817.0,12
2026-08-27,quinta-feira,3,AGROINDUSTRIA TREBESCHI,HB,618,84.0,4
2026-08-27,quinta-feira,3,PH CORUMBA (PF),IFCO,6424,640.0,1
2026-08-27,quinta-feira,3,PH SUL (PF),HB,623,177.0,6
2026-08-27,quinta-feira,3,PH UBAJARA,IFCO,6416,209.0,27
2026-08-27,quinta-feira,3,PH UBAJARA,IFCO,6424,114.0,11
2026-08-27,quinta-feira,3,TREB. CEARA,IFCO,6416,12.0,1
2026-08-27,quinta-feira,3,TREB. MINAS,HB,618,947.0,34
2026-08-27,quinta-feira,3,TREB. MINAS,HB,623,419.0,8
2026-08-27,quinta-feira,3,TREB. MINAS,IFCO,6416,17.0,2
2026-08-27,quinta-feira,3,TREB. MINAS,IFCO,6424,1443.0,6
2026-08-28,sexta-feira,4,AGROINDUSTRIA TREBESCHI,HB,618,35.0,4
2026-08-28,sexta-feira,4,PH CORUMBA (PF),IFCO,6424,2491.0,4
2026-08-28,sexta-feira,4,PH SUL (PF),HB,623,60.0,3
2026-08-28,sexta-feira,4,PH UBAJARA,IFCO,6416,148.0,41
2026-08-28,sexta-feira,4,PH UBAJARA,IFCO,6424,4.0,4
2026-08-28,sexta-feira,4,TREB. MINAS,HB,618,90.0,5
2026-08-28,sexta-feira,4,TREB. MINAS,HB,623,95.0,3
2026-08-28,sexta-feira,4,TREB. MINAS,IFCO,6416,677.0,4
2026-08-28,sexta-feira,4,TREB. MINAS,IFCO,6424,2238.0,3
2026-08-29,sábado,5,AGROINDUSTRIA TREBESCHI,HB,618,19.0,2
2026-08-29,sábado,5,AGROINDUSTRIA TREBESCHI,IFCO,6416,2.0,2
2026-08-29,sábado,5,AGROINDUSTRIA TREBESCHI,IFCO,6424,20.0,1
2026-08-29,sábado,5,PH CASCAVEL,IFCO,6424,220.0,2
2026-08-29,sábado,5,PH CORUMBA (PF),HB,623,1260.0,1
2026-08-29,sábado,5,PH SUL (PF),HB,623,56.0,3
2026-08-29,sábado,5,PH UBAJARA,HB,618,275.0,40
2026-08-29,sábado,5,PH UBAJARA,HB,623,35.0,6
2026-08-29,sábado,5,PH UBAJARA,IFCO,6416,46.0,25
2026-08-29,sábado,5,PH UBAJARA,IFCO,6424,265.0,55
2026-08-29,sábado,5,TREB. CEARA,HB,618,15.0,3
2026-08-29,sábado,5,TREB. CEARA,IFCO,6424,3.0,2
2026-08-29,sábado,5,TREB. MINAS,HB,618,631.0,15
2026-08-29,sábado,5,TREB. MINAS,HB,623,1411.0,25
2026-08-29,sábado,5,TREB. MINAS,HB,NAO_INFORMADO,40.0,4
2026-08-29,sábado,5,TREB. MINAS,IFCO,6416,492.0,25
2026-08-31,segunda-feira,0,AGROINDUSTRIA TREBESCHI,HB,618,85.0,4
2026-08-31,segunda-feira,0,PH UBAJARA,IFCO,6416,191.0,31
2026-08-31,segunda-feira,0,PH UBAJARA,IFCO,6424,268.0,15
2026-08-31,segunda-feira,0,TREB. CEARA,IFCO,6416,66.0,2
2026-08-31,segunda-feira,0,TREB. MINAS,HB,618,357.0,8
2026-08-31,segunda-feira,0,TREB. MINAS,HB,623,285.0,4
2026-08-31,segunda-feira,0,TREB. MINAS,IFCO,6416,481.0,4
2026-09-01,terça-feira,1,AGROINDUSTRIA TREBESCHI,HB,618,166.0,6
2026-09-01,terça-feira,1,PH CASCAVEL,IFCO,6424,230.0,2
2026-09-01,terça-feira,1,PH CORUMBA (PF),HB,623,1260.0,1
2026-09-01,terça-feira,1,PH UBAJARA,HB,618,104.0,11
2026-09-01,terça-feira,1,PH UBAJARA,HB,623,30.0,5
2026-09-01,terça-feira,1,PH UBAJARA,IFCO,6416,26.0,4
2026-09-01,terça-feira,1,PH UBAJARA,IFCO,6424,494.0,63
2026-09-01,terça-feira,1,TREB. MINAS,HB,618,329.0,15
2026-09-01,terça-feira,1,TREB. MINAS,HB,623,321.0,6
2026-09-01,terça-feira,1,TREB. MINAS,IFCO,6416,623.0,6
2026-09-02,quarta-feira,2,AGROINDUSTRIA TREBESCHI,HB,618,12.0,2
2026-09-02,quarta-feira,2,AGROINDUSTRIA TREBESCHI,IFCO,6416,8.0,1
2026-09-02,quarta-feira,2,F. BICAME,IFCO,6424,403.0,2
2026-09-02,quarta-feira,2,PH CORUMBA (PF),HB,623,1260.0,1
2026-09-02,quarta-feira,2,TREB. MINAS,HB,618,455.0,8
2026-09-02,quarta-feira,2,TREB. MINAS,HB,623,1046.0,15
2026-09-02,quarta-feira,2,TREB. MINAS,IFCO,6416,650.0,32
2026-09-02,quarta-feira,2,TREB. MINAS,IFCO,6424,1050.0,12
2026-09-03,quinta-feira,3,AGROINDUSTRIA TREBESCHI,HB,618,12.0,3
2026-09-03,quinta-feira,3,F. BICAME,IFCO,6424,1537.0,3
2026-09-03,quinta-feira,3,PH CORUMBA (PF),HB,623,360.0,1
2026-09-03,quinta-feira,3,PH CORUMBA (PF),IFCO,6424,960.0,2
2026-09-03,quinta-feira,3,PH UBAJARA,HB,618,118.0,16
2026-09-03,quinta-feira,3,PH UBAJARA,HB,623,2.0,1
2026-09-03,quinta-feira,3,PH UBAJARA,IFCO,6416,188.0,39
2026-09-03,quinta-feira,3,PH UBAJARA,IFCO,6420,5.0,1
2026-09-03,quinta-feira,3,PH UBAJARA,IFCO,6424,159.0,14
2026-09-03,quinta-feira,3,TREB. CEARA,IFCO,6416,9.0,1
2026-09-03,quinta-feira,3,TREB. MINAS,HB,618,637.0,14
2026-09-03,quinta-feira,3,TREB. MINAS,HB,623,2276.0,8
2026-09-03,quinta-feira,3,TREB. MINAS,IFCO,6416,17.0,2
2026-09-03,quinta-feira,3,TREB. MINAS,IFCO,6424,1161.0,11
2026-09-04,sexta-feira,4,AGROINDUSTRIA TREBESCHI,HB,618,47.0,4
2026-09-04,sexta-feira,4,F. BICAME,IFCO,6424,720.0,4
2026-09-04,sexta-feira,4,PH ALHO/CEBOLA,HB,618,3.0,1
2026-09-04,sexta-feira,4,PH CORUMBA (PF),IFCO,6424,240.0,2
2026-09-04,sexta-feira,4,PH UBAJARA,IFCO,6416,126.0,35
2026-09-04,sexta-feira,4,PH UBAJARA,IFCO,6424,6.0,6
2026-09-04,sexta-feira,4,TREB. MINAS,HB,618,390.0,5
2026-09-04,sexta-feira,4,TREB. MINAS,HB,623,940.0,5
2026-09-04,sexta-feira,4,TREB. MINAS,IFCO,6424,5.0,1
2026-09-05,sábado,5,AGROINDUSTRIA TREBESCHI,HB,618,94.0,7
2026-09-05,sábado,5,AGROINDUSTRIA TREBESCHI,HB,623,8.0,1
2026-09-05,sábado,5,AGROINDUSTRIA TREBESCHI,IFCO,6416,7.0,3
2026-09-05,sábado,5,AGROINDUSTRIA TREBESCHI,IFCO,6424,20.0,1
2026-09-05,sábado,5,F. BICAME,IFCO,6424,586.0,3
2026-09-05,sábado,5,PH CORUMBA (PF),IFCO,6424,397.0,1
2026-09-05,sábado,5,PH UBAJARA,HB,618,334.0,39
2026-09-05,sábado,5,PH UBAJARA,HB,623,82.0,6
2026-09-05,sábado,5,PH UBAJARA,IFCO,6424,177.0,47
2026-09-05,sábado,5,TREB. MINAS,HB,618,982.0,23
2026-09-05,sábado,5,TREB. MINAS,HB,623,480.0,7
2026-09-05,sábado,5,TREB. MINAS,IFCO,6416,127.0,22
2026-09-07,segunda-feira,0,TREB. MINAS,HB,618,495.0,7
2026-09-07,segunda-feira,0,TREB. MINAS,HB,623,190.0,3
2026-09-07,segunda-feira,0,TREB. MINAS,IFCO,6416,474.0,6
2026-09-08,terça-feira,1,AGROINDUSTRIA TREBESCHI,HB,618,94.0,4
2026-09-08,terça-feira,1,PH CORUMBA (PF),HB,623,630.0,1
2026-09-08,terça-feira,1,PH UBAJARA,IFCO,6416,279.0,41
2026-09-08,terça-feira,1,PH UBAJARA,IFCO,6424,229.0,20
2026-09-08,terça-feira,1,TREB. CEARA,IFCO,6416,11.0,1
2026-09-08,terça-feira,1,TREB. MINAS,HB,618,474.0,9
2026-09-08,terça-feira,1,TREB. MINAS,HB,623,1950.0,18
2026-09-08,terça-feira,1,TREB. MINAS,IFCO,6416,680.0,6
2026-09-09,quarta-feira,2,AGROINDUSTRIA TREBESCHI,IFCO,6416,5.0,1
2026-09-09,quarta-feira,2,AGROINDUSTRIA TREBESCHI,IFCO,6424,34.0,3
2026-09-09,quarta-feira,2,F. BICAME,IFCO,6424,440.0,1
2026-09-09,quarta-feira,2,PH CORUMBA (PF),IFCO,6424,1170.0,5
2026-09-09,quarta-feira,2,PH UBAJARA,HB,618,165.0,10
2026-09-09,quarta-feira,2,PH UBAJARA,HB,623,35.0,5
2026-09-09,quarta-feira,2,PH UBAJARA,IFCO,6416,6.0,4
2026-09-09,quarta-feira,2,PH UBAJARA,IFCO,6424,200.0,32
2026-09-09,quarta-feira,2,TREB. MINAS,HB,618,551.0,19
2026-09-09,quarta-feira,2,TREB. MINAS,HB,623,190.0,4
2026-09-09,quarta-feira,2,TREB. MINAS,IFCO,6416,1567.0,28
2026-09-09,quarta-feira,2,TREB. MINAS,IFCO,6424,263.0,7
2026-09-10,quinta-feira,3,AGROINDUSTRIA TREBESCHI,HB,618,67.0,4
2026-09-10,quinta-feira,3,PH CORUMBA (PF),HB,623,1950.0,2
2026-09-10,quinta-feira,3,PH CORUMBA (PF),IFCO,6424,900.0,1
2026-09-10,quinta-feira,3,PH UBAJARA,HB,618,117.0,18
2026-09-10,quinta-feira,3,PH UBAJARA,HB,623,46.0,2
2026-09-10,quinta-feira,3,PH UBAJARA,IFCO,6416,352.0,45
2026-09-10,quinta-feira,3,PH UBAJARA,IFCO,6420,8.0,1
2026-09-10,quinta-feira,3,PH UBAJARA,IFCO,6424,107.0,10
2026-09-10,quinta-feira,3,TREB. CEARA,IFCO,6416,30.0,2
2026-09-10,quinta-feira,3,TREB. MINAS,HB,618,639.0,14
2026-09-10,quinta-feira,3,TREB. MINAS,HB,623,77211.0,15
2026-09-10,quinta-feira,3,TREB. MINAS,HB,NAO_INFORMADO,40.0,4
2026-09-10,quinta-feira,3,TREB. MINAS,IFCO,6424,596.0,2
2026-09-11,sexta-feira,4,AGROINDUSTRIA TREBESCHI,HB,618,52.0,3
2026-09-11,sexta-feira,4,AGROINDUSTRIA TREBESCHI,IFCO,6416,80.0,2
2026-09-11,sexta-feira,4,AGROINDUSTRIA TREBESCHI,IFCO,6424,160.0,1
2026-09-11,sexta-feira,4,PH CORUMBA (PF),IFCO,6424,915.0,5
2026-09-11,sexta-feira,4,TREB. MINAS,HB,618,210.0,5
2026-09-11,sexta-feira,4,TREB. MINAS,HB,623,830.0,5
2026-09-11,sexta-feira,4,TREB. MINAS,IFCO,6416,828.0,5
2026-09-11,sexta-feira,4,TREB. MINAS,IFCO,6424,40.0,1
2026-09-12,sábado,5,AGROINDUSTRIA TREBESCHI,HB,618,130.0,7
2026-09-12,sábado,5,AGROINDUSTRIA TREBESCHI,IFCO,6424,20.0,1
2026-09-12,sábado,5,F. BICAME,IFCO,6424,453.0,3
2026-09-12,sábado,5,PH CORUMBA (PF),HB,623,640.0,1
2026-09-12,sábado,5,PH CORUMBA (PF),IFCO,6424,900.0,1
2026-09-12,sábado,5,PH UBAJARA,HB,618,413.0,36
2026-09-12,sábado,5,PH UBAJARA,HB,623,63.0,7
2026-09-12,sábado,5,PH UBAJARA,IFCO,6416,116.0,41
2026-09-12,sábado,5,PH UBAJARA,IFCO,6424,256.0,35
2026-09-12,sábado,5,TREB. MINAS,HB,618,775.0,20
2026-09-12,sábado,5,TREB. MINAS,HB,623,1325.0,9
2026-09-12,sábado,5,TREB. MINAS,IFCO,6416,724.0,23
2026-09-12,sábado,5,TREB. MINAS,IFCO,6424,80.0,1
2026-09-14,segunda-feira,0,F. BICAME,IFCO,6424,680.0,3
2026-09-14,segunda-feira,0,PH CORUMBA (PF),HB,623,630.0,1
2026-09-14,segunda-feira,0,PH CORUMBA (PF),IFCO,6424,850.0,4
2026-09-14,segunda-feira,0,PH UBAJARA,IFCO,6416,40.0,4
2026-09-14,segunda-feira,0,PH UBAJARA,IFCO,6424,513.0,46
2026-09-14,segunda-feira,0,TREB. MINAS,HB,618,405.0,7
2026-09-14,segunda-feira,0,TREB. MINAS,HB,623,860.0,4
2026-09-14,segunda-feira,0,TREB. MINAS,IFCO,6416,494.0,5
2026-09-14,segunda-feira,0,TREB. MINAS,IFCO,6424,240.0,1
2026-09-15,terça-feira,1,AGROINDUSTRIA TREBESCHI,HB,618,45.0,3
2026-09-15,terça-feira,1,AGROINDUSTRIA TREBESCHI,HB,623,22.0,3
2026-09-15,terça-feira,1,PH UBAJARA,HB,618,127.0,11
2026-09-15,terça-feira,1,PH UBAJARA,HB,623,43.0,6
2026-09-15,terça-feira,1,PH UBAJARA,IFCO,6416,24.0,5
2026-09-15,terça-feira,1,PH UBAJARA,IFCO,6424,113.0,26
2026-09-15,terça-feira,1,TREB. CEARA,HB,618,20.0,2
2026-09-15,terça-feira,1,TREB. CEARA,IFCO,6424,3.0,1
2026-09-15,terça-feira,1,TREB. MINAS,HB,618,569.0,34
2026-09-15,terça-feira,1,TREB. MINAS,HB,623,788.0,21
2026-09-15,terça-feira,1,TREB. MINAS,HB,NAO_INFORMADO,4.0,1
2026-09-15,terça-feira,1,TREB. MINAS,IFCO,6416,698.0,7
2026-09-15,terça-feira,1,TREB. MINAS,IFCO,6424,400.0,2
2026-09-16,quarta-feira,2,AGROINDUSTRIA TREBESCHI,HB,623,20.0,1
2026-09-16,quarta-feira,2,AGROINDUSTRIA TREBESCHI,IFCO,6416,4.0,1
2026-09-16,quarta-feira,2,AGROINDUSTRIA TREBESCHI,IFCO,6424,43.0,3
2026-09-16,quarta-feira,2,PH CORUMBA (PF),HB,623,1000.0,3
2026-09-16,quarta-feira,2,PH CORUMBA (PF),IFCO,6424,900.0,1
2026-09-16,quarta-feira,2,PH UBAJARA,HB,618,149.0,16
2026-09-16,quarta-feira,2,PH UBAJARA,HB,623,1.0,1
2026-09-16,quarta-feira,2,PH UBAJARA,IFCO,6424,70.0,1
2026-09-16,quarta-feira,2,TREB. CEARA,HB,618,5.0,2
2026-09-16,quarta-feira,2,TREB. MINAS,HB,618,228.0,6
2026-09-16,quarta-feira,2,TREB. MINAS,HB,623,870.0,4
2026-09-16,quarta-feira,2,TREB. MINAS,IFCO,6416,503.0,29
2026-09-16,quarta-feira,2,TREB. MINAS,IFCO,6424,2124.0,16
2026-09-17,quinta-feira,3,AGROINDUSTRIA TREBESCHI,HB,618,44.0,4
2026-09-17,quinta-feira,3,F. BICAME,IFCO,6424,466.0,2
2026-09-17,quinta-feira,3,PH CORUMBA (PF),HB,623,1320.0,3
2026-09-17,quinta-feira,3,PH CORUMBA (PF),IFCO,6424,1260.0,1
2026-09-17,quinta-feira,3,PH UBAJARA,IFCO,6416,552.0,47
2026-09-17,quinta-feira,3,PH UBAJARA,IFCO,6420,10.0,1
2026-09-17,quinta-feira,3,PH UBAJARA,IFCO,6424,341.0,13
2026-09-17,quinta-feira,3,TREB. CEARA,IFCO,6416,99.0,5
2026-09-17,quinta-feira,3,TREB. MINAS,HB,618,552.0,22
2026-09-17,quinta-feira,3,TREB. MINAS,HB,623,1253.0,12
